{"type": "FeatureCollection", "features": [{"type": "Feature", "properties": {"zone_id": 10, "zone": "Baisley Park", "borough": "Queens", "demand": 54}, "geometry": {"type": "Polygon", "coordinates": [[[-73.78327, 40.68999], [-73.78234, 40.68841], [-73.78149, 40.6887], [-73.78052, 40.68704], [-73.77977, 40.68574], [-73.77967, 40.68538], [-73.77957, 40.68541], [-73.77871, 40.6857], [-73.77785, 40.68599], [-73.777, 40.68628], [-73.77698, 40.68625], [-73.7768, 40.68597], [-73.77632, 40.68522], [-73.77567, 40.68474], [-73.77501, 40.68427], [-73.77462, 40.68399], [-73.77456, 40.68388], [-73.77442, 40.68365], [-73.77418, 40.68324], [-73.7735, 40.68348], [-73.77329, 40.68345], [-73.77298, 40.68293], [-73.77256, 40.68221], [-73.7722, 40.68161], [-73.77232, 40.68149], [-73.773, 40.68121], [-73.77357, 40.68096], [-73.77408, 40.68076], [-73.7747, 40.68049], [-73.77475, 40.68047], [-73.7755, 40.68022], [-73.77636, 40.67994], [-73.77723, 40.67965], [-73.77749, 40.67956], [-73.77774, 40.67945], [-73.77798, 40.67932], [-73.77821, 40.67918], [-73.77842, 40.67903], [-73.77931, 40.67844], [-73.77948, 40.67836], [-73.78026, 40.67784], [-73.78095, 40.67735], [-73.78128, 40.67711], [-73.78157, 40.6769], [-73.78222, 40.67644], [-73.78304, 40.67584], [-73.7833, 40.67568], [-73.78354, 40.6755], [-73.78376, 40.67531], [-73.78376, 40.67531], [-73.78376, 40.67531], [-73.78397, 40.67512], [-73.78397, 40.67512], [-73.78397, 40.67512], [-73.78417, 40.67491], [-73.78435, 40.6747], [-73.78484, 40.6739], [-73.78511, 40.67348], [-73.78532, 40.67312], [-73.78574, 40.67238], [-73.78687, 40.67282], [-73.78809, 40.67301], [-73.78848, 40.67133], [-73.78883, 40.66982], [-73.78916, 40.66834], [-73.78941, 40.66684], [-73.7904, 40.66689], [-73.7913, 40.66697], [-73.79218, 40.66704], [-73.79307, 40.66707], [-73.7932, 40.66706], [-73.79393, 40.66701], [-73.79446, 40.66698], [-73.79499, 40.66696], [-73.79552, 40.66695], [-73.79605, 40.66694], [-73.79658, 40.66694], [-73.79711, 40.66695], [-73.7974, 40.66694], [-73.79807, 40.66671], [-73.79829, 40.66665], [-73.79851, 40.66659], [-73.79873, 40.66655], [-73.79896, 40.66653], [-73.79919, 40.66652], [-73.79942, 40.66652], [-73.79968, 40.66656], [-73.80027, 40.66667], [-73.80102, 40.66673], [-73.80139, 40.66675], [-73.80148, 40.66675], [-73.80156, 40.66675], [-73.80153, 40.66684], [-73.80141, 40.66736], [-73.80134, 40.66777], [-73.80125, 40.66839], [-73.80121, 40.66894], [-73.80118, 40.6691], [-73.80116, 40.6698], [-73.80113, 40.67055], [-73.80113, 40.67129], [-73.80114, 40.67136], [-73.80114, 40.67149], [-73.80116, 40.6718], [-73.80116, 40.67189], [-73.80117, 40.6722], [-73.80119, 40.67242], [-73.8013, 40.67312], [-73.8014, 40.67356], [-73.80143, 40.67367], [-73.80168, 40.67438], [-73.80203, 40.67511], [-73.80239, 40.67589], [-73.80268, 40.6765], [-73.80308, 40.67734], [-73.80323, 40.67768], [-73.8041, 40.67942], [-73.80428, 40.67982], [-73.80465, 40.68058], [-73.80493, 40.68118], [-73.80523, 40.6818], [-73.80552, 40.68241], [-73.80577, 40.68293], [-73.80569, 40.68295], [-73.80519, 40.6831], [-73.80432, 40.68334], [-73.80345, 40.68359], [-73.80256, 40.68384], [-73.80169, 40.68409], [-73.80077, 40.68435], [-73.79986, 40.68461], [-73.79943, 40.68473], [-73.79898, 40.68486], [-73.79995, 40.68683], [-73.79914, 40.68718], [-73.79829, 40.68752], [-73.79746, 40.68787], [-73.79663, 40.68822], [-73.79562, 40.68866], [-73.79521, 40.68809], [-73.79478, 40.68747], [-73.79437, 40.68691], [-73.79391, 40.6863], [-73.79317, 40.6866], [-73.79248, 40.68689], [-73.79211, 40.68705], [-73.79038, 40.68775], [-73.78963, 40.68794], [-73.78921, 40.68805], [-73.78868, 40.68818], [-73.78764, 40.68843], [-73.78698, 40.68861], [-73.78644, 40.68878], [-73.78581, 40.689], [-73.78479, 40.68936], [-73.7841, 40.68965], [-73.78327, 40.68999]]]}}, {"type": "Feature", "properties": {"zone_id": 12, "zone": "Battery Park", "borough": "Manhattan", "demand": 87}, "geometry": {"type": "Polygon", "coordinates": [[[-74.01566, 40.70483], [-74.0154, 40.7048], [-74.01527, 40.70483], [-74.01516, 40.7048], [-74.01496, 40.70476], [-74.0149, 40.7047], [-74.01478, 40.70467], [-74.01467, 40.70465], [-74.01452, 40.70461], [-74.01437, 40.70456], [-74.01429, 40.70455], [-74.01427, 40.70452], [-74.01426, 40.70449], [-74.01425, 40.70446], [-74.01426, 40.70443], [-74.01439, 40.7036], [-74.01443, 40.70315], [-74.01419, 40.70276], [-74.0139, 40.70227], [-74.01379, 40.70131], [-74.01378, 40.70122], [-74.01378, 40.70118], [-74.01377, 40.70114], [-74.01416, 40.7011], [-74.01395, 40.70099], [-74.01409, 40.70055], [-74.0141, 40.70051], [-74.01409, 40.70051], [-74.01413, 40.70039], [-74.01414, 40.70039], [-74.01415, 40.70032], [-74.01417, 40.70026], [-74.01422, 40.70011], [-74.01431, 40.70012], [-74.01431, 40.70013], [-74.01418, 40.70054], [-74.01416, 40.70054], [-74.01415, 40.70058], [-74.01429, 40.70064], [-74.0143, 40.70063], [-74.0143, 40.70063], [-74.01432, 40.70061], [-74.01432, 40.70061], [-74.01437, 40.70055], [-74.01445, 40.70045], [-74.01456, 40.70031], [-74.01457, 40.70032], [-74.01458, 40.70031], [-74.01458, 40.70028], [-74.01463, 40.7002], [-74.01467, 40.70021], [-74.01467, 40.70024], [-74.01465, 40.70024], [-74.01461, 40.70031], [-74.01461, 40.70032], [-74.01455, 40.70038], [-74.01449, 40.70044], [-74.01449, 40.70045], [-74.01448, 40.70046], [-74.01448, 40.70046], [-74.01441, 40.70055], [-74.0144, 40.70056], [-74.01439, 40.70057], [-74.01432, 40.70066], [-74.01464, 40.70082], [-74.01472, 40.70071], [-74.01477, 40.70066], [-74.01481, 40.70061], [-74.01486, 40.70056], [-74.01493, 40.70048], [-74.015, 40.70041], [-74.01507, 40.70032], [-74.0151, 40.70033], [-74.01504, 40.70042], [-74.01502, 40.70042], [-74.01501, 40.70044], [-74.01499, 40.70044], [-74.01497, 40.70047], [-74.01497, 40.70047], [-74.01495, 40.70049], [-74.01494, 40.70051], [-74.01492, 40.70051], [-74.01492, 40.70053], [-74.01492, 40.70053], [-74.01494, 40.70052], [-74.01494, 40.70052], [-74.01489, 40.70058], [-74.01482, 40.70066], [-74.01473, 40.70077], [-74.0147, 40.7008], [-74.01467, 40.70083], [-74.01481, 40.7009], [-74.01483, 40.70089], [-74.01502, 40.70099], [-74.01514, 40.70084], [-74.01568, 40.70126], [-74.01579, 40.70135], [-74.01591, 40.70146], [-74.01612, 40.70163], [-74.01614, 40.70165], [-74.01624, 40.70175], [-74.01639, 40.7019], [-74.01651, 40.70202], [-74.01653, 40.70204], [-74.01682, 40.70234], [-74.0169, 40.70242], [-74.017, 40.70255], [-74.01714, 40.70271], [-74.01714, 40.7027], [-74.01725, 40.70284], [-74.01725, 40.70284], [-74.01729, 40.70289], [-74.01732, 40.70292], [-74.0174, 40.70302], [-74.01744, 40.70308], [-74.01749, 40.70315], [-74.01754, 40.70324], [-74.01758, 40.70331], [-74.0176, 40.70336], [-74.01762, 40.70342], [-74.01763, 40.70342], [-74.01765, 40.70349], [-74.01766, 40.70355], [-74.01767, 40.70359], [-74.01767, 40.70361], [-74.01768, 40.70371], [-74.01767, 40.70371], [-74.01768, 40.70377], [-74.01767, 40.70383], [-74.01767, 40.7039], [-74.01766, 40.70393], [-74.01764, 40.70399], [-74.01765, 40.704], [-74.01765, 40.70401], [-74.01764, 40.70402], [-74.01763, 40.70402], [-74.01763, 40.70402], [-74.01757, 40.70418], [-74.01713, 40.70428], [-74.01685, 40.70463], [-74.01676, 40.70474], [-74.01669, 40.70474], [-74.01669, 40.7048], [-74.01663, 40.7048], [-74.01652, 40.7048], [-74.01638, 40.70484], [-74.0163, 40.70485], [-74.01622, 40.70485], [-74.01587, 40.70488], [-74.01566, 40.70488], [-74.01566, 40.70483]]]}}, {"type": "Feature", "properties": {"zone_id": 40, "zone": "Carroll Gardens", "borough": "Brooklyn", "demand": 134}, "geometry": {"type": "Polygon", "coordinates": [[[-73.99819, 40.68229], [-73.99621, 40.68172], [-73.99588, 40.68239], [-73.99556, 40.68307], [-73.99523, 40.68374], [-73.9949, 40.68443], [-73.99262, 40.68354], [-73.99042, 40.68269], [-73.98827, 40.68186], [-73.98722, 40.68145], [-73.98767, 40.68082], [-73.98808, 40.68017], [-73.98851, 40.67954], [-73.98897, 40.67885], [-73.98932, 40.67835], [-73.98932, 40.67825], [-73.98941, 40.67745], [-73.98987, 40.67683], [-73.99037, 40.67622], [-73.9907, 40.67581], [-73.99257, 40.67611], [-73.9928, 40.67613], [-73.99281, 40.67615], [-73.99312, 40.67618], [-73.99318, 40.67616], [-73.99333, 40.67618], [-73.99349, 40.67618], [-73.99365, 40.67618], [-73.9938, 40.67618], [-73.99396, 40.67616], [-73.99406, 40.67618], [-73.99421, 40.67615], [-73.99436, 40.67612], [-73.9945, 40.67607], [-73.99465, 40.67602], [-73.99479, 40.67597], [-73.99493, 40.67591], [-73.99506, 40.67584], [-73.9952, 40.67573], [-73.99541, 40.67556], [-73.99572, 40.67522], [-73.99596, 40.67497], [-73.99666, 40.67414], [-73.99697, 40.67378], [-73.99718, 40.67353], [-73.99745, 40.67319], [-73.99806, 40.67247], [-73.99813, 40.67244], [-73.99847, 40.67206], [-73.99855, 40.67193], [-73.99862, 40.67183], [-73.99898, 40.67241], [-73.99904, 40.67251], [-73.99935, 40.67301], [-73.99983, 40.67376], [-73.99991, 40.67387], [-73.99995, 40.67393], [-74.00045, 40.67477], [-74.00078, 40.67529], [-74.00106, 40.67556], [-74.00112, 40.6757], [-74.0009, 40.67564], [-74.00083, 40.67561], [-74.00067, 40.67556], [-74.00103, 40.67641], [-74.00153, 40.67727], [-74.00216, 40.67818], [-74.00222, 40.67826], [-74.00255, 40.67866], [-74.00311, 40.67933], [-74.00329, 40.67964], [-74.00289, 40.68056], [-74.00256, 40.68123], [-74.00225, 40.68189], [-74.0022, 40.68199], [-74.00193, 40.68256], [-74.00161, 40.68323], [-74.00128, 40.68391], [-74.00096, 40.68458], [-74.00065, 40.68525], [-73.99987, 40.68504], [-73.99908, 40.68482], [-73.9994, 40.68414], [-73.99973, 40.68347], [-74.00005, 40.6828], [-73.99819, 40.68229]]]}}, {"type": "Feature", "properties": {"zone_id": 52, "zone": "Cobble Hill", "borough": "Brooklyn", "demand": 108}, "geometry": {"type": "Polygon", "coordinates": [[[-73.99588, 40.68239], [-73.99621, 40.68172], [-73.99819, 40.68229], [-74.00005, 40.6828], [-73.99973, 40.68347], [-73.9994, 40.68414], [-73.99908, 40.68482], [-73.99987, 40.68504], [-74.00065, 40.68525], [-73.9997, 40.6872], [-73.99964, 40.68731], [-73.99938, 40.68785], [-73.99907, 40.6885], [-73.99874, 40.68918], [-73.99841, 40.68986], [-73.99809, 40.69053], [-73.99777, 40.69119], [-73.99623, 40.69076], [-73.99436, 40.69024], [-73.99236, 40.68969], [-73.99262, 40.68916], [-73.99269, 40.68903], [-73.99293, 40.68851], [-73.993, 40.68836], [-73.99327, 40.68782], [-73.99334, 40.68768], [-73.9936, 40.68713], [-73.99379, 40.68676], [-73.99393, 40.68645], [-73.99409, 40.68611], [-73.99425, 40.68578], [-73.99441, 40.68545], [-73.99458, 40.6851], [-73.9949, 40.68443], [-73.99523, 40.68374], [-73.99556, 40.68307], [-73.99588, 40.68239]]]}}, {"type": "Feature", "properties": {"zone_id": 56, "zone": "Corona", "borough": "Queens", "demand": 55}, "geometry": {"type": "Polygon", "coordinates": [[[-73.85361, 40.7475], [-73.85325, 40.74682], [-73.85292, 40.74618], [-73.85258, 40.7455], [-73.85224, 40.74484], [-73.8519, 40.74418], [-73.85155, 40.74351], [-73.85135, 40.74312], [-73.85121, 40.74284], [-73.85087, 40.74218], [-73.85051, 40.74152], [-73.8502, 40.7409], [-73.85012, 40.74072], [-73.84996, 40.7407], [-73.84984, 40.74066], [-73.84965, 40.74061], [-73.84935, 40.74052], [-73.84892, 40.74039], [-73.84796, 40.7401], [-73.8478, 40.74005], [-73.84794, 40.73982], [-73.84824, 40.73929], [-73.84778, 40.73934], [-73.84776, 40.7393], [-73.84767, 40.73919], [-73.84756, 40.73906], [-73.84751, 40.73901], [-73.84801, 40.73876], [-73.84859, 40.7385], [-73.84956, 40.73811], [-73.84995, 40.73796], [-73.85079, 40.73768], [-73.85088, 40.73765], [-73.8513, 40.73751], [-73.85187, 40.73734], [-73.85244, 40.7372], [-73.8534, 40.737], [-73.85415, 40.73688], [-73.85505, 40.73672], [-73.85567, 40.73659], [-73.85629, 40.73643], [-73.85662, 40.73633], [-73.85802, 40.73591], [-73.85862, 40.73574], [-73.85872, 40.73571], [-73.85877, 40.73578], [-73.85887, 40.73594], [-73.85943, 40.73579], [-73.86106, 40.73531], [-73.86284, 40.7348], [-73.86462, 40.73428], [-73.86482, 40.73466], [-73.86516, 40.73532], [-73.8655, 40.73599], [-73.86583, 40.73664], [-73.86609, 40.73725], [-73.86648, 40.73821], [-73.86676, 40.73889], [-73.86704, 40.73957], [-73.86715, 40.73984], [-73.86732, 40.74026], [-73.86756, 40.74094], [-73.86756, 40.74168], [-73.86747, 40.7421], [-73.86749, 40.7433], [-73.86769, 40.74407], [-73.86783, 40.74463], [-73.86785, 40.74472], [-73.86788, 40.74481], [-73.86791, 40.74493], [-73.86609, 40.74547], [-73.86407, 40.74607], [-73.86253, 40.74653], [-73.86032, 40.74719], [-73.86027, 40.7471], [-73.85735, 40.74797], [-73.85443, 40.74885], [-73.85437, 40.74874], [-73.85405, 40.74816], [-73.85382, 40.74785], [-73.85378, 40.7478], [-73.85361, 40.7475]]]}}, {"type": "Feature", "properties": {"zone_id": 56, "zone": "Corona", "borough": "Queens", "demand": 55}, "geometry": {"type": "Polygon", "coordinates": [[[-73.85131, 40.74984], [-73.85443, 40.74885], [-73.85447, 40.74894], [-73.85479, 40.74956], [-73.85514, 40.75023], [-73.85548, 40.75089], [-73.85583, 40.75158], [-73.85456, 40.75196], [-73.85498, 40.75278], [-73.85539, 40.75357], [-73.8558, 40.75441], [-73.85479, 40.75471], [-73.85383, 40.75496], [-73.85324, 40.75509], [-73.85313, 40.75511], [-73.85302, 40.75462], [-73.85301, 40.75455], [-73.85262, 40.7534], [-73.85246, 40.75313], [-73.8522, 40.75266], [-73.85186, 40.75197], [-73.85172, 40.75169], [-73.85152, 40.7513], [-73.85118, 40.75063], [-73.85099, 40.75024], [-73.85086, 40.74999], [-73.85131, 40.74984]]]}}, {"type": "Feature", "properties": {"zone_id": 61, "zone": "Crown Heights North", "borough": "Brooklyn", "demand": 194}, "geometry": {"type": "Polygon", "coordinates": [[[-73.92916, 40.68344], [-73.92901, 40.6827], [-73.92609, 40.68304], [-73.92281, 40.68341], [-73.92267, 40.68268], [-73.92254, 40.68194], [-73.92251, 40.68171], [-73.92249, 40.68162], [-73.92243, 40.68121], [-73.9224, 40.68109], [-73.92238, 40.68099], [-73.92237, 40.68093], [-73.92235, 40.68086], [-73.92234, 40.68078], [-73.92231, 40.68065], [-73.92228, 40.68048], [-73.92226, 40.68037], [-73.92224, 40.68027], [-73.92222, 40.68017], [-73.92218, 40.67997], [-73.92215, 40.67984], [-73.92213, 40.67974], [-73.92211, 40.67966], [-73.92209, 40.67956], [-73.92205, 40.67942], [-73.92203, 40.67933], [-73.92202, 40.67926], [-73.922, 40.67919], [-73.92197, 40.67908], [-73.92184, 40.67895], [-73.92165, 40.67887], [-73.92171, 40.67812], [-73.92182, 40.67702], [-73.92182, 40.67694], [-73.92183, 40.67685], [-73.9219, 40.67613], [-73.92197, 40.67535], [-73.92205, 40.67457], [-73.92213, 40.67368], [-73.92221, 40.67279], [-73.9223, 40.6719], [-73.92238, 40.67101], [-73.92245, 40.67026], [-73.92247, 40.67012], [-73.92254, 40.66928], [-73.92261, 40.66856], [-73.92263, 40.66837], [-73.92266, 40.66813], [-73.92273, 40.66736], [-73.92275, 40.6671], [-73.92281, 40.66707], [-73.92303, 40.66697], [-73.92312, 40.66694], [-73.92323, 40.66689], [-73.92331, 40.66685], [-73.92424, 40.66644], [-73.92439, 40.66638], [-73.92546, 40.66592], [-73.92592, 40.66571], [-73.92638, 40.66551], [-73.92739, 40.66507], [-73.92771, 40.66493], [-73.92823, 40.66471], [-73.92872, 40.6645], [-73.92869, 40.66496], [-73.92868, 40.66509], [-73.92931, 40.66512], [-73.93146, 40.66523], [-73.93422, 40.66538], [-73.93698, 40.66554], [-73.93695, 40.66598], [-73.93691, 40.66643], [-73.93687, 40.66685], [-73.93683, 40.66732], [-73.93675, 40.66813], [-73.93952, 40.6683], [-73.94228, 40.66846], [-73.94505, 40.66861], [-73.94782, 40.66878], [-73.94775, 40.66949], [-73.94773, 40.66971], [-73.9505, 40.66987], [-73.9516, 40.66992], [-73.95327, 40.67001], [-73.95527, 40.67012], [-73.95797, 40.67066], [-73.95905, 40.67088], [-73.96132, 40.67141], [-73.96126, 40.67156], [-73.96103, 40.67224], [-73.96071, 40.67312], [-73.96039, 40.674], [-73.96007, 40.67488], [-73.96318, 40.67553], [-73.96286, 40.6764], [-73.96255, 40.67729], [-73.96223, 40.67817], [-73.96196, 40.67893], [-73.96168, 40.6797], [-73.96154, 40.68009], [-73.96141, 40.68041], [-73.96135, 40.68046], [-73.95829, 40.67983], [-73.95596, 40.67935], [-73.95529, 40.6792], [-73.95531, 40.67927], [-73.95544, 40.67996], [-73.95437, 40.68007], [-73.95328, 40.6802], [-73.95337, 40.68064], [-73.95156, 40.6805], [-73.95116, 40.68048], [-73.94956, 40.68039], [-73.94773, 40.68029], [-73.94675, 40.68024], [-73.94627, 40.68021], [-73.94397, 40.68009], [-73.94326, 40.68005], [-73.94121, 40.67994], [-73.94033, 40.67989], [-73.93844, 40.67979], [-73.9374, 40.67973], [-73.93487, 40.67959], [-73.93435, 40.67956], [-73.9344, 40.67983], [-73.93451, 40.68022], [-73.93457, 40.68056], [-73.93471, 40.6813], [-73.93486, 40.68203], [-73.93501, 40.68276], [-73.93209, 40.6831], [-73.92916, 40.68344]]]}}, {"type": "Feature", "properties": {"zone_id": 66, "zone": "DUMBO/Vinegar Hill", "borough": "Brooklyn", "demand": 144}, "geometry": {"type": "Polygon", "coordinates": [[[-73.97906, 40.70595], [-73.97924, 40.70555], [-73.97912, 40.70553], [-73.97933, 40.70475], [-73.9796, 40.70418], [-73.97999, 40.70354], [-73.98022, 40.70306], [-73.98065, 40.70156], [-73.98074, 40.70128], [-73.9804, 40.7007], [-73.98042, 40.70052], [-73.98044, 40.70018], [-73.98046, 40.6997], [-73.98048, 40.69937], [-73.98049, 40.69928], [-73.98054, 40.69825], [-73.98051, 40.69745], [-73.98202, 40.6975], [-73.98211, 40.6975], [-73.9822, 40.6975], [-73.98227, 40.69751], [-73.98312, 40.69754], [-73.98306, 40.6983], [-73.98305, 40.69838], [-73.98315, 40.69838], [-73.984, 40.69841], [-73.98496, 40.69844], [-73.98538, 40.69844], [-73.98557, 40.69845], [-73.98571, 40.69845], [-73.98584, 40.69846], [-73.98616, 40.69848], [-73.98697, 40.6985], [-73.98695, 40.69873], [-73.98686, 40.69922], [-73.98682, 40.69993], [-73.98681, 40.70007], [-73.9868, 40.70019], [-73.9868, 40.7004], [-73.98679, 40.70063], [-73.98692, 40.70063], [-73.98706, 40.70063], [-73.98712, 40.70063], [-73.98718, 40.70064], [-73.98774, 40.70066], [-73.98867, 40.7007], [-73.98882, 40.70071], [-73.98973, 40.70073], [-73.98998, 40.70074], [-73.99013, 40.70074], [-73.99025, 40.70075], [-73.99038, 40.70075], [-73.99087, 40.70077], [-73.99093, 40.70077], [-73.99126, 40.70103], [-73.99194, 40.70156], [-73.99203, 40.70163], [-73.99207, 40.70166], [-73.99211, 40.70169], [-73.99222, 40.70177], [-73.99233, 40.70185], [-73.99261, 40.70206], [-73.99286, 40.7022], [-73.99325, 40.70241], [-73.99381, 40.70267], [-73.99418, 40.70282], [-73.99444, 40.70291], [-73.99471, 40.70299], [-73.99491, 40.70305], [-73.99505, 40.70313], [-73.99545, 40.70327], [-73.99529, 40.70355], [-73.99498, 40.70338], [-73.9948, 40.70329], [-73.99466, 40.70343], [-73.99486, 40.70357], [-73.995, 40.70365], [-73.99488, 40.70379], [-73.99491, 40.7038], [-73.99493, 40.70377], [-73.99503, 40.70381], [-73.99488, 40.70401], [-73.99484, 40.70399], [-73.99477, 40.70395], [-73.99471, 40.704], [-73.99477, 40.70405], [-73.99479, 40.70407], [-73.99479, 40.70409], [-73.99477, 40.7041], [-73.9947, 40.70416], [-73.99478, 40.70425], [-73.9947, 40.70429], [-73.99464, 40.70433], [-73.99457, 40.70438], [-73.99386, 40.70456], [-73.99381, 40.70454], [-73.99378, 40.70447], [-73.99377, 40.70445], [-73.99369, 40.70448], [-73.99369, 40.70448], [-73.99359, 40.70451], [-73.99363, 40.70459], [-73.99351, 40.70462], [-73.9928, 40.70463], [-73.99269, 40.70463], [-73.99251, 40.70469], [-73.99231, 40.70469], [-73.99213, 40.70469], [-73.99212, 40.7044], [-73.99196, 40.7042], [-73.99186, 40.70409], [-73.99142, 40.704], [-73.99095, 40.70403], [-73.99071, 40.70435], [-73.99055, 40.70442], [-73.99031, 40.70484], [-73.99028, 40.70487], [-73.99023, 40.70493], [-73.99009, 40.70494], [-73.98949, 40.70481], [-73.98935, 40.70473], [-73.9892, 40.70472], [-73.98907, 40.70471], [-73.98899, 40.70469], [-73.9887, 40.70456], [-73.98841, 40.70455], [-73.9883, 40.70454], [-73.98829, 40.70507], [-73.98796, 40.70513], [-73.98727, 40.70518], [-73.98686, 40.70516], [-73.98682, 40.70515], [-73.98677, 40.70513], [-73.98673, 40.70511], [-73.98669, 40.70508], [-73.98666, 40.70505], [-73.98664, 40.70501], [-73.98662, 40.70498], [-73.98653, 40.70498], [-73.98643, 40.70507], [-73.98643, 40.70535], [-73.98474, 40.70554], [-73.98402, 40.7056], [-73.98344, 40.70564], [-73.98343, 40.70558], [-73.98341, 40.70547], [-73.98337, 40.70546], [-73.98326, 40.70548], [-73.98309, 40.70548], [-73.98309, 40.70551], [-73.98284, 40.70556], [-73.98274, 40.70557], [-73.98274, 40.70555], [-73.98275, 40.70553], [-73.98246, 40.70551], [-73.98246, 40.70554], [-73.98237, 40.70554], [-73.98233, 40.70555], [-73.98092, 40.70537], [-73.98091, 40.70591], [-73.98074, 40.70585], [-73.98022, 40.70585], [-73.98024, 40.70576], [-73.97956, 40.70574], [-73.97956, 40.70576], [-73.97933, 40.70576], [-73.97928, 40.70578], [-73.97928, 40.70591], [-73.97922, 40.7059], [-73.97919, 40.70596], [-73.97905, 40.70596], [-73.97906, 40.70595], [-73.97906, 40.70595]]]}}, {"type": "Feature", "properties": {"zone_id": 76, "zone": "East New York", "borough": "Brooklyn", "demand": 58}, "geometry": {"type": "Polygon", "coordinates": [[[-73.88064, 40.67918], [-73.88061, 40.67911], [-73.88015, 40.67924], [-73.87974, 40.67936], [-73.87927, 40.67949], [-73.87863, 40.67968], [-73.87839, 40.67974], [-73.87743, 40.68001], [-73.87689, 40.68016], [-73.87658, 40.68017], [-73.87557, 40.68017], [-73.87532, 40.68011], [-73.87507, 40.68003], [-73.87484, 40.67994], [-73.87461, 40.67983], [-73.8744, 40.67971], [-73.87421, 40.67958], [-73.87405, 40.67943], [-73.8739, 40.67927], [-73.87376, 40.67911], [-73.87364, 40.67894], [-73.87353, 40.67877], [-73.87343, 40.67862], [-73.87331, 40.67847], [-73.87319, 40.67833], [-73.87305, 40.67819], [-73.87257, 40.67787], [-73.87231, 40.67776], [-73.87204, 40.67766], [-73.87176, 40.67757], [-73.87148, 40.6775], [-73.87046, 40.67722], [-73.86978, 40.67703], [-73.86942, 40.67691], [-73.86838, 40.67653], [-73.86726, 40.67611], [-73.86627, 40.67576], [-73.86522, 40.67539], [-73.86455, 40.67515], [-73.86413, 40.675], [-73.8631, 40.67465], [-73.86176, 40.67423], [-73.86106, 40.67434], [-73.86107, 40.67402], [-73.86078, 40.6728], [-73.86039, 40.67127], [-73.85947, 40.67138], [-73.85855, 40.67153], [-73.85763, 40.67166], [-73.85731, 40.67042], [-73.85729, 40.67032], [-73.85727, 40.67025], [-73.85725, 40.67017], [-73.85723, 40.6701], [-73.85685, 40.6686], [-73.85646, 40.66704], [-73.85619, 40.66585], [-73.85611, 40.66551], [-73.85568, 40.66387], [-73.85612, 40.66381], [-73.85659, 40.66375], [-73.85754, 40.6636], [-73.85843, 40.66345], [-73.85812, 40.66204], [-73.85803, 40.66172], [-73.85792, 40.66132], [-73.85761, 40.66011], [-73.85851, 40.6599], [-73.85939, 40.65977], [-73.86036, 40.65965], [-73.86122, 40.65922], [-73.86175, 40.65894], [-73.86317, 40.65828], [-73.8627, 40.65762], [-73.863, 40.65749], [-73.86301, 40.65748], [-73.86302, 40.65746], [-73.86302, 40.65745], [-73.86302, 40.65744], [-73.86302, 40.65742], [-73.86301, 40.65741], [-73.863, 40.6574], [-73.86301, 40.65735], [-73.863, 40.65733], [-73.863, 40.65732], [-73.86299, 40.6573], [-73.86299, 40.65728], [-73.863, 40.65726], [-73.86302, 40.65725], [-73.86303, 40.65723], [-73.86305, 40.65722], [-73.86307, 40.65721], [-73.86308, 40.65721], [-73.86309, 40.65722], [-73.86309, 40.65722], [-73.8631, 40.65722], [-73.86311, 40.65722], [-73.86312, 40.65722], [-73.86312, 40.65722], [-73.86313, 40.65722], [-73.86313, 40.65721], [-73.86313, 40.65721], [-73.86314, 40.6572], [-73.86314, 40.6572], [-73.86314, 40.65719], [-73.86314, 40.65719], [-73.86313, 40.65718], [-73.86313, 40.65718], [-73.86313, 40.65718], [-73.86312, 40.65717], [-73.86312, 40.65717], [-73.86312, 40.65716], [-73.86312, 40.65716], [-73.86313, 40.65715], [-73.86313, 40.65714], [-73.86313, 40.65714], [-73.86314, 40.65713], [-73.86315, 40.65713], [-73.86315, 40.65713], [-73.86316, 40.65709], [-73.86322, 40.65704], [-73.86322, 40.65704], [-73.86321, 40.65703], [-73.86321, 40.65703], [-73.86321, 40.65702], [-73.86322, 40.65702], [-73.86322, 40.65702], [-73.86322, 40.65701], [-73.86323, 40.65701], [-73.86323, 40.65701], [-73.86324, 40.657], [-73.86324, 40.657], [-73.86325, 40.657], [-73.86326, 40.65698], [-73.86327, 40.65696], [-73.86328, 40.65694], [-73.86325, 40.6569], [-73.86322, 40.65686], [-73.86318, 40.65683], [-73.86314, 40.65679], [-73.86309, 40.65677], [-73.86304, 40.65674], [-73.863, 40.65665], [-73.86303, 40.65651], [-73.86304, 40.6565], [-73.86304, 40.6565], [-73.86305, 40.65649], [-73.86305, 40.65649], [-73.86305, 40.65648], [-73.86306, 40.65647], [-73.86305, 40.65646], [-73.86305, 40.65646], [-73.86305, 40.65645], [-73.86304, 40.65645], [-73.86304, 40.65644], [-73.86303, 40.65644], [-73.86301, 40.65642], [-73.863, 40.6564], [-73.86299, 40.65637], [-73.86299, 40.65636], [-73.863, 40.65636], [-73.86301, 40.65635], [-73.86301, 40.65634], [-73.86302, 40.65634], [-73.86303, 40.65633], [-73.86305, 40.65633], [-73.86306, 40.65633], [-73.86307, 40.65633], [-73.86312, 40.65639], [-73.86313, 40.65639], [-73.86314, 40.6564], [-73.86315, 40.6564], [-73.86316, 40.6564], [-73.86317, 40.65641], [-73.86318, 40.6564], [-73.86319, 40.6564], [-73.86319, 40.65639], [-73.8632, 40.65638], [-73.8632, 40.65637], [-73.8632, 40.65636], [-73.8632, 40.65635], [-73.8632, 40.65634], [-73.86319, 40.65633], [-73.86319, 40.65632], [-73.86312, 40.65621], [-73.86305, 40.65611], [-73.86297, 40.656], [-73.86289, 40.6559], [-73.86279, 40.65581], [-73.8627, 40.65571], [-73.86264, 40.65567], [-73.86173, 40.65529], [-73.86158, 40.65529], [-73.86143, 40.65528], [-73.86128, 40.65526], [-73.86114, 40.65524], [-73.86099, 40.65521], [-73.8606, 40.65478], [-73.86057, 40.65475], [-73.86053, 40.65471], [-73.86048, 40.65466], [-73.86042, 40.65461], [-73.85976, 40.6541], [-73.85898, 40.65267], [-73.85696, 40.65059], [-73.85701, 40.65054], [-73.85706, 40.65049], [-73.8571, 40.65044], [-73.85714, 40.65038], [-73.85717, 40.65032], [-73.85719, 40.65026], [-73.85721, 40.65023], [-73.85723, 40.6502], [-73.85726, 40.65017], [-73.85752, 40.65], [-73.85759, 40.6494], [-73.85771, 40.64875], [-73.85783, 40.6483], [-73.85838, 40.64727], [-73.85839, 40.64714], [-73.8584, 40.647], [-73.8584, 40.64687], [-73.8584, 40.64673], [-73.85838, 40.6466], [-73.85835, 40.64646], [-73.85832, 40.64633], [-73.85828, 40.6462], [-73.85822, 40.64607], [-73.85816, 40.64594], [-73.8581, 40.64581], [-73.85802, 40.64569], [-73.85794, 40.64557], [-73.85784, 40.64546], [-73.85775, 40.64534], [-73.85773, 40.64532], [-73.85763, 40.6452], [-73.85755, 40.64507], [-73.85747, 40.64494], [-73.8574, 40.6448], [-73.85734, 40.64467], [-73.85729, 40.64453], [-73.85725, 40.64439], [-73.85722, 40.64425], [-73.85719, 40.64411], [-73.85718, 40.64396], [-73.85717, 40.64382], [-73.85717, 40.64368], [-73.85741, 40.64359], [-73.85766, 40.64351], [-73.85791, 40.64344], [-73.85817, 40.64338], [-73.85842, 40.64332], [-73.85868, 40.64326], [-73.85894, 40.64322], [-73.8592, 40.64318], [-73.85947, 40.64314], [-73.85973, 40.64312], [-73.86, 40.6431], [-73.86027, 40.64308], [-73.86053, 40.64307], [-73.86079, 40.64305], [-73.86105, 40.64303], [-73.8613, 40.643], [-73.86156, 40.64296], [-73.86179, 40.64293], [-73.86201, 40.64289], [-73.86289, 40.64255], [-73.86331, 40.6423], [-73.8638, 40.6418], [-73.86439, 40.64141], [-73.86509, 40.64094], [-73.86531, 40.64075], [-73.8667, 40.64002], [-73.86609, 40.63943], [-73.86599, 40.6395], [-73.86535, 40.63895], [-73.86534, 40.6389], [-73.86536, 40.63884], [-73.86549, 40.63876], [-73.86557, 40.63877], [-73.86563, 40.63879], [-73.86626, 40.63932], [-73.86617, 40.63937], [-73.86682, 40.63996], [-73.86703, 40.63985], [-73.86732, 40.63987], [-73.86867, 40.64092], [-73.86991, 40.64328], [-73.87002, 40.64407], [-73.87062, 40.64486], [-73.87119, 40.6453], [-73.87157, 40.64541], [-73.87198, 40.64545], [-73.87212, 40.64542], [-73.87257, 40.64558], [-73.87338, 40.64671], [-73.87343, 40.64678], [-73.87347, 40.64682], [-73.87352, 40.64688], [-73.87623, 40.65055], [-73.87629, 40.65064], [-73.87922, 40.65459], [-73.87927, 40.65457], [-73.87933, 40.65462], [-73.87964, 40.6545], [-73.87972, 40.65438], [-73.87924, 40.65374], [-73.87911, 40.65371], [-73.87676, 40.65056], [-73.87672, 40.65037], [-73.87672, 40.65032], [-73.87395, 40.64644], [-73.8739, 40.64637], [-73.87386, 40.64631], [-73.87382, 40.64626], [-73.87376, 40.64616], [-73.87367, 40.64607], [-73.8736, 40.64597], [-73.87352, 40.64587], [-73.87345, 40.64575], [-73.87342, 40.64565], [-73.87336, 40.64559], [-73.87331, 40.64558], [-73.87319, 40.64544], [-73.87331, 40.64522], [-73.87336, 40.64511], [-73.87339, 40.64501], [-73.87342, 40.64489], [-73.87343, 40.64478], [-73.87344, 40.64467], [-73.87344, 40.64456], [-73.87344, 40.64445], [-73.87342, 40.64434], [-73.87339, 40.64423], [-73.87336, 40.64412], [-73.87332, 40.64401], [-73.87327, 40.6439], [-73.8731, 40.64393], [-73.87297, 40.64384], [-73.87276, 40.64325], [-73.87195, 40.64239], [-73.87189, 40.64225], [-73.87088, 40.64077], [-73.87085, 40.64056], [-73.87062, 40.64039], [-73.87044, 40.64029], [-73.87009, 40.63984], [-73.87008, 40.63921], [-73.8699, 40.63893], [-73.86978, 40.63884], [-73.86952, 40.63865], [-73.8686, 40.63835], [-73.86809, 40.63819], [-73.868, 40.63811], [-73.86861, 40.63774], [-73.86927, 40.63731], [-73.86961, 40.63708], [-73.86962, 40.63709], [-73.86963, 40.63708], [-73.8697, 40.63715], [-73.86921, 40.63747], [-73.86956, 40.63795], [-73.86976, 40.63786], [-73.86997, 40.63779], [-73.87018, 40.63771], [-73.87025, 40.63769], [-73.87043, 40.63763], [-73.87061, 40.63758], [-73.87077, 40.63752], [-73.87093, 40.63746], [-73.87109, 40.63739], [-73.87124, 40.63732], [-73.87139, 40.63725], [-73.87153, 40.63716], [-73.87167, 40.63708], [-73.87243, 40.63655], [-73.87255, 40.63649], [-73.87268, 40.63644], [-73.8728, 40.6364], [-73.87293, 40.63636], [-73.87307, 40.63633], [-73.8732, 40.63631], [-73.87334, 40.63629], [-73.87348, 40.63628], [-73.87368, 40.63635], [-73.87388, 40.63642], [-73.87407, 40.63649], [-73.87426, 40.63657], [-73.87445, 40.63666], [-73.87463, 40.63675], [-73.87481, 40.63684], [-73.87498, 40.63694], [-73.87515, 40.63705], [-73.87531, 40.63716], [-73.87547, 40.63727], [-73.87563, 40.63744], [-73.87579, 40.6376], [-73.87596, 40.63776], [-73.87614, 40.63792], [-73.87632, 40.63807], [-73.87665, 40.63829], [-73.87697, 40.63852], [-73.87702, 40.63858], [-73.87709, 40.63863], [-73.87716, 40.63867], [-73.87723, 40.63871], [-73.87731, 40.63874], [-73.8774, 40.63877], [-73.87748, 40.6388], [-73.87757, 40.63881], [-73.87766, 40.63882], [-73.87779, 40.63882], [-73.87791, 40.63882], [-73.87804, 40.63883], [-73.87816, 40.63884], [-73.87828, 40.63886], [-73.87835, 40.63887], [-73.87842, 40.63891], [-73.87797, 40.63981], [-73.87753, 40.64072], [-73.87734, 40.64108], [-73.8771, 40.6416], [-73.87683, 40.64212], [-73.87655, 40.64264], [-73.8762, 40.64326], [-73.87618, 40.64329], [-73.87616, 40.64332], [-73.87596, 40.64364], [-73.87546, 40.64443], [-73.87531, 40.64466], [-73.87495, 40.64514], [-73.87458, 40.64561], [-73.87468, 40.64565], [-73.8761, 40.64621], [-73.8768, 40.64714], [-73.87798, 40.64872], [-73.87844, 40.64933], [-73.87909, 40.6502], [-73.87993, 40.65133], [-73.88142, 40.65335], [-73.88172, 40.65375], [-73.8822, 40.65444], [-73.88221, 40.65452], [-73.88278, 40.65427], [-73.88465, 40.65345], [-73.88551, 40.65309], [-73.88621, 40.6528], [-73.88629, 40.65277], [-73.88637, 40.65273], [-73.88713, 40.65239], [-73.88795, 40.65204], [-73.88877, 40.65169], [-73.88959, 40.65134], [-73.89001, 40.65115], [-73.89004, 40.65118], [-73.89137, 40.65236], [-73.89246, 40.65371], [-73.89355, 40.6552], [-73.89441, 40.65483], [-73.89521, 40.65449], [-73.89546, 40.65438], [-73.89559, 40.65432], [-73.89594, 40.65417], [-73.89668, 40.65385], [-73.89678, 40.65381], [-73.89741, 40.65354], [-73.89761, 40.65345], [-73.89746, 40.65332], [-73.89684, 40.65276], [-73.89677, 40.6527], [-73.89663, 40.65258], [-73.89655, 40.6525], [-73.8962, 40.65218], [-73.89611, 40.6521], [-73.89586, 40.65188], [-73.89622, 40.65165], [-73.89628, 40.65161], [-73.89656, 40.65142], [-73.89661, 40.65139], [-73.89675, 40.6513], [-73.89681, 40.65126], [-73.89721, 40.65099], [-73.89728, 40.65095], [-73.89737, 40.65089], [-73.89742, 40.65085], [-73.89757, 40.65076], [-73.89772, 40.65066], [-73.89779, 40.65061], [-73.89798, 40.65049], [-73.89873, 40.65002], [-73.89947, 40.64954], [-73.90019, 40.64909], [-73.90027, 40.64904], [-73.90057, 40.64885], [-73.90075, 40.64873], [-73.90089, 40.64864], [-73.90166, 40.64814], [-73.90236, 40.64769], [-73.9031, 40.6472], [-73.90398, 40.64663], [-73.9051, 40.64761], [-73.9058, 40.64826], [-73.90589, 40.64834], [-73.90637, 40.64878], [-73.90755, 40.64983], [-73.90762, 40.6499], [-73.90828, 40.6505], [-73.90849, 40.65059], [-73.90869, 40.65072], [-73.90945, 40.65152], [-73.90856, 40.6521], [-73.90822, 40.65231], [-73.9074, 40.65284], [-73.9078, 40.65444], [-73.90783, 40.65453], [-73.90784, 40.65459], [-73.90692, 40.65474], [-73.90607, 40.65486], [-73.90556, 40.65494], [-73.90507, 40.65501], [-73.90489, 40.65504], [-73.90446, 40.6551], [-73.90414, 40.65515], [-73.90318, 40.65531], [-73.90298, 40.65538], [-73.9028, 40.65546], [-73.90262, 40.65556], [-73.90245, 40.65566], [-73.9023, 40.65578], [-73.90119, 40.65651], [-73.90065, 40.65704], [-73.90058, 40.6571], [-73.90049, 40.65715], [-73.90039, 40.65718], [-73.90029, 40.65721], [-73.90003, 40.65725], [-73.89989, 40.65727], [-73.89969, 40.6573], [-73.89948, 40.65732], [-73.89904, 40.65737], [-73.89892, 40.65739], [-73.89881, 40.65741], [-73.89797, 40.65753], [-73.89704, 40.65766], [-73.89613, 40.65781], [-73.89614, 40.65788], [-73.89617, 40.65798], [-73.89572, 40.65816], [-73.89491, 40.65853], [-73.8941, 40.65888], [-73.89328, 40.65923], [-73.89246, 40.65958], [-73.89165, 40.65993], [-73.89083, 40.66028], [-73.89002, 40.66064], [-73.8892, 40.66099], [-73.88839, 40.66134], [-73.88757, 40.66169], [-73.88681, 40.66201], [-73.88594, 40.66239], [-73.88512, 40.66275], [-73.8843, 40.66309], [-73.88349, 40.66345], [-73.88309, 40.66362], [-73.88267, 40.6638], [-73.88186, 40.66415], [-73.88209, 40.66446], [-73.88331, 40.66611], [-73.88391, 40.66585], [-73.88412, 40.66576], [-73.88474, 40.66549], [-73.88494, 40.66541], [-73.88556, 40.66514], [-73.88641, 40.66478], [-73.88658, 40.66471], [-73.88726, 40.66441], [-73.88739, 40.66435], [-73.88811, 40.66405], [-73.88898, 40.66392], [-73.88991, 40.66378], [-73.8903, 40.66531], [-73.89069, 40.66685], [-73.88977, 40.66699], [-73.89017, 40.66852], [-73.89056, 40.67006], [-73.89088, 40.67132], [-73.8918, 40.67118], [-73.89271, 40.67105], [-73.89303, 40.67231], [-73.89335, 40.67358], [-73.89367, 40.67482], [-73.89459, 40.67468], [-73.8955, 40.67455], [-73.89651, 40.6744], [-73.89748, 40.67425], [-73.89839, 40.67412], [-73.89931, 40.67398], [-73.89971, 40.67549], [-73.89972, 40.67556], [-73.89972, 40.6756], [-73.89974, 40.67565], [-73.89975, 40.67571], [-73.90003, 40.67682], [-73.90005, 40.67689], [-73.89992, 40.67695], [-73.89913, 40.67731], [-73.89883, 40.67745], [-73.89836, 40.67766], [-73.89784, 40.67799], [-73.89776, 40.67806], [-73.89762, 40.67811], [-73.89748, 40.67816], [-73.89696, 40.67841], [-73.89654, 40.67859], [-73.89622, 40.67736], [-73.89532, 40.6775], [-73.89439, 40.67763], [-73.89348, 40.67776], [-73.89258, 40.6779], [-73.89167, 40.67803], [-73.89077, 40.67816], [-73.88987, 40.6783], [-73.88901, 40.67856], [-73.88816, 40.67883], [-73.8873, 40.6791], [-73.88644, 40.67937], [-73.88556, 40.67966], [-73.88467, 40.67994], [-73.88489, 40.68081], [-73.88397, 40.68095], [-73.88303, 40.68108], [-73.88211, 40.68122], [-73.88117, 40.68135], [-73.8811, 40.68107], [-73.88064, 40.67918]]]}}, {"type": "Feature", "properties": {"zone_id": 83, "zone": "Elmhurst/Maspeth", "borough": "Queens", "demand": 133}, "geometry": {"type": "Polygon", "coordinates": [[[-73.89111, 40.7452], [-73.89072, 40.74313], [-73.88984, 40.74325], [-73.88979, 40.74326], [-73.88974, 40.74327], [-73.88887, 40.7434], [-73.88799, 40.74355], [-73.88751, 40.74108], [-73.88667, 40.74118], [-73.88662, 40.74118], [-73.88573, 40.74129], [-73.88559, 40.74058], [-73.88551, 40.74016], [-73.88541, 40.7402], [-73.88461, 40.74043], [-73.88417, 40.74057], [-73.88333, 40.74083], [-73.88325, 40.74086], [-73.88283, 40.74099], [-73.88294, 40.74161], [-73.88186, 40.74173], [-73.881, 40.74184], [-73.88028, 40.7413], [-73.88011, 40.74117], [-73.87999, 40.74107], [-73.87932, 40.7406], [-73.87911, 40.74044], [-73.87863, 40.74006], [-73.87849, 40.73993], [-73.87792, 40.73939], [-73.87743, 40.7386], [-73.87798, 40.7385], [-73.87823, 40.73844], [-73.87927, 40.73826], [-73.87936, 40.73822], [-73.87945, 40.7382], [-73.87955, 40.73819], [-73.87965, 40.73819], [-73.88129, 40.73789], [-73.88178, 40.73781], [-73.88213, 40.73774], [-73.8823, 40.73771], [-73.88203, 40.73764], [-73.88151, 40.73754], [-73.88052, 40.73737], [-73.88033, 40.73733], [-73.88034, 40.73726], [-73.88035, 40.73713], [-73.88052, 40.73575], [-73.88066, 40.73571], [-73.88057, 40.73564], [-73.88016, 40.73533], [-73.87955, 40.73485], [-73.87931, 40.73466], [-73.87895, 40.73438], [-73.87835, 40.73391], [-73.87772, 40.73342], [-73.87708, 40.73291], [-73.87822, 40.7321], [-73.87725, 40.73179], [-73.87752, 40.73159], [-73.87844, 40.73192], [-73.87932, 40.73221], [-73.88029, 40.73256], [-73.88109, 40.73293], [-73.88182, 40.7332], [-73.88268, 40.73351], [-73.88353, 40.73385], [-73.88381, 40.73356], [-73.88469, 40.73389], [-73.88484, 40.73393], [-73.88484, 40.73393], [-73.88484, 40.73393], [-73.885, 40.73397], [-73.885, 40.73397], [-73.885, 40.73397], [-73.88516, 40.73399], [-73.88533, 40.73401], [-73.88533, 40.73401], [-73.88533, 40.73401], [-73.88549, 40.73401], [-73.88598, 40.73404], [-73.8864, 40.73407], [-73.88689, 40.7341], [-73.88719, 40.73416], [-73.88751, 40.73422], [-73.8877, 40.73429], [-73.88852, 40.73453], [-73.8891, 40.73459], [-73.88993, 40.73456], [-73.89114, 40.73451], [-73.89138, 40.7345], [-73.89175, 40.73448], [-73.89233, 40.73447], [-73.89256, 40.73448], [-73.89278, 40.7345], [-73.89301, 40.73452], [-73.89323, 40.73456], [-73.89347, 40.7346], [-73.89371, 40.73466], [-73.89394, 40.73473], [-73.89416, 40.73481], [-73.89425, 40.73484], [-73.89441, 40.7349], [-73.89458, 40.73495], [-73.89458, 40.73495], [-73.89458, 40.73495], [-73.89475, 40.73498], [-73.89475, 40.73498], [-73.89475, 40.73498], [-73.89492, 40.73501], [-73.8951, 40.73502], [-73.89603, 40.73502], [-73.89651, 40.7351], [-73.89691, 40.73509], [-73.89783, 40.73516], [-73.89807, 40.73518], [-73.89807, 40.73518], [-73.89807, 40.73518], [-73.89831, 40.73519], [-73.89831, 40.73519], [-73.89831, 40.73519], [-73.89855, 40.73519], [-73.89855, 40.73519], [-73.89855, 40.73519], [-73.89879, 40.73518], [-73.89879, 40.73518], [-73.89879, 40.73518], [-73.89902, 40.73515], [-73.89923, 40.73511], [-73.89943, 40.73506], [-73.89963, 40.735], [-73.89983, 40.73493], [-73.90001, 40.73485], [-73.90015, 40.7348], [-73.90029, 40.73473], [-73.90029, 40.73473], [-73.90029, 40.73473], [-73.90042, 40.73465], [-73.90042, 40.73465], [-73.90042, 40.73465], [-73.90053, 40.73456], [-73.90053, 40.73456], [-73.90063, 40.73446], [-73.90063, 40.73446], [-73.90063, 40.73446], [-73.90071, 40.73436], [-73.90091, 40.73413], [-73.90108, 40.73391], [-73.90194, 40.73434], [-73.90245, 40.73457], [-73.90287, 40.73477], [-73.90333, 40.735], [-73.90337, 40.73501], [-73.90379, 40.73522], [-73.90456, 40.7356], [-73.9047, 40.73568], [-73.90517, 40.73586], [-73.90574, 40.73463], [-73.90602, 40.73401], [-73.90569, 40.73392], [-73.90598, 40.73326], [-73.90629, 40.7324], [-73.91069, 40.73347], [-73.91024, 40.73434], [-73.90991, 40.735], [-73.9096, 40.73566], [-73.90933, 40.73623], [-73.90931, 40.73629], [-73.90929, 40.73633], [-73.90926, 40.7364], [-73.9089, 40.73644], [-73.90789, 40.7366], [-73.90762, 40.73665], [-73.9074, 40.73671], [-73.90673, 40.73691], [-73.90646, 40.73703], [-73.90598, 40.73722], [-73.90557, 40.73741], [-73.90486, 40.73772], [-73.90463, 40.73782], [-73.90369, 40.7382], [-73.90365, 40.73822], [-73.90358, 40.73824], [-73.90316, 40.73839], [-73.90268, 40.73857], [-73.90174, 40.7389], [-73.90102, 40.73927], [-73.90058, 40.73949], [-73.89975, 40.74013], [-73.89921, 40.74054], [-73.89916, 40.7406], [-73.89909, 40.74066], [-73.89897, 40.74075], [-73.89889, 40.74081], [-73.89883, 40.74086], [-73.89868, 40.74098], [-73.89818, 40.74139], [-73.89762, 40.74184], [-73.89733, 40.74208], [-73.89721, 40.74217], [-73.89707, 40.74228], [-73.89638, 40.74284], [-73.89576, 40.74336], [-73.89558, 40.7435], [-73.89541, 40.74366], [-73.89525, 40.74382], [-73.89499, 40.74413], [-73.89491, 40.74428], [-73.89484, 40.74443], [-73.89479, 40.74458], [-73.89475, 40.74474], [-73.89469, 40.74496], [-73.89467, 40.74518], [-73.89466, 40.7454], [-73.89469, 40.74562], [-73.89473, 40.74585], [-73.89481, 40.74606], [-73.8949, 40.74627], [-73.89496, 40.74637], [-73.89502, 40.74647], [-73.89536, 40.74711], [-73.89566, 40.74769], [-73.89583, 40.74801], [-73.89611, 40.7485], [-73.89624, 40.74872], [-73.89614, 40.74868], [-73.89584, 40.74855], [-73.8956, 40.74845], [-73.89521, 40.74829], [-73.8938, 40.74769], [-73.89241, 40.74713], [-73.89175, 40.74681], [-73.89139, 40.74664], [-73.89111, 40.7452]]]}}, {"type": "Feature", "properties": {"zone_id": 93, "zone": "Flushing Meadows-Corona Park", "borough": "Queens", "demand": 54}, "geometry": {"type": "Polygon", "coordinates": [[[-73.85696, 40.76407], [-73.85667, 40.76393], [-73.85668, 40.76392], [-73.8568, 40.76398], [-73.85685, 40.76392], [-73.85686, 40.76391], [-73.85691, 40.76385], [-73.85692, 40.76385], [-73.85697, 40.76378], [-73.85698, 40.76378], [-73.85703, 40.76372], [-73.85704, 40.76372], [-73.85708, 40.76366], [-73.85709, 40.76365], [-73.85714, 40.7636], [-73.85715, 40.76359], [-73.85719, 40.76354], [-73.8572, 40.76353], [-73.85725, 40.76347], [-73.85726, 40.76347], [-73.85731, 40.76341], [-73.85731, 40.7634], [-73.85736, 40.76335], [-73.85737, 40.76334], [-73.85742, 40.76328], [-73.85743, 40.76327], [-73.85747, 40.76322], [-73.85748, 40.76321], [-73.85753, 40.76316], [-73.85754, 40.76315], [-73.85756, 40.76312], [-73.85755, 40.76311], [-73.85758, 40.76307], [-73.85746, 40.76301], [-73.85737, 40.76297], [-73.85718, 40.76288], [-73.85718, 40.76287], [-73.85709, 40.76283], [-73.85708, 40.76283], [-73.85698, 40.76278], [-73.85697, 40.76277], [-73.85688, 40.76273], [-73.85683, 40.7627], [-73.85682, 40.7627], [-73.85676, 40.76267], [-73.85674, 40.76266], [-73.85669, 40.76263], [-73.8566, 40.76273], [-73.85659, 40.76272], [-73.85678, 40.76251], [-73.8568, 40.76252], [-73.85671, 40.76261], [-73.85676, 40.76264], [-73.85677, 40.76265], [-73.85683, 40.76267], [-73.85684, 40.76268], [-73.85689, 40.7627], [-73.8569, 40.76271], [-73.85699, 40.76275], [-73.85709, 40.7628], [-73.85711, 40.76281], [-73.85719, 40.76285], [-73.8572, 40.76285], [-73.85728, 40.76289], [-73.85729, 40.7629], [-73.85738, 40.76294], [-73.85739, 40.76295], [-73.85748, 40.76299], [-73.85748, 40.76299], [-73.8576, 40.76305], [-73.85764, 40.76301], [-73.85765, 40.76302], [-73.85771, 40.76295], [-73.85772, 40.76294], [-73.85777, 40.76288], [-73.85778, 40.76287], [-73.85784, 40.7628], [-73.85784, 40.76279], [-73.8579, 40.76273], [-73.85794, 40.76267], [-73.85797, 40.76264], [-73.85798, 40.76263], [-73.85805, 40.76255], [-73.85807, 40.76252], [-73.85813, 40.76245], [-73.85814, 40.76244], [-73.85818, 40.7624], [-73.85782, 40.76223], [-73.85781, 40.76222], [-73.85769, 40.76216], [-73.85767, 40.76216], [-73.85753, 40.76209], [-73.85746, 40.76205], [-73.85737, 40.76201], [-73.85735, 40.762], [-73.85719, 40.76192], [-73.85716, 40.76191], [-73.857, 40.76184], [-73.85698, 40.76183], [-73.85684, 40.76176], [-73.85678, 40.76173], [-73.85667, 40.76168], [-73.85666, 40.76167], [-73.85661, 40.76165], [-73.85663, 40.76163], [-73.85678, 40.7617], [-73.85679, 40.76171], [-73.85689, 40.76175], [-73.8569, 40.76176], [-73.85699, 40.7618], [-73.857, 40.76181], [-73.85709, 40.76185], [-73.85711, 40.76186], [-73.85719, 40.7619], [-73.85721, 40.7619], [-73.85729, 40.76195], [-73.85731, 40.76195], [-73.8574, 40.762], [-73.85741, 40.762], [-73.8575, 40.76205], [-73.85752, 40.76205], [-73.85761, 40.7621], [-73.85762, 40.7621], [-73.85772, 40.76215], [-73.85773, 40.76215], [-73.85782, 40.7622], [-73.85783, 40.7622], [-73.85819, 40.76237], [-73.85827, 40.76229], [-73.85828, 40.76228], [-73.85836, 40.76219], [-73.85844, 40.76209], [-73.85845, 40.7621], [-73.85852, 40.76201], [-73.85851, 40.76201], [-73.85859, 40.76192], [-73.85748, 40.76131], [-73.85627, 40.7609], [-73.85538, 40.76067], [-73.8553, 40.76075], [-73.85529, 40.76074], [-73.85522, 40.76082], [-73.85521, 40.76081], [-73.85528, 40.76073], [-73.85527, 40.76073], [-73.85533, 40.76066], [-73.8553, 40.76065], [-73.855, 40.76039], [-73.85466, 40.76017], [-73.85452, 40.76016], [-73.85425, 40.76025], [-73.85396, 40.76027], [-73.85372, 40.76025], [-73.85328, 40.76013], [-73.85307, 40.76004], [-73.85295, 40.76002], [-73.85278, 40.75997], [-73.8521, 40.75968], [-73.85201, 40.75957], [-73.85189, 40.75952], [-73.85171, 40.7594], [-73.85159, 40.75935], [-73.85144, 40.75942], [-73.85133, 40.75942], [-73.85122, 40.75942], [-73.85095, 40.75942], [-73.85069, 40.75945], [-73.85042, 40.75951], [-73.8503, 40.75955], [-73.85018, 40.75959], [-73.85006, 40.75964], [-73.84994, 40.7597], [-73.84971, 40.75984], [-73.8495, 40.76001], [-73.84934, 40.76019], [-73.84935, 40.7602], [-73.8493, 40.76024], [-73.84987, 40.7611], [-73.85182, 40.76035], [-73.85184, 40.76031], [-73.85197, 40.76025], [-73.85207, 40.76039], [-73.84981, 40.76127], [-73.84917, 40.7603], [-73.84914, 40.76031], [-73.84891, 40.76028], [-73.84869, 40.76014], [-73.84859, 40.76018], [-73.84821, 40.76044], [-73.84796, 40.76055], [-73.84671, 40.76134], [-73.84663, 40.76129], [-73.84607, 40.76091], [-73.84602, 40.7608], [-73.84597, 40.76072], [-73.84591, 40.76058], [-73.84585, 40.76045], [-73.84549, 40.75973], [-73.84513, 40.75907], [-73.84479, 40.7584], [-73.84445, 40.75774], [-73.84404, 40.75694], [-73.84363, 40.75616], [-73.84324, 40.75534], [-73.84253, 40.75554], [-73.84183, 40.75577], [-73.84114, 40.75601], [-73.84046, 40.75627], [-73.83978, 40.75654], [-73.83912, 40.75683], [-73.83875, 40.75699], [-73.83867, 40.75702], [-73.83847, 40.75604], [-73.83838, 40.75564], [-73.83834, 40.75542], [-73.83828, 40.75523], [-73.83814, 40.75485], [-73.83806, 40.75467], [-73.83799, 40.75451], [-73.83778, 40.75413], [-73.83767, 40.75411], [-73.83744, 40.75408], [-73.83701, 40.75403], [-73.836, 40.75201], [-73.8356, 40.75139], [-73.8323, 40.75194], [-73.83226, 40.75182], [-73.83225, 40.7517], [-73.83225, 40.75158], [-73.83228, 40.75146], [-73.83228, 40.75142], [-73.83278, 40.74931], [-73.83312, 40.74805], [-73.83309, 40.74799], [-73.833, 40.74783], [-73.83365, 40.74765], [-73.8337, 40.74763], [-73.83392, 40.74753], [-73.83392, 40.74753], [-73.83392, 40.74753], [-73.83413, 40.74743], [-73.83427, 40.74734], [-73.83427, 40.74734], [-73.83427, 40.74734], [-73.83439, 40.74724], [-73.8345, 40.74713], [-73.8345, 40.74713], [-73.8345, 40.74713], [-73.8346, 40.74702], [-73.8346, 40.74702], [-73.8346, 40.74702], [-73.83469, 40.7469], [-73.83507, 40.7462], [-73.83544, 40.74552], [-73.83557, 40.74515], [-73.83568, 40.74485], [-73.83585, 40.74418], [-73.83595, 40.74373], [-73.83593, 40.7435], [-73.83592, 40.74343], [-73.8359, 40.74338], [-73.83586, 40.74323], [-73.8361, 40.74243], [-73.83687, 40.74214], [-73.8369, 40.74213], [-73.83699, 40.74209], [-73.83711, 40.7414], [-73.83696, 40.74066], [-73.83679, 40.7399], [-73.83675, 40.73972], [-73.83669, 40.73954], [-73.83662, 40.73936], [-73.83628, 40.73957], [-73.83565, 40.73849], [-73.83563, 40.73711], [-73.83575, 40.73699], [-73.83619, 40.73563], [-73.83629, 40.73513], [-73.83636, 40.73501], [-73.83613, 40.73424], [-73.83606, 40.7341], [-73.83601, 40.73398], [-73.83585, 40.73383], [-73.8349, 40.73297], [-73.83448, 40.73216], [-73.834, 40.73157], [-73.83386, 40.73055], [-73.83307, 40.72992], [-73.8329, 40.72959], [-73.8327, 40.72926], [-73.83248, 40.72894], [-73.83224, 40.72863], [-73.83198, 40.72833], [-73.8317, 40.72804], [-73.8314, 40.7276], [-73.83086, 40.72671], [-73.83073, 40.72655], [-73.83058, 40.7264], [-73.83058, 40.7264], [-73.83058, 40.7264], [-73.83041, 40.72625], [-73.83041, 40.72625], [-73.83041, 40.72625], [-73.83022, 40.72612], [-73.83022, 40.72612], [-73.83022, 40.72612], [-73.83002, 40.726], [-73.83002, 40.726], [-73.83002, 40.726], [-73.8298, 40.7259], [-73.8298, 40.7259], [-73.8298, 40.7259], [-73.82957, 40.72581], [-73.82957, 40.72581], [-73.82957, 40.72581], [-73.82934, 40.72574], [-73.82934, 40.72574], [-73.8291, 40.72568], [-73.82888, 40.72564], [-73.82888, 40.72564], [-73.82888, 40.72564], [-73.82866, 40.72558], [-73.82845, 40.72551], [-73.82825, 40.72542], [-73.82805, 40.72532], [-73.82805, 40.72532], [-73.82805, 40.72532], [-73.82787, 40.72521], [-73.82771, 40.72509], [-73.82771, 40.72509], [-73.8277, 40.72509], [-73.82756, 40.72496], [-73.82742, 40.72481], [-73.82742, 40.72481], [-73.82742, 40.72481], [-73.82731, 40.72465], [-73.82721, 40.72448], [-73.82713, 40.7243], [-73.82713, 40.7243], [-73.82713, 40.7243], [-73.82707, 40.72413], [-73.82702, 40.72395], [-73.82673, 40.72308], [-73.82586, 40.72046], [-73.82574, 40.72022], [-73.82564, 40.71997], [-73.82564, 40.71997], [-73.82564, 40.71997], [-73.82557, 40.71972], [-73.82557, 40.71972], [-73.82557, 40.71972], [-73.82551, 40.71946], [-73.82551, 40.71946], [-73.82551, 40.71946], [-73.82548, 40.71921], [-73.82548, 40.71921], [-73.82547, 40.71895], [-73.82547, 40.71895], [-73.82547, 40.71895], [-73.82549, 40.71869], [-73.82546, 40.718], [-73.82542, 40.71739], [-73.82532, 40.71727], [-73.82519, 40.71729], [-73.82488, 40.71732], [-73.82373, 40.71744], [-73.82332, 40.71745], [-73.82292, 40.71745], [-73.82251, 40.71744], [-73.82211, 40.71741], [-73.8217, 40.71736], [-73.82085, 40.71735], [-73.81963, 40.71734], [-73.81952, 40.71734], [-73.81913, 40.71735], [-73.81733, 40.71766], [-73.81726, 40.71764], [-73.8173, 40.71758], [-73.81887, 40.71726], [-73.81908, 40.7172], [-73.8193, 40.71714], [-73.82005, 40.71681], [-73.82019, 40.71673], [-73.82052, 40.71681], [-73.82101, 40.71688], [-73.82187, 40.71692], [-73.82347, 40.71673], [-73.82509, 40.71645], [-73.82525, 40.71645], [-73.82561, 40.71621], [-73.82566, 40.71615], [-73.82592, 40.71599], [-73.82628, 40.71581], [-73.82631, 40.71579], [-73.82647, 40.71569], [-73.82681, 40.71555], [-73.82701, 40.71544], [-73.82716, 40.71539], [-73.82851, 40.71504], [-73.82927, 40.71479], [-73.82996, 40.71458], [-73.83031, 40.7145], [-73.83082, 40.71438], [-73.83097, 40.71435], [-73.83103, 40.71434], [-73.83107, 40.71435], [-73.83116, 40.71439], [-73.83126, 40.71444], [-73.83146, 40.71455], [-73.83139, 40.71458], [-73.83123, 40.71463], [-73.8305, 40.71486], [-73.83035, 40.71495], [-73.83021, 40.71506], [-73.83009, 40.71517], [-73.83009, 40.71517], [-73.83009, 40.71517], [-73.82997, 40.7153], [-73.82988, 40.71543], [-73.8298, 40.71557], [-73.83073, 40.71626], [-73.83207, 40.71729], [-73.83348, 40.71833], [-73.83457, 40.71903], [-73.83457, 40.71903], [-73.83469, 40.71911], [-73.83479, 40.7192], [-73.83488, 40.7193], [-73.83496, 40.71941], [-73.83502, 40.71953], [-73.83506, 40.71964], [-73.83511, 40.71992], [-73.83519, 40.72019], [-73.83528, 40.72046], [-73.83538, 40.72072], [-73.83557, 40.72104], [-73.83576, 40.72136], [-73.83596, 40.72168], [-73.83603, 40.72177], [-73.83652, 40.72237], [-73.83836, 40.72556], [-73.83871, 40.72622], [-73.83906, 40.72688], [-73.83945, 40.72754], [-73.83985, 40.72818], [-73.84033, 40.72881], [-73.84147, 40.73], [-73.84162, 40.73012], [-73.84281, 40.73115], [-73.8435, 40.73181], [-73.84371, 40.73203], [-73.84389, 40.73226], [-73.84406, 40.73249], [-73.84421, 40.73273], [-73.84435, 40.73298], [-73.84475, 40.73362], [-73.84497, 40.73401], [-73.84512, 40.73428], [-73.84543, 40.73495], [-73.84569, 40.73567], [-73.84591, 40.7364], [-73.84606, 40.7371], [-73.84689, 40.73867], [-73.84721, 40.73864], [-73.84733, 40.73877], [-73.84746, 40.73895], [-73.84751, 40.73901], [-73.84756, 40.73906], [-73.84767, 40.73919], [-73.84776, 40.7393], [-73.84778, 40.73934], [-73.84824, 40.73929], [-73.84794, 40.73982], [-73.8478, 40.74005], [-73.84796, 40.7401], [-73.84892, 40.74039], [-73.84935, 40.74052], [-73.84965, 40.74061], [-73.84984, 40.74066], [-73.84996, 40.7407], [-73.85012, 40.74072], [-73.8502, 40.7409], [-73.85051, 40.74152], [-73.85087, 40.74218], [-73.85099, 40.74242], [-73.85121, 40.74284], [-73.85135, 40.74312], [-73.85155, 40.74351], [-73.8519, 40.74418], [-73.85224, 40.74484], [-73.85258, 40.7455], [-73.85292, 40.74618], [-73.85325, 40.74682], [-73.85361, 40.7475], [-73.85378, 40.7478], [-73.85382, 40.74785], [-73.85405, 40.74816], [-73.85437, 40.74874], [-73.85443, 40.74885], [-73.85131, 40.74984], [-73.85086, 40.74999], [-73.85099, 40.75024], [-73.85118, 40.75063], [-73.85152, 40.7513], [-73.85172, 40.75169], [-73.85186, 40.75197], [-73.8522, 40.75266], [-73.85246, 40.75313], [-73.85262, 40.7534], [-73.85301, 40.75455], [-73.85302, 40.75462], [-73.85313, 40.75511], [-73.85319, 40.7554], [-73.85335, 40.75602], [-73.8534, 40.75614], [-73.85354, 40.75656], [-73.85377, 40.75712], [-73.8538, 40.75718], [-73.85406, 40.7576], [-73.85437, 40.75812], [-73.8545, 40.75828], [-73.85458, 40.75839], [-73.85464, 40.75847], [-73.85501, 40.75888], [-73.85507, 40.75894], [-73.85525, 40.75915], [-73.85553, 40.75934], [-73.85577, 40.75954], [-73.85604, 40.75973], [-73.85638, 40.75991], [-73.85656, 40.75998], [-73.85671, 40.76004], [-73.85735, 40.7603], [-73.85754, 40.76038], [-73.85774, 40.76046], [-73.85792, 40.76055], [-73.85811, 40.76064], [-73.85829, 40.76073], [-73.85847, 40.76083], [-73.85864, 40.76094], [-73.8588, 40.76105], [-73.85897, 40.76116], [-73.85912, 40.76127], [-73.85914, 40.76142], [-73.85967, 40.7619], [-73.85993, 40.7622], [-73.8611, 40.76366], [-73.86094, 40.76373], [-73.86057, 40.76383], [-73.86043, 40.76387], [-73.86002, 40.76326], [-73.85975, 40.76288], [-73.85949, 40.76256], [-73.85941, 40.76248], [-73.85922, 40.76248], [-73.85916, 40.76252], [-73.85908, 40.76252], [-73.85892, 40.76241], [-73.85899, 40.76225], [-73.85898, 40.76217], [-73.85892, 40.76212], [-73.85879, 40.76228], [-73.85867, 40.76252], [-73.85865, 40.76251], [-73.85877, 40.76226], [-73.85889, 40.76213], [-73.85884, 40.7621], [-73.85871, 40.76223], [-73.85869, 40.76222], [-73.85884, 40.76206], [-73.85862, 40.76193], [-73.85854, 40.76203], [-73.85853, 40.76202], [-73.85848, 40.76208], [-73.85847, 40.76209], [-73.85846, 40.76211], [-73.85847, 40.76211], [-73.85841, 40.76217], [-73.8584, 40.76218], [-73.85833, 40.76227], [-73.85832, 40.76228], [-73.85825, 40.76236], [-73.85824, 40.76237], [-73.85817, 40.76246], [-73.85816, 40.76247], [-73.85808, 40.76255], [-73.85807, 40.76256], [-73.858, 40.76265], [-73.85799, 40.76266], [-73.85793, 40.76273], [-73.85792, 40.76274], [-73.85787, 40.7628], [-73.85786, 40.76281], [-73.8578, 40.76288], [-73.85779, 40.76289], [-73.85774, 40.76295], [-73.85773, 40.76296], [-73.85768, 40.76303], [-73.85769, 40.76304], [-73.85765, 40.76308], [-73.85778, 40.76314], [-73.85787, 40.76318], [-73.85788, 40.76319], [-73.85796, 40.76323], [-73.85805, 40.76328], [-73.85815, 40.76332], [-73.85815, 40.76332], [-73.85816, 40.76333], [-73.85825, 40.76337], [-73.85827, 40.76338], [-73.85835, 40.76342], [-73.85842, 40.76345], [-73.85849, 40.76337], [-73.8585, 40.76338], [-73.85834, 40.76356], [-73.85833, 40.76356], [-73.8584, 40.76348], [-73.85835, 40.76345], [-73.85834, 40.76345], [-73.85825, 40.76341], [-73.85824, 40.7634], [-73.85814, 40.76335], [-73.85813, 40.76334], [-73.85805, 40.7633], [-73.85804, 40.7633], [-73.85795, 40.76325], [-73.85794, 40.76325], [-73.85786, 40.76321], [-73.85785, 40.7632], [-73.85777, 40.76316], [-73.85776, 40.76316], [-73.85764, 40.7631], [-73.8576, 40.76314], [-73.85759, 40.76313], [-73.85684, 40.764], [-73.85697, 40.76407], [-73.85696, 40.76407]]]}}, {"type": "Feature", "properties": {"zone_id": 95, "zone": "Forest Hills", "borough": "Queens", "demand": 77}, "geometry": {"type": "Polygon", "coordinates": [[[-73.84733, 40.73877], [-73.84721, 40.73864], [-73.84689, 40.73867], [-73.84606, 40.7371], [-73.84591, 40.7364], [-73.84569, 40.73567], [-73.84543, 40.73495], [-73.84512, 40.73428], [-73.84497, 40.73401], [-73.84475, 40.73362], [-73.84435, 40.73298], [-73.84421, 40.73273], [-73.84406, 40.73249], [-73.84389, 40.73226], [-73.84371, 40.73203], [-73.8435, 40.73181], [-73.84281, 40.73115], [-73.84162, 40.73012], [-73.84147, 40.73], [-73.84033, 40.72881], [-73.83985, 40.72818], [-73.83945, 40.72754], [-73.83906, 40.72688], [-73.83871, 40.72622], [-73.83836, 40.72556], [-73.83652, 40.72237], [-73.83603, 40.72177], [-73.83596, 40.72168], [-73.83576, 40.72136], [-73.83557, 40.72104], [-73.83538, 40.72072], [-73.83528, 40.72046], [-73.83519, 40.72019], [-73.83511, 40.71992], [-73.83506, 40.71964], [-73.83502, 40.71953], [-73.83496, 40.71941], [-73.83488, 40.7193], [-73.83479, 40.7192], [-73.83469, 40.71911], [-73.83457, 40.71903], [-73.83457, 40.71903], [-73.83348, 40.71833], [-73.83207, 40.71729], [-73.83073, 40.71626], [-73.8298, 40.71557], [-73.82988, 40.71543], [-73.82997, 40.7153], [-73.83009, 40.71517], [-73.83009, 40.71517], [-73.83009, 40.71517], [-73.83021, 40.71506], [-73.83035, 40.71495], [-73.8305, 40.71486], [-73.83123, 40.71463], [-73.83139, 40.71458], [-73.83146, 40.71455], [-73.83126, 40.71444], [-73.83116, 40.71439], [-73.83107, 40.71435], [-73.83103, 40.71434], [-73.83115, 40.71431], [-73.8313, 40.71426], [-73.83136, 40.71423], [-73.83243, 40.71366], [-73.83318, 40.71326], [-73.8333, 40.7132], [-73.83356, 40.71307], [-73.83366, 40.71302], [-73.83374, 40.71297], [-73.83426, 40.71268], [-73.83505, 40.71225], [-73.83601, 40.71173], [-73.83603, 40.71175], [-73.83611, 40.71182], [-73.83641, 40.71164], [-73.83641, 40.71164], [-73.83641, 40.71164], [-73.83672, 40.71147], [-73.83672, 40.71147], [-73.83672, 40.71147], [-73.83704, 40.71131], [-73.83704, 40.71131], [-73.83704, 40.71131], [-73.83737, 40.71117], [-73.83771, 40.71104], [-73.83806, 40.71092], [-73.83952, 40.7105], [-73.83972, 40.7104], [-73.83978, 40.71038], [-73.84019, 40.71028], [-73.84024, 40.71026], [-73.84069, 40.71015], [-73.84134, 40.70995], [-73.84263, 40.70943], [-73.84268, 40.70941], [-73.84305, 40.70926], [-73.84315, 40.70922], [-73.84322, 40.70919], [-73.84348, 40.70906], [-73.84382, 40.70891], [-73.84417, 40.70878], [-73.84454, 40.70866], [-73.84491, 40.70856], [-73.84529, 40.70848], [-73.84567, 40.70841], [-73.84616, 40.70835], [-73.84666, 40.70832], [-73.84762, 40.70833], [-73.84858, 40.70844], [-73.84877, 40.70844], [-73.84896, 40.70844], [-73.84915, 40.70842], [-73.84933, 40.70839], [-73.84951, 40.70834], [-73.85043, 40.70809], [-73.85059, 40.70804], [-73.8511, 40.7079], [-73.85268, 40.70742], [-73.85275, 40.7074], [-73.85473, 40.70676], [-73.85594, 40.7064], [-73.85596, 40.70643], [-73.85668, 40.70769], [-73.85729, 40.71147], [-73.85745, 40.71369], [-73.85777, 40.71646], [-73.85824, 40.71961], [-73.85852, 40.72153], [-73.85868, 40.72261], [-73.85991, 40.72435], [-73.86204, 40.72596], [-73.86015, 40.72523], [-73.85961, 40.72502], [-73.85805, 40.72444], [-73.85776, 40.72491], [-73.85727, 40.72568], [-73.85942, 40.72646], [-73.85901, 40.72711], [-73.85861, 40.72775], [-73.8582, 40.72839], [-73.85813, 40.72851], [-73.85809, 40.72857], [-73.85775, 40.72844], [-73.85741, 40.72832], [-73.85772, 40.7285], [-73.85763, 40.72861], [-73.85783, 40.72897], [-73.85817, 40.72962], [-73.85838, 40.73003], [-73.85851, 40.73029], [-73.85626, 40.73096], [-73.8566, 40.73162], [-73.85705, 40.73251], [-73.85731, 40.733], [-73.85765, 40.73367], [-73.85799, 40.73433], [-73.85834, 40.735], [-73.85858, 40.73547], [-73.85867, 40.73562], [-73.85872, 40.73571], [-73.85862, 40.73574], [-73.85802, 40.73591], [-73.85662, 40.73633], [-73.85629, 40.73643], [-73.85567, 40.73659], [-73.85505, 40.73672], [-73.85415, 40.73688], [-73.8534, 40.737], [-73.85244, 40.7372], [-73.85187, 40.73734], [-73.8513, 40.73751], [-73.85088, 40.73765], [-73.85079, 40.73768], [-73.84995, 40.73796], [-73.84956, 40.73811], [-73.84859, 40.7385], [-73.84801, 40.73876], [-73.84751, 40.73901], [-73.84746, 40.73895], [-73.84733, 40.73877]]]}}, {"type": "Feature", "properties": {"zone_id": 106, "zone": "Gowanus", "borough": "Brooklyn", "demand": 58}, "geometry": {"type": "Polygon", "coordinates": [[[-73.9861, 40.68101], [-73.98414, 40.68024], [-73.98186, 40.67935], [-73.98176, 40.67931], [-73.98219, 40.67868], [-73.98262, 40.67804], [-73.98305, 40.67741], [-73.98347, 40.67678], [-73.9839, 40.67615], [-73.9842, 40.67577], [-73.9847, 40.67518], [-73.9852, 40.67457], [-73.9857, 40.67397], [-73.98671, 40.67277], [-73.98721, 40.67216], [-73.98744, 40.67188], [-73.98772, 40.67155], [-73.98821, 40.67096], [-73.98871, 40.67036], [-73.98907, 40.66993], [-73.98907, 40.66993], [-73.98922, 40.66975], [-73.98972, 40.66915], [-73.99022, 40.66855], [-73.99073, 40.66795], [-73.99123, 40.66734], [-73.99173, 40.66674], [-73.99223, 40.66614], [-73.99277, 40.66551], [-73.99285, 40.66555], [-73.9949, 40.66679], [-73.99507, 40.66708], [-73.99585, 40.66797], [-73.99617, 40.66844], [-73.99648, 40.66892], [-73.9966, 40.66881], [-73.99667, 40.66874], [-73.99692, 40.66915], [-73.99696, 40.66923], [-73.99758, 40.6702], [-73.99765, 40.67031], [-73.99771, 40.67042], [-73.99787, 40.67066], [-73.99799, 40.67084], [-73.99823, 40.6712], [-73.99846, 40.67157], [-73.99862, 40.67183], [-73.99855, 40.67193], [-73.99847, 40.67206], [-73.99813, 40.67244], [-73.99806, 40.67247], [-73.99745, 40.67319], [-73.99718, 40.67353], [-73.99697, 40.67378], [-73.99666, 40.67414], [-73.99596, 40.67497], [-73.99572, 40.67522], [-73.99541, 40.67556], [-73.9952, 40.67573], [-73.99506, 40.67584], [-73.99493, 40.67591], [-73.99479, 40.67597], [-73.99465, 40.67602], [-73.9945, 40.67607], [-73.99436, 40.67612], [-73.99421, 40.67615], [-73.99406, 40.67618], [-73.99396, 40.67616], [-73.9938, 40.67618], [-73.99365, 40.67618], [-73.99349, 40.67618], [-73.99333, 40.67618], [-73.99318, 40.67616], [-73.99312, 40.67618], [-73.99281, 40.67615], [-73.9928, 40.67613], [-73.99257, 40.67611], [-73.9907, 40.67581], [-73.99037, 40.67622], [-73.98987, 40.67683], [-73.98941, 40.67745], [-73.98932, 40.67825], [-73.98932, 40.67835], [-73.98897, 40.67885], [-73.98851, 40.67954], [-73.98808, 40.68017], [-73.98767, 40.68082], [-73.98729, 40.68067], [-73.98653, 40.68037], [-73.9861, 40.68101]]]}}, {"type": "Feature", "properties": {"zone_id": 126, "zone": "Hunts Point", "borough": "Bronx", "demand": 66}, "geometry": {"type": "Polygon", "coordinates": [[[-73.88615, 40.82731], [-73.88635, 40.82601], [-73.88648, 40.82528], [-73.88711, 40.82331], [-73.88706, 40.82319], [-73.88753, 40.82251], [-73.88719, 40.82259], [-73.88709, 40.8226], [-73.88698, 40.82262], [-73.88658, 40.82267], [-73.88508, 40.82287], [-73.88456, 40.82294], [-73.8844, 40.82296], [-73.88436, 40.82287], [-73.88433, 40.82281], [-73.88429, 40.82272], [-73.88424, 40.82262], [-73.88379, 40.82193], [-73.88245, 40.81927], [-73.88098, 40.81824], [-73.87806, 40.81618], [-73.87663, 40.81571], [-73.87673, 40.81539], [-73.87642, 40.81528], [-73.87521, 40.81488], [-73.87446, 40.81464], [-73.8725, 40.81389], [-73.87239, 40.81397], [-73.87233, 40.81392], [-73.87244, 40.81385], [-73.87219, 40.81367], [-73.8721, 40.81374], [-73.87204, 40.81368], [-73.87213, 40.81362], [-73.87208, 40.81358], [-73.8718, 40.81331], [-73.87166, 40.81325], [-73.87096, 40.81215], [-73.87057, 40.81209], [-73.87047, 40.81146], [-73.87055, 40.81124], [-73.86811, 40.80675], [-73.86846, 40.80594], [-73.86979, 40.80412], [-73.87152, 40.80187], [-73.87161, 40.80191], [-73.8717, 40.8018], [-73.8716, 40.80175], [-73.87175, 40.80155], [-73.87238, 40.80129], [-73.87247, 40.80079], [-73.87224, 40.80076], [-73.87224, 40.80076], [-73.87235, 40.80018], [-73.87235, 40.80017], [-73.87297, 40.80025], [-73.87298, 40.80025], [-73.87288, 40.80084], [-73.87287, 40.80084], [-73.87263, 40.80079], [-73.8726, 40.80089], [-73.87259, 40.80096], [-73.87258, 40.80101], [-73.87259, 40.80106], [-73.87261, 40.8011], [-73.87266, 40.80115], [-73.87271, 40.80117], [-73.87317, 40.801], [-73.87355, 40.80085], [-73.87468, 40.80098], [-73.87473, 40.80126], [-73.87527, 40.8014], [-73.87586, 40.80146], [-73.87593, 40.80108], [-73.87814, 40.80132], [-73.87808, 40.80167], [-73.87799, 40.80166], [-73.87797, 40.80171], [-73.87803, 40.80206], [-73.87806, 40.80219], [-73.87791, 40.80227], [-73.87811, 40.80237], [-73.87817, 40.80255], [-73.87823, 40.80265], [-73.87843, 40.8027], [-73.87874, 40.80274], [-73.87892, 40.80277], [-73.87921, 40.80279], [-73.87934, 40.80277], [-73.87951, 40.80277], [-73.87963, 40.80274], [-73.87974, 40.80274], [-73.87976, 40.80274], [-73.87992, 40.80276], [-73.88005, 40.80276], [-73.88017, 40.80272], [-73.88028, 40.80272], [-73.88042, 40.80267], [-73.88057, 40.80263], [-73.88077, 40.80259], [-73.88092, 40.80256], [-73.88107, 40.80254], [-73.88118, 40.80253], [-73.88132, 40.80251], [-73.88143, 40.80249], [-73.88153, 40.80248], [-73.88171, 40.80245], [-73.88182, 40.80243], [-73.88194, 40.80242], [-73.88203, 40.80241], [-73.88206, 40.8024], [-73.88207, 40.8024], [-73.88219, 40.80237], [-73.88232, 40.80235], [-73.88237, 40.80235], [-73.88239, 40.80235], [-73.88245, 40.80235], [-73.88243, 40.80226], [-73.88252, 40.80225], [-73.88254, 40.80234], [-73.8826, 40.80233], [-73.88276, 40.80231], [-73.88288, 40.80229], [-73.88297, 40.80228], [-73.88307, 40.80226], [-73.8832, 40.80223], [-73.88354, 40.80218], [-73.8837, 40.80216], [-73.88381, 40.80212], [-73.88384, 40.80211], [-73.88385, 40.80209], [-73.88388, 40.80207], [-73.8839, 40.80206], [-73.88392, 40.80205], [-73.88394, 40.80203], [-73.88396, 40.80196], [-73.88378, 40.80193], [-73.88378, 40.80194], [-73.88374, 40.80196], [-73.88369, 40.80194], [-73.88367, 40.80191], [-73.88368, 40.80188], [-73.88372, 40.80186], [-73.88377, 40.80187], [-73.88379, 40.80191], [-73.88378, 40.80192], [-73.88397, 40.80196], [-73.88399, 40.8019], [-73.88505, 40.80213], [-73.88515, 40.80226], [-73.88527, 40.80228], [-73.88527, 40.80227], [-73.88531, 40.80225], [-73.88537, 40.80226], [-73.8854, 40.8023], [-73.88538, 40.80233], [-73.88533, 40.80235], [-73.88528, 40.80234], [-73.88526, 40.80231], [-73.88526, 40.8023], [-73.88516, 40.80227], [-73.88526, 40.80241], [-73.8856, 40.80256], [-73.88578, 40.80268], [-73.88591, 40.8028], [-73.88601, 40.80295], [-73.88608, 40.80305], [-73.8861, 40.80308], [-73.88616, 40.80318], [-73.88628, 40.80326], [-73.88642, 40.80334], [-73.88649, 40.80338], [-73.88672, 40.80353], [-73.88685, 40.80363], [-73.88709, 40.80381], [-73.88727, 40.80395], [-73.88738, 40.80411], [-73.88725, 40.80419], [-73.88734, 40.80429], [-73.8874, 40.80437], [-73.88753, 40.8044], [-73.88771, 40.80461], [-73.88763, 40.80467], [-73.88796, 40.805], [-73.88859, 40.80479], [-73.88883, 40.80485], [-73.88907, 40.80501], [-73.88928, 40.80518], [-73.88938, 40.80531], [-73.88944, 40.80544], [-73.88941, 40.80558], [-73.88922, 40.80584], [-73.88947, 40.80554], [-73.88947, 40.80554], [-73.88978, 40.80515], [-73.88979, 40.80514], [-73.88999, 40.80489], [-73.89, 40.80489], [-73.89015, 40.80496], [-73.88937, 40.80592], [-73.88954, 40.80581], [-73.88966, 40.80585], [-73.88975, 40.80587], [-73.88981, 40.80588], [-73.88981, 40.80588], [-73.88985, 40.80586], [-73.88987, 40.80583], [-73.8899, 40.80578], [-73.88993, 40.80575], [-73.88996, 40.80571], [-73.88999, 40.8057], [-73.89006, 40.8057], [-73.89014, 40.80571], [-73.89023, 40.80574], [-73.89034, 40.80577], [-73.89035, 40.80577], [-73.89044, 40.80579], [-73.89051, 40.80585], [-73.89058, 40.80587], [-73.89072, 40.80587], [-73.89086, 40.80589], [-73.89101, 40.8059], [-73.89127, 40.80591], [-73.8915, 40.80593], [-73.8915, 40.80593], [-73.89144, 40.80566], [-73.89179, 40.80562], [-73.89198, 40.80638], [-73.89245, 40.80637], [-73.89271, 40.80634], [-73.89271, 40.80634], [-73.89253, 40.80566], [-73.89227, 40.8057], [-73.89216, 40.8053], [-73.89181, 40.80519], [-73.89181, 40.80519], [-73.89168, 40.80515], [-73.89169, 40.80513], [-73.89156, 40.80509], [-73.89156, 40.8051], [-73.8915, 40.80508], [-73.89151, 40.80507], [-73.8913, 40.80501], [-73.8913, 40.80502], [-73.89127, 40.80501], [-73.89128, 40.80498], [-73.89131, 40.80498], [-73.89131, 40.80499], [-73.89146, 40.80504], [-73.89151, 40.80506], [-73.8917, 40.80512], [-73.89173, 40.80505], [-73.89187, 40.80509], [-73.89183, 40.80517], [-73.8922, 40.80528], [-73.8923, 40.80566], [-73.89234, 40.80566], [-73.89233, 40.80565], [-73.8924, 40.80564], [-73.8924, 40.80564], [-73.89257, 40.80562], [-73.89275, 40.80634], [-73.8929, 40.80633], [-73.89305, 40.80631], [-73.89316, 40.80631], [-73.89331, 40.80634], [-73.89338, 40.8063], [-73.89345, 40.80629], [-73.89355, 40.80628], [-73.89362, 40.80628], [-73.89372, 40.80625], [-73.89384, 40.80624], [-73.89395, 40.80625], [-73.89404, 40.80625], [-73.8941, 40.80627], [-73.89422, 40.80627], [-73.89452, 40.80624], [-73.89463, 40.80623], [-73.89463, 40.80623], [-73.89457, 40.80605], [-73.89473, 40.80603], [-73.89478, 40.80621], [-73.8948, 40.80621], [-73.89485, 40.80621], [-73.89473, 40.80574], [-73.89484, 40.80572], [-73.89497, 40.80623], [-73.8951, 40.80686], [-73.89529, 40.80684], [-73.89537, 40.8067], [-73.89546, 40.8066], [-73.89551, 40.80659], [-73.89542, 40.80627], [-73.89539, 40.80618], [-73.8953, 40.8059], [-73.89531, 40.80587], [-73.89528, 40.80577], [-73.89531, 40.80577], [-73.89534, 40.80587], [-73.89541, 40.80596], [-73.89547, 40.80622], [-73.89551, 40.80635], [-73.89559, 40.80658], [-73.89572, 40.80656], [-73.8957, 40.80644], [-73.89567, 40.80629], [-73.89575, 40.80628], [-73.89583, 40.80645], [-73.89584, 40.80654], [-73.89598, 40.80652], [-73.89594, 40.80639], [-73.89594, 40.80629], [-73.89588, 40.80606], [-73.89579, 40.80583], [-73.89587, 40.80581], [-73.89595, 40.80602], [-73.89601, 40.80627], [-73.89611, 40.8065], [-73.89622, 40.80648], [-73.89621, 40.80642], [-73.8962, 40.80632], [-73.8962, 40.80624], [-73.89623, 40.80621], [-73.89628, 40.80621], [-73.89635, 40.80621], [-73.89679, 40.80616], [-73.89709, 40.80612], [-73.89711, 40.80611], [-73.89715, 40.80609], [-73.89717, 40.80604], [-73.89726, 40.80604], [-73.89731, 40.80608], [-73.89739, 40.80622], [-73.8975, 40.80621], [-73.89748, 40.806], [-73.89741, 40.8058], [-73.89749, 40.80579], [-73.89755, 40.80599], [-73.89764, 40.8062], [-73.89776, 40.80619], [-73.89775, 40.80614], [-73.89773, 40.80597], [-73.8978, 40.80596], [-73.89787, 40.80611], [-73.89787, 40.80618], [-73.89801, 40.80617], [-73.898, 40.80609], [-73.89799, 40.80593], [-73.89787, 40.80553], [-73.89794, 40.80552], [-73.89807, 40.80591], [-73.89816, 40.80614], [-73.89818, 40.80613], [-73.89822, 40.80612], [-73.89826, 40.80605], [-73.89824, 40.80596], [-73.89824, 40.80587], [-73.8982, 40.80583], [-73.89811, 40.80578], [-73.89805, 40.80572], [-73.89807, 40.80567], [-73.89808, 40.80565], [-73.89812, 40.80563], [-73.89831, 40.80552], [-73.89854, 40.80541], [-73.89905, 40.80532], [-73.8992, 40.80529], [-73.89947, 40.80523], [-73.89986, 40.80515], [-73.90022, 40.80506], [-73.9005, 40.80499], [-73.90064, 40.80495], [-73.90082, 40.80489], [-73.90097, 40.80485], [-73.90116, 40.80486], [-73.90132, 40.80486], [-73.90153, 40.80482], [-73.90167, 40.80479], [-73.90179, 40.80477], [-73.90191, 40.80475], [-73.902, 40.80475], [-73.90205, 40.80477], [-73.90207, 40.80477], [-73.90208, 40.80478], [-73.9021, 40.8048], [-73.9021, 40.80481], [-73.9021, 40.80482], [-73.9021, 40.80483], [-73.90211, 40.80484], [-73.90212, 40.80486], [-73.90213, 40.80488], [-73.90215, 40.8049], [-73.90217, 40.80491], [-73.90218, 40.80492], [-73.90218, 40.80494], [-73.90219, 40.80495], [-73.90221, 40.80495], [-73.90222, 40.80495], [-73.90288, 40.80874], [-73.90294, 40.80906], [-73.90299, 40.80936], [-73.903, 40.80945], [-73.90301, 40.80955], [-73.90302, 40.80962], [-73.90303, 40.8097], [-73.90308, 40.80977], [-73.90307, 40.80988], [-73.90279, 40.81008], [-73.90259, 40.81022], [-73.9009, 40.81143], [-73.89912, 40.81269], [-73.89845, 40.81318], [-73.89815, 40.81337], [-73.89786, 40.81357], [-73.89776, 40.81365], [-73.89759, 40.81378], [-73.89733, 40.814], [-73.89708, 40.81422], [-73.89685, 40.81446], [-73.89543, 40.81584], [-73.8958, 40.81607], [-73.89621, 40.81632], [-73.89704, 40.8168], [-73.89568, 40.81813], [-73.89493, 40.81885], [-73.89389, 40.81986], [-73.8929, 40.82081], [-73.89284, 40.82097], [-73.89387, 40.82098], [-73.8949, 40.82099], [-73.89588, 40.82099], [-73.89586, 40.82263], [-73.89488, 40.82313], [-73.89434, 40.82342], [-73.8939, 40.82364], [-73.8932, 40.82401], [-73.8939, 40.82398], [-73.89487, 40.82394], [-73.89484, 40.82625], [-73.89387, 40.82651], [-73.89293, 40.82679], [-73.89191, 40.82679], [-73.89091, 40.82679], [-73.88998, 40.82681], [-73.88984, 40.8268], [-73.88981, 40.8268], [-73.88969, 40.8268], [-73.88964, 40.8268], [-73.88885, 40.82677], [-73.88789, 40.82674], [-73.8864, 40.8275], [-73.8861, 40.82766], [-73.88615, 40.82731]]]}}, {"type": "Feature", "properties": {"zone_id": 127, "zone": "Inwood", "borough": "Manhattan", "demand": 128}, "geometry": {"type": "MultiPolygon", "coordinates": [[[[-73.91122, 40.87303], [-73.91119, 40.87298], [-73.91118, 40.87299], [-73.91117, 40.87298], [-73.91118, 40.87297], [-73.91117, 40.87297], [-73.91117, 40.87296], [-73.91115, 40.87294], [-73.9111, 40.87288], [-73.9111, 40.87287], [-73.9111, 40.87285], [-73.91108, 40.87283], [-73.91106, 40.8728], [-73.91104, 40.87277], [-73.91104, 40.87275], [-73.91101, 40.87272], [-73.91099, 40.87269], [-73.91098, 40.87266], [-73.91097, 40.87264], [-73.91096, 40.87262], [-73.91094, 40.87261], [-73.91091, 40.87257], [-73.91083, 40.87252], [-73.91076, 40.87245], [-73.9107, 40.87236], [-73.91067, 40.87232], [-73.91065, 40.8723], [-73.91064, 40.87226], [-73.9106, 40.87218], [-73.91056, 40.87212], [-73.91054, 40.87206], [-73.91054, 40.87203], [-73.91055, 40.87202], [-73.91054, 40.87199], [-73.91052, 40.87191], [-73.91049, 40.87183], [-73.91048, 40.87176], [-73.91048, 40.87173], [-73.91047, 40.87169], [-73.91046, 40.87164], [-73.91046, 40.87157], [-73.91045, 40.8715], [-73.91045, 40.87149], [-73.91043, 40.87148], [-73.91043, 40.87146], [-73.91045, 40.87146], [-73.91045, 40.87143], [-73.91046, 40.8714], [-73.91045, 40.87139], [-73.91044, 40.87138], [-73.91045, 40.87136], [-73.91047, 40.87135], [-73.91048, 40.87133], [-73.9105, 40.87132], [-73.91052, 40.87131], [-73.91053, 40.87129], [-73.91055, 40.87128], [-73.91057, 40.87126], [-73.91056, 40.87124], [-73.91057, 40.87123], [-73.91059, 40.87117], [-73.9106, 40.87116], [-73.91061, 40.87114], [-73.91063, 40.87112], [-73.91066, 40.87106], [-73.91066, 40.87105], [-73.91067, 40.87104], [-73.91069, 40.87103], [-73.91071, 40.87102], [-73.91072, 40.87099], [-73.91073, 40.87097], [-73.91074, 40.87094], [-73.91073, 40.87092], [-73.91071, 40.8709], [-73.91069, 40.87087], [-73.91069, 40.87084], [-73.9107, 40.87082], [-73.9107, 40.8708], [-73.91073, 40.87079], [-73.91073, 40.87076], [-73.91074, 40.87075], [-73.91075, 40.87071], [-73.91076, 40.87066], [-73.91074, 40.87064], [-73.91076, 40.8706], [-73.91076, 40.87058], [-73.91077, 40.87057], [-73.91076, 40.87055], [-73.91077, 40.87053], [-73.91077, 40.8705], [-73.91076, 40.87046], [-73.91077, 40.87044], [-73.91078, 40.87042], [-73.91077, 40.87041], [-73.91077, 40.87035], [-73.91078, 40.87032], [-73.91077, 40.87028], [-73.91076, 40.87026], [-73.91078, 40.87023], [-73.91078, 40.8702], [-73.91079, 40.87017], [-73.91079, 40.87015], [-73.91081, 40.8701], [-73.91081, 40.87005], [-73.91081, 40.87003], [-73.91082, 40.87002], [-73.91081, 40.87], [-73.91082, 40.86996], [-73.91082, 40.86994], [-73.91082, 40.86993], [-73.91083, 40.86991], [-73.91084, 40.86989], [-73.91084, 40.86987], [-73.91086, 40.86985], [-73.91086, 40.86983], [-73.91085, 40.86982], [-73.91085, 40.86981], [-73.91086, 40.8698], [-73.91087, 40.86977], [-73.91088, 40.86974], [-73.91087, 40.86973], [-73.91088, 40.86971], [-73.91089, 40.86968], [-73.91089, 40.86966], [-73.91086, 40.86965], [-73.91088, 40.86964], [-73.9109, 40.86962], [-73.91091, 40.86959], [-73.91093, 40.86958], [-73.91092, 40.86957], [-73.91092, 40.86955], [-73.91093, 40.86954], [-73.91092, 40.86952], [-73.91095, 40.86949], [-73.91095, 40.86945], [-73.91093, 40.86944], [-73.91096, 40.86941], [-73.91099, 40.8694], [-73.91101, 40.86942], [-73.91104, 40.86942], [-73.91106, 40.86941], [-73.91114, 40.86944], [-73.91119, 40.86946], [-73.91126, 40.86949], [-73.91131, 40.86951], [-73.91135, 40.86952], [-73.91139, 40.86952], [-73.91144, 40.86949], [-73.91147, 40.86947], [-73.91148, 40.86945], [-73.91147, 40.86941], [-73.91147, 40.86937], [-73.91143, 40.86936], [-73.91142, 40.86935], [-73.9114, 40.86935], [-73.9114, 40.86934], [-73.91136, 40.86933], [-73.91136, 40.86931], [-73.91113, 40.86921], [-73.91112, 40.86918], [-73.9111, 40.86918], [-73.91106, 40.86917], [-73.91103, 40.86915], [-73.91106, 40.86911], [-73.91108, 40.86908], [-73.91108, 40.86906], [-73.91108, 40.86904], [-73.91109, 40.86903], [-73.91109, 40.86902], [-73.91112, 40.86901], [-73.91113, 40.86897], [-73.91112, 40.86895], [-73.91114, 40.86893], [-73.91113, 40.86892], [-73.91114, 40.86889], [-73.91115, 40.86888], [-73.91117, 40.86888], [-73.9112, 40.86886], [-73.91125, 40.86886], [-73.91128, 40.86885], [-73.9113, 40.86882], [-73.91133, 40.8688], [-73.91133, 40.86878], [-73.91134, 40.86877], [-73.91133, 40.86876], [-73.91133, 40.86874], [-73.91133, 40.86872], [-73.91133, 40.8687], [-73.91133, 40.86868], [-73.91133, 40.86866], [-73.91135, 40.86865], [-73.91135, 40.86862], [-73.91136, 40.86861], [-73.91136, 40.86858], [-73.91139, 40.86856], [-73.91141, 40.86851], [-73.91142, 40.86849], [-73.91144, 40.86848], [-73.91148, 40.86841], [-73.91149, 40.86837], [-73.91149, 40.86835], [-73.91151, 40.8683], [-73.91151, 40.86828], [-73.91152, 40.86826], [-73.91154, 40.86826], [-73.91154, 40.86824], [-73.91158, 40.8682], [-73.9116, 40.86819], [-73.91162, 40.86817], [-73.91165, 40.86815], [-73.91167, 40.86813], [-73.91171, 40.8681], [-73.91173, 40.86807], [-73.91173, 40.86806], [-73.91173, 40.86804], [-73.91173, 40.86803], [-73.91173, 40.86803], [-73.91173, 40.86802], [-73.91172, 40.868], [-73.91174, 40.86799], [-73.91173, 40.86798], [-73.91176, 40.86797], [-73.91175, 40.86793], [-73.91177, 40.86791], [-73.91178, 40.8679], [-73.9118, 40.8679], [-73.91181, 40.86788], [-73.91179, 40.86787], [-73.9118, 40.86783], [-73.91181, 40.86781], [-73.91182, 40.86779], [-73.91185, 40.86778], [-73.91187, 40.86776], [-73.91189, 40.86775], [-73.91189, 40.86773], [-73.91191, 40.8677], [-73.91185, 40.86767], [-73.91199, 40.86751], [-73.9121, 40.86737], [-73.91223, 40.86721], [-73.91245, 40.86694], [-73.91262, 40.86674], [-73.91273, 40.8666], [-73.91255, 40.86653], [-73.91255, 40.86651], [-73.91283, 40.86616], [-73.91312, 40.86578], [-73.91352, 40.86527], [-73.91384, 40.86485], [-73.91392, 40.86475], [-73.91394, 40.86474], [-73.91404, 40.86471], [-73.91417, 40.86467], [-73.91425, 40.86465], [-73.91431, 40.86462], [-73.91439, 40.86462], [-73.91492, 40.86458], [-73.91493, 40.86457], [-73.91454, 40.86441], [-73.91447, 40.86431], [-73.91441, 40.86417], [-73.91504, 40.86444], [-73.91507, 40.86445], [-73.91509, 40.86445], [-73.91517, 40.86444], [-73.91525, 40.86443], [-73.91543, 40.86442], [-73.91543, 40.86441], [-73.91543, 40.86439], [-73.91546, 40.86438], [-73.91545, 40.86433], [-73.91563, 40.86431], [-73.91564, 40.86435], [-73.91566, 40.86435], [-73.91571, 40.86434], [-73.91576, 40.86434], [-73.91582, 40.86433], [-73.91586, 40.86433], [-73.9159, 40.86431], [-73.91592, 40.86428], [-73.91594, 40.86424], [-73.91593, 40.8642], [-73.91593, 40.86417], [-73.9159, 40.86415], [-73.91587, 40.86413], [-73.91585, 40.86412], [-73.91585, 40.86411], [-73.91579, 40.8641], [-73.91574, 40.8641], [-73.91573, 40.8641], [-73.91567, 40.86409], [-73.91562, 40.86407], [-73.91558, 40.86407], [-73.91554, 40.86407], [-73.91549, 40.86407], [-73.91544, 40.86408], [-73.91541, 40.86408], [-73.91538, 40.86408], [-73.91537, 40.86408], [-73.91536, 40.86408], [-73.91535, 40.86407], [-73.91533, 40.86407], [-73.91532, 40.86406], [-73.91531, 40.86405], [-73.91531, 40.86404], [-73.9153, 40.86403], [-73.91529, 40.86403], [-73.91528, 40.86402], [-73.91527, 40.86402], [-73.91524, 40.864], [-73.91522, 40.86398], [-73.9152, 40.86394], [-73.91519, 40.8639], [-73.91518, 40.86388], [-73.91518, 40.86386], [-73.91518, 40.86384], [-73.91518, 40.86379], [-73.91518, 40.86374], [-73.91518, 40.86374], [-73.91518, 40.86371], [-73.91518, 40.86368], [-73.9152, 40.86365], [-73.91522, 40.86364], [-73.91525, 40.86362], [-73.9153, 40.8636], [-73.91531, 40.86359], [-73.91534, 40.86356], [-73.91536, 40.86355], [-73.91537, 40.86353], [-73.91542, 40.86345], [-73.91543, 40.86343], [-73.91547, 40.86336], [-73.91548, 40.86335], [-73.91548, 40.8633], [-73.91547, 40.86328], [-73.91546, 40.86326], [-73.91545, 40.86323], [-73.91545, 40.86321], [-73.91542, 40.86319], [-73.91541, 40.8632], [-73.91534, 40.86316], [-73.91541, 40.86309], [-73.91539, 40.86308], [-73.91545, 40.86301], [-73.9155, 40.86294], [-73.91552, 40.86291], [-73.91557, 40.86293], [-73.91558, 40.86292], [-73.91556, 40.86291], [-73.91558, 40.8629], [-73.91559, 40.8629], [-73.9156, 40.86289], [-73.91559, 40.86289], [-73.9156, 40.86288], [-73.91562, 40.86288], [-73.91567, 40.8629], [-73.91568, 40.86289], [-73.91569, 40.86288], [-73.91572, 40.86285], [-73.91578, 40.86279], [-73.91582, 40.86275], [-73.91584, 40.86273], [-73.91586, 40.86271], [-73.91586, 40.86271], [-73.91587, 40.8627], [-73.91593, 40.86265], [-73.91595, 40.86263], [-73.91595, 40.86263], [-73.91611, 40.86249], [-73.91617, 40.86244], [-73.9162, 40.86242], [-73.91623, 40.8624], [-73.91628, 40.86237], [-73.91639, 40.86228], [-73.9164, 40.86227], [-73.91643, 40.86225], [-73.91649, 40.8622], [-73.91652, 40.86218], [-73.91653, 40.86218], [-73.91657, 40.86216], [-73.9166, 40.86215], [-73.9166, 40.86214], [-73.91662, 40.86213], [-73.91664, 40.86211], [-73.91665, 40.86211], [-73.91666, 40.86209], [-73.91672, 40.86204], [-73.91673, 40.86203], [-73.91675, 40.86202], [-73.91675, 40.86201], [-73.91676, 40.86201], [-73.91678, 40.86199], [-73.91679, 40.86199], [-73.9168, 40.86198], [-73.91685, 40.86196], [-73.91688, 40.86195], [-73.91692, 40.86193], [-73.91696, 40.86193], [-73.91698, 40.86192], [-73.91701, 40.86191], [-73.91702, 40.86191], [-73.91705, 40.86189], [-73.91707, 40.86188], [-73.91709, 40.86186], [-73.91715, 40.86181], [-73.91723, 40.86174], [-73.91727, 40.86169], [-73.91729, 40.86168], [-73.91734, 40.86162], [-73.91738, 40.86157], [-73.91741, 40.86153], [-73.91741, 40.86149], [-73.91746, 40.86143], [-73.91748, 40.8614], [-73.9175, 40.86136], [-73.91752, 40.86135], [-73.91753, 40.86134], [-73.91755, 40.86132], [-73.91756, 40.86131], [-73.91757, 40.86129], [-73.91759, 40.86128], [-73.91761, 40.86126], [-73.91766, 40.86122], [-73.91769, 40.86119], [-73.91773, 40.86114], [-73.91779, 40.86109], [-73.91781, 40.86106], [-73.91783, 40.86104], [-73.91782, 40.86102], [-73.91784, 40.861], [-73.91782, 40.86098], [-73.91782, 40.86095], [-73.91784, 40.86093], [-73.91786, 40.8609], [-73.91787, 40.86088], [-73.91788, 40.86088], [-73.91788, 40.86087], [-73.9179, 40.86085], [-73.9179, 40.86084], [-73.91792, 40.86082], [-73.91792, 40.86081], [-73.91788, 40.8608], [-73.91793, 40.86075], [-73.91795, 40.86073], [-73.91805, 40.86062], [-73.91826, 40.8604], [-73.91843, 40.86022], [-73.91836, 40.8602], [-73.91838, 40.86017], [-73.91839, 40.86013], [-73.9184, 40.8601], [-73.91839, 40.86008], [-73.91841, 40.86005], [-73.91843, 40.86006], [-73.91843, 40.86005], [-73.91843, 40.86002], [-73.91845, 40.85999], [-73.91847, 40.85999], [-73.91849, 40.85997], [-73.9185, 40.85995], [-73.91853, 40.85992], [-73.91856, 40.85991], [-73.91859, 40.85989], [-73.91861, 40.85986], [-73.9186, 40.85983], [-73.91861, 40.85981], [-73.91862, 40.85978], [-73.91864, 40.85977], [-73.91867, 40.85974], [-73.91868, 40.85975], [-73.91869, 40.85973], [-73.91869, 40.85973], [-73.9187, 40.85972], [-73.91869, 40.8597], [-73.91874, 40.85965], [-73.91872, 40.85964], [-73.9188, 40.85956], [-73.91878, 40.85955], [-73.91889, 40.85944], [-73.9189, 40.85942], [-73.919, 40.85931], [-73.91914, 40.85917], [-73.91923, 40.85908], [-73.91934, 40.85896], [-73.9194, 40.8589], [-73.91944, 40.85885], [-73.91948, 40.85881], [-73.9195, 40.85879], [-73.91952, 40.85878], [-73.91955, 40.85879], [-73.91955, 40.8588], [-73.91981, 40.85891], [-73.92009, 40.85903], [-73.92029, 40.85911], [-73.92028, 40.85911], [-73.92036, 40.85915], [-73.92041, 40.85915], [-73.92043, 40.85912], [-73.92044, 40.85912], [-73.92046, 40.8591], [-73.92033, 40.85904], [-73.92027, 40.85902], [-73.92024, 40.85901], [-73.92021, 40.859], [-73.9202, 40.85899], [-73.9201, 40.85894], [-73.92007, 40.85894], [-73.91996, 40.85889], [-73.91994, 40.85888], [-73.91991, 40.85887], [-73.91985, 40.85884], [-73.91977, 40.8588], [-73.91977, 40.85879], [-73.91984, 40.85883], [-73.91992, 40.85886], [-73.91996, 40.85888], [-73.92007, 40.85893], [-73.92048, 40.8591], [-73.92043, 40.85915], [-73.92044, 40.85916], [-73.92043, 40.85917], [-73.92051, 40.8592], [-73.92051, 40.85921], [-73.92062, 40.85926], [-73.92065, 40.85926], [-73.92067, 40.85929], [-73.9207, 40.85932], [-73.92069, 40.85935], [-73.92075, 40.8594], [-73.92082, 40.85952], [-73.92082, 40.85954], [-73.92097, 40.85976], [-73.92107, 40.85994], [-73.9212, 40.8601], [-73.92127, 40.86019], [-73.92132, 40.86021], [-73.92134, 40.86022], [-73.92135, 40.86021], [-73.92136, 40.86021], [-73.92139, 40.86019], [-73.92143, 40.86017], [-73.92146, 40.86016], [-73.92152, 40.86013], [-73.92152, 40.86012], [-73.92154, 40.8601], [-73.92156, 40.8601], [-73.92159, 40.86007], [-73.92163, 40.85996], [-73.92166, 40.85989], [-73.92169, 40.85984], [-73.92171, 40.85976], [-73.92172, 40.85971], [-73.9217, 40.85969], [-73.92171, 40.85967], [-73.92174, 40.85967], [-73.92174, 40.85965], [-73.92172, 40.85963], [-73.9217, 40.85963], [-73.92169, 40.85964], [-73.9217, 40.85961], [-73.92168, 40.85961], [-73.92166, 40.85959], [-73.92167, 40.85958], [-73.92167, 40.85957], [-73.92165, 40.85957], [-73.92165, 40.85955], [-73.92169, 40.85955], [-73.92173, 40.85956], [-73.92172, 40.85957], [-73.92175, 40.85957], [-73.92174, 40.85958], [-73.92176, 40.85958], [-73.92177, 40.85956], [-73.9218, 40.85956], [-73.9218, 40.85955], [-73.92182, 40.85954], [-73.92182, 40.85956], [-73.92183, 40.85955], [-73.92184, 40.85954], [-73.92184, 40.85952], [-73.92183, 40.85951], [-73.9218, 40.85949], [-73.92178, 40.8595], [-73.92178, 40.85948], [-73.92179, 40.85948], [-73.92179, 40.85947], [-73.92178, 40.85946], [-73.92178, 40.85944], [-73.92176, 40.85941], [-73.92174, 40.85941], [-73.92173, 40.85939], [-73.92174, 40.85939], [-73.92174, 40.85938], [-73.92178, 40.85938], [-73.9218, 40.85938], [-73.92181, 40.85939], [-73.92185, 40.85938], [-73.92183, 40.85937], [-73.92179, 40.85935], [-73.92181, 40.85933], [-73.92184, 40.85932], [-73.92184, 40.8593], [-73.92186, 40.85929], [-73.92186, 40.85927], [-73.92186, 40.85924], [-73.92187, 40.8592], [-73.92187, 40.85918], [-73.92185, 40.85916], [-73.92181, 40.85914], [-73.92183, 40.85913], [-73.92182, 40.85911], [-73.9218, 40.8591], [-73.92175, 40.85909], [-73.92171, 40.8591], [-73.9217, 40.85908], [-73.92168, 40.85907], [-73.92167, 40.85907], [-73.92166, 40.85908], [-73.92164, 40.85907], [-73.92162, 40.85906], [-73.92158, 40.85905], [-73.92156, 40.85904], [-73.92154, 40.85903], [-73.92152, 40.85901], [-73.9215, 40.85901], [-73.92148, 40.859], [-73.92146, 40.85898], [-73.92144, 40.85896], [-73.92141, 40.85895], [-73.92141, 40.85894], [-73.9214, 40.85894], [-73.92138, 40.85893], [-73.92136, 40.85892], [-73.92134, 40.85891], [-73.92132, 40.85891], [-73.92131, 40.8589], [-73.9213, 40.85888], [-73.92131, 40.85887], [-73.92135, 40.85888], [-73.92137, 40.8589], [-73.92139, 40.8589], [-73.92137, 40.85888], [-73.92133, 40.85887], [-73.92131, 40.85886], [-73.92128, 40.85887], [-73.92126, 40.85885], [-73.92124, 40.85881], [-73.92124, 40.85879], [-73.92125, 40.85878], [-73.92125, 40.85876], [-73.92126, 40.85874], [-73.92126, 40.85871], [-73.92124, 40.85869], [-73.92121, 40.85869], [-73.92119, 40.85867], [-73.92117, 40.85865], [-73.92113, 40.85864], [-73.9211, 40.85862], [-73.92111, 40.8586], [-73.92112, 40.85859], [-73.9211, 40.85857], [-73.92109, 40.85857], [-73.92109, 40.85856], [-73.92107, 40.85855], [-73.9211, 40.85851], [-73.92111, 40.85847], [-73.92112, 40.85844], [-73.92109, 40.85844], [-73.92108, 40.85843], [-73.92107, 40.85842], [-73.92107, 40.8584], [-73.92106, 40.85837], [-73.92107, 40.85834], [-73.92108, 40.85833], [-73.92106, 40.85832], [-73.92108, 40.85831], [-73.92109, 40.8583], [-73.92106, 40.85829], [-73.921, 40.8583], [-73.92099, 40.85829], [-73.92094, 40.85828], [-73.92093, 40.85825], [-73.92091, 40.85822], [-73.92094, 40.85812], [-73.92081, 40.85808], [-73.92066, 40.85804], [-73.92066, 40.85803], [-73.92062, 40.85802], [-73.92061, 40.85802], [-73.92048, 40.85823], [-73.92035, 40.85819], [-73.92036, 40.85816], [-73.92047, 40.85819], [-73.92048, 40.85817], [-73.92043, 40.85815], [-73.92043, 40.85814], [-73.92049, 40.85816], [-73.92051, 40.85814], [-73.92051, 40.85813], [-73.92047, 40.85813], [-73.92048, 40.85811], [-73.92052, 40.85813], [-73.92056, 40.85806], [-73.92052, 40.85805], [-73.92053, 40.85804], [-73.92056, 40.85805], [-73.92058, 40.85801], [-73.92054, 40.858], [-73.92057, 40.85796], [-73.92053, 40.85795], [-73.92054, 40.85794], [-73.92057, 40.85796], [-73.9206, 40.8579], [-73.92058, 40.85788], [-73.92057, 40.85789], [-73.92056, 40.85788], [-73.92058, 40.85787], [-73.92061, 40.8579], [-73.92061, 40.8579], [-73.92077, 40.85794], [-73.92078, 40.8579], [-73.92072, 40.85788], [-73.92075, 40.85783], [-73.92076, 40.85781], [-73.92071, 40.85779], [-73.92072, 40.85778], [-73.92071, 40.85778], [-73.92068, 40.85782], [-73.92067, 40.85782], [-73.9207, 40.85778], [-73.92063, 40.8578], [-73.92063, 40.85778], [-73.92069, 40.85777], [-73.92069, 40.85776], [-73.92068, 40.85775], [-73.92067, 40.85774], [-73.92068, 40.85773], [-73.92071, 40.8577], [-73.92072, 40.85771], [-73.92073, 40.85771], [-73.92074, 40.8577], [-73.92074, 40.85771], [-73.92071, 40.85776], [-73.92071, 40.85777], [-73.92072, 40.85777], [-73.92072, 40.85777], [-73.92075, 40.85777], [-73.92075, 40.85776], [-73.92086, 40.8578], [-73.92085, 40.85781], [-73.92082, 40.8578], [-73.92082, 40.85781], [-73.92086, 40.85783], [-73.92091, 40.85784], [-73.92092, 40.85782], [-73.92096, 40.85783], [-73.92096, 40.85783], [-73.92101, 40.85785], [-73.92101, 40.85784], [-73.921, 40.85782], [-73.92098, 40.8578], [-73.92099, 40.85778], [-73.92096, 40.85779], [-73.92095, 40.85781], [-73.92082, 40.85775], [-73.92084, 40.85772], [-73.92096, 40.85778], [-73.92097, 40.85777], [-73.92099, 40.85776], [-73.92099, 40.85775], [-73.92098, 40.85774], [-73.92096, 40.85774], [-73.92093, 40.85773], [-73.92093, 40.85772], [-73.92092, 40.85772], [-73.92092, 40.85772], [-73.92091, 40.85772], [-73.92091, 40.85771], [-73.9209, 40.85771], [-73.9209, 40.85771], [-73.92089, 40.85771], [-73.92089, 40.85771], [-73.92087, 40.8577], [-73.92087, 40.85771], [-73.92086, 40.85771], [-73.92087, 40.85769], [-73.9209, 40.8577], [-73.9209, 40.85769], [-73.92091, 40.85769], [-73.92091, 40.8577], [-73.92092, 40.85771], [-73.92092, 40.8577], [-73.92093, 40.8577], [-73.92093, 40.85771], [-73.92094, 40.85771], [-73.92096, 40.85768], [-73.92089, 40.85766], [-73.92091, 40.85762], [-73.92089, 40.85761], [-73.92088, 40.85762], [-73.92081, 40.85761], [-73.92079, 40.85765], [-73.92077, 40.85765], [-73.9208, 40.8576], [-73.92078, 40.8576], [-73.92079, 40.85757], [-73.92078, 40.85757], [-73.92072, 40.85763], [-73.9207, 40.85762], [-73.92076, 40.85756], [-73.92077, 40.85755], [-73.92079, 40.85756], [-73.92079, 40.85755], [-73.9209, 40.85758], [-73.92089, 40.8576], [-73.92092, 40.85761], [-73.92093, 40.85759], [-73.92098, 40.85761], [-73.921, 40.85758], [-73.92095, 40.85756], [-73.92095, 40.85756], [-73.92101, 40.85758], [-73.92101, 40.85757], [-73.92101, 40.85757], [-73.92102, 40.85756], [-73.92102, 40.85756], [-73.92103, 40.85755], [-73.9209, 40.85749], [-73.92091, 40.85748], [-73.92094, 40.85749], [-73.92094, 40.85747], [-73.921, 40.85748], [-73.92104, 40.85744], [-73.92101, 40.85743], [-73.92105, 40.85738], [-73.92107, 40.85739], [-73.92109, 40.85738], [-73.92116, 40.85744], [-73.92113, 40.85745], [-73.92107, 40.85752], [-73.92112, 40.85754], [-73.92118, 40.85752], [-73.92122, 40.85752], [-73.9213, 40.85742], [-73.92136, 40.8574], [-73.9214, 40.85739], [-73.92146, 40.85737], [-73.92152, 40.85735], [-73.92156, 40.85732], [-73.92158, 40.85729], [-73.92159, 40.85726], [-73.92159, 40.85723], [-73.92158, 40.85721], [-73.92156, 40.85715], [-73.92156, 40.85709], [-73.92159, 40.85706], [-73.92162, 40.85705], [-73.92165, 40.85704], [-73.92166, 40.85704], [-73.9217, 40.85702], [-73.92174, 40.85701], [-73.9218, 40.857], [-73.92184, 40.85699], [-73.92186, 40.85699], [-73.92189, 40.85698], [-73.9219, 40.85697], [-73.92192, 40.85695], [-73.92194, 40.85693], [-73.92197, 40.85691], [-73.92204, 40.85685], [-73.92263, 40.85683], [-73.92278, 40.85683], [-73.92283, 40.85685], [-73.92295, 40.85885], [-73.92296, 40.85891], [-73.92412, 40.86065], [-73.92461, 40.8614], [-73.92468, 40.8615], [-73.92474, 40.86159], [-73.92537, 40.86258], [-73.92601, 40.86357], [-73.92662, 40.86452], [-73.92727, 40.86553], [-73.92806, 40.8662], [-73.92872, 40.86674], [-73.927, 40.86795], [-73.92623, 40.86851], [-73.92382, 40.86902], [-73.92234, 40.86946], [-73.92214, 40.86915], [-73.92187, 40.86927], [-73.92187, 40.86927], [-73.92187, 40.86927], [-73.92161, 40.86941], [-73.92161, 40.86941], [-73.92136, 40.86955], [-73.92112, 40.86971], [-73.92112, 40.86971], [-73.92112, 40.86971], [-73.9209, 40.86988], [-73.91925, 40.87101], [-73.9197, 40.87206], [-73.91946, 40.87225], [-73.91846, 40.87302], [-73.91718, 40.8725], [-73.91628, 40.87212], [-73.91506, 40.8716], [-73.91415, 40.87122], [-73.91401, 40.87116], [-73.91366, 40.8715], [-73.91334, 40.87176], [-73.91268, 40.87229], [-73.91206, 40.87281], [-73.91176, 40.87306], [-73.91154, 40.87325], [-73.91143, 40.87318], [-73.91136, 40.87313], [-73.9113, 40.87309], [-73.91127, 40.87306], [-73.91122, 40.87303]]], [[[-73.92152, 40.8566], [-73.92159, 40.8565], [-73.9216, 40.8565], [-73.92167, 40.85639], [-73.92169, 40.8564], [-73.92176, 40.8563], [-73.92182, 40.85633], [-73.92203, 40.85604], [-73.92204, 40.85604], [-73.92213, 40.85592], [-73.92213, 40.85592], [-73.92213, 40.85592], [-73.92212, 40.85591], [-73.92212, 40.85591], [-73.92213, 40.8559], [-73.92213, 40.8559], [-73.92213, 40.8559], [-73.92213, 40.8559], [-73.92214, 40.85589], [-73.92214, 40.85589], [-73.92214, 40.85589], [-73.92215, 40.85589], [-73.92215, 40.85589], [-73.92216, 40.85589], [-73.92218, 40.85585], [-73.92222, 40.85579], [-73.92224, 40.85577], [-73.92226, 40.85573], [-73.92227, 40.8557], [-73.92228, 40.85569], [-73.92229, 40.85568], [-73.92229, 40.85568], [-73.9223, 40.85566], [-73.92234, 40.85568], [-73.92234, 40.85568], [-73.92234, 40.85569], [-73.92233, 40.8557], [-73.92233, 40.8557], [-73.92233, 40.8557], [-73.9222, 40.85587], [-73.92218, 40.8559], [-73.92218, 40.8559], [-73.92218, 40.8559], [-73.92218, 40.85591], [-73.92218, 40.85591], [-73.92218, 40.85591], [-73.92218, 40.85592], [-73.92218, 40.85592], [-73.92218, 40.85592], [-73.92218, 40.85593], [-73.92217, 40.85593], [-73.92217, 40.85593], [-73.92216, 40.85593], [-73.92216, 40.85593], [-73.92215, 40.85593], [-73.92215, 40.85593], [-73.92206, 40.85605], [-73.92208, 40.85606], [-73.92195, 40.85624], [-73.92187, 40.85635], [-73.92189, 40.85635], [-73.92182, 40.85645], [-73.92184, 40.85646], [-73.92176, 40.85657], [-73.92177, 40.85657], [-73.9217, 40.85667], [-73.92152, 40.8566]]]]}}, {"type": "Feature", "properties": {"zone_id": 157, "zone": "Maspeth", "borough": "Queens", "demand": 58}, "geometry": {"type": "Polygon", "coordinates": [[[-73.89783, 40.73516], [-73.89691, 40.73509], [-73.89651, 40.7351], [-73.89603, 40.73502], [-73.8951, 40.73502], [-73.89492, 40.73501], [-73.89475, 40.73498], [-73.89475, 40.73498], [-73.89475, 40.73498], [-73.89458, 40.73495], [-73.89458, 40.73495], [-73.89458, 40.73495], [-73.89441, 40.7349], [-73.89425, 40.73484], [-73.89416, 40.73481], [-73.89394, 40.73473], [-73.89371, 40.73466], [-73.89347, 40.7346], [-73.89323, 40.73456], [-73.89301, 40.73452], [-73.89278, 40.7345], [-73.89256, 40.73448], [-73.89233, 40.73447], [-73.89175, 40.73448], [-73.89138, 40.7345], [-73.89114, 40.73451], [-73.88993, 40.73456], [-73.8891, 40.73459], [-73.88852, 40.73453], [-73.88848, 40.73416], [-73.88844, 40.73385], [-73.8884, 40.73345], [-73.88838, 40.7332], [-73.88835, 40.73294], [-73.88833, 40.73276], [-73.88831, 40.73251], [-73.88829, 40.73226], [-73.88825, 40.7319], [-73.88818, 40.73119], [-73.88811, 40.73059], [-73.88806, 40.73009], [-73.88756, 40.7302], [-73.88745, 40.72989], [-73.88745, 40.72989], [-73.88745, 40.72988], [-73.88736, 40.72957], [-73.88736, 40.72957], [-73.88736, 40.72957], [-73.88729, 40.72925], [-73.88724, 40.72893], [-73.8872, 40.72861], [-73.8872, 40.72818], [-73.8872, 40.72809], [-73.8872, 40.72801], [-73.8872, 40.72787], [-73.88721, 40.72779], [-73.8872, 40.72769], [-73.88721, 40.72762], [-73.88722, 40.72753], [-73.88724, 40.7274], [-73.8872, 40.72619], [-73.88713, 40.72614], [-73.8871, 40.72532], [-73.88708, 40.72464], [-73.88898, 40.72482], [-73.89017, 40.72495], [-73.8903, 40.72492], [-73.89101, 40.72462], [-73.89182, 40.72426], [-73.89266, 40.72389], [-73.89411, 40.72321], [-73.89426, 40.72314], [-73.89451, 40.72313], [-73.8957, 40.72341], [-73.89582, 40.7239], [-73.89609, 40.72381], [-73.89835, 40.72311], [-73.89903, 40.72386], [-73.90011, 40.7233], [-73.89982, 40.72124], [-73.8974, 40.72155], [-73.89737, 40.72046], [-73.89775, 40.72036], [-73.89784, 40.72047], [-73.90009, 40.72018], [-73.90063, 40.71976], [-73.90033, 40.71867], [-73.90034, 40.71802], [-73.90006, 40.71805], [-73.89985, 40.71837], [-73.89835, 40.7192], [-73.89727, 40.71815], [-73.89882, 40.71737], [-73.89902, 40.71738], [-73.8982, 40.71693], [-73.89806, 40.71686], [-73.89806, 40.71686], [-73.89806, 40.71686], [-73.89792, 40.71678], [-73.89792, 40.71678], [-73.89792, 40.71678], [-73.8978, 40.7167], [-73.8978, 40.7167], [-73.8978, 40.7167], [-73.89769, 40.7166], [-73.89759, 40.71649], [-73.89759, 40.71649], [-73.89759, 40.71649], [-73.8975, 40.71638], [-73.89782, 40.71624], [-73.8986, 40.71587], [-73.89926, 40.71554], [-73.8999, 40.71523], [-73.90072, 40.71484], [-73.90116, 40.71462], [-73.90205, 40.7142], [-73.90243, 40.714], [-73.90285, 40.71379], [-73.9038, 40.71335], [-73.90477, 40.71287], [-73.90489, 40.71286], [-73.90538, 40.71288], [-73.90556, 40.71371], [-73.90571, 40.71437], [-73.90574, 40.71452], [-73.90587, 40.71507], [-73.90602, 40.71574], [-73.90618, 40.71642], [-73.90639, 40.71736], [-73.90688, 40.71731], [-73.90696, 40.7173], [-73.90768, 40.71738], [-73.9085, 40.71747], [-73.90862, 40.71748], [-73.90943, 40.71758], [-73.90956, 40.71769], [-73.90962, 40.71775], [-73.90966, 40.71779], [-73.90981, 40.71771], [-73.91002, 40.71759], [-73.91048, 40.71733], [-73.91106, 40.71684], [-73.91134, 40.7166], [-73.91152, 40.71642], [-73.91156, 40.71637], [-73.91179, 40.71612], [-73.91211, 40.71581], [-73.91221, 40.71571], [-73.91233, 40.71561], [-73.91246, 40.71553], [-73.91283, 40.71536], [-73.9128, 40.71534], [-73.91274, 40.7153], [-73.91174, 40.71472], [-73.9116, 40.71464], [-73.91016, 40.71382], [-73.9107, 40.71327], [-73.91078, 40.71319], [-73.91304, 40.71333], [-73.91467, 40.71344], [-73.91521, 40.71346], [-73.9157, 40.71348], [-73.91633, 40.71353], [-73.91948, 40.71373], [-73.92084, 40.71381], [-73.92404, 40.71401], [-73.92406, 40.71411], [-73.92368, 40.71408], [-73.92375, 40.71421], [-73.92405, 40.71487], [-73.92412, 40.71514], [-73.9241, 40.71518], [-73.92406, 40.71522], [-73.92397, 40.7153], [-73.9239, 40.71537], [-73.92382, 40.71544], [-73.92376, 40.71548], [-73.92367, 40.71553], [-73.9236, 40.71556], [-73.92356, 40.71557], [-73.92354, 40.71558], [-73.92353, 40.71559], [-73.92353, 40.7156], [-73.92353, 40.7156], [-73.92353, 40.71562], [-73.92279, 40.7158], [-73.92233, 40.71608], [-73.92064, 40.71577], [-73.92057, 40.71597], [-73.92057, 40.71597], [-73.92057, 40.71599], [-73.92057, 40.716], [-73.92057, 40.71602], [-73.92058, 40.71603], [-73.9206, 40.71604], [-73.92109, 40.71614], [-73.92128, 40.71618], [-73.92141, 40.71621], [-73.9217, 40.71627], [-73.92172, 40.71628], [-73.92217, 40.71637], [-73.92224, 40.71638], [-73.92228, 40.71648], [-73.92233, 40.71659], [-73.92154, 40.71679], [-73.91931, 40.71742], [-73.91805, 40.71776], [-73.9161, 40.7183], [-73.91517, 40.71855], [-73.91427, 40.71881], [-73.9134, 40.71905], [-73.91232, 40.71935], [-73.91152, 40.71957], [-73.91132, 40.71962], [-73.91189, 40.72026], [-73.91246, 40.72093], [-73.91298, 40.7216], [-73.9131, 40.72174], [-73.9131, 40.72174], [-73.9131, 40.72174], [-73.9132, 40.72188], [-73.91329, 40.72203], [-73.91331, 40.72208], [-73.91336, 40.72218], [-73.91336, 40.72218], [-73.91343, 40.72233], [-73.91356, 40.72246], [-73.91367, 40.7226], [-73.91377, 40.72275], [-73.91385, 40.7229], [-73.91317, 40.72308], [-73.91271, 40.72328], [-73.91257, 40.72324], [-73.91134, 40.72418], [-73.90889, 40.72607], [-73.90805, 40.72673], [-73.90741, 40.72721], [-73.9073, 40.72729], [-73.90717, 40.72739], [-73.90712, 40.72742], [-73.90707, 40.72747], [-73.90693, 40.72758], [-73.90673, 40.72773], [-73.90573, 40.72851], [-73.90558, 40.72864], [-73.90518, 40.72896], [-73.90422, 40.73013], [-73.90417, 40.73019], [-73.9026, 40.7321], [-73.90108, 40.73391], [-73.90091, 40.73413], [-73.90071, 40.73436], [-73.90063, 40.73446], [-73.90063, 40.73446], [-73.90063, 40.73446], [-73.90053, 40.73456], [-73.90053, 40.73456], [-73.90042, 40.73465], [-73.90042, 40.73465], [-73.90042, 40.73465], [-73.90029, 40.73473], [-73.90029, 40.73473], [-73.90029, 40.73473], [-73.90015, 40.7348], [-73.90001, 40.73485], [-73.89983, 40.73493], [-73.89963, 40.735], [-73.89943, 40.73506], [-73.89923, 40.73511], [-73.89902, 40.73515], [-73.89879, 40.73518], [-73.89879, 40.73518], [-73.89879, 40.73518], [-73.89855, 40.73519], [-73.89855, 40.73519], [-73.89855, 40.73519], [-73.89831, 40.73519], [-73.89831, 40.73519], [-73.89831, 40.73519], [-73.89807, 40.73518], [-73.89807, 40.73518], [-73.89807, 40.73518], [-73.89783, 40.73516]]]}}, {"type": "Feature", "properties": {"zone_id": 159, "zone": "Melrose South", "borough": "Bronx", "demand": 56}, "geometry": {"type": "Polygon", "coordinates": [[[-73.91189, 40.82214], [-73.91182, 40.82203], [-73.91181, 40.82204], [-73.9118, 40.82204], [-73.91179, 40.82205], [-73.91178, 40.82205], [-73.91177, 40.82206], [-73.91176, 40.82206], [-73.91176, 40.82207], [-73.91175, 40.82207], [-73.91174, 40.82207], [-73.91173, 40.82208], [-73.91172, 40.82208], [-73.91171, 40.82209], [-73.9117, 40.82209], [-73.91169, 40.82209], [-73.91168, 40.8221], [-73.91167, 40.8221], [-73.91166, 40.8221], [-73.91165, 40.82211], [-73.91164, 40.82211], [-73.91163, 40.82211], [-73.91162, 40.82212], [-73.91161, 40.82212], [-73.9116, 40.82212], [-73.91159, 40.82213], [-73.91158, 40.82213], [-73.91157, 40.82213], [-73.91156, 40.82213], [-73.91155, 40.82214], [-73.91154, 40.82214], [-73.91153, 40.82214], [-73.91152, 40.82214], [-73.91151, 40.82215], [-73.9115, 40.82215], [-73.91149, 40.82215], [-73.91148, 40.82215], [-73.91147, 40.82215], [-73.91146, 40.82215], [-73.91145, 40.82215], [-73.91144, 40.82216], [-73.91143, 40.82216], [-73.91142, 40.82216], [-73.91141, 40.82216], [-73.9114, 40.82216], [-73.91139, 40.82216], [-73.91138, 40.82216], [-73.91137, 40.82216], [-73.91136, 40.82216], [-73.91107, 40.82224], [-73.9107, 40.82232], [-73.90991, 40.82255], [-73.90946, 40.82243], [-73.90842, 40.82218], [-73.90743, 40.82194], [-73.90646, 40.82171], [-73.90566, 40.82156], [-73.90552, 40.82152], [-73.90546, 40.82151], [-73.90533, 40.82148], [-73.90525, 40.82146], [-73.9049, 40.82137], [-73.90478, 40.82134], [-73.90379, 40.82109], [-73.90267, 40.8208], [-73.90129, 40.82047], [-73.9016, 40.81969], [-73.90166, 40.81955], [-73.90211, 40.8185], [-73.90258, 40.81737], [-73.90301, 40.81632], [-73.90306, 40.81611], [-73.90347, 40.81508], [-73.9038, 40.81413], [-73.90418, 40.81309], [-73.90447, 40.81228], [-73.90541, 40.81248], [-73.90633, 40.81267], [-73.90724, 40.81285], [-73.90816, 40.81304], [-73.90907, 40.81323], [-73.9095, 40.81332], [-73.90952, 40.81333], [-73.91002, 40.81343], [-73.91013, 40.81345], [-73.9103, 40.81349], [-73.91034, 40.8135], [-73.91039, 40.81351], [-73.91043, 40.81352], [-73.91095, 40.81362], [-73.91181, 40.81388], [-73.91295, 40.81427], [-73.91495, 40.81494], [-73.91677, 40.8157], [-73.91769, 40.81608], [-73.91862, 40.81552], [-73.91947, 40.81507], [-73.92035, 40.81463], [-73.92048, 40.81456], [-73.9213, 40.81548], [-73.92158, 40.81555], [-73.92125, 40.81622], [-73.92309, 40.8167], [-73.92373, 40.81582], [-73.92377, 40.81576], [-73.92391, 40.81557], [-73.92395, 40.8155], [-73.924, 40.81544], [-73.92481, 40.81566], [-73.92506, 40.81572], [-73.9255, 40.81583], [-73.92569, 40.81587], [-73.92663, 40.81612], [-73.92622, 40.81676], [-73.92518, 40.81801], [-73.92455, 40.81871], [-73.92403, 40.81928], [-73.92265, 40.82049], [-73.92195, 40.82103], [-73.92114, 40.82156], [-73.92067, 40.82184], [-73.92054, 40.82193], [-73.92049, 40.82198], [-73.92039, 40.82206], [-73.91993, 40.82235], [-73.9198, 40.82244], [-73.91944, 40.82267], [-73.91938, 40.82271], [-73.91929, 40.82277], [-73.91895, 40.82299], [-73.91889, 40.82303], [-73.91876, 40.82311], [-73.91834, 40.82338], [-73.91788, 40.82368], [-73.91782, 40.82372], [-73.91757, 40.82388], [-73.91747, 40.82395], [-73.9174, 40.82399], [-73.91732, 40.82404], [-73.91725, 40.82408], [-73.91719, 40.82412], [-73.91713, 40.82416], [-73.91689, 40.82431], [-73.91677, 40.82439], [-73.91588, 40.8241], [-73.91622, 40.82347], [-73.91451, 40.82294], [-73.91288, 40.82244], [-73.91189, 40.82214]]]}}, {"type": "Feature", "properties": {"zone_id": 168, "zone": "Mott Haven/Port Morris", "borough": "Bronx", "demand": 105}, "geometry": {"type": "MultiPolygon", "coordinates": [[[[-73.92481, 40.81566], [-73.924, 40.81544], [-73.92395, 40.8155], [-73.92391, 40.81557], [-73.92377, 40.81576], [-73.92373, 40.81582], [-73.92309, 40.8167], [-73.92125, 40.81622], [-73.92158, 40.81555], [-73.9213, 40.81548], [-73.92048, 40.81456], [-73.92035, 40.81463], [-73.91947, 40.81507], [-73.91862, 40.81552], [-73.91769, 40.81608], [-73.91677, 40.8157], [-73.91495, 40.81494], [-73.91295, 40.81427], [-73.91181, 40.81388], [-73.91095, 40.81362], [-73.91043, 40.81352], [-73.91039, 40.81351], [-73.91034, 40.8135], [-73.9103, 40.81349], [-73.91013, 40.81345], [-73.91002, 40.81343], [-73.90952, 40.81333], [-73.9095, 40.81332], [-73.90907, 40.81323], [-73.90816, 40.81304], [-73.90724, 40.81285], [-73.90633, 40.81267], [-73.90541, 40.81248], [-73.90447, 40.81228], [-73.90418, 40.81212], [-73.90342, 40.81151], [-73.90324, 40.81071], [-73.90307, 40.80988], [-73.90308, 40.80977], [-73.90303, 40.8097], [-73.90302, 40.80962], [-73.90301, 40.80955], [-73.903, 40.80945], [-73.90299, 40.80936], [-73.90294, 40.80906], [-73.90288, 40.80874], [-73.90222, 40.80495], [-73.90223, 40.80494], [-73.90224, 40.80493], [-73.90224, 40.80492], [-73.90223, 40.80492], [-73.90221, 40.80488], [-73.9022, 40.80485], [-73.90219, 40.80482], [-73.90219, 40.80479], [-73.90223, 40.80475], [-73.90226, 40.8047], [-73.90232, 40.8046], [-73.90232, 40.8046], [-73.9023, 40.80459], [-73.90229, 40.80457], [-73.90229, 40.80456], [-73.90245, 40.80442], [-73.90252, 40.80446], [-73.90276, 40.80433], [-73.90293, 40.8042], [-73.90288, 40.80416], [-73.90271, 40.80418], [-73.90271, 40.80416], [-73.9029, 40.80414], [-73.90306, 40.80402], [-73.90297, 40.80394], [-73.903, 40.80392], [-73.90309, 40.804], [-73.90321, 40.8039], [-73.90326, 40.80393], [-73.90334, 40.80385], [-73.90332, 40.80377], [-73.90334, 40.80377], [-73.90336, 40.80386], [-73.9034, 40.80387], [-73.90355, 40.80383], [-73.90357, 40.80383], [-73.90364, 40.80381], [-73.90368, 40.80379], [-73.90373, 40.80377], [-73.90374, 40.80377], [-73.90367, 40.8037], [-73.90369, 40.80369], [-73.90377, 40.80375], [-73.90377, 40.80375], [-73.9038, 40.80372], [-73.90382, 40.8037], [-73.90386, 40.80367], [-73.90389, 40.80365], [-73.90393, 40.80363], [-73.90385, 40.80357], [-73.90387, 40.80356], [-73.90395, 40.80362], [-73.90397, 40.80361], [-73.904, 40.80358], [-73.90407, 40.80352], [-73.90402, 40.80347], [-73.9041, 40.80342], [-73.90415, 40.80346], [-73.90438, 40.80327], [-73.90446, 40.80321], [-73.90448, 40.80319], [-73.9045, 40.80318], [-73.90453, 40.80317], [-73.90455, 40.80315], [-73.90458, 40.80312], [-73.90462, 40.80307], [-73.90467, 40.80301], [-73.90477, 40.80291], [-73.9048, 40.80289], [-73.90485, 40.80283], [-73.90495, 40.80272], [-73.905, 40.80267], [-73.90503, 40.80263], [-73.90504, 40.8026], [-73.90506, 40.80257], [-73.90507, 40.80254], [-73.90508, 40.8025], [-73.90511, 40.80246], [-73.90516, 40.80243], [-73.90519, 40.8024], [-73.90525, 40.80234], [-73.90531, 40.80227], [-73.90539, 40.80219], [-73.90544, 40.80214], [-73.90546, 40.80211], [-73.90549, 40.80209], [-73.90551, 40.80206], [-73.90552, 40.80202], [-73.90576, 40.8018], [-73.90601, 40.80155], [-73.90606, 40.80158], [-73.9062, 40.80149], [-73.90652, 40.80117], [-73.90639, 40.80109], [-73.90645, 40.80104], [-73.90659, 40.80111], [-73.90673, 40.80097], [-73.90681, 40.80089], [-73.90675, 40.80085], [-73.9067, 40.80082], [-73.90677, 40.80075], [-73.90677, 40.80074], [-73.90718, 40.80032], [-73.90726, 40.80024], [-73.90734, 40.80016], [-73.90739, 40.8001], [-73.90743, 40.80005], [-73.90745, 40.80003], [-73.90747, 40.8], [-73.9075, 40.79998], [-73.90753, 40.79996], [-73.90754, 40.79995], [-73.90757, 40.79995], [-73.90761, 40.79994], [-73.90763, 40.79993], [-73.90764, 40.79992], [-73.90764, 40.7999], [-73.90776, 40.7998], [-73.9079, 40.79966], [-73.90794, 40.79963], [-73.90796, 40.79962], [-73.90799, 40.79963], [-73.90802, 40.79964], [-73.90807, 40.79957], [-73.90803, 40.79956], [-73.90795, 40.79954], [-73.90787, 40.79952], [-73.90779, 40.79949], [-73.90773, 40.79947], [-73.90766, 40.79942], [-73.90768, 40.79939], [-73.90779, 40.79944], [-73.90785, 40.79947], [-73.90793, 40.7995], [-73.90799, 40.79951], [-73.90805, 40.79953], [-73.9081, 40.79954], [-73.90817, 40.79946], [-73.90813, 40.79943], [-73.90796, 40.79928], [-73.90803, 40.79924], [-73.90817, 40.79932], [-73.90825, 40.79937], [-73.90832, 40.7994], [-73.90842, 40.79944], [-73.90848, 40.79938], [-73.90855, 40.79931], [-73.90849, 40.79926], [-73.90838, 40.7992], [-73.90829, 40.79913], [-73.90826, 40.79909], [-73.90825, 40.79909], [-73.90824, 40.79906], [-73.90824, 40.79902], [-73.9083, 40.79896], [-73.90916, 40.79831], [-73.90964, 40.79794], [-73.90967, 40.79796], [-73.90967, 40.79796], [-73.90974, 40.79791], [-73.90979, 40.79787], [-73.90985, 40.7979], [-73.90991, 40.79786], [-73.90995, 40.79783], [-73.90997, 40.7978], [-73.91004, 40.79768], [-73.91013, 40.79759], [-73.91033, 40.79743], [-73.91047, 40.79733], [-73.91061, 40.79726], [-73.91071, 40.7972], [-73.91079, 40.7971], [-73.91089, 40.79702], [-73.9109, 40.79701], [-73.91096, 40.79699], [-73.91099, 40.79697], [-73.91105, 40.79692], [-73.9111, 40.79689], [-73.91127, 40.79681], [-73.91142, 40.79675], [-73.91149, 40.7967], [-73.91162, 40.79664], [-73.91169, 40.79662], [-73.91175, 40.79663], [-73.91179, 40.79663], [-73.91182, 40.79663], [-73.91189, 40.79663], [-73.91196, 40.79665], [-73.91203, 40.79665], [-73.91209, 40.79666], [-73.91215, 40.79668], [-73.91215, 40.79668], [-73.91224, 40.79671], [-73.91234, 40.79672], [-73.91267, 40.79673], [-73.91301, 40.79676], [-73.91318, 40.79677], [-73.91345, 40.79678], [-73.91372, 40.79679], [-73.91513, 40.79736], [-73.91617, 40.79783], [-73.9188, 40.79888], [-73.91889, 40.79892], [-73.91896, 40.79895], [-73.91905, 40.79899], [-73.91912, 40.79903], [-73.92024, 40.79961], [-73.92044, 40.7998], [-73.92078, 40.80027], [-73.92096, 40.8006], [-73.92133, 40.80128], [-73.92169, 40.80159], [-73.92204, 40.80188], [-73.9226, 40.80219], [-73.92293, 40.80237], [-73.92359, 40.80252], [-73.92423, 40.80254], [-73.92666, 40.80241], [-73.927, 40.80251], [-73.92763, 40.8027], [-73.92751, 40.80293], [-73.92731, 40.80321], [-73.92744, 40.80328], [-73.92728, 40.80351], [-73.92764, 40.80399], [-73.92768, 40.80402], [-73.92823, 40.80397], [-73.92837, 40.80403], [-73.92842, 40.8041], [-73.92848, 40.80419], [-73.92873, 40.8041], [-73.93005, 40.8059], [-73.93032, 40.80619], [-73.93054, 40.80647], [-73.93052, 40.80659], [-73.93116, 40.80713], [-73.93176, 40.80777], [-73.93181, 40.80782], [-73.93185, 40.80786], [-73.93187, 40.80789], [-73.93192, 40.80793], [-73.93227, 40.80834], [-73.93253, 40.80882], [-73.93264, 40.80938], [-73.93262, 40.80977], [-73.93259, 40.81005], [-73.93283, 40.81012], [-73.93286, 40.81012], [-73.93287, 40.81041], [-73.93279, 40.81049], [-73.93269, 40.81058], [-73.93268, 40.8108], [-73.93256, 40.81089], [-73.93261, 40.81139], [-73.93262, 40.81153], [-73.93263, 40.8119], [-73.93248, 40.81342], [-73.93243, 40.81402], [-73.93243, 40.81406], [-73.93243, 40.81412], [-73.93237, 40.81411], [-73.93223, 40.81409], [-73.93139, 40.81374], [-73.93131, 40.8137], [-73.93124, 40.81367], [-73.93116, 40.81363], [-73.93104, 40.81359], [-73.93057, 40.81337], [-73.9304, 40.8133], [-73.93028, 40.81325], [-73.92921, 40.81438], [-73.92919, 40.8145], [-73.92897, 40.81483], [-73.92886, 40.81488], [-73.92822, 40.81654], [-73.92776, 40.81757], [-73.92732, 40.81856], [-73.92725, 40.81854], [-73.92636, 40.81832], [-73.92582, 40.81818], [-73.92539, 40.81806], [-73.92518, 40.81801], [-73.92622, 40.81676], [-73.92663, 40.81612], [-73.92569, 40.81587], [-73.9255, 40.81583], [-73.92506, 40.81572], [-73.92481, 40.81566]]], [[[-73.89833, 40.80241], [-73.89647, 40.80079], [-73.89798, 40.7996], [-73.89864, 40.7991], [-73.89902, 40.79917], [-73.90021, 40.79926], [-73.89979, 40.79951], [-73.89972, 40.8008], [-73.90004, 40.80091], [-73.89949, 40.8009], [-73.89939, 40.80194], [-73.89833, 40.80241]]], [[[-73.89681, 40.79581], [-73.89694, 40.79564], [-73.89724, 40.79572], [-73.89797, 40.79564], [-73.89857, 40.79607], [-73.89895, 40.79623], [-73.89919, 40.7965], [-73.89852, 40.79694], [-73.89788, 40.79712], [-73.89713, 40.7968], [-73.89679, 40.79633], [-73.89681, 40.79581]]]]}}, {"type": "Feature", "properties": {"zone_id": 188, "zone": "Prospect-Lefferts Gardens", "borough": "Brooklyn", "demand": 92}, "geometry": {"type": "Polygon", "coordinates": [[[-73.95729, 40.6643], [-73.95721, 40.66352], [-73.95385, 40.66373], [-73.95097, 40.6639], [-73.94941, 40.664], [-73.94817, 40.66408], [-73.94546, 40.66423], [-73.94489, 40.66417], [-73.94408, 40.66413], [-73.9427, 40.66405], [-73.94283, 40.66285], [-73.94003, 40.66302], [-73.93726, 40.66319], [-73.93455, 40.66336], [-73.93437, 40.66337], [-73.93161, 40.66356], [-73.93068, 40.66362], [-73.92854, 40.66168], [-73.92828, 40.66145], [-73.92646, 40.65981], [-73.92726, 40.65934], [-73.92819, 40.66018], [-73.92834, 40.66006], [-73.92817, 40.65848], [-73.92799, 40.6568], [-73.92896, 40.65674], [-73.9299, 40.65668], [-73.9309, 40.65661], [-73.93191, 40.65654], [-73.93285, 40.65648], [-73.93381, 40.65642], [-73.93478, 40.65636], [-73.93572, 40.6563], [-73.93618, 40.65627], [-73.93668, 40.65624], [-73.93712, 40.65622], [-73.93766, 40.65618], [-73.93859, 40.65612], [-73.93956, 40.65606], [-73.94053, 40.656], [-73.94146, 40.65594], [-73.9424, 40.65588], [-73.94335, 40.65583], [-73.94446, 40.65576], [-73.94487, 40.65573], [-73.94508, 40.65572], [-73.94716, 40.65559], [-73.95007, 40.65542], [-73.94993, 40.65415], [-73.94977, 40.65264], [-73.94967, 40.6517], [-73.94957, 40.65081], [-73.95138, 40.65072], [-73.95247, 40.65067], [-73.95295, 40.65066], [-73.9548, 40.65057], [-73.95583, 40.65053], [-73.95871, 40.65039], [-73.95893, 40.65121], [-73.95915, 40.65214], [-73.95933, 40.65293], [-73.95945, 40.65357], [-73.9597, 40.65484], [-73.95986, 40.65563], [-73.9607, 40.65534], [-73.96156, 40.655], [-73.9619, 40.65487], [-73.96244, 40.65832], [-73.96281, 40.66049], [-73.96308, 40.66213], [-73.96306, 40.66225], [-73.96306, 40.66225], [-73.96306, 40.66225], [-73.96303, 40.66238], [-73.96303, 40.66238], [-73.96303, 40.66238], [-73.96297, 40.66249], [-73.9629, 40.66261], [-73.9629, 40.66261], [-73.9629, 40.66261], [-73.96281, 40.66271], [-73.96243, 40.66312], [-73.96194, 40.66322], [-73.96096, 40.66328], [-73.96062, 40.6633], [-73.96034, 40.66411], [-73.95934, 40.66418], [-73.95787, 40.66427], [-73.95729, 40.6643]]]}}, {"type": "Feature", "properties": {"zone_id": 193, "zone": "Queensbridge/Ravenswood", "borough": "Queens", "demand": 197}, "geometry": {"type": "Polygon", "coordinates": [[[-73.93523, 40.76953], [-73.93577, 40.76905], [-73.93582, 40.76863], [-73.93593, 40.76778], [-73.93618, 40.76769], [-73.93709, 40.76736], [-73.93836, 40.76691], [-73.93859, 40.76682], [-73.93846, 40.76677], [-73.93764, 40.76647], [-73.93682, 40.76618], [-73.93601, 40.76588], [-73.937, 40.76424], [-73.93687, 40.76418], [-73.93684, 40.76416], [-73.93626, 40.76389], [-73.93622, 40.76388], [-73.93619, 40.76386], [-73.93617, 40.76385], [-73.93615, 40.76384], [-73.93541, 40.7635], [-73.93398, 40.76283], [-73.93404, 40.76276], [-73.93411, 40.76269], [-73.9343, 40.76249], [-73.93437, 40.76242], [-73.93457, 40.76221], [-73.93464, 40.76214], [-73.93472, 40.76205], [-73.93481, 40.76196], [-73.93539, 40.76135], [-73.93543, 40.76131], [-73.93547, 40.76127], [-73.9355, 40.76123], [-73.93557, 40.76117], [-73.93561, 40.76112], [-73.93566, 40.76106], [-73.9357, 40.76103], [-73.93577, 40.76095], [-73.93581, 40.76091], [-73.93584, 40.76087], [-73.93589, 40.76082], [-73.93593, 40.76078], [-73.93602, 40.76069], [-73.93606, 40.76065], [-73.93679, 40.75988], [-73.93792, 40.75871], [-73.9391, 40.75749], [-73.94004, 40.75649], [-73.94124, 40.75523], [-73.94243, 40.754], [-73.94356, 40.75282], [-73.94375, 40.75262], [-73.94384, 40.75253], [-73.94392, 40.75245], [-73.94393, 40.75244], [-73.94396, 40.7524], [-73.94402, 40.75235], [-73.94405, 40.75231], [-73.94458, 40.75253], [-73.94482, 40.75263], [-73.94505, 40.75274], [-73.94553, 40.75296], [-73.94572, 40.75304], [-73.94597, 40.75316], [-73.94636, 40.75332], [-73.94656, 40.75341], [-73.94745, 40.7538], [-73.94827, 40.75415], [-73.94911, 40.75452], [-73.95081, 40.75526], [-73.95077, 40.75531], [-73.95073, 40.75535], [-73.95066, 40.75544], [-73.94915, 40.75733], [-73.94844, 40.75822], [-73.94783, 40.75899], [-73.94596, 40.76129], [-73.94581, 40.76145], [-73.94571, 40.76149], [-73.94473, 40.76286], [-73.94471, 40.76288], [-73.9435, 40.7645], [-73.94159, 40.76662], [-73.94131, 40.76692], [-73.94046, 40.76753], [-73.94035, 40.76765], [-73.93984, 40.76799], [-73.93953, 40.76806], [-73.93937, 40.76816], [-73.93895, 40.76796], [-73.9382, 40.76873], [-73.93758, 40.76892], [-73.93681, 40.7689], [-73.93669, 40.76913], [-73.93671, 40.76925], [-73.9364, 40.76947], [-73.93617, 40.76952], [-73.93574, 40.76937], [-73.93524, 40.76968], [-73.9349, 40.77004], [-73.93469, 40.77042], [-73.93515, 40.77054], [-73.93501, 40.77116], [-73.93494, 40.77116], [-73.93494, 40.77116], [-73.9349, 40.77127], [-73.93453, 40.77118], [-73.93425, 40.77103], [-73.93447, 40.77041], [-73.93459, 40.77022], [-73.93472, 40.77003], [-73.93487, 40.76985], [-73.93487, 40.76985], [-73.93487, 40.76985], [-73.93504, 40.76968], [-73.93523, 40.76953]]]}}, {"type": "Feature", "properties": {"zone_id": 198, "zone": "Ridgewood", "borough": "Queens", "demand": 80}, "geometry": {"type": "Polygon", "coordinates": [[[-73.90768, 40.71738], [-73.90696, 40.7173], [-73.90688, 40.71731], [-73.90639, 40.71736], [-73.90618, 40.71642], [-73.90602, 40.71574], [-73.90587, 40.71507], [-73.90574, 40.71452], [-73.90571, 40.71437], [-73.90556, 40.71371], [-73.90538, 40.71288], [-73.90489, 40.71286], [-73.90477, 40.71287], [-73.90377, 40.71282], [-73.90293, 40.71279], [-73.90224, 40.71276], [-73.9006, 40.7127], [-73.90018, 40.71268], [-73.89935, 40.71265], [-73.89768, 40.71258], [-73.8971, 40.71256], [-73.89622, 40.71252], [-73.8959, 40.71251], [-73.89502, 40.71248], [-73.89402, 40.71244], [-73.89367, 40.71243], [-73.88877, 40.71228], [-73.88842, 40.71227], [-73.88688, 40.71222], [-73.88638, 40.71221], [-73.88623, 40.7122], [-73.8852, 40.71217], [-73.88508, 40.71216], [-73.88435, 40.71223], [-73.88205, 40.71245], [-73.88006, 40.71265], [-73.87908, 40.71036], [-73.87943, 40.71028], [-73.87926, 40.7099], [-73.87873, 40.71003], [-73.87761, 40.70717], [-73.88086, 40.70658], [-73.88088, 40.70645], [-73.88178, 40.7064], [-73.88267, 40.70635], [-73.88377, 40.70629], [-73.88456, 40.70636], [-73.88553, 40.70644], [-73.88555, 40.70615], [-73.88653, 40.70622], [-73.8874, 40.70602], [-73.88826, 40.70581], [-73.88912, 40.7056], [-73.88984, 40.70497], [-73.89105, 40.70382], [-73.89127, 40.7036], [-73.89194, 40.70289], [-73.89283, 40.70191], [-73.89384, 40.70086], [-73.8942, 40.70051], [-73.895, 40.69971], [-73.89485, 40.69859], [-73.89578, 40.69851], [-73.89558, 40.69713], [-73.89677, 40.6968], [-73.89756, 40.69648], [-73.89838, 40.69614], [-73.89889, 40.69539], [-73.89954, 40.69429], [-73.90003, 40.69344], [-73.90039, 40.69314], [-73.90104, 40.69184], [-73.90123, 40.69144], [-73.90149, 40.69156], [-73.90171, 40.69166], [-73.90207, 40.692], [-73.90279, 40.69242], [-73.90354, 40.69285], [-73.90387, 40.69304], [-73.90429, 40.69328], [-73.90504, 40.6937], [-73.9058, 40.69413], [-73.90491, 40.69507], [-73.9048, 40.69515], [-73.90426, 40.6957], [-73.90466, 40.69593], [-73.905, 40.69612], [-73.9054, 40.69635], [-73.90577, 40.69655], [-73.90612, 40.69675], [-73.90652, 40.69698], [-73.90685, 40.69716], [-73.90727, 40.6974], [-73.90757, 40.69757], [-73.90802, 40.69782], [-73.90877, 40.69825], [-73.90953, 40.69867], [-73.91103, 40.69953], [-73.91181, 40.69994], [-73.91068, 40.70105], [-73.91142, 40.70149], [-73.91216, 40.70192], [-73.9129, 40.70236], [-73.91181, 40.70343], [-73.91255, 40.70387], [-73.91329, 40.70431], [-73.91403, 40.70475], [-73.91477, 40.70519], [-73.91551, 40.70563], [-73.9159, 40.70585], [-73.91625, 40.70606], [-73.91661, 40.70627], [-73.91665, 40.7063], [-73.917, 40.7065], [-73.91737, 40.70672], [-73.91774, 40.70694], [-73.91808, 40.70715], [-73.9181, 40.70716], [-73.91848, 40.70738], [-73.91884, 40.7076], [-73.91922, 40.70781], [-73.91956, 40.70802], [-73.91996, 40.70826], [-73.9207, 40.70869], [-73.92143, 40.70913], [-73.92189, 40.7094], [-73.92075, 40.71053], [-73.92122, 40.71079], [-73.92155, 40.71104], [-73.92169, 40.71189], [-73.92223, 40.71285], [-73.92314, 40.71339], [-73.92404, 40.71401], [-73.92084, 40.71381], [-73.91948, 40.71373], [-73.91633, 40.71353], [-73.9157, 40.71348], [-73.91521, 40.71346], [-73.91467, 40.71344], [-73.91304, 40.71333], [-73.91078, 40.71319], [-73.9107, 40.71327], [-73.91016, 40.71382], [-73.9116, 40.71464], [-73.91174, 40.71472], [-73.91274, 40.7153], [-73.9128, 40.71534], [-73.91283, 40.71536], [-73.91246, 40.71553], [-73.91233, 40.71561], [-73.91221, 40.71571], [-73.91211, 40.71581], [-73.91179, 40.71612], [-73.91156, 40.71637], [-73.91152, 40.71642], [-73.91134, 40.7166], [-73.91106, 40.71684], [-73.91048, 40.71733], [-73.91002, 40.71759], [-73.90981, 40.71771], [-73.90966, 40.71779], [-73.90962, 40.71775], [-73.90956, 40.71769], [-73.90943, 40.71758], [-73.90862, 40.71748], [-73.9085, 40.71747], [-73.90768, 40.71738]]]}}, {"type": "Feature", "properties": {"zone_id": 225, "zone": "Stuyvesant Heights", "borough": "Brooklyn", "demand": 116}, "geometry": {"type": "Polygon", "coordinates": [[[-73.91741, 40.68403], [-73.91727, 40.6833], [-73.91712, 40.68257], [-73.91698, 40.68183], [-73.91683, 40.6811], [-73.91669, 40.68037], [-73.91654, 40.67964], [-73.91639, 40.67891], [-73.9163, 40.67858], [-73.9172, 40.67863], [-73.91797, 40.67867], [-73.91905, 40.67873], [-73.92165, 40.67887], [-73.92184, 40.67895], [-73.92197, 40.67908], [-73.922, 40.67919], [-73.92202, 40.67926], [-73.92203, 40.67933], [-73.92205, 40.67942], [-73.92209, 40.67956], [-73.92211, 40.67966], [-73.92213, 40.67974], [-73.92215, 40.67984], [-73.92218, 40.67997], [-73.92222, 40.68017], [-73.92224, 40.68027], [-73.92226, 40.68037], [-73.92228, 40.68048], [-73.92231, 40.68065], [-73.92234, 40.68078], [-73.92235, 40.68086], [-73.92237, 40.68093], [-73.92238, 40.68099], [-73.9224, 40.68109], [-73.92243, 40.68121], [-73.92249, 40.68162], [-73.92251, 40.68171], [-73.92254, 40.68194], [-73.92267, 40.68268], [-73.92281, 40.68341], [-73.92609, 40.68304], [-73.92901, 40.6827], [-73.92916, 40.68344], [-73.93209, 40.6831], [-73.93501, 40.68276], [-73.93486, 40.68203], [-73.93471, 40.6813], [-73.93457, 40.68056], [-73.93451, 40.68022], [-73.9344, 40.67983], [-73.93435, 40.67956], [-73.93487, 40.67959], [-73.9374, 40.67973], [-73.93844, 40.67979], [-73.94033, 40.67989], [-73.94048, 40.68064], [-73.94062, 40.68137], [-73.94077, 40.6821], [-73.94091, 40.68283], [-73.94106, 40.68357], [-73.9412, 40.6843], [-73.94135, 40.68503], [-73.94149, 40.68576], [-73.94164, 40.6865], [-73.94179, 40.68723], [-73.94193, 40.68796], [-73.94208, 40.6887], [-73.94222, 40.68943], [-73.94237, 40.69016], [-73.94252, 40.69089], [-73.94266, 40.69162], [-73.94281, 40.69236], [-73.94295, 40.69309], [-73.9431, 40.69382], [-73.94311, 40.69389], [-73.94313, 40.69397], [-73.94324, 40.69456], [-73.94339, 40.69529], [-73.94353, 40.69603], [-73.94354, 40.69611], [-73.94356, 40.69619], [-73.94362, 40.69653], [-73.94364, 40.69661], [-73.94368, 40.69685], [-73.94372, 40.69706], [-73.94374, 40.69715], [-73.94378, 40.69737], [-73.9438, 40.69747], [-73.94392, 40.69806], [-73.94395, 40.69822], [-73.943, 40.69833], [-73.94292, 40.69834], [-73.94254, 40.69838], [-73.94247, 40.69839], [-73.94185, 40.69846], [-73.94177, 40.69847], [-73.94115, 40.69854], [-73.94081, 40.69858], [-73.94072, 40.69859], [-73.94059, 40.69861], [-73.94051, 40.69862], [-73.94011, 40.69866], [-73.94002, 40.69867], [-73.93961, 40.69872], [-73.93952, 40.69873], [-73.93906, 40.69879], [-73.93896, 40.6988], [-73.93857, 40.69885], [-73.93818, 40.69864], [-73.93777, 40.6984], [-73.93739, 40.69819], [-73.93676, 40.69783], [-73.93639, 40.69761], [-73.93601, 40.69741], [-73.93522, 40.69699], [-73.9348, 40.69674], [-73.93469, 40.69667], [-73.93461, 40.69663], [-73.93458, 40.69661], [-73.93449, 40.69656], [-73.93413, 40.69636], [-73.93383, 40.69618], [-73.93312, 40.69579], [-73.93237, 40.69536], [-73.93193, 40.69511], [-73.93177, 40.69503], [-73.93146, 40.69485], [-73.93115, 40.69467], [-73.93051, 40.69432], [-73.9297, 40.69386], [-73.92883, 40.69335], [-73.92883, 40.69335], [-73.92864, 40.69324], [-73.92851, 40.69317], [-73.92804, 40.6929], [-73.92781, 40.69277], [-73.92751, 40.6926], [-73.92707, 40.69235], [-73.92645, 40.692], [-73.92632, 40.69193], [-73.92556, 40.69149], [-73.92536, 40.69137], [-73.92439, 40.69083], [-73.92429, 40.69077], [-73.92364, 40.6904], [-73.92317, 40.69012], [-73.92281, 40.68992], [-73.92207, 40.68949], [-73.92131, 40.68907], [-73.92121, 40.68902], [-73.92096, 40.68887], [-73.92055, 40.68864], [-73.91981, 40.68821], [-73.91906, 40.68778], [-73.91878, 40.68763], [-73.91829, 40.68736], [-73.91805, 40.68721], [-73.918, 40.68696], [-73.91792, 40.68657], [-73.91789, 40.68645], [-73.91785, 40.68623], [-73.91784, 40.68616], [-73.91778, 40.68591], [-73.91777, 40.68582], [-73.9177, 40.6855], [-73.91766, 40.68527], [-73.91765, 40.68523], [-73.91764, 40.68517], [-73.91763, 40.68512], [-73.91756, 40.68477], [-73.91741, 40.68403]]]}}, {"type": "Feature", "properties": {"zone_id": 247, "zone": "West Concourse", "borough": "Bronx", "demand": 53}, "geometry": {"type": "Polygon", "coordinates": [[[-73.91222, 40.84236], [-73.9124, 40.84182], [-73.91247, 40.84162], [-73.91262, 40.84116], [-73.9127, 40.84093], [-73.91278, 40.84069], [-73.91296, 40.8402], [-73.91313, 40.83981], [-73.91371, 40.83881], [-73.91377, 40.83872], [-73.91383, 40.83864], [-73.91424, 40.83811], [-73.91477, 40.83751], [-73.91532, 40.83695], [-73.91587, 40.83639], [-73.91647, 40.83578], [-73.91667, 40.83557], [-73.91721, 40.83502], [-73.91764, 40.83457], [-73.91768, 40.83454], [-73.9177, 40.83451], [-73.91773, 40.83449], [-73.91779, 40.83443], [-73.91839, 40.83381], [-73.91903, 40.83309], [-73.9195, 40.83248], [-73.91986, 40.83195], [-73.92046, 40.83091], [-73.92118, 40.82963], [-73.92139, 40.82924], [-73.92175, 40.8286], [-73.92184, 40.82844], [-73.92212, 40.82793], [-73.92223, 40.82772], [-73.92265, 40.82697], [-73.92268, 40.82685], [-73.92274, 40.82672], [-73.92283, 40.82651], [-73.92294, 40.8263], [-73.92306, 40.8261], [-73.92347, 40.82541], [-73.92431, 40.82399], [-73.92437, 40.82382], [-73.92442, 40.82364], [-73.92446, 40.82347], [-73.92457, 40.82314], [-73.92469, 40.82283], [-73.92483, 40.82251], [-73.925, 40.8222], [-73.92518, 40.8219], [-73.92537, 40.8216], [-73.92574, 40.82117], [-73.92565, 40.82112], [-73.9261, 40.82075], [-73.92628, 40.82054], [-73.92634, 40.82058], [-73.92662, 40.82003], [-73.92688, 40.81948], [-73.92732, 40.81856], [-73.92776, 40.81757], [-73.92822, 40.81654], [-73.92886, 40.81488], [-73.92897, 40.81483], [-73.92919, 40.8145], [-73.92921, 40.81438], [-73.93028, 40.81325], [-73.9304, 40.8133], [-73.93057, 40.81337], [-73.93104, 40.81359], [-73.93116, 40.81363], [-73.93124, 40.81367], [-73.93131, 40.8137], [-73.93139, 40.81374], [-73.93223, 40.81409], [-73.93237, 40.81411], [-73.93243, 40.81412], [-73.93242, 40.81417], [-73.93242, 40.81421], [-73.93238, 40.81465], [-73.93237, 40.81503], [-73.93236, 40.81534], [-73.93234, 40.81721], [-73.93234, 40.81763], [-73.93239, 40.81942], [-73.93239, 40.81946], [-73.93239, 40.8195], [-73.93239, 40.81955], [-73.93239, 40.81959], [-73.93243, 40.82045], [-73.93246, 40.82112], [-73.93247, 40.82158], [-73.93251, 40.82214], [-73.93255, 40.8226], [-73.93258, 40.82304], [-73.93261, 40.82349], [-73.93267, 40.82408], [-73.9327, 40.82456], [-73.93273, 40.82491], [-73.93273, 40.82498], [-73.93274, 40.82512], [-73.93275, 40.82522], [-73.93276, 40.82532], [-73.93277, 40.82546], [-73.93282, 40.82561], [-73.93296, 40.82692], [-73.93298, 40.82722], [-73.93301, 40.82754], [-73.93306, 40.82809], [-73.93307, 40.82816], [-73.93304, 40.82816], [-73.93294, 40.82817], [-73.93251, 40.8282], [-73.93209, 40.82823], [-73.93147, 40.82828], [-73.93126, 40.82829], [-73.9312, 40.8283], [-73.93114, 40.8283], [-73.93096, 40.82834], [-73.93065, 40.82842], [-73.93034, 40.8285], [-73.93003, 40.82859], [-73.92974, 40.82869], [-73.92945, 40.82881], [-73.92917, 40.82894], [-73.92889, 40.8291], [-73.92876, 40.82919], [-73.92861, 40.82928], [-73.9285, 40.82935], [-73.92826, 40.82953], [-73.92803, 40.82972], [-73.92781, 40.82992], [-73.92781, 40.82992], [-73.92781, 40.82992], [-73.92761, 40.83013], [-73.92755, 40.8302], [-73.92743, 40.83034], [-73.92726, 40.83056], [-73.92681, 40.83104], [-73.92643, 40.83142], [-73.92538, 40.83263], [-73.92503, 40.83327], [-73.92439, 40.83448], [-73.92415, 40.83483], [-73.92399, 40.83505], [-73.9234, 40.83543], [-73.92237, 40.83611], [-73.92188, 40.83643], [-73.92036, 40.83743], [-73.92002, 40.83766], [-73.9197, 40.83787], [-73.91938, 40.83808], [-73.91931, 40.83813], [-73.91916, 40.83825], [-73.91902, 40.83838], [-73.91859, 40.83898], [-73.91814, 40.83961], [-73.91768, 40.84022], [-73.9173, 40.84077], [-73.91689, 40.84135], [-73.91618, 40.84233], [-73.91769, 40.84224], [-73.91795, 40.84223], [-73.91796, 40.8431], [-73.91783, 40.84321], [-73.91772, 40.84333], [-73.91762, 40.84346], [-73.91755, 40.8436], [-73.91749, 40.84374], [-73.91746, 40.84389], [-73.91744, 40.84403], [-73.91745, 40.84418], [-73.91749, 40.8443], [-73.91751, 40.84442], [-73.91751, 40.84455], [-73.9175, 40.84468], [-73.91746, 40.84481], [-73.91741, 40.84492], [-73.91732, 40.84506], [-73.91729, 40.84511], [-73.9169, 40.84512], [-73.91684, 40.84507], [-73.91612, 40.84486], [-73.91587, 40.84479], [-73.91474, 40.84434], [-73.91386, 40.84398], [-73.91303, 40.84364], [-73.91294, 40.8436], [-73.91211, 40.84326], [-73.91194, 40.8432], [-73.91197, 40.8431], [-73.91222, 40.84236]]]}}]}