{"type": "FeatureCollection", "features": [{"type": "Feature", "properties": {"zone_id": 48, "zone": "Clinton East", "borough": "Manhattan", "demand": 101}, "geometry": {"type": "Polygon", "coordinates": [[[-73.99118, 40.75533], [-73.99163, 40.75471], [-73.99447, 40.75591], [-73.99501, 40.75614], [-73.99511, 40.75618], [-73.99577, 40.75645], [-73.99731, 40.75711], [-73.99723, 40.75721], [-73.99692, 40.75764], [-73.99685, 40.75773], [-73.9968, 40.75779], [-73.99664, 40.75801], [-73.99641, 40.75834], [-73.99594, 40.75898], [-73.99547, 40.75963], [-73.99498, 40.7603], [-73.99453, 40.76093], [-73.99407, 40.76155], [-73.99361, 40.76218], [-73.99316, 40.76281], [-73.9927, 40.76343], [-73.99224, 40.76406], [-73.99179, 40.76468], [-73.99133, 40.76531], [-73.99088, 40.76593], [-73.99042, 40.76656], [-73.98996, 40.76719], [-73.9895, 40.76781], [-73.98905, 40.76844], [-73.98856, 40.76912], [-73.98806, 40.76979], [-73.98522, 40.76859], [-73.98237, 40.76739], [-73.98288, 40.76672], [-73.98337, 40.76604], [-73.98382, 40.76542], [-73.98428, 40.76479], [-73.98473, 40.76417], [-73.98519, 40.76354], [-73.98565, 40.76291], [-73.9861, 40.76229], [-73.98656, 40.76166], [-73.98701, 40.76104], [-73.98747, 40.7604], [-73.98793, 40.75979], [-73.98839, 40.75916], [-73.98884, 40.75853], [-73.9893, 40.75791], [-73.98979, 40.75723], [-73.99028, 40.75657], [-73.99073, 40.75595], [-73.99118, 40.75533]]]}}, {"type": "Feature", "properties": {"zone_id": 79, "zone": "East Village", "borough": "Manhattan", "demand": 155}, "geometry": {"type": "Polygon", "coordinates": [[[-73.98378, 40.72154], [-73.98382, 40.72147], [-73.98468, 40.72173], [-73.98552, 40.72198], [-73.98629, 40.72224], [-73.98714, 40.72247], [-73.98786, 40.7227], [-73.98854, 40.7229], [-73.98864, 40.72293], [-73.98876, 40.72297], [-73.98939, 40.72317], [-73.99027, 40.72343], [-73.99102, 40.72365], [-73.99127, 40.72373], [-73.99135, 40.72375], [-73.9925, 40.72411], [-73.9926, 40.72414], [-73.99258, 40.7242], [-73.99233, 40.72491], [-73.99221, 40.72523], [-73.99206, 40.72564], [-73.99179, 40.72639], [-73.99155, 40.72709], [-73.99136, 40.72756], [-73.99136, 40.72778], [-73.99112, 40.72857], [-73.99093, 40.72914], [-73.99076, 40.72974], [-73.99073, 40.72988], [-73.99051, 40.73056], [-73.99039, 40.73129], [-73.99021, 40.732], [-73.99003, 40.73276], [-73.98987, 40.73353], [-73.9899, 40.73443], [-73.98878, 40.73396], [-73.98718, 40.73329], [-73.98494, 40.73235], [-73.98256, 40.73135], [-73.98247, 40.73131], [-73.9815, 40.73092], [-73.98082, 40.73064], [-73.98034, 40.73044], [-73.97927, 40.72998], [-73.97803, 40.72943], [-73.97806, 40.72938], [-73.97854, 40.72875], [-73.979, 40.72811], [-73.97947, 40.72747], [-73.97991, 40.72687], [-73.98033, 40.72628], [-73.98077, 40.72569], [-73.98121, 40.72507], [-73.98164, 40.72449], [-73.98208, 40.72388], [-73.98252, 40.72328], [-73.98296, 40.72267], [-73.98344, 40.72202], [-73.98378, 40.72154]]]}}, {"type": "Feature", "properties": {"zone_id": 100, "zone": "Garment District", "borough": "Manhattan", "demand": 117}, "geometry": {"type": "Polygon", "coordinates": [[[-73.98729, 40.75045], [-73.98777, 40.74979], [-73.98794, 40.74985], [-73.99062, 40.75099], [-73.99212, 40.75162], [-73.99346, 40.75219], [-73.99298, 40.75285], [-73.99253, 40.75347], [-73.99208, 40.75409], [-73.99163, 40.75471], [-73.99118, 40.75533], [-73.99073, 40.75595], [-73.99028, 40.75657], [-73.98979, 40.75723], [-73.98842, 40.75665], [-73.98695, 40.75604], [-73.9864, 40.75581], [-73.98412, 40.75484], [-73.9846, 40.75418], [-73.98504, 40.75355], [-73.98549, 40.75293], [-73.98595, 40.75232], [-73.9864, 40.7517], [-73.98685, 40.75108], [-73.98729, 40.75045]]]}}, {"type": "Feature", "properties": {"zone_id": 107, "zone": "Gramercy", "borough": "Manhattan", "demand": 119}, "geometry": {"type": "Polygon", "coordinates": [[[-73.98239, 40.73141], [-73.98256, 40.73135], [-73.98494, 40.73235], [-73.98718, 40.73329], [-73.98878, 40.73396], [-73.9899, 40.73443], [-73.98997, 40.7349], [-73.98998, 40.73498], [-73.98998, 40.73505], [-73.98997, 40.73513], [-73.98996, 40.7352], [-73.98994, 40.73528], [-73.98992, 40.73535], [-73.98987, 40.73541], [-73.98945, 40.73599], [-73.98921, 40.73631], [-73.98902, 40.73656], [-73.98859, 40.73714], [-73.98818, 40.73773], [-73.98774, 40.73831], [-73.9873, 40.7389], [-73.98704, 40.73927], [-73.98685, 40.73952], [-73.98636, 40.74018], [-73.98588, 40.74085], [-73.98543, 40.74147], [-73.98498, 40.74209], [-73.98453, 40.74271], [-73.98407, 40.74332], [-73.98401, 40.7433], [-73.98245, 40.74265], [-73.98086, 40.74197], [-73.98131, 40.74135], [-73.98176, 40.74073], [-73.98221, 40.74011], [-73.98266, 40.7395], [-73.98042, 40.73855], [-73.97949, 40.73816], [-73.97892, 40.73792], [-73.97805, 40.73755], [-73.9785, 40.73679], [-73.97857, 40.73668], [-73.97891, 40.73616], [-73.97935, 40.73555], [-73.97945, 40.73541], [-73.97979, 40.73496], [-73.98009, 40.73454], [-73.9802, 40.73438], [-73.98042, 40.73409], [-73.98064, 40.73378], [-73.98105, 40.73321], [-73.9815, 40.73262], [-73.9818, 40.7322], [-73.98197, 40.73198], [-73.98232, 40.7315], [-73.98239, 40.73141]]]}}, {"type": "Feature", "properties": {"zone_id": 113, "zone": "Greenwich Village North", "borough": "Manhattan", "demand": 130}, "geometry": {"type": "Polygon", "coordinates": [[[-73.99136, 40.72756], [-73.99155, 40.72709], [-73.99315, 40.72787], [-73.99425, 40.72841], [-73.99506, 40.72881], [-73.99581, 40.72918], [-73.99657, 40.72955], [-73.99606, 40.73015], [-73.99556, 40.73071], [-73.99697, 40.73141], [-73.99861, 40.73221], [-74.00007, 40.73293], [-73.99976, 40.73334], [-73.99956, 40.73361], [-73.99919, 40.73413], [-73.99871, 40.73478], [-73.99853, 40.73504], [-73.99827, 40.73539], [-73.9978, 40.73603], [-73.99734, 40.73667], [-73.99684, 40.73736], [-73.99362, 40.736], [-73.99171, 40.73521], [-73.9912, 40.73501], [-73.99075, 40.73484], [-73.9899, 40.73443], [-73.98987, 40.73353], [-73.99003, 40.73276], [-73.99021, 40.732], [-73.99039, 40.73129], [-73.99051, 40.73056], [-73.99073, 40.72988], [-73.99076, 40.72974], [-73.99093, 40.72914], [-73.99112, 40.72857], [-73.99136, 40.72778], [-73.99136, 40.72756]]]}}, {"type": "Feature", "properties": {"zone_id": 114, "zone": "Greenwich Village South", "borough": "Manhattan", "demand": 126}, "geometry": {"type": "Polygon", "coordinates": [[[-73.99258, 40.7242], [-73.9926, 40.72414], [-73.99267, 40.72416], [-73.9934, 40.72441], [-73.99346, 40.72443], [-73.99418, 40.72469], [-73.99491, 40.72495], [-73.99533, 40.72508], [-73.99585, 40.72521], [-73.99677, 40.72543], [-73.99761, 40.7258], [-73.99836, 40.72617], [-73.99912, 40.72654], [-73.99992, 40.72693], [-74.00063, 40.72729], [-74.00139, 40.72766], [-74.00215, 40.72803], [-74.00269, 40.72831], [-74.00282, 40.72836], [-74.00251, 40.72902], [-74.0022, 40.72965], [-74.00214, 40.7298], [-74.00168, 40.73058], [-74.00141, 40.73106], [-74.00095, 40.73171], [-74.00051, 40.73231], [-74.00007, 40.73293], [-73.99861, 40.73221], [-73.99697, 40.73141], [-73.99556, 40.73071], [-73.99606, 40.73015], [-73.99657, 40.72955], [-73.99581, 40.72918], [-73.99506, 40.72881], [-73.99425, 40.72841], [-73.99315, 40.72787], [-73.99155, 40.72709], [-73.99179, 40.72639], [-73.99206, 40.72564], [-73.99221, 40.72523], [-73.99233, 40.72491], [-73.99258, 40.7242]]]}}, {"type": "Feature", "properties": {"zone_id": 125, "zone": "Hudson Sq", "borough": "Manhattan", "demand": 112}, "geometry": {"type": "Polygon", "coordinates": [[[-74.00269, 40.72831], [-74.00215, 40.72803], [-74.00221, 40.72796], [-74.00251, 40.7276], [-74.00312, 40.72688], [-74.00373, 40.72625], [-74.00403, 40.72551], [-74.00427, 40.72491], [-74.00457, 40.72417], [-74.00479, 40.72362], [-74.00506, 40.72298], [-74.00536, 40.72218], [-74.00539, 40.72211], [-74.00539, 40.72204], [-74.00538, 40.72196], [-74.00535, 40.72189], [-74.00531, 40.72182], [-74.00591, 40.72225], [-74.0063, 40.72255], [-74.00763, 40.7235], [-74.00791, 40.7237], [-74.00808, 40.72383], [-74.0083, 40.72398], [-74.00857, 40.72417], [-74.00864, 40.72422], [-74.00932, 40.7247], [-74.01004, 40.72521], [-74.01081, 40.72579], [-74.01092, 40.72579], [-74.01102, 40.72579], [-74.01104, 40.72572], [-74.01118, 40.72517], [-74.01135, 40.72428], [-74.01144, 40.72428], [-74.01159, 40.7243], [-74.01196, 40.72433], [-74.01178, 40.72524], [-74.01165, 40.72587], [-74.01165, 40.72587], [-74.01196, 40.72598], [-74.01232, 40.72603], [-74.01412, 40.72622], [-74.01478, 40.72628], [-74.01516, 40.72632], [-74.0152, 40.72636], [-74.01519, 40.72645], [-74.01517, 40.72658], [-74.01514, 40.72671], [-74.01512, 40.72679], [-74.01431, 40.72671], [-74.01342, 40.72662], [-74.01234, 40.72652], [-74.01154, 40.72645], [-74.01138, 40.72823], [-74.011, 40.72819], [-74.01087, 40.72818], [-74.01077, 40.72817], [-74.01067, 40.72911], [-74.01054, 40.7291], [-74.00935, 40.72899], [-74.00859, 40.72891], [-74.00709, 40.72877], [-74.00531, 40.7286], [-74.00313, 40.72839], [-74.00282, 40.72836], [-74.00269, 40.72831]]]}}, {"type": "Feature", "properties": {"zone_id": 137, "zone": "Kips Bay", "borough": "Manhattan", "demand": 125}, "geometry": {"type": "Polygon", "coordinates": [[[-73.9722, 40.7404], [-73.97222, 40.74031], [-73.97227, 40.74031], [-73.97227, 40.74031], [-73.97225, 40.7403], [-73.97225, 40.74029], [-73.9723, 40.74003], [-73.97231, 40.74002], [-73.97233, 40.74001], [-73.97244, 40.74002], [-73.97254, 40.73966], [-73.97266, 40.73922], [-73.97266, 40.73918], [-73.97265, 40.73906], [-73.97264, 40.73902], [-73.97264, 40.73896], [-73.97265, 40.73885], [-73.97263, 40.73879], [-73.97263, 40.73874], [-73.97263, 40.73871], [-73.97263, 40.73867], [-73.97263, 40.73859], [-73.97262, 40.73852], [-73.97262, 40.73846], [-73.97263, 40.7384], [-73.97264, 40.73839], [-73.97264, 40.73838], [-73.97263, 40.73837], [-73.97262, 40.73824], [-73.97263, 40.73823], [-73.97263, 40.73822], [-73.97262, 40.73822], [-73.97262, 40.73804], [-73.97261, 40.73803], [-73.97261, 40.73794], [-73.97262, 40.73791], [-73.97261, 40.7379], [-73.9726, 40.73782], [-73.97261, 40.7378], [-73.97261, 40.73767], [-73.97261, 40.73749], [-73.97258, 40.73749], [-73.97258, 40.73735], [-73.97257, 40.73726], [-73.97259, 40.73726], [-73.9726, 40.73723], [-73.9726, 40.73722], [-73.97259, 40.73719], [-73.97261, 40.73717], [-73.97259, 40.73715], [-73.9726, 40.73712], [-73.9726, 40.7371], [-73.97258, 40.73702], [-73.97258, 40.73687], [-73.97259, 40.73677], [-73.97258, 40.73674], [-73.97258, 40.73669], [-73.97258, 40.73665], [-73.97256, 40.73646], [-73.97256, 40.73645], [-73.97249, 40.7358], [-73.97251, 40.73579], [-73.97287, 40.73577], [-73.97441, 40.73641], [-73.97446, 40.73629], [-73.97442, 40.73628], [-73.97441, 40.73628], [-73.9744, 40.73628], [-73.97403, 40.73613], [-73.97405, 40.7361], [-73.97443, 40.73626], [-73.97443, 40.73627], [-73.97447, 40.73628], [-73.9745, 40.73606], [-73.97447, 40.73606], [-73.97444, 40.73605], [-73.97443, 40.73605], [-73.97414, 40.73596], [-73.97415, 40.73593], [-73.97445, 40.73603], [-73.97445, 40.73604], [-73.97448, 40.73604], [-73.9745, 40.73604], [-73.97451, 40.73589], [-73.97451, 40.7358], [-73.97449, 40.73588], [-73.97445, 40.73587], [-73.97446, 40.73583], [-73.97425, 40.7358], [-73.97425, 40.73578], [-73.97426, 40.73577], [-73.97447, 40.7358], [-73.97447, 40.73579], [-73.97448, 40.73579], [-73.97447, 40.73573], [-73.97446, 40.73567], [-73.97439, 40.73567], [-73.97439, 40.73567], [-73.97426, 40.73567], [-73.97426, 40.73568], [-73.97419, 40.73568], [-73.97419, 40.73566], [-73.97416, 40.73566], [-73.97415, 40.73567], [-73.97409, 40.73564], [-73.97409, 40.73564], [-73.97342, 40.73537], [-73.97344, 40.73534], [-73.97306, 40.73518], [-73.97281, 40.73552], [-73.97294, 40.7356], [-73.97293, 40.73561], [-73.97276, 40.7355], [-73.973, 40.73519], [-73.97296, 40.73517], [-73.97293, 40.7352], [-73.97288, 40.73518], [-73.97286, 40.73521], [-73.97284, 40.7352], [-73.97295, 40.73506], [-73.97297, 40.73508], [-73.97294, 40.73511], [-73.973, 40.73513], [-73.97297, 40.73516], [-73.973, 40.73517], [-73.97304, 40.73513], [-73.9733, 40.73524], [-73.97332, 40.7352], [-73.97332, 40.7352], [-73.9733, 40.73518], [-73.97328, 40.73515], [-73.97327, 40.73512], [-73.97328, 40.73508], [-73.9733, 40.73504], [-73.97333, 40.73501], [-73.97337, 40.73499], [-73.97342, 40.73497], [-73.97346, 40.73497], [-73.97352, 40.73497], [-73.97354, 40.73494], [-73.97444, 40.73532], [-73.97467, 40.7354], [-73.97475, 40.73542], [-73.97483, 40.73538], [-73.97489, 40.73537], [-73.97496, 40.73537], [-73.97511, 40.73539], [-73.97522, 40.7354], [-73.97589, 40.73567], [-73.97636, 40.73587], [-73.97712, 40.7362], [-73.97793, 40.73654], [-73.97834, 40.73672], [-73.9785, 40.73679], [-73.97805, 40.73755], [-73.97892, 40.73792], [-73.97949, 40.73816], [-73.98042, 40.73855], [-73.98266, 40.7395], [-73.98221, 40.74011], [-73.98176, 40.74073], [-73.98131, 40.74135], [-73.98086, 40.74197], [-73.98041, 40.74259], [-73.97996, 40.7432], [-73.97951, 40.74382], [-73.97906, 40.74444], [-73.97861, 40.74506], [-73.97812, 40.74573], [-73.97736, 40.7454], [-73.97588, 40.74478], [-73.97522, 40.7445], [-73.97351, 40.74378], [-73.97223, 40.74325], [-73.97211, 40.7432], [-73.97206, 40.74319], [-73.97199, 40.74316], [-73.97192, 40.74314], [-73.97168, 40.74305], [-73.97189, 40.74272], [-73.97176, 40.74267], [-73.97174, 40.74266], [-73.97177, 40.74262], [-73.97196, 40.74234], [-73.97205, 40.74189], [-73.97207, 40.74179], [-73.9721, 40.74162], [-73.97215, 40.74139], [-73.9722, 40.74114], [-73.97229, 40.74074], [-73.97229, 40.74072], [-73.97221, 40.74071], [-73.9722, 40.74071], [-73.97218, 40.74071], [-73.97217, 40.74069], [-73.97216, 40.74068], [-73.97217, 40.74067], [-73.97222, 40.74043], [-73.97222, 40.74042], [-73.97223, 40.74041], [-73.97224, 40.7404], [-73.9722, 40.7404]]]}}, {"type": "Feature", "properties": {"zone_id": 140, "zone": "Lenox Hill East", "borough": "Manhattan", "demand": 108}, "geometry": {"type": "Polygon", "coordinates": [[[-73.95854, 40.7585], [-73.95878, 40.75827], [-73.95893, 40.75833], [-73.95904, 40.75838], [-73.95972, 40.75866], [-73.96197, 40.75962], [-73.96178, 40.75988], [-73.96177, 40.75989], [-73.96173, 40.75995], [-73.9617, 40.75999], [-73.96168, 40.76001], [-73.96164, 40.76006], [-73.96162, 40.76009], [-73.96152, 40.76023], [-73.96107, 40.76086], [-73.96061, 40.76149], [-73.96015, 40.76211], [-73.95969, 40.76274], [-73.95924, 40.76337], [-73.95878, 40.76399], [-73.95832, 40.76462], [-73.95787, 40.76524], [-73.95741, 40.76587], [-73.95696, 40.76649], [-73.9565, 40.76712], [-73.956, 40.7678], [-73.9555, 40.76848], [-73.95504, 40.76912], [-73.95458, 40.76975], [-73.95411, 40.77039], [-73.95365, 40.77102], [-73.95319, 40.77166], [-73.95268, 40.77234], [-73.95044, 40.77139], [-73.94807, 40.77039], [-73.94779, 40.77025], [-73.94772, 40.77022], [-73.94767, 40.77019], [-73.94761, 40.77017], [-73.94752, 40.77013], [-73.94749, 40.77011], [-73.94814, 40.76942], [-73.94866, 40.76886], [-73.94909, 40.76828], [-73.94937, 40.76788], [-73.94958, 40.76763], [-73.95007, 40.76702], [-73.95066, 40.76638], [-73.95122, 40.76577], [-73.95176, 40.76516], [-73.95231, 40.76455], [-73.95337, 40.76337], [-73.95442, 40.76218], [-73.95557, 40.76117], [-73.95587, 40.7609], [-73.95633, 40.76049], [-73.95698, 40.7599], [-73.95732, 40.75959], [-73.9576, 40.75934], [-73.95764, 40.75931], [-73.958, 40.75897], [-73.95826, 40.75875], [-73.95836, 40.75866], [-73.95839, 40.75864], [-73.95843, 40.7586], [-73.95845, 40.75858], [-73.95849, 40.75855], [-73.95854, 40.7585]]]}}, {"type": "Feature", "properties": {"zone_id": 141, "zone": "Lenox Hill West", "borough": "Manhattan", "demand": 115}, "geometry": {"type": "Polygon", "coordinates": [[[-73.96178, 40.75988], [-73.96197, 40.75962], [-73.96308, 40.76008], [-73.96356, 40.76028], [-73.96431, 40.7606], [-73.96658, 40.76155], [-73.96613, 40.76218], [-73.96567, 40.7628], [-73.96521, 40.76343], [-73.96476, 40.76406], [-73.9643, 40.76468], [-73.96384, 40.76531], [-73.9634, 40.76591], [-73.96293, 40.76656], [-73.96247, 40.76718], [-73.96201, 40.76781], [-73.96156, 40.76844], [-73.9611, 40.76906], [-73.9606, 40.76975], [-73.96011, 40.77043], [-73.95964, 40.77106], [-73.95918, 40.7717], [-73.95872, 40.77233], [-73.95826, 40.77296], [-73.95779, 40.7736], [-73.95729, 40.77428], [-73.95505, 40.77334], [-73.95268, 40.77234], [-73.95319, 40.77166], [-73.95365, 40.77102], [-73.95411, 40.77039], [-73.95458, 40.76975], [-73.95504, 40.76912], [-73.9555, 40.76848], [-73.956, 40.7678], [-73.9565, 40.76712], [-73.95696, 40.76649], [-73.95741, 40.76587], [-73.95787, 40.76524], [-73.95832, 40.76462], [-73.95878, 40.76399], [-73.95924, 40.76337], [-73.95969, 40.76274], [-73.96015, 40.76211], [-73.96061, 40.76149], [-73.96107, 40.76086], [-73.96152, 40.76023], [-73.96162, 40.76009], [-73.96164, 40.76006], [-73.96168, 40.76001], [-73.9617, 40.75999], [-73.96173, 40.75995], [-73.96177, 40.75989], [-73.96178, 40.75988]]]}}, {"type": "Feature", "properties": {"zone_id": 142, "zone": "Lincoln Square East", "borough": "Manhattan", "demand": 118}, "geometry": {"type": "Polygon", "coordinates": [[[-73.98148, 40.76772], [-73.98155, 40.76768], [-73.98163, 40.76764], [-73.98173, 40.76762], [-73.98173, 40.76762], [-73.98173, 40.76762], [-73.98184, 40.76761], [-73.98184, 40.76761], [-73.98184, 40.76761], [-73.98195, 40.76762], [-73.98195, 40.76762], [-73.98195, 40.76762], [-73.98206, 40.76764], [-73.98206, 40.76764], [-73.98206, 40.76764], [-73.98215, 40.76768], [-73.98237, 40.76739], [-73.98522, 40.76859], [-73.98806, 40.76979], [-73.98761, 40.77041], [-73.98715, 40.77105], [-73.9867, 40.77167], [-73.98665, 40.77172], [-73.98649, 40.77195], [-73.98645, 40.772], [-73.98624, 40.7723], [-73.98618, 40.77237], [-73.98613, 40.77244], [-73.98602, 40.77259], [-73.98596, 40.77267], [-73.98582, 40.77286], [-73.98578, 40.77292], [-73.98576, 40.77295], [-73.98562, 40.77314], [-73.98557, 40.77321], [-73.98552, 40.77328], [-73.98547, 40.77334], [-73.98533, 40.77353], [-73.98488, 40.77416], [-73.98441, 40.77481], [-73.98397, 40.77543], [-73.9835, 40.77605], [-73.98305, 40.77668], [-73.98258, 40.7773], [-73.98216, 40.77797], [-73.98212, 40.77801], [-73.98162, 40.77861], [-73.98113, 40.77929], [-73.98067, 40.77992], [-73.97783, 40.77873], [-73.975, 40.77753], [-73.97546, 40.7769], [-73.97595, 40.77622], [-73.97646, 40.77553], [-73.97691, 40.77491], [-73.97737, 40.77428], [-73.97783, 40.77366], [-73.97828, 40.77303], [-73.97872, 40.77242], [-73.97919, 40.77178], [-73.97965, 40.77115], [-73.98011, 40.77053], [-73.98056, 40.7699], [-73.98102, 40.76927], [-73.98165, 40.76844], [-73.98155, 40.76838], [-73.98155, 40.76838], [-73.98145, 40.76832], [-73.98145, 40.76832], [-73.98145, 40.76832], [-73.98137, 40.76825], [-73.98133, 40.76819], [-73.98129, 40.76812], [-73.98128, 40.76804], [-73.98129, 40.76797], [-73.98129, 40.76797], [-73.98129, 40.76797], [-73.98132, 40.7679], [-73.98136, 40.76784], [-73.98141, 40.76778], [-73.98148, 40.76772]]]}}, {"type": "Feature", "properties": {"zone_id": 143, "zone": "Lincoln Square West", "borough": "Manhattan", "demand": 120}, "geometry": {"type": "Polygon", "coordinates": [[[-73.98163, 40.78033], [-73.98152, 40.78028], [-73.98141, 40.78023], [-73.98067, 40.77992], [-73.98113, 40.77929], [-73.98162, 40.77861], [-73.98212, 40.77801], [-73.98216, 40.77797], [-73.98258, 40.7773], [-73.98305, 40.77668], [-73.9835, 40.77605], [-73.98397, 40.77543], [-73.98441, 40.77481], [-73.98488, 40.77416], [-73.98533, 40.77353], [-73.98547, 40.77334], [-73.98552, 40.77328], [-73.98557, 40.77321], [-73.98562, 40.77314], [-73.98576, 40.77295], [-73.98578, 40.77292], [-73.98582, 40.77286], [-73.98596, 40.77267], [-73.98602, 40.77259], [-73.98613, 40.77244], [-73.98618, 40.77237], [-73.98624, 40.7723], [-73.98645, 40.772], [-73.98649, 40.77195], [-73.98665, 40.77172], [-73.9867, 40.77167], [-73.98715, 40.77105], [-73.98761, 40.77041], [-73.98806, 40.76979], [-73.9906, 40.77085], [-73.99091, 40.77099], [-73.99366, 40.77215], [-73.99378, 40.7722], [-73.99387, 40.77224], [-73.9935, 40.77275], [-73.99359, 40.77279], [-73.99373, 40.77286], [-73.99379, 40.7729], [-73.99383, 40.77293], [-73.99389, 40.77296], [-73.99389, 40.77295], [-73.99396, 40.77294], [-73.99401, 40.77288], [-73.99412, 40.77292], [-73.99414, 40.7729], [-73.9943, 40.77297], [-73.99428, 40.77299], [-73.99438, 40.77304], [-73.99432, 40.77312], [-73.99429, 40.77316], [-73.99502, 40.77348], [-73.99507, 40.77341], [-73.99509, 40.77339], [-73.99501, 40.77336], [-73.99505, 40.7733], [-73.99624, 40.77379], [-73.9962, 40.77385], [-73.99611, 40.77382], [-73.99611, 40.77382], [-73.99606, 40.77389], [-73.99613, 40.77391], [-73.99613, 40.77391], [-73.99613, 40.77392], [-73.9961, 40.77395], [-73.99612, 40.77396], [-73.99618, 40.77399], [-73.99609, 40.77409], [-73.99605, 40.77407], [-73.99557, 40.77387], [-73.99394, 40.77318], [-73.99386, 40.77327], [-73.99382, 40.77338], [-73.99377, 40.77348], [-73.9937, 40.77356], [-73.99362, 40.77363], [-73.99353, 40.77371], [-73.99344, 40.77377], [-73.99341, 40.7738], [-73.99336, 40.77393], [-73.99262, 40.77497], [-73.99258, 40.77496], [-73.99253, 40.775], [-73.99247, 40.77502], [-73.9924, 40.77502], [-73.99227, 40.77512], [-73.99206, 40.7755], [-73.99213, 40.77551], [-73.99223, 40.77548], [-73.99233, 40.77547], [-73.99236, 40.7755], [-73.99239, 40.77556], [-73.99209, 40.77598], [-73.99202, 40.77607], [-73.99143, 40.77688], [-73.99093, 40.77757], [-73.99073, 40.77756], [-73.9904, 40.77758], [-73.9901, 40.778], [-73.98965, 40.77863], [-73.9892, 40.77925], [-73.9892, 40.77925], [-73.98918, 40.77929], [-73.98908, 40.77941], [-73.98887, 40.77969], [-73.98887, 40.77971], [-73.98922, 40.7797], [-73.98928, 40.77972], [-73.98941, 40.77974], [-73.9895, 40.77972], [-73.9896, 40.7797], [-73.98968, 40.77968], [-73.98975, 40.77967], [-73.98984, 40.77968], [-73.98994, 40.7797], [-73.99004, 40.77971], [-73.99014, 40.7797], [-73.99022, 40.77968], [-73.99034, 40.77966], [-73.99043, 40.77966], [-73.99051, 40.77967], [-73.99062, 40.77968], [-73.99074, 40.77967], [-73.99087, 40.77965], [-73.99096, 40.77964], [-73.99106, 40.77965], [-73.99116, 40.77967], [-73.99124, 40.77967], [-73.99126, 40.77965], [-73.99129, 40.77963], [-73.99132, 40.77963], [-73.99136, 40.77959], [-73.99155, 40.77957], [-73.99142, 40.77975], [-73.98889, 40.77988], [-73.98894, 40.77996], [-73.98893, 40.78006], [-73.98891, 40.7801], [-73.98891, 40.78012], [-73.98892, 40.78023], [-73.98838, 40.78098], [-73.98823, 40.78123], [-73.98821, 40.78122], [-73.98814, 40.78137], [-73.98814, 40.78138], [-73.98813, 40.7814], [-73.98799, 40.78134], [-73.98746, 40.78111], [-73.98746, 40.78111], [-73.98741, 40.78109], [-73.98736, 40.78106], [-73.98731, 40.78104], [-73.98707, 40.78091], [-73.98654, 40.78066], [-73.98568, 40.78031], [-73.98537, 40.78108], [-73.98507, 40.78178], [-73.98351, 40.78112], [-73.98233, 40.78062], [-73.98163, 40.78033]]]}}, {"type": "Feature", "properties": {"zone_id": 144, "zone": "Little Italy/NoLiTa", "borough": "Manhattan", "demand": 131}, "geometry": {"type": "Polygon", "coordinates": [[[-73.99581, 40.71664], [-73.99606, 40.71623], [-73.99698, 40.71654], [-73.99776, 40.71681], [-73.99859, 40.7171], [-73.99931, 40.71755], [-73.99996, 40.71802], [-74.00053, 40.71843], [-74.00127, 40.71896], [-74.0014, 40.71905], [-74.00188, 40.7194], [-74.00152, 40.71982], [-74.00142, 40.71994], [-74.00066, 40.72084], [-73.99985, 40.72179], [-73.99952, 40.72218], [-73.99881, 40.72302], [-73.99778, 40.72423], [-73.99684, 40.72535], [-73.99677, 40.72543], [-73.99585, 40.72521], [-73.99533, 40.72508], [-73.99491, 40.72495], [-73.99418, 40.72469], [-73.99346, 40.72443], [-73.9934, 40.72441], [-73.99267, 40.72416], [-73.9926, 40.72414], [-73.99263, 40.72406], [-73.99309, 40.72282], [-73.99326, 40.72235], [-73.99352, 40.72163], [-73.9938, 40.72094], [-73.99403, 40.72032], [-73.99438, 40.71952], [-73.99442, 40.71939], [-73.99481, 40.71846], [-73.99543, 40.71728], [-73.99581, 40.71664]]]}}, {"type": "Feature", "properties": {"zone_id": 148, "zone": "Lower East Side", "borough": "Manhattan", "demand": 125}, "geometry": {"type": "Polygon", "coordinates": [[[-73.98448, 40.72023], [-73.98507, 40.71908], [-73.98591, 40.71934], [-73.98675, 40.71959], [-73.98736, 40.71837], [-73.98739, 40.7183], [-73.98743, 40.71821], [-73.98751, 40.71807], [-73.98788, 40.71741], [-73.98792, 40.71734], [-73.98795, 40.71727], [-73.98837, 40.71645], [-73.98915, 40.71671], [-73.98975, 40.71555], [-73.9902, 40.71466], [-73.99022, 40.71458], [-73.99023, 40.71449], [-73.99022, 40.7144], [-73.99075, 40.71455], [-73.99123, 40.71449], [-73.99213, 40.71442], [-73.99256, 40.71439], [-73.99282, 40.71436], [-73.99302, 40.71436], [-73.99395, 40.71429], [-73.99414, 40.71427], [-73.99432, 40.71425], [-73.99435, 40.71425], [-73.9945, 40.71423], [-73.99466, 40.71422], [-73.99472, 40.71422], [-73.99484, 40.71421], [-73.99648, 40.71411], [-73.99744, 40.71407], [-73.9975, 40.71407], [-73.99709, 40.71462], [-73.99681, 40.71504], [-73.99653, 40.71549], [-73.99622, 40.716], [-73.99615, 40.71608], [-73.99606, 40.71623], [-73.99581, 40.71664], [-73.99543, 40.71728], [-73.99481, 40.71846], [-73.99442, 40.71939], [-73.99438, 40.71952], [-73.99403, 40.72032], [-73.9938, 40.72094], [-73.99352, 40.72163], [-73.99326, 40.72235], [-73.99309, 40.72282], [-73.99263, 40.72406], [-73.9926, 40.72414], [-73.9925, 40.72411], [-73.99135, 40.72375], [-73.99127, 40.72373], [-73.99102, 40.72365], [-73.99027, 40.72343], [-73.98939, 40.72317], [-73.98876, 40.72297], [-73.98864, 40.72293], [-73.98854, 40.7229], [-73.98786, 40.7227], [-73.98714, 40.72247], [-73.98629, 40.72224], [-73.98552, 40.72198], [-73.98468, 40.72173], [-73.98382, 40.72147], [-73.98386, 40.7214], [-73.98448, 40.72023]]]}}, {"type": "Feature", "properties": {"zone_id": 151, "zone": "Manhattan Valley", "borough": "Manhattan", "demand": 113}, "geometry": {"type": "Polygon", "coordinates": [[[-73.96371, 40.79301], [-73.96418, 40.79236], [-73.96526, 40.7928], [-73.96701, 40.79356], [-73.96987, 40.79473], [-73.96942, 40.79536], [-73.97073, 40.79592], [-73.97083, 40.79596], [-73.97093, 40.796], [-73.97226, 40.79656], [-73.97365, 40.79715], [-73.97413, 40.79734], [-73.97507, 40.79771], [-73.97521, 40.79777], [-73.9754, 40.79785], [-73.97549, 40.79789], [-73.97563, 40.79795], [-73.97583, 40.79802], [-73.97636, 40.79825], [-73.9764, 40.79827], [-73.97629, 40.79843], [-73.97583, 40.79909], [-73.97578, 40.79916], [-73.97579, 40.79921], [-73.97576, 40.79926], [-73.97554, 40.79953], [-73.97527, 40.79993], [-73.97509, 40.80019], [-73.97496, 40.80037], [-73.97484, 40.80056], [-73.97467, 40.80081], [-73.97449, 40.80106], [-73.97414, 40.80152], [-73.97394, 40.80181], [-73.9739, 40.80189], [-73.97377, 40.80205], [-73.97372, 40.80217], [-73.97361, 40.8023], [-73.97354, 40.80236], [-73.97337, 40.80263], [-73.9732, 40.80283], [-73.97313, 40.80297], [-73.97307, 40.80306], [-73.97303, 40.80307], [-73.97292, 40.80325], [-73.97287, 40.80332], [-73.97287, 40.80336], [-73.9728, 40.80333], [-73.97266, 40.80328], [-73.97258, 40.80325], [-73.9725, 40.80322], [-73.9715, 40.80284], [-73.97033, 40.80238], [-73.97027, 40.80236], [-73.97022, 40.80234], [-73.97005, 40.80226], [-73.96858, 40.80163], [-73.96798, 40.8014], [-73.96787, 40.80135], [-73.96776, 40.8013], [-73.96571, 40.80044], [-73.96287, 40.79924], [-73.96148, 40.79865], [-73.96004, 40.79804], [-73.96052, 40.79737], [-73.96098, 40.79674], [-73.96144, 40.79611], [-73.9619, 40.79548], [-73.96236, 40.79485], [-73.96281, 40.79424], [-73.96371, 40.79301]]]}}, {"type": "Feature", "properties": {"zone_id": 158, "zone": "Meatpacking/West Village West", "borough": "Manhattan", "demand": 112}, "geometry": {"type": "Polygon", "coordinates": [[[-74.00779, 40.74197], [-74.00697, 40.74163], [-74.00537, 40.74094], [-74.00516, 40.74086], [-74.00529, 40.74002], [-74.00539, 40.73941], [-74.00549, 40.73875], [-74.00559, 40.73814], [-74.00569, 40.73755], [-74.0058, 40.73692], [-74.00585, 40.73653], [-74.00596, 40.73584], [-74.00607, 40.73513], [-74.00618, 40.73444], [-74.00629, 40.73374], [-74.00641, 40.73305], [-74.0065, 40.73243], [-74.00662, 40.73167], [-74.00674, 40.73095], [-74.00686, 40.73023], [-74.00697, 40.72949], [-74.00709, 40.72877], [-74.00859, 40.72891], [-74.00935, 40.72899], [-74.01054, 40.7291], [-74.01067, 40.72911], [-74.01077, 40.72817], [-74.01087, 40.72818], [-74.011, 40.72819], [-74.01138, 40.72823], [-74.01439, 40.72846], [-74.01434, 40.72862], [-74.01422, 40.72952], [-74.01408, 40.73064], [-74.01409, 40.73066], [-74.01404, 40.73069], [-74.01402, 40.73068], [-74.01116, 40.73045], [-74.01109, 40.73129], [-74.01099, 40.73232], [-74.01094, 40.73302], [-74.014, 40.73307], [-74.014, 40.73333], [-74.0109, 40.7333], [-74.01089, 40.73335], [-74.01087, 40.73335], [-74.01084, 40.73335], [-74.01081, 40.73336], [-74.01079, 40.73337], [-74.01077, 40.73338], [-74.01075, 40.7334], [-74.01074, 40.73342], [-74.01073, 40.73344], [-74.01072, 40.73346], [-74.01072, 40.73348], [-74.01073, 40.7335], [-74.01074, 40.73352], [-74.01075, 40.73354], [-74.01077, 40.73356], [-74.01079, 40.73357], [-74.01081, 40.73358], [-74.01084, 40.73359], [-74.01086, 40.73359], [-74.01083, 40.73401], [-74.01202, 40.73406], [-74.012, 40.73434], [-74.01081, 40.73428], [-74.01079, 40.73455], [-74.01071, 40.73536], [-74.01064, 40.73605], [-74.01068, 40.73606], [-74.01067, 40.7361], [-74.01069, 40.73611], [-74.0107, 40.73613], [-74.01072, 40.73615], [-74.01073, 40.73616], [-74.01073, 40.73618], [-74.01073, 40.7362], [-74.01073, 40.73622], [-74.01072, 40.73624], [-74.01071, 40.73626], [-74.01069, 40.73628], [-74.01068, 40.73629], [-74.01065, 40.7363], [-74.01065, 40.73635], [-74.01062, 40.73634], [-74.01057, 40.73697], [-74.01052, 40.7376], [-74.01048, 40.73806], [-74.01109, 40.73809], [-74.01107, 40.7383], [-74.01109, 40.73832], [-74.01111, 40.73833], [-74.01112, 40.73835], [-74.01113, 40.73837], [-74.01114, 40.73839], [-74.01112, 40.73839], [-74.0111, 40.73839], [-74.01107, 40.73839], [-74.01105, 40.73839], [-74.01105, 40.7384], [-74.01045, 40.73836], [-74.01043, 40.7387], [-74.01039, 40.73917], [-74.0105, 40.73917], [-74.01055, 40.73919], [-74.01075, 40.73918], [-74.01139, 40.73922], [-74.01148, 40.73926], [-74.01158, 40.73926], [-74.01159, 40.73927], [-74.01159, 40.73948], [-74.01163, 40.73951], [-74.01163, 40.73956], [-74.01155, 40.73956], [-74.01153, 40.73987], [-74.01159, 40.73987], [-74.01161, 40.73971], [-74.01235, 40.73974], [-74.01237, 40.73975], [-74.01237, 40.73978], [-74.01235, 40.73979], [-74.01229, 40.73979], [-74.01229, 40.7399], [-74.01231, 40.7399], [-74.01234, 40.73992], [-74.01236, 40.73994], [-74.01235, 40.74002], [-74.01232, 40.74003], [-74.01227, 40.74003], [-74.01226, 40.74014], [-74.01231, 40.74015], [-74.01233, 40.74016], [-74.01233, 40.74018], [-74.01231, 40.74019], [-74.01158, 40.74016], [-74.01159, 40.73997], [-74.01151, 40.73997], [-74.01146, 40.74058], [-74.01216, 40.74061], [-74.01215, 40.74067], [-74.01266, 40.7407], [-74.01266, 40.74075], [-74.01257, 40.74074], [-74.01257, 40.74073], [-74.01147, 40.74069], [-74.01137, 40.74072], [-74.01072, 40.74069], [-74.00963, 40.74064], [-74.0095, 40.74073], [-74.00949, 40.74074], [-74.00952, 40.74077], [-74.00952, 40.74081], [-74.0095, 40.74083], [-74.00946, 40.7409], [-74.00941, 40.74115], [-74.00958, 40.74117], [-74.00958, 40.74121], [-74.01216, 40.74149], [-74.01212, 40.74176], [-74.00952, 40.74149], [-74.00945, 40.74189], [-74.00928, 40.74188], [-74.00917, 40.74242], [-74.00902, 40.7424], [-74.00889, 40.74238], [-74.00879, 40.74237], [-74.0087, 40.74236], [-74.0082, 40.74215], [-74.00779, 40.74197]]]}}, {"type": "Feature", "properties": {"zone_id": 161, "zone": "Midtown Center", "borough": "Manhattan", "demand": 126}, "geometry": {"type": "Polygon", "coordinates": [[[-73.97534, 40.7553], [-73.97581, 40.75468], [-73.9759, 40.75471], [-73.97652, 40.75497], [-73.97697, 40.75435], [-73.97743, 40.75372], [-73.97787, 40.7531], [-73.97837, 40.75242], [-73.97929, 40.7528], [-73.98089, 40.75348], [-73.98412, 40.75484], [-73.98362, 40.75552], [-73.98317, 40.75614], [-73.98271, 40.75677], [-73.98226, 40.75739], [-73.98179, 40.75802], [-73.98134, 40.75864], [-73.98089, 40.75927], [-73.98043, 40.7599], [-73.97997, 40.76052], [-73.97951, 40.76115], [-73.97906, 40.76177], [-73.9786, 40.7624], [-73.97814, 40.76302], [-73.97769, 40.76364], [-73.97446, 40.76229], [-73.97285, 40.76161], [-73.97134, 40.76098], [-73.97124, 40.76094], [-73.9717, 40.76031], [-73.97216, 40.75968], [-73.97261, 40.75906], [-73.97307, 40.75843], [-73.97352, 40.75781], [-73.97398, 40.75718], [-73.97444, 40.75656], [-73.97489, 40.75592], [-73.97534, 40.7553]]]}}, {"type": "Feature", "properties": {"zone_id": 163, "zone": "Midtown North", "borough": "Manhattan", "demand": 127}, "geometry": {"type": "Polygon", "coordinates": [[[-73.98136, 40.76784], [-73.97908, 40.76688], [-73.97836, 40.76657], [-73.97623, 40.76567], [-73.97419, 40.76481], [-73.97364, 40.76457], [-73.97301, 40.76428], [-73.97141, 40.76359], [-73.9699, 40.76296], [-73.9698, 40.76291], [-73.97026, 40.76229], [-73.97075, 40.76161], [-73.97124, 40.76094], [-73.97134, 40.76098], [-73.97285, 40.76161], [-73.97446, 40.76229], [-73.97769, 40.76364], [-73.97814, 40.76302], [-73.9786, 40.7624], [-73.98143, 40.76359], [-73.98247, 40.76403], [-73.98428, 40.76479], [-73.98382, 40.76542], [-73.98337, 40.76604], [-73.98288, 40.76672], [-73.98237, 40.76739], [-73.98215, 40.76768], [-73.98206, 40.76764], [-73.98206, 40.76764], [-73.98206, 40.76764], [-73.98195, 40.76762], [-73.98195, 40.76762], [-73.98195, 40.76762], [-73.98184, 40.76761], [-73.98184, 40.76761], [-73.98184, 40.76761], [-73.98173, 40.76762], [-73.98173, 40.76762], [-73.98173, 40.76762], [-73.98163, 40.76764], [-73.98155, 40.76768], [-73.98148, 40.76772], [-73.98141, 40.76778], [-73.98136, 40.76784]]]}}, {"type": "Feature", "properties": {"zone_id": 164, "zone": "Midtown South", "borough": "Manhattan", "demand": 115}, "geometry": {"type": "Polygon", "coordinates": [[[-73.98362, 40.74394], [-73.98407, 40.74332], [-73.98414, 40.74335], [-73.9857, 40.74401], [-73.9873, 40.74468], [-73.98873, 40.74529], [-73.99052, 40.74604], [-73.99007, 40.74666], [-73.98962, 40.74728], [-73.98917, 40.74789], [-73.98871, 40.74851], [-73.98824, 40.74913], [-73.98797, 40.74949], [-73.98777, 40.74979], [-73.98729, 40.75045], [-73.98685, 40.75108], [-73.9864, 40.7517], [-73.98595, 40.75232], [-73.98549, 40.75293], [-73.98504, 40.75355], [-73.9846, 40.75418], [-73.98412, 40.75484], [-73.98089, 40.75348], [-73.98137, 40.75281], [-73.98182, 40.7522], [-73.98227, 40.75158], [-73.98272, 40.75096], [-73.98317, 40.75034], [-73.98362, 40.74972], [-73.98408, 40.7491], [-73.98247, 40.74843], [-73.98094, 40.74779], [-73.98085, 40.74775], [-73.98134, 40.74708], [-73.98177, 40.7465], [-73.98183, 40.74642], [-73.98228, 40.7458], [-73.98233, 40.74573], [-73.98273, 40.74518], [-73.98317, 40.74456], [-73.98362, 40.74394]]]}}, {"type": "Feature", "properties": {"zone_id": 170, "zone": "Murray Hill", "borough": "Manhattan", "demand": 121}, "geometry": {"type": "Polygon", "coordinates": [[[-73.97203, 40.7458], [-73.97213, 40.74568], [-73.97258, 40.74507], [-73.97303, 40.74445], [-73.97351, 40.74378], [-73.97522, 40.7445], [-73.97588, 40.74478], [-73.97736, 40.7454], [-73.97812, 40.74573], [-73.97861, 40.74506], [-73.97906, 40.74444], [-73.97951, 40.74382], [-73.97996, 40.7432], [-73.98041, 40.74259], [-73.98086, 40.74197], [-73.98245, 40.74265], [-73.98401, 40.7433], [-73.98407, 40.74332], [-73.98362, 40.74394], [-73.98317, 40.74456], [-73.98273, 40.74518], [-73.98233, 40.74573], [-73.98228, 40.7458], [-73.98183, 40.74642], [-73.98177, 40.7465], [-73.98134, 40.74708], [-73.98085, 40.74775], [-73.98094, 40.74779], [-73.98247, 40.74843], [-73.98408, 40.7491], [-73.98362, 40.74972], [-73.98317, 40.75034], [-73.98272, 40.75096], [-73.98227, 40.75158], [-73.98182, 40.7522], [-73.98137, 40.75281], [-73.98089, 40.75348], [-73.97929, 40.7528], [-73.97837, 40.75242], [-73.97779, 40.75217], [-73.97768, 40.75212], [-73.97754, 40.75206], [-73.97711, 40.75188], [-73.97685, 40.75178], [-73.97605, 40.75144], [-73.97445, 40.75077], [-73.97493, 40.7501], [-73.97538, 40.74948], [-73.97583, 40.74886], [-73.97497, 40.7485], [-73.97359, 40.74792], [-73.97274, 40.74756], [-73.97122, 40.74692], [-73.97166, 40.7463], [-73.97175, 40.74619], [-73.97194, 40.74593], [-73.97203, 40.7458]]]}}, {"type": "Feature", "properties": {"zone_id": 186, "zone": "Penn Station/Madison Sq West", "borough": "Manhattan", "demand": 113}, "geometry": {"type": "Polygon", "coordinates": [[[-73.99097, 40.74542], [-73.99142, 40.7448], [-73.99426, 40.746], [-73.9971, 40.7472], [-73.99665, 40.74782], [-73.9962, 40.74844], [-73.99575, 40.74905], [-73.9953, 40.74967], [-73.99484, 40.75029], [-73.99438, 40.75093], [-73.99395, 40.75152], [-73.99346, 40.75219], [-73.99212, 40.75162], [-73.99062, 40.75099], [-73.98794, 40.74985], [-73.98777, 40.74979], [-73.98797, 40.74949], [-73.98824, 40.74913], [-73.98871, 40.74851], [-73.98917, 40.74789], [-73.98962, 40.74728], [-73.99007, 40.74666], [-73.99052, 40.74604], [-73.99097, 40.74542]]]}}, {"type": "Feature", "properties": {"zone_id": 209, "zone": "Seaport", "borough": "Manhattan", "demand": 123}, "geometry": {"type": "Polygon", "coordinates": [[[-74.005, 40.71201], [-74.00491, 40.71197], [-74.00443, 40.71179], [-74.00418, 40.71169], [-74.00382, 40.71155], [-74.00366, 40.71149], [-74.00336, 40.71127], [-74.00332, 40.71124], [-74.00258, 40.71064], [-74.00224, 40.71036], [-74.00174, 40.70996], [-74.00156, 40.70982], [-74.00147, 40.70975], [-74.00134, 40.70965], [-74.00055, 40.70902], [-74.00027, 40.70879], [-74.00019, 40.70873], [-74.00012, 40.70868], [-74.00001, 40.7086], [-73.99993, 40.70854], [-73.99981, 40.70844], [-73.99956, 40.70824], [-73.99944, 40.70814], [-73.9994, 40.7081], [-73.99936, 40.70807], [-73.99929, 40.70802], [-73.99929, 40.70802], [-73.99919, 40.70795], [-73.99926, 40.70791], [-73.99933, 40.70788], [-73.99938, 40.70784], [-73.99942, 40.70782], [-73.99946, 40.7078], [-73.99952, 40.70776], [-73.99951, 40.70775], [-73.99949, 40.70772], [-73.99954, 40.70769], [-73.99955, 40.70769], [-73.99957, 40.70772], [-73.99961, 40.70776], [-73.99988, 40.70762], [-73.99995, 40.70759], [-73.99994, 40.70758], [-73.99995, 40.70756], [-73.99996, 40.70753], [-73.99997, 40.70751], [-74.0, 40.70749], [-74.00014, 40.7074], [-74.00023, 40.70735], [-74.0004, 40.70726], [-74.00055, 40.70718], [-74.00077, 40.70708], [-74.00085, 40.70704], [-74.00088, 40.70702], [-74.00119, 40.70686], [-74.00113, 40.7068], [-74.00122, 40.70674], [-74.00123, 40.70674], [-74.00123, 40.70673], [-74.00116, 40.70666], [-74.00118, 40.70665], [-74.00117, 40.70664], [-74.00118, 40.70663], [-74.00118, 40.70663], [-74.00098, 40.70642], [-74.00141, 40.70618], [-74.00141, 40.70618], [-74.00141, 40.70618], [-74.00058, 40.70543], [-74.00059, 40.70541], [-74.00082, 40.70527], [-74.00144, 40.70487], [-74.00145, 40.70487], [-74.00146, 40.70487], [-74.00183, 40.70521], [-74.00206, 40.70541], [-74.00206, 40.70542], [-74.00206, 40.70542], [-74.00212, 40.70538], [-74.00216, 40.70536], [-74.00257, 40.70552], [-74.00295, 40.70603], [-74.00296, 40.70603], [-74.00297, 40.70604], [-74.00299, 40.70608], [-74.00303, 40.70611], [-74.00307, 40.70614], [-74.00316, 40.70623], [-74.00361, 40.70678], [-74.00372, 40.70693], [-74.00392, 40.70724], [-74.00406, 40.70744], [-74.00433, 40.70782], [-74.00479, 40.7084], [-74.00506, 40.70879], [-74.00526, 40.70892], [-74.00551, 40.70909], [-74.00644, 40.70956], [-74.00705, 40.70987], [-74.00774, 40.71022], [-74.00906, 40.71089], [-74.0086, 40.71139], [-74.00835, 40.71136], [-74.00797, 40.71145], [-74.00747, 40.71157], [-74.00739, 40.71164], [-74.00699, 40.71174], [-74.00608, 40.71196], [-74.00589, 40.71201], [-74.00573, 40.71198], [-74.00544, 40.71208], [-74.00538, 40.71208], [-74.00523, 40.71207], [-74.00519, 40.71207], [-74.00511, 40.71206], [-74.005, 40.71201]]]}}, {"type": "Feature", "properties": {"zone_id": 211, "zone": "SoHo", "borough": "Manhattan", "demand": 129}, "geometry": {"type": "Polygon", "coordinates": [[[-74.00152, 40.71982], [-74.00188, 40.7194], [-74.0026, 40.7199], [-74.00326, 40.72038], [-74.00351, 40.72056], [-74.00393, 40.72085], [-74.00463, 40.72135], [-74.00523, 40.72174], [-74.00531, 40.72182], [-74.00535, 40.72189], [-74.00538, 40.72196], [-74.00539, 40.72204], [-74.00539, 40.72211], [-74.00536, 40.72218], [-74.00506, 40.72298], [-74.00479, 40.72362], [-74.00457, 40.72417], [-74.00427, 40.72491], [-74.00403, 40.72551], [-74.00373, 40.72625], [-74.00312, 40.72688], [-74.00251, 40.7276], [-74.00221, 40.72796], [-74.00215, 40.72803], [-74.00139, 40.72766], [-74.00063, 40.72729], [-73.99992, 40.72693], [-73.99912, 40.72654], [-73.99836, 40.72617], [-73.99761, 40.7258], [-73.99677, 40.72543], [-73.99684, 40.72535], [-73.99778, 40.72423], [-73.99881, 40.72302], [-73.99952, 40.72218], [-73.99985, 40.72179], [-74.00066, 40.72084], [-74.00142, 40.71994], [-74.00152, 40.71982]]]}}, {"type": "Feature", "properties": {"zone_id": 224, "zone": "Stuy Town/Peter Cooper Village", "borough": "Manhattan", "demand": 117}, "geometry": {"type": "Polygon", "coordinates": [[[-73.97511, 40.73539], [-73.97496, 40.73537], [-73.97489, 40.73537], [-73.97483, 40.73538], [-73.97475, 40.73542], [-73.97467, 40.7354], [-73.97444, 40.73532], [-73.97442, 40.73523], [-73.97441, 40.73518], [-73.97439, 40.73509], [-73.97437, 40.73503], [-73.97435, 40.73494], [-73.97431, 40.7348], [-73.97427, 40.73463], [-73.97425, 40.73457], [-73.97421, 40.73441], [-73.97418, 40.7343], [-73.97417, 40.73424], [-73.97415, 40.73416], [-73.97411, 40.73399], [-73.97406, 40.73381], [-73.97402, 40.73366], [-73.97399, 40.73355], [-73.97396, 40.73342], [-73.97394, 40.7334], [-73.97394, 40.73337], [-73.97391, 40.73335], [-73.9739, 40.73333], [-73.97389, 40.73331], [-73.97387, 40.73331], [-73.97386, 40.73329], [-73.97385, 40.73328], [-73.97384, 40.73326], [-73.97387, 40.73325], [-73.97386, 40.73322], [-73.97384, 40.73322], [-73.97385, 40.73323], [-73.97383, 40.73324], [-73.97381, 40.73325], [-73.97378, 40.73323], [-73.9738, 40.73321], [-73.97378, 40.7332], [-73.97376, 40.73321], [-73.97374, 40.73321], [-73.97373, 40.73322], [-73.97371, 40.73321], [-73.97369, 40.73322], [-73.97368, 40.73321], [-73.97369, 40.7332], [-73.97369, 40.73317], [-73.97372, 40.73317], [-73.97373, 40.73316], [-73.97374, 40.73314], [-73.97376, 40.73314], [-73.97378, 40.73312], [-73.97381, 40.73312], [-73.97382, 40.7331], [-73.97384, 40.7331], [-73.97387, 40.73309], [-73.97387, 40.73307], [-73.97377, 40.73269], [-73.97368, 40.73231], [-73.97365, 40.73217], [-73.97363, 40.73211], [-73.97361, 40.73204], [-73.97354, 40.73176], [-73.97352, 40.73169], [-73.97341, 40.73128], [-73.97338, 40.73124], [-73.97337, 40.73122], [-73.97334, 40.73118], [-73.97332, 40.73116], [-73.97328, 40.73111], [-73.97324, 40.73106], [-73.9732, 40.73102], [-73.97315, 40.73096], [-73.9731, 40.73091], [-73.97305, 40.73087], [-73.97301, 40.73082], [-73.97292, 40.73075], [-73.97283, 40.73068], [-73.97275, 40.73061], [-73.97264, 40.73052], [-73.97256, 40.73046], [-73.97248, 40.7304], [-73.97246, 40.73039], [-73.97233, 40.7303], [-73.97224, 40.73023], [-73.97223, 40.73023], [-73.97209, 40.73012], [-73.97205, 40.73009], [-73.97201, 40.73004], [-73.97196, 40.73], [-73.9719, 40.72993], [-73.97186, 40.72987], [-73.97183, 40.72985], [-73.97175, 40.72974], [-73.97174, 40.72973], [-73.9717, 40.72967], [-73.97163, 40.72956], [-73.97158, 40.72947], [-73.97152, 40.72935], [-73.97151, 40.72932], [-73.97148, 40.72925], [-73.97146, 40.72917], [-73.97144, 40.7291], [-73.97143, 40.72906], [-73.97142, 40.729], [-73.97141, 40.72888], [-73.97141, 40.72879], [-73.97141, 40.72872], [-73.97142, 40.72857], [-73.97143, 40.72849], [-73.97145, 40.72834], [-73.97146, 40.72832], [-73.97147, 40.72821], [-73.97151, 40.728], [-73.97156, 40.7277], [-73.97157, 40.72769], [-73.97157, 40.72765], [-73.97159, 40.72764], [-73.97162, 40.72765], [-73.97164, 40.72765], [-73.97165, 40.72764], [-73.97168, 40.72741], [-73.97159, 40.7274], [-73.97156, 40.72739], [-73.97154, 40.72739], [-73.97152, 40.72739], [-73.97151, 40.72737], [-73.97149, 40.72737], [-73.97149, 40.72735], [-73.97163, 40.72663], [-73.9718, 40.72671], [-73.97186, 40.72676], [-73.97191, 40.72679], [-73.97198, 40.72683], [-73.97205, 40.72688], [-73.9733, 40.72743], [-73.9757, 40.72847], [-73.9758, 40.72852], [-73.97613, 40.72864], [-73.97615, 40.72864], [-73.97627, 40.72869], [-73.9769, 40.72896], [-73.97739, 40.72916], [-73.97803, 40.72943], [-73.97927, 40.72998], [-73.98034, 40.73044], [-73.98082, 40.73064], [-73.9815, 40.73092], [-73.98247, 40.73131], [-73.98256, 40.73135], [-73.98239, 40.73141], [-73.98232, 40.7315], [-73.98197, 40.73198], [-73.9818, 40.7322], [-73.9815, 40.73262], [-73.98126, 40.73294], [-73.98105, 40.73321], [-73.98089, 40.73344], [-73.98064, 40.73378], [-73.98042, 40.73409], [-73.9802, 40.73438], [-73.98009, 40.73454], [-73.97979, 40.73496], [-73.97945, 40.73541], [-73.97935, 40.73555], [-73.97891, 40.73616], [-73.97857, 40.73668], [-73.9785, 40.73679], [-73.97834, 40.73672], [-73.97793, 40.73654], [-73.97712, 40.7362], [-73.97636, 40.73587], [-73.97589, 40.73567], [-73.97522, 40.7354], [-73.97511, 40.73539]]]}}, {"type": "Feature", "properties": {"zone_id": 229, "zone": "Sutton Place/Turtle Bay North", "borough": "Manhattan", "demand": 133}, "geometry": {"type": "Polygon", "coordinates": [[[-73.96163, 40.75515], [-73.96219, 40.7545], [-73.96223, 40.75452], [-73.96269, 40.754], [-73.9629, 40.75376], [-73.96287, 40.75374], [-73.96316, 40.75341], [-73.96374, 40.75278], [-73.96426, 40.75221], [-73.96482, 40.7516], [-73.96485, 40.7517], [-73.96496, 40.75174], [-73.96506, 40.75181], [-73.96522, 40.75181], [-73.96519, 40.75195], [-73.9653, 40.75193], [-73.96532, 40.75193], [-73.96547, 40.75194], [-73.96688, 40.75254], [-73.96702, 40.7526], [-73.96707, 40.75262], [-73.96695, 40.75278], [-73.96678, 40.75302], [-73.96666, 40.75319], [-73.96662, 40.75324], [-73.96898, 40.75425], [-73.97122, 40.75519], [-73.97076, 40.75582], [-73.97031, 40.75645], [-73.96985, 40.75708], [-73.96939, 40.7577], [-73.96893, 40.75833], [-73.96848, 40.75895], [-73.96802, 40.75958], [-73.96792, 40.75959], [-73.96746, 40.76022], [-73.96699, 40.7609], [-73.96657, 40.76148], [-73.96658, 40.76155], [-73.96431, 40.7606], [-73.96356, 40.76028], [-73.96308, 40.76008], [-73.96197, 40.75962], [-73.95972, 40.75866], [-73.95904, 40.75838], [-73.95893, 40.75833], [-73.95878, 40.75827], [-73.95907, 40.75794], [-73.95917, 40.75786], [-73.95918, 40.75786], [-73.95966, 40.75726], [-73.95966, 40.75721], [-73.96004, 40.75672], [-73.96036, 40.75627], [-73.96066, 40.75592], [-73.9608, 40.7558], [-73.9608, 40.7558], [-73.96103, 40.75561], [-73.96163, 40.75515]]]}}, {"type": "Feature", "properties": {"zone_id": 230, "zone": "Times Sq/Theatre District", "borough": "Manhattan", "demand": 133}, "geometry": {"type": "Polygon", "coordinates": [[[-73.98362, 40.75552], [-73.98412, 40.75484], [-73.9864, 40.75581], [-73.98695, 40.75604], [-73.98842, 40.75665], [-73.98979, 40.75723], [-73.9893, 40.75791], [-73.98884, 40.75853], [-73.98839, 40.75916], [-73.98793, 40.75979], [-73.98747, 40.7604], [-73.98701, 40.76104], [-73.98656, 40.76166], [-73.9861, 40.76229], [-73.98565, 40.76291], [-73.98519, 40.76354], [-73.98473, 40.76417], [-73.98428, 40.76479], [-73.98247, 40.76403], [-73.98143, 40.76359], [-73.9786, 40.7624], [-73.97906, 40.76177], [-73.97951, 40.76115], [-73.97997, 40.76052], [-73.98043, 40.7599], [-73.98089, 40.75927], [-73.98134, 40.75864], [-73.98179, 40.75802], [-73.98226, 40.75739], [-73.98271, 40.75677], [-73.98317, 40.75614], [-73.98362, 40.75552]]]}}, {"type": "Feature", "properties": {"zone_id": 231, "zone": "TriBeCa/Civic Center", "borough": "Manhattan", "demand": 133}, "geometry": {"type": "Polygon", "coordinates": [[[-74.00932, 40.7247], [-74.00864, 40.72422], [-74.00857, 40.72417], [-74.0083, 40.72398], [-74.00808, 40.72383], [-74.00791, 40.7237], [-74.00763, 40.7235], [-74.0063, 40.72255], [-74.00591, 40.72225], [-74.00531, 40.72182], [-74.00523, 40.72174], [-74.00463, 40.72135], [-74.00393, 40.72085], [-74.00351, 40.72056], [-74.00326, 40.72038], [-74.0026, 40.7199], [-74.00188, 40.7194], [-74.0014, 40.71905], [-74.00127, 40.71896], [-74.00053, 40.71843], [-73.99996, 40.71802], [-74.00027, 40.71762], [-74.00082, 40.71693], [-74.00168, 40.71574], [-74.00211, 40.71516], [-74.00245, 40.71479], [-74.00272, 40.71439], [-74.00322, 40.71404], [-74.0036, 40.71364], [-74.00406, 40.71313], [-74.00421, 40.71298], [-74.00429, 40.71291], [-74.00471, 40.71257], [-74.00486, 40.71245], [-74.00499, 40.71237], [-74.00513, 40.71231], [-74.00528, 40.71225], [-74.00543, 40.7122], [-74.00559, 40.71217], [-74.00574, 40.71209], [-74.00589, 40.71201], [-74.00608, 40.71196], [-74.00699, 40.71174], [-74.00739, 40.71164], [-74.00747, 40.71157], [-74.00797, 40.71145], [-74.00835, 40.71136], [-74.0086, 40.71139], [-74.00884, 40.7115], [-74.01012, 40.71208], [-74.01166, 40.7128], [-74.01254, 40.71318], [-74.0136, 40.71362], [-74.01375, 40.71369], [-74.01359, 40.71449], [-74.01348, 40.71511], [-74.01335, 40.71523], [-74.01323, 40.71566], [-74.01315, 40.71603], [-74.01305, 40.71645], [-74.01287, 40.71718], [-74.01282, 40.71736], [-74.01244, 40.71906], [-74.01255, 40.71907], [-74.0127, 40.71909], [-74.01303, 40.71913], [-74.01301, 40.71921], [-74.01296, 40.71947], [-74.01296, 40.71948], [-74.01291, 40.71971], [-74.01294, 40.71971], [-74.01295, 40.7197], [-74.01303, 40.71971], [-74.01302, 40.71973], [-74.01345, 40.71978], [-74.01339, 40.72004], [-74.01397, 40.72012], [-74.01452, 40.72019], [-74.01451, 40.72027], [-74.01457, 40.72027], [-74.01452, 40.72052], [-74.01453, 40.72052], [-74.01452, 40.72053], [-74.01419, 40.72049], [-74.01415, 40.72048], [-74.01416, 40.72043], [-74.01409, 40.72042], [-74.01408, 40.72047], [-74.014, 40.72047], [-74.01396, 40.72046], [-74.01397, 40.72041], [-74.01387, 40.72041], [-74.01386, 40.72045], [-74.01368, 40.72043], [-74.01369, 40.72039], [-74.01364, 40.72038], [-74.01364, 40.72042], [-74.01355, 40.72041], [-74.01355, 40.72037], [-74.01351, 40.72036], [-74.0135, 40.7204], [-74.01297, 40.72033], [-74.01287, 40.72083], [-74.01324, 40.72089], [-74.01316, 40.72125], [-74.01314, 40.72125], [-74.01308, 40.72153], [-74.01308, 40.72155], [-74.01308, 40.72155], [-74.01304, 40.72154], [-74.01301, 40.72156], [-74.01254, 40.7215], [-74.01249, 40.72178], [-74.01237, 40.72239], [-74.01223, 40.72306], [-74.01209, 40.72371], [-74.01196, 40.72433], [-74.01159, 40.7243], [-74.01144, 40.72428], [-74.01135, 40.72428], [-74.01118, 40.72517], [-74.01104, 40.72572], [-74.01102, 40.72579], [-74.01092, 40.72579], [-74.01081, 40.72579], [-74.01004, 40.72521], [-74.00932, 40.7247]]]}}, {"type": "Feature", "properties": {"zone_id": 232, "zone": "Two Bridges/Seward Park", "borough": "Manhattan", "demand": 139}, "geometry": {"type": "Polygon", "coordinates": [[[-73.97636, 40.71913], [-73.97551, 40.71896], [-73.97545, 40.71895], [-73.9751, 40.71888], [-73.97498, 40.71887], [-73.97491, 40.71886], [-73.97486, 40.71885], [-73.97474, 40.71884], [-73.97469, 40.71884], [-73.97465, 40.71884], [-73.97348, 40.71886], [-73.97354, 40.71866], [-73.97359, 40.71852], [-73.97365, 40.71836], [-73.97372, 40.71816], [-73.9738, 40.71794], [-73.97391, 40.71764], [-73.97399, 40.71741], [-73.97408, 40.71715], [-73.97418, 40.71692], [-73.97422, 40.71679], [-73.97425, 40.7167], [-73.97445, 40.71615], [-73.9745, 40.71604], [-73.97464, 40.71571], [-73.97473, 40.71548], [-73.97482, 40.71529], [-73.97492, 40.71507], [-73.975, 40.71487], [-73.97513, 40.71461], [-73.97516, 40.71456], [-73.97517, 40.71453], [-73.97519, 40.7145], [-73.97521, 40.71445], [-73.97524, 40.71439], [-73.97524, 40.71439], [-73.9758, 40.71318], [-73.97579, 40.71317], [-73.97597, 40.71279], [-73.97605, 40.7126], [-73.97612, 40.71246], [-73.97617, 40.71242], [-73.97631, 40.71212], [-73.97643, 40.71191], [-73.97651, 40.7118], [-73.97655, 40.71173], [-73.97671, 40.71154], [-73.97682, 40.71142], [-73.97699, 40.71126], [-73.97706, 40.7112], [-73.97722, 40.71107], [-73.97753, 40.71084], [-73.97772, 40.71071], [-73.97782, 40.71064], [-73.9779, 40.7106], [-73.978, 40.71056], [-73.97808, 40.71053], [-73.97818, 40.71051], [-73.97826, 40.7105], [-73.97837, 40.71049], [-73.97862, 40.71047], [-73.97878, 40.71046], [-73.97919, 40.71043], [-73.97921, 40.71043], [-73.97929, 40.71043], [-73.98004, 40.71038], [-73.98028, 40.71036], [-73.9803, 40.71034], [-73.98031, 40.71033], [-73.98033, 40.71032], [-73.98033, 40.71029], [-73.98051, 40.71027], [-73.98128, 40.71022], [-73.98124, 40.70982], [-73.98306, 40.70965], [-73.98364, 40.70959], [-73.9845, 40.70951], [-73.98655, 40.70931], [-73.98816, 40.70916], [-73.98817, 40.70915], [-73.98839, 40.70913], [-73.98845, 40.70913], [-73.98848, 40.70916], [-73.9885, 40.70918], [-73.98864, 40.70991], [-73.98865, 40.70992], [-73.98867, 40.70992], [-73.9887, 40.70993], [-73.98872, 40.70995], [-73.98874, 40.70997], [-73.9888, 40.70997], [-73.9889, 40.70995], [-73.98936, 40.7099], [-73.98946, 40.70989], [-73.98957, 40.70987], [-73.98974, 40.70985], [-73.99016, 40.70979], [-73.99051, 40.70973], [-73.99079, 40.70969], [-73.99107, 40.70966], [-73.99135, 40.70962], [-73.9917, 40.70956], [-73.99177, 40.70955], [-73.99191, 40.70953], [-73.99192, 40.70955], [-73.99194, 40.70959], [-73.99197, 40.70965], [-73.99201, 40.7097], [-73.99205, 40.70978], [-73.99191, 40.7098], [-73.99184, 40.70981], [-73.99178, 40.70982], [-73.99192, 40.7106], [-73.99198, 40.71091], [-73.992, 40.71102], [-73.99202, 40.7111], [-73.99214, 40.71158], [-73.99215, 40.71166], [-73.99217, 40.71171], [-73.99218, 40.71177], [-73.99221, 40.71196], [-73.99222, 40.71207], [-73.99224, 40.71227], [-73.99225, 40.71235], [-73.99227, 40.71247], [-73.99239, 40.71319], [-73.99246, 40.71376], [-73.99247, 40.71386], [-73.99256, 40.71439], [-73.99213, 40.71442], [-73.99123, 40.71449], [-73.99075, 40.71455], [-73.99022, 40.7144], [-73.99023, 40.71449], [-73.99022, 40.71458], [-73.9902, 40.71466], [-73.98975, 40.71555], [-73.98915, 40.71671], [-73.98837, 40.71645], [-73.98795, 40.71727], [-73.98792, 40.71734], [-73.98788, 40.71741], [-73.98751, 40.71807], [-73.98743, 40.71821], [-73.98739, 40.7183], [-73.98736, 40.71837], [-73.98675, 40.71959], [-73.98591, 40.71934], [-73.98507, 40.71908], [-73.98448, 40.72023], [-73.98386, 40.7214], [-73.98382, 40.72147], [-73.983, 40.72122], [-73.98217, 40.72097], [-73.98131, 40.72071], [-73.97966, 40.72021], [-73.97875, 40.71993], [-73.97803, 40.71964], [-73.97722, 40.71931], [-73.97674, 40.71921], [-73.97648, 40.71916], [-73.97636, 40.71913]]]}}, {"type": "Feature", "properties": {"zone_id": 233, "zone": "UN/Turtle Bay South", "borough": "Manhattan", "demand": 112}, "geometry": {"type": "MultiPolygon", "coordinates": [[[[-73.96547, 40.75194], [-73.96532, 40.75193], [-73.9653, 40.75193], [-73.96519, 40.75195], [-73.96522, 40.75181], [-73.96506, 40.75181], [-73.96496, 40.75174], [-73.96485, 40.7517], [-73.96482, 40.7516], [-73.96532, 40.75105], [-73.96791, 40.74797], [-73.96812, 40.74773], [-73.96817, 40.74767], [-73.96824, 40.74759], [-73.96836, 40.74743], [-73.96823, 40.74737], [-73.9683, 40.7473], [-73.9683, 40.74728], [-73.9683, 40.74727], [-73.96832, 40.74727], [-73.96833, 40.74725], [-73.96835, 40.74724], [-73.96836, 40.74722], [-73.9684, 40.74717], [-73.96843, 40.74713], [-73.96846, 40.74709], [-73.96848, 40.74707], [-73.9685, 40.74704], [-73.96851, 40.74703], [-73.96853, 40.747], [-73.96854, 40.74699], [-73.96859, 40.74694], [-73.96859, 40.74693], [-73.9686, 40.74692], [-73.96861, 40.74691], [-73.96862, 40.7469], [-73.96864, 40.74688], [-73.96866, 40.74685], [-73.96867, 40.74684], [-73.96869, 40.74681], [-73.9687, 40.7468], [-73.96871, 40.74679], [-73.96875, 40.74674], [-73.96894, 40.74652], [-73.96897, 40.74653], [-73.96897, 40.74653], [-73.96899, 40.74651], [-73.969, 40.7465], [-73.969, 40.74649], [-73.96902, 40.74648], [-73.96902, 40.74647], [-73.96907, 40.74641], [-73.96913, 40.74634], [-73.96921, 40.74624], [-73.96923, 40.74622], [-73.96925, 40.74621], [-73.96925, 40.7462], [-73.96933, 40.7461], [-73.96933, 40.7461], [-73.96934, 40.74609], [-73.96938, 40.74604], [-73.9694, 40.74602], [-73.9694, 40.74601], [-73.96942, 40.746], [-73.96943, 40.74598], [-73.96946, 40.74594], [-73.96952, 40.74587], [-73.96955, 40.74584], [-73.9696, 40.74578], [-73.96962, 40.74575], [-73.96963, 40.74574], [-73.96969, 40.74567], [-73.9697, 40.74566], [-73.96988, 40.74544], [-73.96991, 40.74546], [-73.96991, 40.74545], [-73.96993, 40.74546], [-73.96993, 40.74547], [-73.96997, 40.7455], [-73.97005, 40.7454], [-73.97009, 40.74535], [-73.97013, 40.7453], [-73.97022, 40.7452], [-73.97034, 40.74505], [-73.97033, 40.74504], [-73.97033, 40.74502], [-73.97038, 40.74495], [-73.97044, 40.74487], [-73.97046, 40.74486], [-73.97047, 40.74487], [-73.97051, 40.74482], [-73.97057, 40.74473], [-73.97062, 40.74466], [-73.97079, 40.74441], [-73.97086, 40.74443], [-73.97088, 40.74444], [-73.97089, 40.74445], [-73.9709, 40.74445], [-73.97091, 40.74446], [-73.97092, 40.74446], [-73.97093, 40.74446], [-73.97094, 40.74447], [-73.97102, 40.74435], [-73.97112, 40.74419], [-73.97111, 40.74418], [-73.97109, 40.74418], [-73.97108, 40.74418], [-73.97106, 40.74417], [-73.97093, 40.74411], [-73.97091, 40.7441], [-73.9709, 40.7441], [-73.9709, 40.7441], [-73.97088, 40.74409], [-73.97086, 40.74408], [-73.97085, 40.74408], [-73.97084, 40.74407], [-73.97082, 40.74406], [-73.9708, 40.74405], [-73.97078, 40.74405], [-73.97078, 40.74405], [-73.97076, 40.74404], [-73.97075, 40.74403], [-73.97072, 40.74402], [-73.97071, 40.744], [-73.9707, 40.74399], [-73.97074, 40.74395], [-73.97075, 40.74395], [-73.97076, 40.74394], [-73.97079, 40.74396], [-73.9708, 40.74395], [-73.97084, 40.74397], [-73.97084, 40.74397], [-73.97087, 40.74399], [-73.97096, 40.74403], [-73.97096, 40.74402], [-73.97117, 40.74411], [-73.97118, 40.7441], [-73.97121, 40.74407], [-73.97127, 40.74396], [-73.97136, 40.74384], [-73.97123, 40.74378], [-73.97121, 40.74377], [-73.97128, 40.74365], [-73.97124, 40.74364], [-73.97121, 40.7437], [-73.9712, 40.74371], [-73.97119, 40.74371], [-73.9711, 40.74368], [-73.97109, 40.74366], [-73.97123, 40.74341], [-73.97125, 40.7434], [-73.97126, 40.7434], [-73.97127, 40.74339], [-73.97131, 40.74341], [-73.97135, 40.74342], [-73.97135, 40.74343], [-73.97136, 40.74344], [-73.97136, 40.74344], [-73.97131, 40.74352], [-73.97136, 40.74354], [-73.97149, 40.74333], [-73.97164, 40.74312], [-73.97168, 40.74305], [-73.97192, 40.74314], [-73.97199, 40.74316], [-73.97206, 40.74319], [-73.97211, 40.7432], [-73.97223, 40.74325], [-73.97351, 40.74378], [-73.97303, 40.74445], [-73.97258, 40.74507], [-73.97213, 40.74568], [-73.97203, 40.7458], [-73.97194, 40.74593], [-73.97166, 40.7463], [-73.97122, 40.74692], [-73.97274, 40.74756], [-73.97359, 40.74792], [-73.97497, 40.7485], [-73.97583, 40.74886], [-73.97538, 40.74948], [-73.97493, 40.7501], [-73.97445, 40.75077], [-73.97396, 40.75144], [-73.9735, 40.75206], [-73.97304, 40.75269], [-73.97259, 40.75332], [-73.97214, 40.75394], [-73.97168, 40.75457], [-73.97122, 40.75519], [-73.96898, 40.75425], [-73.96662, 40.75324], [-73.96666, 40.75319], [-73.96678, 40.75302], [-73.96695, 40.75278], [-73.96707, 40.75262], [-73.96702, 40.7526], [-73.96688, 40.75254], [-73.96547, 40.75194]]], [[[-73.96421, 40.7466], [-73.96427, 40.74654], [-73.96434, 40.74655], [-73.96438, 40.74649], [-73.96445, 40.74641], [-73.96458, 40.74645], [-73.96459, 40.74652], [-73.96454, 40.74656], [-73.96448, 40.74664], [-73.96437, 40.7467], [-73.96434, 40.74673], [-73.96427, 40.74675], [-73.96422, 40.74684], [-73.96416, 40.74686], [-73.96412, 40.74685], [-73.96413, 40.74681], [-73.96421, 40.74667], [-73.96421, 40.7466]]]]}}, {"type": "Feature", "properties": {"zone_id": 234, "zone": "Union Sq", "borough": "Manhattan", "demand": 126}, "geometry": {"type": "Polygon", "coordinates": [[[-73.98997, 40.7349], [-73.9899, 40.73443], [-73.99075, 40.73484], [-73.9912, 40.73501], [-73.99171, 40.73521], [-73.99362, 40.736], [-73.99684, 40.73736], [-73.99634, 40.73804], [-73.99587, 40.73869], [-73.99545, 40.73927], [-73.99502, 40.73986], [-73.99459, 40.74044], [-73.99416, 40.74103], [-73.99397, 40.7413], [-73.99374, 40.74162], [-73.99329, 40.74223], [-73.9928, 40.74291], [-73.99232, 40.74357], [-73.99187, 40.74419], [-73.99142, 40.7448], [-73.99097, 40.74542], [-73.99052, 40.74604], [-73.98873, 40.74529], [-73.9873, 40.74468], [-73.9857, 40.74401], [-73.98414, 40.74335], [-73.98407, 40.74332], [-73.98453, 40.74271], [-73.98498, 40.74209], [-73.98543, 40.74147], [-73.98588, 40.74085], [-73.98636, 40.74018], [-73.98685, 40.73952], [-73.98704, 40.73927], [-73.9873, 40.7389], [-73.98774, 40.73831], [-73.98818, 40.73773], [-73.98859, 40.73714], [-73.98902, 40.73656], [-73.98921, 40.73631], [-73.98945, 40.73599], [-73.98987, 40.73541], [-73.98992, 40.73535], [-73.98994, 40.73528], [-73.98996, 40.7352], [-73.98997, 40.73513], [-73.98998, 40.73505], [-73.98998, 40.73498], [-73.98997, 40.7349]]]}}, {"type": "Feature", "properties": {"zone_id": 236, "zone": "Upper East Side North", "borough": "Manhattan", "demand": 138}, "geometry": {"type": "Polygon", "coordinates": [[[-73.95779, 40.7736], [-73.95826, 40.77296], [-73.95986, 40.77364], [-73.96137, 40.77428], [-73.96148, 40.77432], [-73.96158, 40.77437], [-73.96309, 40.775], [-73.96469, 40.77568], [-73.96423, 40.77631], [-73.96376, 40.77695], [-73.96373, 40.77701], [-73.96323, 40.77768], [-73.96277, 40.77831], [-73.9623, 40.77895], [-73.96184, 40.77958], [-73.96137, 40.78023], [-73.96092, 40.78085], [-73.96042, 40.78153], [-73.95992, 40.78221], [-73.95947, 40.78283], [-73.959, 40.78347], [-73.95856, 40.7841], [-73.9581, 40.78472], [-73.95764, 40.78534], [-73.95717, 40.78598], [-73.95672, 40.7866], [-73.95626, 40.78722], [-73.95578, 40.78791], [-73.95416, 40.78723], [-73.95266, 40.78659], [-73.95255, 40.78655], [-73.95245, 40.7865], [-73.95093, 40.78586], [-73.94933, 40.78519], [-73.94982, 40.78451], [-73.95028, 40.78389], [-73.95074, 40.78326], [-73.9512, 40.78263], [-73.95166, 40.78201], [-73.95212, 40.78139], [-73.95257, 40.78075], [-73.95303, 40.78012], [-73.95349, 40.7795], [-73.95398, 40.77882], [-73.95448, 40.77814], [-73.95494, 40.7775], [-73.95541, 40.77687], [-73.95587, 40.77624], [-73.95633, 40.7756], [-73.9568, 40.77497], [-73.95729, 40.77428], [-73.95779, 40.7736]]]}}, {"type": "Feature", "properties": {"zone_id": 237, "zone": "Upper East Side South", "borough": "Manhattan", "demand": 112}, "geometry": {"type": "Polygon", "coordinates": [[[-73.96613, 40.76218], [-73.96658, 40.76155], [-73.96819, 40.76223], [-73.96969, 40.76287], [-73.9698, 40.76291], [-73.9699, 40.76296], [-73.97141, 40.76359], [-73.97301, 40.76428], [-73.97255, 40.7649], [-73.9721, 40.76552], [-73.97165, 40.76614], [-73.97119, 40.76677], [-73.97073, 40.76739], [-73.97028, 40.76802], [-73.96982, 40.76865], [-73.96936, 40.76927], [-73.9689, 40.7699], [-73.96844, 40.77052], [-73.96799, 40.77115], [-73.96753, 40.77178], [-73.96704, 40.77246], [-73.96654, 40.77314], [-73.96607, 40.77377], [-73.96561, 40.77441], [-73.96515, 40.77504], [-73.96469, 40.77568], [-73.96309, 40.775], [-73.96158, 40.77437], [-73.96148, 40.77432], [-73.96137, 40.77428], [-73.95986, 40.77364], [-73.95826, 40.77296], [-73.95872, 40.77233], [-73.95918, 40.7717], [-73.95964, 40.77106], [-73.96011, 40.77043], [-73.9606, 40.76975], [-73.9611, 40.76906], [-73.96156, 40.76844], [-73.96201, 40.76781], [-73.96247, 40.76718], [-73.96293, 40.76656], [-73.9634, 40.76591], [-73.96384, 40.76531], [-73.9643, 40.76468], [-73.96476, 40.76406], [-73.96521, 40.76343], [-73.96567, 40.7628], [-73.96613, 40.76218]]]}}, {"type": "Feature", "properties": {"zone_id": 238, "zone": "Upper West Side North", "borough": "Manhattan", "demand": 144}, "geometry": {"type": "Polygon", "coordinates": [[[-73.96884, 40.78597], [-73.96934, 40.78529], [-73.97217, 40.78649], [-73.97501, 40.78769], [-73.97639, 40.78827], [-73.9765, 40.78831], [-73.9766, 40.78835], [-73.97786, 40.78888], [-73.98036, 40.78994], [-73.98097, 40.79016], [-73.98159, 40.79038], [-73.98169, 40.79042], [-73.98177, 40.79045], [-73.98186, 40.7905], [-73.98189, 40.79052], [-73.98139, 40.79123], [-73.98129, 40.79138], [-73.98095, 40.79187], [-73.98054, 40.79246], [-73.98043, 40.79259], [-73.98013, 40.79299], [-73.98005, 40.79311], [-73.97929, 40.79418], [-73.97829, 40.79559], [-73.97779, 40.79628], [-73.97685, 40.79763], [-73.9764, 40.79827], [-73.97636, 40.79825], [-73.97583, 40.79802], [-73.97563, 40.79795], [-73.97549, 40.79789], [-73.9754, 40.79785], [-73.97521, 40.79777], [-73.97507, 40.79771], [-73.97413, 40.79734], [-73.97365, 40.79715], [-73.97226, 40.79656], [-73.97093, 40.796], [-73.97083, 40.79596], [-73.97073, 40.79592], [-73.96942, 40.79536], [-73.96987, 40.79473], [-73.96701, 40.79356], [-73.96645, 40.79331], [-73.96526, 40.7928], [-73.96418, 40.79236], [-73.96469, 40.79166], [-73.96518, 40.79099], [-73.96563, 40.79036], [-73.96609, 40.78973], [-73.96655, 40.78911], [-73.96701, 40.78848], [-73.96745, 40.78786], [-73.96793, 40.78722], [-73.96838, 40.7866], [-73.96884, 40.78597]]]}}, {"type": "Feature", "properties": {"zone_id": 239, "zone": "Upper West Side South", "borough": "Manhattan", "demand": 140}, "geometry": {"type": "Polygon", "coordinates": [[[-73.97501, 40.78769], [-73.97217, 40.78649], [-73.96934, 40.78529], [-73.96983, 40.78461], [-73.9703, 40.78397], [-73.97076, 40.78334], [-73.97122, 40.78271], [-73.97172, 40.78202], [-73.97357, 40.77948], [-73.97407, 40.7788], [-73.97453, 40.77817], [-73.975, 40.77753], [-73.97783, 40.77873], [-73.98067, 40.77992], [-73.98141, 40.78023], [-73.98152, 40.78028], [-73.98163, 40.78033], [-73.98351, 40.78112], [-73.98507, 40.78178], [-73.98537, 40.78108], [-73.98568, 40.78031], [-73.98654, 40.78066], [-73.98707, 40.78091], [-73.98731, 40.78104], [-73.98736, 40.78106], [-73.98741, 40.78109], [-73.98746, 40.78111], [-73.98799, 40.78134], [-73.98813, 40.7814], [-73.98804, 40.78159], [-73.9881, 40.7816], [-73.98808, 40.78165], [-73.98802, 40.78163], [-73.98796, 40.78177], [-73.98792, 40.78183], [-73.98788, 40.78189], [-73.98647, 40.78392], [-73.98625, 40.78424], [-73.98611, 40.78444], [-73.98562, 40.78514], [-73.98547, 40.78536], [-73.98617, 40.78607], [-73.98646, 40.78592], [-73.98707, 40.78519], [-73.98712, 40.78521], [-73.9865, 40.78595], [-73.98616, 40.78612], [-73.98613, 40.78624], [-73.98607, 40.78624], [-73.98603, 40.78623], [-73.9861, 40.78606], [-73.98543, 40.78541], [-73.98508, 40.78592], [-73.9852, 40.78597], [-73.98517, 40.78601], [-73.98522, 40.78603], [-73.98525, 40.78598], [-73.98524, 40.78597], [-73.98525, 40.78596], [-73.98528, 40.78598], [-73.98524, 40.78604], [-73.98568, 40.78622], [-73.98572, 40.78618], [-73.98577, 40.7862], [-73.98568, 40.78631], [-73.98564, 40.78629], [-73.98567, 40.78624], [-73.98561, 40.78622], [-73.9852, 40.78605], [-73.98521, 40.78604], [-73.98516, 40.78602], [-73.98513, 40.78606], [-73.98502, 40.78601], [-73.98494, 40.78613], [-73.98465, 40.78653], [-73.98574, 40.78657], [-73.98589, 40.78643], [-73.98594, 40.78645], [-73.98595, 40.78649], [-73.98581, 40.78662], [-73.98513, 40.78659], [-73.98462, 40.78659], [-73.98372, 40.78789], [-73.98235, 40.78985], [-73.98189, 40.79052], [-73.98186, 40.7905], [-73.98177, 40.79045], [-73.98169, 40.79042], [-73.98159, 40.79038], [-73.98097, 40.79016], [-73.98036, 40.78994], [-73.97786, 40.78888], [-73.9766, 40.78835], [-73.9765, 40.78831], [-73.97639, 40.78827], [-73.97501, 40.78769]]]}}, {"type": "Feature", "properties": {"zone_id": 243, "zone": "Washington Heights North", "borough": "Manhattan", "demand": 120}, "geometry": {"type": "Polygon", "coordinates": [[[-73.93157, 40.86958], [-73.93141, 40.86896], [-73.93128, 40.86884], [-73.93118, 40.86877], [-73.93092, 40.86857], [-73.92998, 40.8678], [-73.92934, 40.86726], [-73.92872, 40.86674], [-73.92806, 40.8662], [-73.92727, 40.86553], [-73.92662, 40.86452], [-73.92601, 40.86357], [-73.92537, 40.86258], [-73.92474, 40.86159], [-73.925, 40.86146], [-73.92497, 40.86128], [-73.92497, 40.86125], [-73.92496, 40.86109], [-73.92498, 40.86089], [-73.92502, 40.86069], [-73.92509, 40.8605], [-73.92518, 40.86031], [-73.92529, 40.86013], [-73.92542, 40.85995], [-73.92557, 40.85979], [-73.92574, 40.85964], [-73.92592, 40.8595], [-73.92611, 40.85938], [-73.9263, 40.85929], [-73.92647, 40.85918], [-73.92663, 40.85905], [-73.92677, 40.85891], [-73.92688, 40.85876], [-73.92698, 40.85861], [-73.92705, 40.85844], [-73.9271, 40.85828], [-73.92712, 40.85811], [-73.92691, 40.85751], [-73.92688, 40.85761], [-73.92682, 40.85772], [-73.92674, 40.85783], [-73.92664, 40.85793], [-73.9265, 40.85802], [-73.92635, 40.8581], [-73.92618, 40.85815], [-73.92599, 40.85819], [-73.92581, 40.85819], [-73.92563, 40.85818], [-73.92547, 40.85814], [-73.92532, 40.85809], [-73.92519, 40.85803], [-73.92508, 40.85796], [-73.92497, 40.85781], [-73.92487, 40.85766], [-73.92479, 40.85749], [-73.92473, 40.85733], [-73.92469, 40.85715], [-73.92467, 40.85698], [-73.92467, 40.85681], [-73.92469, 40.85664], [-73.9268, 40.85372], [-73.92724, 40.85311], [-73.9277, 40.85249], [-73.92703, 40.8522], [-73.92708, 40.85143], [-73.92748, 40.85069], [-73.92825, 40.84984], [-73.92842, 40.84975], [-73.92859, 40.84964], [-73.92873, 40.84952], [-73.92887, 40.84939], [-73.92898, 40.84926], [-73.92971, 40.84812], [-73.93062, 40.84848], [-73.93088, 40.84812], [-73.93116, 40.84774], [-73.93139, 40.84743], [-73.93285, 40.84804], [-73.93424, 40.84863], [-73.93547, 40.84914], [-73.9364, 40.84954], [-73.93575, 40.85017], [-73.93666, 40.85045], [-73.93737, 40.85064], [-73.93828, 40.85091], [-73.93924, 40.85118], [-73.9394, 40.85123], [-73.9394, 40.85123], [-73.9394, 40.85123], [-73.93957, 40.85128], [-73.93975, 40.85131], [-73.93975, 40.85131], [-73.93975, 40.85131], [-73.93993, 40.85132], [-73.93993, 40.85132], [-73.93993, 40.85132], [-73.94011, 40.85133], [-73.94011, 40.85133], [-73.94011, 40.85133], [-73.94028, 40.85132], [-73.94049, 40.85131], [-73.94049, 40.85131], [-73.94049, 40.85131], [-73.94069, 40.85131], [-73.94069, 40.85131], [-73.94069, 40.85131], [-73.94089, 40.85133], [-73.94089, 40.85133], [-73.94089, 40.85133], [-73.94109, 40.85136], [-73.94109, 40.85136], [-73.94109, 40.85136], [-73.94126, 40.85139], [-73.94185, 40.85182], [-73.94204, 40.85193], [-73.94222, 40.8518], [-73.94239, 40.85165], [-73.94248, 40.85156], [-73.94254, 40.8515], [-73.94268, 40.85134], [-73.9428, 40.85117], [-73.9429, 40.851], [-73.94299, 40.85082], [-73.9431, 40.85039], [-73.94312, 40.85024], [-73.94315, 40.85], [-73.94316, 40.84994], [-73.94317, 40.84985], [-73.94318, 40.8498], [-73.94381, 40.84992], [-73.94397, 40.84995], [-73.9441, 40.84998], [-73.94472, 40.8501], [-73.94477, 40.85011], [-73.94491, 40.85014], [-73.9459, 40.85033], [-73.94693, 40.85053], [-73.94687, 40.85059], [-73.94681, 40.85065], [-73.9468, 40.85066], [-73.94652, 40.85097], [-73.9465, 40.85098], [-73.94649, 40.85098], [-73.94647, 40.85099], [-73.94646, 40.85099], [-73.94644, 40.85099], [-73.94643, 40.85099], [-73.94641, 40.85099], [-73.9464, 40.85098], [-73.94638, 40.85098], [-73.94637, 40.85097], [-73.94634, 40.85095], [-73.94632, 40.85092], [-73.94633, 40.8509], [-73.94635, 40.85089], [-73.94635, 40.85087], [-73.94634, 40.85085], [-73.94633, 40.85085], [-73.94632, 40.85084], [-73.9463, 40.85083], [-73.94627, 40.85084], [-73.94624, 40.85088], [-73.9462, 40.85091], [-73.94617, 40.85096], [-73.9462, 40.85097], [-73.9462, 40.85103], [-73.94619, 40.85103], [-73.94617, 40.85105], [-73.94616, 40.85105], [-73.94615, 40.85103], [-73.94614, 40.85101], [-73.94613, 40.85098], [-73.94612, 40.85097], [-73.9461, 40.85097], [-73.94608, 40.85098], [-73.94609, 40.85101], [-73.9461, 40.85103], [-73.9461, 40.85103], [-73.94614, 40.85109], [-73.94614, 40.85116], [-73.94612, 40.85117], [-73.94605, 40.85119], [-73.94596, 40.85117], [-73.94593, 40.85119], [-73.9459, 40.85119], [-73.94584, 40.85117], [-73.94577, 40.85117], [-73.94572, 40.8512], [-73.94573, 40.85123], [-73.94568, 40.85123], [-73.94565, 40.85121], [-73.94561, 40.85124], [-73.94556, 40.85132], [-73.94553, 40.85132], [-73.94552, 40.85136], [-73.94548, 40.85137], [-73.94545, 40.85143], [-73.94542, 40.85143], [-73.9454, 40.85142], [-73.94538, 40.85143], [-73.94539, 40.85145], [-73.94532, 40.85147], [-73.94531, 40.85149], [-73.94528, 40.85149], [-73.94525, 40.85149], [-73.94524, 40.85152], [-73.94527, 40.85155], [-73.94527, 40.85157], [-73.9452, 40.85159], [-73.94515, 40.85159], [-73.94507, 40.85164], [-73.94504, 40.85167], [-73.94501, 40.8517], [-73.94498, 40.85173], [-73.94493, 40.85173], [-73.94488, 40.85175], [-73.94478, 40.8518], [-73.94477, 40.8518], [-73.94471, 40.85182], [-73.94469, 40.85182], [-73.94469, 40.85184], [-73.94469, 40.85186], [-73.94469, 40.85188], [-73.94468, 40.85191], [-73.94467, 40.85192], [-73.94463, 40.85191], [-73.94459, 40.85193], [-73.94458, 40.85194], [-73.9445, 40.85196], [-73.94449, 40.85192], [-73.9445, 40.8519], [-73.9445, 40.85189], [-73.94449, 40.85189], [-73.94446, 40.8519], [-73.94445, 40.8519], [-73.94442, 40.8519], [-73.9444, 40.85189], [-73.94441, 40.85185], [-73.94437, 40.85182], [-73.94432, 40.85182], [-73.94432, 40.85186], [-73.94429, 40.85188], [-73.94424, 40.85192], [-73.94421, 40.85193], [-73.94422, 40.85198], [-73.9442, 40.85202], [-73.94413, 40.85203], [-73.94407, 40.85202], [-73.94401, 40.852], [-73.94399, 40.85204], [-73.94396, 40.85212], [-73.94388, 40.85217], [-73.9438, 40.8522], [-73.9436, 40.85223], [-73.94348, 40.85228], [-73.94306, 40.8526], [-73.94303, 40.85263], [-73.9428, 40.85285], [-73.94261, 40.85307], [-73.94247, 40.85317], [-73.94205, 40.85365], [-73.94187, 40.85387], [-73.94183, 40.85399], [-73.94173, 40.85411], [-73.94158, 40.85435], [-73.94154, 40.85444], [-73.9415, 40.8545], [-73.9415, 40.85451], [-73.94141, 40.85468], [-73.94131, 40.8548], [-73.94127, 40.85494], [-73.94123, 40.85501], [-73.94103, 40.8553], [-73.941, 40.85536], [-73.94101, 40.85541], [-73.94096, 40.85552], [-73.94086, 40.85562], [-73.94077, 40.85581], [-73.94075, 40.85585], [-73.94069, 40.85585], [-73.94062, 40.85601], [-73.94049, 40.8562], [-73.9404, 40.85637], [-73.94035, 40.85652], [-73.94029, 40.85664], [-73.94015, 40.85683], [-73.94009, 40.85686], [-73.94002, 40.85695], [-73.93995, 40.85707], [-73.93978, 40.85723], [-73.93968, 40.85729], [-73.93961, 40.8574], [-73.9394, 40.85766], [-73.93936, 40.85774], [-73.93928, 40.85786], [-73.93922, 40.85789], [-73.93911, 40.85804], [-73.93904, 40.8582], [-73.93891, 40.85841], [-73.93866, 40.85873], [-73.93865, 40.85877], [-73.9385, 40.85901], [-73.93844, 40.85907], [-73.93842, 40.85917], [-73.93831, 40.85938], [-73.93785, 40.85983], [-73.93774, 40.85993], [-73.93756, 40.86008], [-73.93753, 40.8601], [-73.93753, 40.86011], [-73.93755, 40.86012], [-73.93759, 40.86015], [-73.93758, 40.8602], [-73.93735, 40.86051], [-73.93714, 40.86078], [-73.93709, 40.86092], [-73.93704, 40.86106], [-73.93697, 40.86114], [-73.93681, 40.86126], [-73.9368, 40.86128], [-73.93682, 40.86132], [-73.93681, 40.86136], [-73.93648, 40.86193], [-73.93597, 40.86254], [-73.93559, 40.86296], [-73.93485, 40.86397], [-73.93476, 40.8641], [-73.93462, 40.86427], [-73.93443, 40.8645], [-73.93436, 40.86473], [-73.93423, 40.86481], [-73.93419, 40.86488], [-73.93408, 40.86498], [-73.93402, 40.86504], [-73.93402, 40.8652], [-73.93395, 40.86535], [-73.93386, 40.86541], [-73.93379, 40.86543], [-73.93363, 40.86571], [-73.93357, 40.86577], [-73.93357, 40.86584], [-73.93349, 40.86595], [-73.93344, 40.86599], [-73.93344, 40.86605], [-73.9334, 40.86614], [-73.93332, 40.86624], [-73.93326, 40.86624], [-73.93313, 40.86643], [-73.93307, 40.86656], [-73.93283, 40.86698], [-73.93266, 40.86724], [-73.93276, 40.86726], [-73.93276, 40.86725], [-73.9329, 40.86729], [-73.93284, 40.86741], [-73.93265, 40.86736], [-73.93266, 40.86733], [-73.9326, 40.86731], [-73.93255, 40.86741], [-73.93252, 40.86741], [-73.93243, 40.86757], [-73.93239, 40.86769], [-73.93236, 40.86786], [-73.93235, 40.86798], [-73.93235, 40.86801], [-73.93237, 40.86804], [-73.93237, 40.86806], [-73.93227, 40.86848], [-73.93228, 40.86853], [-73.93227, 40.86856], [-73.93232, 40.86858], [-73.93232, 40.8686], [-73.93245, 40.86866], [-73.93249, 40.86868], [-73.93249, 40.86867], [-73.93253, 40.86861], [-73.93254, 40.8686], [-73.93257, 40.86855], [-73.93258, 40.86853], [-73.93261, 40.86847], [-73.93262, 40.86846], [-73.93263, 40.86846], [-73.93263, 40.86846], [-73.93265, 40.86846], [-73.93255, 40.86864], [-73.93255, 40.86864], [-73.93257, 40.86865], [-73.93252, 40.86872], [-73.9325, 40.86871], [-73.93251, 40.86871], [-73.9325, 40.8687], [-73.93235, 40.86865], [-73.93231, 40.86863], [-73.9323, 40.86865], [-73.93225, 40.86864], [-73.93225, 40.86868], [-73.93228, 40.86871], [-73.93229, 40.86887], [-73.93231, 40.86892], [-73.93236, 40.86895], [-73.93246, 40.86896], [-73.93254, 40.86897], [-73.93257, 40.86898], [-73.93257, 40.86904], [-73.9325, 40.86913], [-73.93239, 40.86919], [-73.93229, 40.8692], [-73.93219, 40.86937], [-73.93247, 40.86948], [-73.93235, 40.86975], [-73.93227, 40.86973], [-73.93236, 40.86951], [-73.93213, 40.86942], [-73.93211, 40.86948], [-73.93208, 40.86954], [-73.93206, 40.86958], [-73.93205, 40.8696], [-73.93205, 40.86964], [-73.93207, 40.8697], [-73.9321, 40.86976], [-73.93218, 40.86982], [-73.9322, 40.86984], [-73.93157, 40.86958]]]}}, {"type": "Feature", "properties": {"zone_id": 244, "zone": "Washington Heights South", "borough": "Manhattan", "demand": 131}, "geometry": {"type": "Polygon", "coordinates": [[[-73.94069, 40.85131], [-73.94069, 40.85131], [-73.94069, 40.85131], [-73.94049, 40.85131], [-73.94049, 40.85131], [-73.94049, 40.85131], [-73.94028, 40.85132], [-73.94011, 40.85133], [-73.94011, 40.85133], [-73.94011, 40.85133], [-73.93993, 40.85132], [-73.93993, 40.85132], [-73.93993, 40.85132], [-73.93975, 40.85131], [-73.93975, 40.85131], [-73.93975, 40.85131], [-73.93957, 40.85128], [-73.9394, 40.85123], [-73.9394, 40.85123], [-73.9394, 40.85123], [-73.93924, 40.85118], [-73.93828, 40.85091], [-73.93737, 40.85064], [-73.93666, 40.85045], [-73.93575, 40.85017], [-73.9364, 40.84954], [-73.93547, 40.84914], [-73.93424, 40.84863], [-73.93285, 40.84804], [-73.93139, 40.84743], [-73.93185, 40.8468], [-73.93191, 40.84671], [-73.93198, 40.84662], [-73.93201, 40.84658], [-73.93204, 40.84653], [-73.93207, 40.8465], [-73.9321, 40.84646], [-73.93219, 40.84634], [-73.93224, 40.84626], [-73.93232, 40.84615], [-73.93277, 40.84554], [-73.93315, 40.84502], [-73.93323, 40.84491], [-73.93372, 40.84425], [-73.93421, 40.84357], [-73.93467, 40.84296], [-73.93514, 40.84231], [-73.93557, 40.84171], [-73.93561, 40.84161], [-73.93561, 40.84161], [-73.93561, 40.84161], [-73.93564, 40.8415], [-73.93564, 40.8415], [-73.93564, 40.84139], [-73.93564, 40.84139], [-73.93564, 40.84139], [-73.93563, 40.84128], [-73.93563, 40.84128], [-73.93563, 40.84128], [-73.93559, 40.84117], [-73.93544, 40.84075], [-73.9353, 40.84047], [-73.93519, 40.84034], [-73.93519, 40.84034], [-73.93519, 40.84033], [-73.93511, 40.84018], [-73.93504, 40.84002], [-73.93504, 40.84002], [-73.93504, 40.84002], [-73.93501, 40.83985], [-73.93501, 40.83985], [-73.93501, 40.83985], [-73.93499, 40.83968], [-73.93499, 40.83968], [-73.93499, 40.83968], [-73.93501, 40.8395], [-73.93505, 40.83933], [-73.93512, 40.83917], [-73.93512, 40.83917], [-73.93512, 40.83917], [-73.93522, 40.83902], [-73.93522, 40.83902], [-73.93522, 40.83902], [-73.93533, 40.83887], [-73.93533, 40.83887], [-73.93533, 40.83887], [-73.93546, 40.83875], [-73.93564, 40.83863], [-73.9358, 40.8385], [-73.93596, 40.83837], [-73.9361, 40.83823], [-73.93623, 40.83808], [-73.93638, 40.83785], [-73.93669, 40.83719], [-73.93702, 40.83647], [-73.93738, 40.83569], [-73.93775, 40.83489], [-73.93786, 40.83464], [-73.9379, 40.83455], [-73.93794, 40.83446], [-73.93799, 40.83437], [-73.93804, 40.83429], [-73.9381, 40.83421], [-73.93817, 40.83413], [-73.93824, 40.83405], [-73.93832, 40.83398], [-73.9384, 40.83391], [-73.93849, 40.83384], [-73.93915, 40.83328], [-73.93927, 40.8332], [-73.93927, 40.8332], [-73.93927, 40.8332], [-73.93938, 40.83311], [-73.93938, 40.83311], [-73.93938, 40.83311], [-73.93948, 40.83301], [-73.93948, 40.83301], [-73.93948, 40.83301], [-73.93956, 40.83291], [-73.93956, 40.83291], [-73.93956, 40.83291], [-73.93963, 40.8328], [-73.93963, 40.8328], [-73.93963, 40.8328], [-73.93968, 40.83268], [-73.94008, 40.83207], [-73.94017, 40.83196], [-73.94025, 40.83184], [-73.94031, 40.83172], [-73.94035, 40.83159], [-73.94037, 40.83146], [-73.94037, 40.83133], [-73.94035, 40.83046], [-73.94137, 40.83089], [-73.94298, 40.83157], [-73.94572, 40.83272], [-73.94582, 40.83276], [-73.94593, 40.83281], [-73.94829, 40.83386], [-73.94891, 40.83406], [-73.94919, 40.83421], [-73.94942, 40.83436], [-73.94957, 40.83442], [-73.94964, 40.83443], [-73.94971, 40.83445], [-73.94978, 40.83446], [-73.94986, 40.83446], [-73.95015, 40.8344], [-73.94998, 40.83488], [-73.94989, 40.83528], [-73.9498, 40.83549], [-73.94978, 40.83552], [-73.94974, 40.83563], [-73.94974, 40.83571], [-73.94971, 40.83577], [-73.94969, 40.83586], [-73.94968, 40.83592], [-73.94969, 40.83604], [-73.94969, 40.83607], [-73.94969, 40.83611], [-73.94966, 40.83619], [-73.94965, 40.83622], [-73.94962, 40.83623], [-73.9496, 40.8363], [-73.94958, 40.83648], [-73.94955, 40.8366], [-73.94951, 40.83667], [-73.94946, 40.83671], [-73.94939, 40.83672], [-73.94933, 40.83672], [-73.94929, 40.83673], [-73.94929, 40.83673], [-73.94928, 40.83674], [-73.94928, 40.83674], [-73.94928, 40.83674], [-73.94928, 40.83675], [-73.94928, 40.83675], [-73.94929, 40.83676], [-73.94929, 40.83676], [-73.94929, 40.83676], [-73.9493, 40.83677], [-73.9493, 40.83677], [-73.94938, 40.83678], [-73.94944, 40.83679], [-73.94944, 40.83679], [-73.94946, 40.8368], [-73.94948, 40.83681], [-73.9495, 40.83681], [-73.94951, 40.83683], [-73.94952, 40.83684], [-73.94953, 40.83685], [-73.94954, 40.83686], [-73.94954, 40.83688], [-73.94918, 40.83786], [-73.94915, 40.83793], [-73.949, 40.83843], [-73.94893, 40.83864], [-73.94884, 40.83888], [-73.94876, 40.83902], [-73.94866, 40.8393], [-73.94856, 40.83956], [-73.9485, 40.83967], [-73.94843, 40.83986], [-73.94833, 40.84], [-73.94827, 40.84006], [-73.94823, 40.84012], [-73.94807, 40.84047], [-73.94797, 40.84065], [-73.94786, 40.8409], [-73.94776, 40.84113], [-73.94771, 40.84126], [-73.94761, 40.84141], [-73.94756, 40.84153], [-73.94749, 40.8417], [-73.94738, 40.84194], [-73.94727, 40.84205], [-73.94721, 40.8421], [-73.94717, 40.84216], [-73.94713, 40.84226], [-73.94712, 40.84229], [-73.94711, 40.84231], [-73.94696, 40.84254], [-73.94693, 40.84262], [-73.94687, 40.8427], [-73.94679, 40.84281], [-73.94675, 40.84289], [-73.94671, 40.84294], [-73.94662, 40.84302], [-73.94655, 40.84312], [-73.94646, 40.84325], [-73.94637, 40.84345], [-73.94631, 40.84356], [-73.94625, 40.84367], [-73.9462, 40.84375], [-73.94613, 40.84389], [-73.94612, 40.84389], [-73.94612, 40.844], [-73.9461, 40.84405], [-73.94609, 40.8441], [-73.94611, 40.8442], [-73.94612, 40.84422], [-73.94609, 40.84429], [-73.94611, 40.84435], [-73.94608, 40.84447], [-73.94609, 40.8445], [-73.94608, 40.8446], [-73.94611, 40.84486], [-73.94612, 40.84488], [-73.94613, 40.84491], [-73.94615, 40.84494], [-73.94616, 40.84503], [-73.94616, 40.84513], [-73.94619, 40.8452], [-73.94621, 40.84523], [-73.94622, 40.84526], [-73.94621, 40.84533], [-73.94618, 40.84537], [-73.94617, 40.84539], [-73.94621, 40.84546], [-73.94623, 40.84558], [-73.94628, 40.84569], [-73.94631, 40.84574], [-73.94644, 40.84589], [-73.94647, 40.84588], [-73.94648, 40.84592], [-73.94645, 40.84592], [-73.94648, 40.84596], [-73.94652, 40.84599], [-73.9465, 40.84603], [-73.94646, 40.84606], [-73.94643, 40.84606], [-73.94635, 40.84616], [-73.94635, 40.84624], [-73.9464, 40.84636], [-73.94644, 40.84644], [-73.94647, 40.84653], [-73.94652, 40.84659], [-73.94664, 40.84668], [-73.94672, 40.84682], [-73.94679, 40.847], [-73.94682, 40.84713], [-73.94681, 40.84729], [-73.94678, 40.84735], [-73.94675, 40.84741], [-73.9467, 40.8475], [-73.94669, 40.84773], [-73.94666, 40.84788], [-73.94664, 40.84794], [-73.94662, 40.84815], [-73.94662, 40.84821], [-73.94662, 40.84828], [-73.94664, 40.8484], [-73.94665, 40.84867], [-73.94668, 40.84884], [-73.94664, 40.84891], [-73.94665, 40.849], [-73.94666, 40.84905], [-73.94671, 40.84909], [-73.94672, 40.84923], [-73.94673, 40.84927], [-73.94676, 40.8493], [-73.94681, 40.84935], [-73.94684, 40.84938], [-73.94686, 40.84943], [-73.94685, 40.84954], [-73.94688, 40.84959], [-73.94689, 40.84964], [-73.9469, 40.84967], [-73.94697, 40.84981], [-73.94696, 40.84985], [-73.94695, 40.84986], [-73.94695, 40.84989], [-73.947, 40.84996], [-73.94696, 40.84998], [-73.94697, 40.85], [-73.94698, 40.84999], [-73.94703, 40.85004], [-73.94703, 40.85006], [-73.94701, 40.85008], [-73.94697, 40.85009], [-73.94695, 40.8501], [-73.94696, 40.85011], [-73.94699, 40.85012], [-73.94702, 40.85013], [-73.94703, 40.85014], [-73.94702, 40.85019], [-73.94705, 40.85022], [-73.94704, 40.85025], [-73.947, 40.85033], [-73.947, 40.85034], [-73.94701, 40.85036], [-73.947, 40.85039], [-73.947, 40.8504], [-73.94696, 40.85047], [-73.94693, 40.85053], [-73.9459, 40.85033], [-73.94491, 40.85014], [-73.94477, 40.85011], [-73.94472, 40.8501], [-73.9441, 40.84998], [-73.94397, 40.84995], [-73.94381, 40.84992], [-73.94318, 40.8498], [-73.94317, 40.84985], [-73.94316, 40.84994], [-73.94315, 40.85], [-73.94312, 40.85024], [-73.9431, 40.85039], [-73.94299, 40.85082], [-73.9429, 40.851], [-73.9428, 40.85117], [-73.94268, 40.85134], [-73.94254, 40.8515], [-73.94248, 40.85156], [-73.94239, 40.85165], [-73.94222, 40.8518], [-73.94204, 40.85193], [-73.94185, 40.85182], [-73.94126, 40.85139], [-73.94109, 40.85136], [-73.94109, 40.85136], [-73.94109, 40.85136], [-73.94089, 40.85133], [-73.94089, 40.85133], [-73.94089, 40.85133], [-73.94069, 40.85131]]]}}, {"type": "Feature", "properties": {"zone_id": 246, "zone": "West Chelsea/Hudson Yards", "borough": "Manhattan", "demand": 118}, "geometry": {"type": "Polygon", "coordinates": [[[-74.0044, 40.76267], [-74.0022, 40.76173], [-74.00179, 40.76229], [-74.00153, 40.76264], [-74.00134, 40.76221], [-74.00128, 40.76208], [-74.00115, 40.76203], [-74.00104, 40.76197], [-73.99831, 40.76082], [-73.99623, 40.75995], [-73.99547, 40.75963], [-73.99594, 40.75898], [-73.99641, 40.75834], [-73.99664, 40.75801], [-73.9968, 40.75779], [-73.99685, 40.75773], [-73.99692, 40.75764], [-73.99723, 40.75721], [-73.99731, 40.75711], [-73.99776, 40.75649], [-73.99821, 40.75587], [-73.99866, 40.75525], [-73.99914, 40.75458], [-73.99963, 40.75392], [-73.99992, 40.75352], [-74.00002, 40.75339], [-74.00053, 40.75269], [-74.00086, 40.75221], [-74.00097, 40.75205], [-74.00143, 40.75145], [-74.00188, 40.75083], [-74.00233, 40.75021], [-74.00243, 40.75007], [-74.00246, 40.75004], [-74.00278, 40.74959], [-74.00313, 40.74912], [-74.00316, 40.74908], [-74.00324, 40.74897], [-74.00368, 40.74835], [-74.00417, 40.74769], [-74.00465, 40.74702], [-74.00511, 40.7464], [-74.00553, 40.74582], [-74.00596, 40.74523], [-74.00638, 40.74465], [-74.00681, 40.74406], [-74.00697, 40.74385], [-74.00724, 40.74347], [-74.0077, 40.74283], [-74.0079, 40.74257], [-74.0082, 40.74215], [-74.0087, 40.74236], [-74.00879, 40.74237], [-74.00889, 40.74238], [-74.00902, 40.7424], [-74.00917, 40.74242], [-74.00909, 40.74289], [-74.00924, 40.7429], [-74.00924, 40.74291], [-74.00962, 40.74295], [-74.00957, 40.74326], [-74.00958, 40.74326], [-74.01212, 40.74352], [-74.01214, 40.74353], [-74.01215, 40.74356], [-74.01209, 40.7439], [-74.01207, 40.74392], [-74.01202, 40.74394], [-74.01198, 40.74394], [-74.00951, 40.74368], [-74.00949, 40.7437], [-74.00944, 40.74397], [-74.00939, 40.74397], [-74.00904, 40.74393], [-74.0089, 40.74392], [-74.0088, 40.74444], [-74.00873, 40.74486], [-74.00873, 40.74488], [-74.00894, 40.74491], [-74.00957, 40.74499], [-74.00961, 40.745], [-74.00956, 40.74529], [-74.00992, 40.74533], [-74.00993, 40.74532], [-74.00994, 40.7453], [-74.00994, 40.74527], [-74.00995, 40.74523], [-74.00996, 40.74518], [-74.00997, 40.74513], [-74.00997, 40.74509], [-74.00998, 40.74505], [-74.00999, 40.74501], [-74.01, 40.74495], [-74.00999, 40.74494], [-74.00987, 40.74493], [-74.00987, 40.74492], [-74.01017, 40.74494], [-74.01016, 40.74496], [-74.01005, 40.74495], [-74.01004, 40.74496], [-74.01002, 40.74505], [-74.01001, 40.7451], [-74.01001, 40.74513], [-74.01, 40.74518], [-74.00999, 40.74522], [-74.00998, 40.74527], [-74.00998, 40.7453], [-74.00997, 40.74532], [-74.00999, 40.74534], [-74.01047, 40.74539], [-74.01049, 40.74538], [-74.01049, 40.74535], [-74.0105, 40.74533], [-74.0105, 40.74529], [-74.01051, 40.74524], [-74.01052, 40.74519], [-74.01053, 40.74515], [-74.01053, 40.74513], [-74.01055, 40.74501], [-74.01053, 40.745], [-74.01042, 40.74499], [-74.01042, 40.74498], [-74.01076, 40.745], [-74.01076, 40.74502], [-74.01061, 40.74501], [-74.01059, 40.74502], [-74.01057, 40.74514], [-74.01056, 40.74517], [-74.01055, 40.74525], [-74.01054, 40.74532], [-74.01053, 40.74536], [-74.01053, 40.74538], [-74.01054, 40.74539], [-74.0111, 40.74545], [-74.01112, 40.74544], [-74.01112, 40.74538], [-74.01113, 40.74534], [-74.01114, 40.74529], [-74.01115, 40.74525], [-74.01116, 40.74518], [-74.01116, 40.74515], [-74.01117, 40.74508], [-74.01115, 40.74507], [-74.01104, 40.74506], [-74.01104, 40.74505], [-74.01139, 40.74507], [-74.01139, 40.74509], [-74.01123, 40.74508], [-74.01121, 40.74517], [-74.01121, 40.74519], [-74.01119, 40.74528], [-74.01118, 40.74532], [-74.01117, 40.74538], [-74.01115, 40.74545], [-74.01117, 40.74546], [-74.01174, 40.74552], [-74.01175, 40.74544], [-74.01175, 40.74542], [-74.01176, 40.74537], [-74.01177, 40.7453], [-74.01177, 40.74529], [-74.01179, 40.7452], [-74.0118, 40.74515], [-74.01178, 40.74513], [-74.01167, 40.74513], [-74.01167, 40.74511], [-74.01184, 40.74513], [-74.01177, 40.74555], [-74.01177, 40.74558], [-74.01178, 40.7456], [-74.01172, 40.74594], [-74.01171, 40.74596], [-74.01168, 40.74598], [-74.01163, 40.74598], [-74.01055, 40.74587], [-74.01055, 40.7459], [-74.01013, 40.74586], [-74.01013, 40.74584], [-74.00995, 40.74582], [-74.00995, 40.7458], [-74.00946, 40.74575], [-74.00945, 40.74582], [-74.00944, 40.74588], [-74.00944, 40.74592], [-74.00942, 40.74598], [-74.00942, 40.74601], [-74.00941, 40.74608], [-74.0094, 40.74611], [-74.00939, 40.74618], [-74.00939, 40.74621], [-74.00938, 40.74624], [-74.00938, 40.74626], [-74.00937, 40.74634], [-74.01153, 40.74657], [-74.01156, 40.74659], [-74.01159, 40.74661], [-74.01158, 40.74664], [-74.01153, 40.74697], [-74.0115, 40.74699], [-74.01148, 40.747], [-74.01144, 40.74699], [-74.00924, 40.74676], [-74.00914, 40.74736], [-74.00956, 40.7474], [-74.00956, 40.74739], [-74.00957, 40.74739], [-74.00957, 40.74737], [-74.00955, 40.74737], [-74.00955, 40.74734], [-74.00996, 40.74738], [-74.00996, 40.74741], [-74.00991, 40.74741], [-74.0099, 40.74744], [-74.01136, 40.74759], [-74.01139, 40.74761], [-74.01141, 40.74763], [-74.01135, 40.74798], [-74.01133, 40.748], [-74.0113, 40.74801], [-74.01127, 40.74801], [-74.00906, 40.74779], [-74.00895, 40.74841], [-74.00898, 40.74841], [-74.00898, 40.7484], [-74.00907, 40.74841], [-74.00907, 40.74839], [-74.00941, 40.74843], [-74.00942, 40.74844], [-74.00952, 40.74845], [-74.00952, 40.74847], [-74.01117, 40.74864], [-74.01119, 40.74866], [-74.01122, 40.74868], [-74.01122, 40.7487], [-74.01115, 40.74903], [-74.01113, 40.74904], [-74.01111, 40.74905], [-74.01108, 40.74905], [-74.00995, 40.74893], [-74.00956, 40.74993], [-74.00972, 40.74997], [-74.00973, 40.74996], [-74.01007, 40.75007], [-74.0105, 40.75021], [-74.01075, 40.75029], [-74.01081, 40.75032], [-74.01076, 40.75041], [-74.0107, 40.75039], [-74.01049, 40.75033], [-74.00968, 40.75006], [-74.00969, 40.75004], [-74.00954, 40.75], [-74.00952, 40.75011], [-74.00947, 40.75008], [-74.00948, 40.75007], [-74.00925, 40.74998], [-74.00912, 40.75033], [-74.009, 40.75065], [-74.00871, 40.75143], [-74.00873, 40.75147], [-74.00867, 40.75163], [-74.00862, 40.75165], [-74.00853, 40.75188], [-74.00876, 40.75195], [-74.00914, 40.7521], [-74.00913, 40.75212], [-74.00875, 40.75196], [-74.00865, 40.75194], [-74.00864, 40.75196], [-74.00897, 40.75208], [-74.00896, 40.75209], [-74.00904, 40.75212], [-74.00905, 40.75212], [-74.00911, 40.75214], [-74.00911, 40.75214], [-74.00906, 40.75221], [-74.009, 40.75219], [-74.00901, 40.75218], [-74.00893, 40.75214], [-74.00891, 40.75216], [-74.00867, 40.75206], [-74.00859, 40.75203], [-74.00858, 40.75204], [-74.00866, 40.75207], [-74.00934, 40.75236], [-74.00933, 40.75237], [-74.00848, 40.75202], [-74.00843, 40.75216], [-74.00882, 40.75232], [-74.0088, 40.75234], [-74.00884, 40.75236], [-74.00885, 40.75234], [-74.00987, 40.75276], [-74.00985, 40.75278], [-74.00989, 40.7528], [-74.00991, 40.75278], [-74.00999, 40.75282], [-74.00992, 40.75291], [-74.00997, 40.75293], [-74.00992, 40.753], [-74.00979, 40.75295], [-74.00989, 40.75281], [-74.00984, 40.75279], [-74.00983, 40.7528], [-74.00883, 40.75238], [-74.00884, 40.75237], [-74.00879, 40.75235], [-74.00869, 40.75249], [-74.00835, 40.75235], [-74.00801, 40.75326], [-74.0079, 40.75354], [-74.00774, 40.75397], [-74.00762, 40.75428], [-74.00774, 40.75434], [-74.0076, 40.75453], [-74.00747, 40.75448], [-74.00729, 40.75472], [-74.00728, 40.75474], [-74.00741, 40.75479], [-74.00727, 40.75499], [-74.00714, 40.75493], [-74.00696, 40.75518], [-74.00681, 40.75539], [-74.0067, 40.75553], [-74.00657, 40.75572], [-74.00621, 40.75622], [-74.0061, 40.75637], [-74.00595, 40.75658], [-74.00591, 40.75664], [-74.0058, 40.7568], [-74.00542, 40.75732], [-74.00521, 40.75723], [-74.0048, 40.75781], [-74.00497, 40.75788], [-74.00528, 40.75803], [-74.00503, 40.75836], [-74.00696, 40.75916], [-74.00699, 40.75918], [-74.00701, 40.7592], [-74.007, 40.75923], [-74.00653, 40.75987], [-74.00651, 40.75989], [-74.00648, 40.75989], [-74.00644, 40.75989], [-74.00631, 40.75984], [-74.0045, 40.75908], [-74.00421, 40.7595], [-74.00391, 40.75938], [-74.00381, 40.75951], [-74.00408, 40.75963], [-74.00425, 40.7597], [-74.0042, 40.75976], [-74.00415, 40.75984], [-74.00424, 40.75989], [-74.00426, 40.75987], [-74.00432, 40.75991], [-74.00427, 40.75996], [-74.00421, 40.75992], [-74.00422, 40.75991], [-74.00413, 40.75986], [-74.00411, 40.75989], [-74.00367, 40.75971], [-74.00357, 40.75985], [-74.00393, 40.76], [-74.00383, 40.76013], [-74.00359, 40.76045], [-74.00338, 40.76073], [-74.00313, 40.76108], [-74.00279, 40.76093], [-74.00234, 40.76154], [-74.00454, 40.76249], [-74.00456, 40.76251], [-74.00456, 40.76252], [-74.00445, 40.76266], [-74.00443, 40.76268], [-74.0044, 40.76267]]]}}, {"type": "Feature", "properties": {"zone_id": 249, "zone": "West Village", "borough": "Manhattan", "demand": 107}, "geometry": {"type": "Polygon", "coordinates": [[[-74.00251, 40.72902], [-74.00282, 40.72836], [-74.00313, 40.72839], [-74.00531, 40.7286], [-74.00709, 40.72877], [-74.00697, 40.72949], [-74.00686, 40.73023], [-74.00674, 40.73095], [-74.00662, 40.73167], [-74.0065, 40.73243], [-74.00641, 40.73305], [-74.00629, 40.73374], [-74.00618, 40.73444], [-74.00607, 40.73513], [-74.00596, 40.73584], [-74.00585, 40.73653], [-74.0058, 40.73692], [-74.00569, 40.73755], [-74.00559, 40.73814], [-74.00549, 40.73875], [-74.00539, 40.73941], [-74.00529, 40.74002], [-74.00516, 40.74086], [-74.00252, 40.73975], [-73.99968, 40.73855], [-73.99684, 40.73736], [-73.99734, 40.73667], [-73.9978, 40.73603], [-73.99827, 40.73539], [-73.99853, 40.73504], [-73.99871, 40.73478], [-73.99919, 40.73413], [-73.99956, 40.73361], [-73.99976, 40.73334], [-74.00007, 40.73293], [-74.00051, 40.73231], [-74.00095, 40.73171], [-74.00141, 40.73106], [-74.00168, 40.73058], [-74.00214, 40.7298], [-74.0022, 40.72965], [-74.00251, 40.72902]]]}}, {"type": "Feature", "properties": {"zone_id": 261, "zone": "World Trade Center", "borough": "Manhattan", "demand": 123}, "geometry": {"type": "Polygon", "coordinates": [[[-74.01333, 40.70503], [-74.01327, 40.70455], [-74.01419, 40.70457], [-74.01429, 40.70455], [-74.01437, 40.70456], [-74.01452, 40.70461], [-74.01467, 40.70465], [-74.01478, 40.70467], [-74.0149, 40.7047], [-74.01496, 40.70476], [-74.01516, 40.7048], [-74.01527, 40.70483], [-74.0154, 40.7048], [-74.01566, 40.70483], [-74.01566, 40.70488], [-74.01587, 40.70488], [-74.01622, 40.70485], [-74.0163, 40.70485], [-74.01638, 40.70484], [-74.01652, 40.7048], [-74.01663, 40.7048], [-74.01669, 40.7048], [-74.01665, 40.70496], [-74.01662, 40.70509], [-74.0164, 40.70567], [-74.01625, 40.70607], [-74.01606, 40.7067], [-74.01594, 40.70701], [-74.0159, 40.70709], [-74.01589, 40.70714], [-74.01586, 40.7072], [-74.01585, 40.70725], [-74.01572, 40.70758], [-74.01569, 40.70766], [-74.01564, 40.70776], [-74.01559, 40.70788], [-74.01534, 40.7085], [-74.01495, 40.70943], [-74.01487, 40.70968], [-74.01482, 40.70982], [-74.01466, 40.71043], [-74.01446, 40.71091], [-74.01427, 40.71147], [-74.01418, 40.71188], [-74.01405, 40.71244], [-74.01375, 40.71369], [-74.0136, 40.71362], [-74.01254, 40.71318], [-74.01166, 40.7128], [-74.01012, 40.71208], [-74.00884, 40.7115], [-74.0086, 40.71139], [-74.00906, 40.71089], [-74.00947, 40.71041], [-74.00954, 40.71033], [-74.00999, 40.70981], [-74.01054, 40.70915], [-74.01085, 40.7088], [-74.01101, 40.70859], [-74.01118, 40.70839], [-74.01125, 40.7083], [-74.0117, 40.70776], [-74.01195, 40.70745], [-74.01251, 40.70677], [-74.01325, 40.70587], [-74.01331, 40.70571], [-74.01334, 40.70554], [-74.01336, 40.70537], [-74.01335, 40.7052], [-74.01333, 40.70503]]]}}, {"type": "Feature", "properties": {"zone_id": 262, "zone": "Yorkville East", "borough": "Manhattan", "demand": 119}, "geometry": {"type": "MultiPolygon", "coordinates": [[[[-73.94383, 40.78286], [-73.94376, 40.78283], [-73.94361, 40.78286], [-73.94354, 40.78288], [-73.94365, 40.78266], [-73.94388, 40.78153], [-73.94387, 40.78127], [-73.94371, 40.78063], [-73.9436, 40.78016], [-73.94321, 40.77932], [-73.943, 40.77964], [-73.94278, 40.77951], [-73.94272, 40.77954], [-73.94263, 40.77932], [-73.94271, 40.77921], [-73.94254, 40.77909], [-73.94289, 40.77861], [-73.94266, 40.77812], [-73.94246, 40.77741], [-73.94244, 40.77731], [-73.94233, 40.77724], [-73.94236, 40.77716], [-73.9423, 40.77714], [-73.94225, 40.77712], [-73.9422, 40.77709], [-73.94216, 40.77705], [-73.94212, 40.77701], [-73.94209, 40.77696], [-73.94207, 40.77692], [-73.942, 40.77618], [-73.94208, 40.77596], [-73.9424, 40.77573], [-73.94259, 40.77522], [-73.94293, 40.77468], [-73.94334, 40.77421], [-73.94366, 40.77384], [-73.94396, 40.77353], [-73.94442, 40.77304], [-73.94488, 40.77257], [-73.94561, 40.77194], [-73.9464, 40.77127], [-73.94691, 40.77073], [-73.94749, 40.77011], [-73.94752, 40.77013], [-73.94761, 40.77017], [-73.94767, 40.77019], [-73.94772, 40.77022], [-73.94779, 40.77025], [-73.94807, 40.77039], [-73.95044, 40.77139], [-73.95268, 40.77234], [-73.95219, 40.77302], [-73.95182, 40.77353], [-73.95172, 40.77366], [-73.95126, 40.77429], [-73.9508, 40.77493], [-73.95034, 40.77556], [-73.94987, 40.7762], [-73.94937, 40.77688], [-73.94888, 40.77755], [-73.94842, 40.77818], [-73.94797, 40.77881], [-73.94751, 40.77944], [-73.94705, 40.78006], [-73.94659, 40.78069], [-73.94648, 40.78084], [-73.94642, 40.78092], [-73.94631, 40.78108], [-73.9462, 40.78123], [-73.94613, 40.78132], [-73.94588, 40.78166], [-73.94574, 40.78185], [-73.94567, 40.78195], [-73.94537, 40.78236], [-73.94525, 40.78252], [-73.94521, 40.78257], [-73.94472, 40.78325], [-73.94465, 40.78322], [-73.94405, 40.78296], [-73.94395, 40.78291], [-73.94389, 40.78289], [-73.94383, 40.78286]]], [[[-73.93805, 40.78083], [-73.9379, 40.78075], [-73.93779, 40.78078], [-73.9378, 40.78103], [-73.93765, 40.781], [-73.93765, 40.78079], [-73.9376, 40.78047], [-73.93779, 40.78036], [-73.93824, 40.78026], [-73.9384, 40.78026], [-73.93861, 40.78034], [-73.93924, 40.77973], [-73.93932, 40.77972], [-73.93953, 40.77953], [-73.93958, 40.77958], [-73.93943, 40.77981], [-73.93949, 40.77987], [-73.93937, 40.77998], [-73.93931, 40.77995], [-73.93922, 40.78001], [-73.93873, 40.78051], [-73.93884, 40.7806], [-73.93883, 40.78076], [-73.93874, 40.78104], [-73.9383, 40.78136], [-73.93808, 40.78142], [-73.93797, 40.78129], [-73.93805, 40.78106], [-73.93807, 40.78094], [-73.93805, 40.78083]]]]}}, {"type": "Feature", "properties": {"zone_id": 263, "zone": "Yorkville West", "borough": "Manhattan", "demand": 114}, "geometry": {"type": "Polygon", "coordinates": [[[-73.95219, 40.77302], [-73.95268, 40.77234], [-73.95505, 40.77334], [-73.95729, 40.77428], [-73.9568, 40.77497], [-73.95633, 40.7756], [-73.95587, 40.77624], [-73.95541, 40.77687], [-73.95494, 40.7775], [-73.95448, 40.77814], [-73.95398, 40.77882], [-73.95349, 40.7795], [-73.95303, 40.78012], [-73.95257, 40.78075], [-73.95212, 40.78139], [-73.95166, 40.78201], [-73.9512, 40.78263], [-73.95074, 40.78326], [-73.95028, 40.78389], [-73.94982, 40.78451], [-73.94933, 40.78519], [-73.94707, 40.78424], [-73.94472, 40.78325], [-73.94521, 40.78257], [-73.94525, 40.78252], [-73.94537, 40.78236], [-73.94567, 40.78195], [-73.94574, 40.78185], [-73.94588, 40.78166], [-73.94613, 40.78132], [-73.9462, 40.78123], [-73.94631, 40.78108], [-73.94642, 40.78092], [-73.94648, 40.78084], [-73.94659, 40.78069], [-73.94705, 40.78006], [-73.94751, 40.77944], [-73.94797, 40.77881], [-73.94842, 40.77818], [-73.94888, 40.77755], [-73.94937, 40.77688], [-73.94987, 40.7762], [-73.95034, 40.77556], [-73.9508, 40.77493], [-73.95126, 40.77429], [-73.95172, 40.77366], [-73.95182, 40.77353], [-73.95219, 40.77302]]]}}]}