{"type": "FeatureCollection", "features": [{"type": "Feature", "properties": {"zone_id": 5, "zone": "Arden Heights", "borough": "Staten Island", "demand": 1}, "geometry": {"type": "Polygon", "coordinates": [[[-74.17422, 40.56257], [-74.17349, 40.56227], [-74.17226, 40.5617], [-74.17192, 40.56155], [-74.17185, 40.56152], [-74.17223, 40.56114], [-74.17245, 40.56089], [-74.17322, 40.56008], [-74.17359, 40.5597], [-74.17437, 40.55871], [-74.17476, 40.55817], [-74.17506, 40.55771], [-74.17512, 40.55762], [-74.17547, 40.55707], [-74.1756, 40.55685], [-74.1758, 40.55651], [-74.17612, 40.55594], [-74.17662, 40.55499], [-74.17746, 40.55341], [-74.17816, 40.55211], [-74.17875, 40.551], [-74.17934, 40.54989], [-74.17991, 40.54883], [-74.18019, 40.54838], [-74.18129, 40.54696], [-74.18207, 40.54604], [-74.18285, 40.54515], [-74.18369, 40.54417], [-74.1856, 40.54196], [-74.18658, 40.54085], [-74.18709, 40.54025], [-74.18738, 40.53989], [-74.1877, 40.53953], [-74.18827, 40.53887], [-74.18903, 40.53816], [-74.18951, 40.53779], [-74.1903, 40.53725], [-74.19135, 40.53666], [-74.19377, 40.53583], [-74.1941, 40.53651], [-74.19444, 40.53716], [-74.19468, 40.53766], [-74.19476, 40.53783], [-74.19508, 40.53849], [-74.19543, 40.53918], [-74.19576, 40.53984], [-74.19609, 40.5405], [-74.1964, 40.54117], [-74.19671, 40.54185], [-74.19702, 40.54253], [-74.19731, 40.54326], [-74.19841, 40.54531], [-74.19861, 40.54568], [-74.19912, 40.54671], [-74.19985, 40.54813], [-74.20013, 40.54876], [-74.20018, 40.54891], [-74.20097, 40.55079], [-74.20185, 40.55269], [-74.20216, 40.55336], [-74.20235, 40.55376], [-74.20263, 40.55434], [-74.20291, 40.55494], [-74.20327, 40.55563], [-74.20326, 40.5557], [-74.20325, 40.55578], [-74.20323, 40.55585], [-74.20321, 40.55592], [-74.20318, 40.55599], [-74.20315, 40.55606], [-74.20302, 40.55603], [-74.20288, 40.556], [-74.20275, 40.55597], [-74.20261, 40.55595], [-74.20248, 40.55593], [-74.20234, 40.55591], [-74.20221, 40.55589], [-74.20208, 40.55588], [-74.20195, 40.55587], [-74.20182, 40.55587], [-74.20168, 40.55588], [-74.20155, 40.55588], [-74.20142, 40.5559], [-74.20129, 40.55592], [-74.20117, 40.55594], [-74.20104, 40.55597], [-74.20092, 40.55601], [-74.20079, 40.55604], [-74.20063, 40.55613], [-74.20047, 40.55623], [-74.20032, 40.55634], [-74.20018, 40.55645], [-74.20006, 40.55658], [-74.19947, 40.55718], [-74.1977, 40.55889], [-74.19408, 40.56208], [-74.19386, 40.56222], [-74.19386, 40.56222], [-74.19386, 40.56222], [-74.19364, 40.56236], [-74.19364, 40.56236], [-74.19364, 40.56236], [-74.19341, 40.56248], [-74.19317, 40.5626], [-74.19308, 40.56263], [-74.19298, 40.56264], [-74.19288, 40.56265], [-74.19278, 40.56266], [-74.19269, 40.56265], [-74.19259, 40.56264], [-74.19237, 40.56259], [-74.19215, 40.56255], [-74.19192, 40.56253], [-74.19169, 40.56252], [-74.19146, 40.56252], [-74.19123, 40.56254], [-74.19101, 40.56257], [-74.19085, 40.56262], [-74.1907, 40.56268], [-74.19056, 40.56277], [-74.19044, 40.56286], [-74.19033, 40.56296], [-74.19024, 40.56308], [-74.19012, 40.5632], [-74.18998, 40.56331], [-74.18983, 40.56341], [-74.18983, 40.56341], [-74.18983, 40.56341], [-74.18966, 40.5635], [-74.18948, 40.56358], [-74.18929, 40.56364], [-74.1891, 40.56369], [-74.18727, 40.56404], [-74.18678, 40.56419], [-74.18627, 40.56433], [-74.18577, 40.56444], [-74.18577, 40.56444], [-74.18577, 40.56444], [-74.18525, 40.56455], [-74.18502, 40.5647], [-74.18502, 40.5647], [-74.18502, 40.5647], [-74.18478, 40.56485], [-74.18452, 40.56499], [-74.18452, 40.56499], [-74.18452, 40.56499], [-74.18425, 40.56511], [-74.18425, 40.56511], [-74.18425, 40.56511], [-74.18398, 40.56522], [-74.18398, 40.56522], [-74.18397, 40.56522], [-74.18369, 40.56532], [-74.1834, 40.5654], [-74.18319, 40.56545], [-74.18296, 40.56548], [-74.18273, 40.56549], [-74.18249, 40.56549], [-74.18241, 40.56548], [-74.18226, 40.56547], [-74.18203, 40.56544], [-74.18181, 40.56538], [-74.1816, 40.56532], [-74.1814, 40.56524], [-74.17795, 40.56398], [-74.17758, 40.56376], [-74.17659, 40.56324], [-74.1754, 40.56296], [-74.17489, 40.56283], [-74.17422, 40.56257]]]}}, {"type": "Feature", "properties": {"zone_id": 15, "zone": "Bay Terrace/Fort Totten", "borough": "Queens", "demand": 3}, "geometry": {"type": "Polygon", "coordinates": [[[-73.7774, 40.7966], [-73.77739, 40.79659], [-73.77738, 40.79659], [-73.77736, 40.79659], [-73.77735, 40.79658], [-73.77733, 40.79658], [-73.77731, 40.79657], [-73.7773, 40.79657], [-73.77728, 40.79657], [-73.77726, 40.79656], [-73.77725, 40.79656], [-73.77723, 40.79656], [-73.7772, 40.79655], [-73.77719, 40.79654], [-73.77717, 40.79654], [-73.77716, 40.79653], [-73.77714, 40.79652], [-73.77712, 40.79652], [-73.77711, 40.79651], [-73.77709, 40.79651], [-73.77707, 40.7965], [-73.77706, 40.7965], [-73.77704, 40.7965], [-73.77702, 40.79649], [-73.77701, 40.79649], [-73.77699, 40.79649], [-73.77697, 40.79648], [-73.77696, 40.79648], [-73.77694, 40.79647], [-73.77693, 40.79647], [-73.77692, 40.79646], [-73.7769, 40.79646], [-73.77689, 40.79645], [-73.77687, 40.79644], [-73.77686, 40.79644], [-73.77684, 40.79643], [-73.77683, 40.79642], [-73.77681, 40.79641], [-73.7768, 40.7964], [-73.77678, 40.79639], [-73.77677, 40.79638], [-73.77675, 40.79637], [-73.77673, 40.79637], [-73.77672, 40.79636], [-73.7767, 40.79635], [-73.77669, 40.79635], [-73.77667, 40.79634], [-73.77665, 40.79633], [-73.77664, 40.79632], [-73.77662, 40.79631], [-73.7766, 40.7963], [-73.77659, 40.79629], [-73.77657, 40.79628], [-73.77656, 40.79627], [-73.77655, 40.79626], [-73.77653, 40.79626], [-73.77652, 40.79625], [-73.7765, 40.79625], [-73.77649, 40.79624], [-73.77648, 40.79624], [-73.77646, 40.79623], [-73.77644, 40.79622], [-73.77642, 40.79622], [-73.77641, 40.79621], [-73.77639, 40.7962], [-73.77637, 40.79619], [-73.77636, 40.79618], [-73.77634, 40.79617], [-73.77633, 40.79617], [-73.77631, 40.79616], [-73.7763, 40.79616], [-73.77628, 40.79615], [-73.77626, 40.79614], [-73.77625, 40.79614], [-73.77624, 40.79613], [-73.77622, 40.79612], [-73.7762, 40.79611], [-73.77619, 40.7961], [-73.77618, 40.7961], [-73.77616, 40.79609], [-73.77615, 40.79608], [-73.77614, 40.79607], [-73.77613, 40.79606], [-73.77611, 40.79605], [-73.7761, 40.79604], [-73.77609, 40.79603], [-73.77608, 40.79602], [-73.77607, 40.79601], [-73.77606, 40.796], [-73.77605, 40.79598], [-73.77604, 40.79597], [-73.77603, 40.79597], [-73.77601, 40.79596], [-73.776, 40.79595], [-73.77599, 40.79594], [-73.77597, 40.79592], [-73.77597, 40.79591], [-73.77595, 40.7959], [-73.77594, 40.7959], [-73.77593, 40.79589], [-73.77592, 40.79587], [-73.77591, 40.79586], [-73.7759, 40.79585], [-73.77589, 40.79584], [-73.77587, 40.79583], [-73.77586, 40.79582], [-73.77585, 40.7958], [-73.77584, 40.79579], [-73.77584, 40.79579], [-73.77583, 40.79578], [-73.77582, 40.79577], [-73.77581, 40.79576], [-73.7758, 40.79575], [-73.77579, 40.79574], [-73.77577, 40.79573], [-73.77576, 40.79572], [-73.77575, 40.79571], [-73.77574, 40.7957], [-73.77573, 40.79569], [-73.77572, 40.79568], [-73.77571, 40.79567], [-73.7757, 40.79566], [-73.77568, 40.79564], [-73.77568, 40.79564], [-73.77567, 40.79563], [-73.77566, 40.79562], [-73.77565, 40.79561], [-73.77563, 40.7956], [-73.77562, 40.79559], [-73.77561, 40.79558], [-73.7756, 40.79557], [-73.77559, 40.79556], [-73.77558, 40.79555], [-73.77557, 40.79554], [-73.77556, 40.79553], [-73.77556, 40.79552], [-73.77554, 40.79551], [-73.77553, 40.79551], [-73.77553, 40.7955], [-73.77553, 40.7955], [-73.77552, 40.79549], [-73.77551, 40.79548], [-73.7755, 40.79547], [-73.77549, 40.79546], [-73.77548, 40.79546], [-73.77547, 40.79544], [-73.77546, 40.79544], [-73.77545, 40.79542], [-73.77544, 40.79541], [-73.77543, 40.7954], [-73.77541, 40.79539], [-73.7754, 40.79538], [-73.77539, 40.79537], [-73.77538, 40.79536], [-73.77537, 40.79535], [-73.77536, 40.79534], [-73.77535, 40.79533], [-73.77534, 40.79532], [-73.77533, 40.79531], [-73.77532, 40.7953], [-73.77531, 40.79529], [-73.7753, 40.79528], [-73.77529, 40.79527], [-73.77528, 40.79526], [-73.77526, 40.79525], [-73.77525, 40.79524], [-73.77524, 40.79524], [-73.77523, 40.79523], [-73.77522, 40.79522], [-73.77521, 40.79521], [-73.7752, 40.7952], [-73.77519, 40.79519], [-73.77517, 40.79518], [-73.77516, 40.79517], [-73.77515, 40.79516], [-73.77514, 40.79515], [-73.77513, 40.79514], [-73.77512, 40.79514], [-73.7751, 40.79512], [-73.77509, 40.79512], [-73.77508, 40.7951], [-73.77507, 40.7951], [-73.77506, 40.79509], [-73.77505, 40.79508], [-73.77492, 40.79499], [-73.77479, 40.7949], [-73.77468, 40.7948], [-73.77456, 40.7947], [-73.77446, 40.79459], [-73.77444, 40.79456], [-73.77438, 40.79449], [-73.77433, 40.79442], [-73.77428, 40.79435], [-73.77425, 40.79427], [-73.77422, 40.79419], [-73.7742, 40.79416], [-73.77419, 40.79414], [-73.77416, 40.79411], [-73.77414, 40.79409], [-73.77412, 40.79408], [-73.7741, 40.79408], [-73.77408, 40.79407], [-73.77407, 40.79406], [-73.77406, 40.79405], [-73.77405, 40.79403], [-73.77404, 40.79402], [-73.77404, 40.794], [-73.77404, 40.79399], [-73.77404, 40.79397], [-73.77405, 40.79396], [-73.77406, 40.79395], [-73.77404, 40.79386], [-73.77402, 40.79377], [-73.77398, 40.79364], [-73.77394, 40.79352], [-73.77388, 40.7934], [-73.77382, 40.79328], [-73.77376, 40.79316], [-73.77375, 40.79312], [-73.77375, 40.79308], [-73.77375, 40.79304], [-73.77368, 40.79287], [-73.77363, 40.79275], [-73.77357, 40.79266], [-73.7735, 40.79258], [-73.77342, 40.7925], [-73.77338, 40.79246], [-73.77334, 40.79242], [-73.7733, 40.79237], [-73.77327, 40.79232], [-73.7732, 40.79224], [-73.77308, 40.79214], [-73.77288, 40.792], [-73.77286, 40.79198], [-73.77278, 40.7919], [-73.77272, 40.79184], [-73.77267, 40.79179], [-73.7726, 40.79173], [-73.77253, 40.79167], [-73.77247, 40.79163], [-73.77241, 40.79158], [-73.77236, 40.79154], [-73.77233, 40.79148], [-73.7723, 40.79142], [-73.77227, 40.79136], [-73.77226, 40.7913], [-73.77225, 40.79123], [-73.77225, 40.79117], [-73.77226, 40.79111], [-73.77227, 40.79104], [-73.77227, 40.79094], [-73.77226, 40.79084], [-73.77224, 40.79075], [-73.77224, 40.79066], [-73.77224, 40.79057], [-73.77225, 40.79048], [-73.77223, 40.7904], [-73.77221, 40.79033], [-73.77217, 40.79025], [-73.77213, 40.79018], [-73.7721, 40.79013], [-73.77203, 40.79006], [-73.77194, 40.79], [-73.7719, 40.78998], [-73.77185, 40.78996], [-73.77181, 40.78993], [-73.77178, 40.7899], [-73.77175, 40.78987], [-73.77174, 40.78982], [-73.77173, 40.78978], [-73.77173, 40.78974], [-73.77175, 40.78969], [-73.77172, 40.78966], [-73.77167, 40.78959], [-73.77144, 40.78934], [-73.77113, 40.78901], [-73.77088, 40.78878], [-73.77063, 40.78846], [-73.77064, 40.78838], [-73.77066, 40.78829], [-73.77069, 40.78821], [-73.77073, 40.78813], [-73.77077, 40.78806], [-73.77082, 40.78798], [-73.77117, 40.78776], [-73.77124, 40.78773], [-73.77131, 40.7877], [-73.77138, 40.78766], [-73.7715, 40.78759], [-73.77162, 40.78752], [-73.77174, 40.78746], [-73.7719, 40.78739], [-73.77199, 40.78736], [-73.77209, 40.78733], [-73.77218, 40.78731], [-73.77228, 40.7873], [-73.77379, 40.78683], [-73.77397, 40.78678], [-73.77413, 40.78676], [-73.77427, 40.78676], [-73.77435, 40.78677], [-73.77439, 40.78681], [-73.77439, 40.78686], [-73.77426, 40.78693], [-73.7742, 40.78696], [-73.7742, 40.78703], [-73.77423, 40.78706], [-73.77432, 40.78708], [-73.77445, 40.78718], [-73.77502, 40.78739], [-73.77629, 40.78851], [-73.77634, 40.78849], [-73.77587, 40.78802], [-73.77505, 40.78719], [-73.77486, 40.78708], [-73.77481, 40.78697], [-73.77474, 40.78693], [-73.77463, 40.78692], [-73.77459, 40.78688], [-73.77456, 40.78682], [-73.77451, 40.78673], [-73.77445, 40.78668], [-73.77436, 40.78666], [-73.77426, 40.78665], [-73.7741, 40.7863], [-73.77408, 40.78592], [-73.77262, 40.78419], [-73.77209, 40.78357], [-73.77161, 40.783], [-73.77061, 40.78208], [-73.76981, 40.7813], [-73.7693, 40.78078], [-73.76909, 40.78053], [-73.76902, 40.78045], [-73.76858, 40.77988], [-73.76834, 40.77963], [-73.76827, 40.77962], [-73.76816, 40.77964], [-73.76813, 40.77959], [-73.76823, 40.7795], [-73.7682, 40.77944], [-73.76716, 40.77978], [-73.76721, 40.77987], [-73.767, 40.77993], [-73.76707, 40.78007], [-73.76702, 40.78009], [-73.76693, 40.77992], [-73.76696, 40.7799], [-73.76689, 40.77978], [-73.76678, 40.77981], [-73.76676, 40.77978], [-73.76687, 40.77975], [-73.76686, 40.77974], [-73.76709, 40.77967], [-73.76714, 40.77974], [-73.76816, 40.7794], [-73.76808, 40.77925], [-73.76782, 40.77881], [-73.76796, 40.77878], [-73.76807, 40.77875], [-73.76826, 40.7787], [-73.76834, 40.77868], [-73.76857, 40.7791], [-73.76864, 40.77909], [-73.76878, 40.77904], [-73.76935, 40.77887], [-73.77113, 40.77834], [-73.77204, 40.77807], [-73.7729, 40.7778], [-73.77378, 40.77755], [-73.77466, 40.77728], [-73.77554, 40.77702], [-73.77572, 40.7779], [-73.77584, 40.77861], [-73.77678, 40.77841], [-73.77769, 40.77816], [-73.77859, 40.77791], [-73.77948, 40.77766], [-73.78036, 40.77739], [-73.7828, 40.77667], [-73.78408, 40.77629], [-73.78441, 40.77619], [-73.78448, 40.77617], [-73.78459, 40.77614], [-73.78492, 40.77604], [-73.78569, 40.77581], [-73.78627, 40.77565], [-73.78655, 40.77556], [-73.78741, 40.77532], [-73.78827, 40.77507], [-73.78894, 40.7749], [-73.78914, 40.77485], [-73.78984, 40.77469], [-73.79035, 40.77457], [-73.79164, 40.77424], [-73.79227, 40.77399], [-73.79271, 40.77379], [-73.79365, 40.77336], [-73.79499, 40.77314], [-73.79557, 40.77305], [-73.79566, 40.77304], [-73.79572, 40.77307], [-73.79653, 40.7735], [-73.79673, 40.77361], [-73.79724, 40.77389], [-73.7973, 40.77393], [-73.79742, 40.77401], [-73.79742, 40.77401], [-73.79742, 40.77401], [-73.79758, 40.77414], [-73.79772, 40.77427], [-73.79785, 40.77441], [-73.79823, 40.77485], [-73.79853, 40.77519], [-73.79865, 40.7752], [-73.80099, 40.77539], [-73.80379, 40.77561], [-73.80369, 40.77632], [-73.8036, 40.77703], [-73.80346, 40.77801], [-73.80342, 40.77834], [-73.80333, 40.77899], [-73.80323, 40.7797], [-73.8032, 40.77988], [-73.80313, 40.78042], [-73.80307, 40.78077], [-73.80303, 40.78094], [-73.80325, 40.78127], [-73.80315, 40.78132], [-73.803, 40.78141], [-73.80294, 40.78183], [-73.80284, 40.78255], [-73.80274, 40.78325], [-73.80255, 40.78467], [-73.80241, 40.78582], [-73.80242, 40.78602], [-73.80243, 40.78607], [-73.80215, 40.78606], [-73.80157, 40.78603], [-73.80068, 40.786], [-73.79974, 40.78595], [-73.79926, 40.78593], [-73.7988, 40.78592], [-73.79784, 40.78589], [-73.79686, 40.78599], [-73.79582, 40.78613], [-73.79492, 40.78634], [-73.79455, 40.78646], [-73.79392, 40.78668], [-73.79333, 40.78693], [-73.79154, 40.78775], [-73.79064, 40.78817], [-73.79058, 40.78819], [-73.79065, 40.78825], [-73.79085, 40.78841], [-73.79134, 40.78886], [-73.79156, 40.7891], [-73.79179, 40.78935], [-73.79175, 40.78939], [-73.79163, 40.78949], [-73.79028, 40.79032], [-73.78989, 40.79037], [-73.78931, 40.79038], [-73.78883, 40.79036], [-73.78835, 40.79033], [-73.78799, 40.79035], [-73.7875, 40.79031], [-73.78568, 40.79034], [-73.78384, 40.79064], [-73.78318, 40.79087], [-73.78253, 40.79128], [-73.78252, 40.79135], [-73.78441, 40.79168], [-73.7844, 40.79172], [-73.78434, 40.79175], [-73.78227, 40.79137], [-73.78175, 40.79113], [-73.7817, 40.79117], [-73.78161, 40.79122], [-73.78143, 40.79136], [-73.78123, 40.79148], [-73.78108, 40.79168], [-73.7809, 40.79219], [-73.78078, 40.79299], [-73.78078, 40.79319], [-73.78085, 40.79325], [-73.78084, 40.79328], [-73.78159, 40.79346], [-73.78159, 40.79345], [-73.78158, 40.79344], [-73.78164, 40.79331], [-73.78168, 40.79332], [-73.78163, 40.79345], [-73.78161, 40.79345], [-73.78162, 40.79347], [-73.78166, 40.79348], [-73.78164, 40.79352], [-73.78082, 40.79332], [-73.78081, 40.79335], [-73.78072, 40.79333], [-73.7807, 40.79365], [-73.78079, 40.79404], [-73.78101, 40.79438], [-73.78132, 40.7946], [-73.78153, 40.79472], [-73.78181, 40.7948], [-73.7819, 40.7949], [-73.78258, 40.79488], [-73.78266, 40.7949], [-73.78284, 40.7949], [-73.78307, 40.79492], [-73.78311, 40.79491], [-73.78314, 40.7949], [-73.78317, 40.79488], [-73.78322, 40.79482], [-73.78325, 40.79479], [-73.78329, 40.79476], [-73.78332, 40.79476], [-73.78333, 40.79476], [-73.78333, 40.79479], [-73.7833, 40.79483], [-73.78328, 40.79483], [-73.78327, 40.79486], [-73.78327, 40.79488], [-73.78325, 40.79492], [-73.78319, 40.79497], [-73.78312, 40.79499], [-73.78305, 40.79499], [-73.78287, 40.79499], [-73.78237, 40.79496], [-73.782, 40.79497], [-73.78182, 40.79508], [-73.78173, 40.79543], [-73.78166, 40.79556], [-73.78154, 40.79566], [-73.7799, 40.79624], [-73.7798, 40.7962], [-73.77945, 40.79658], [-73.77947, 40.79661], [-73.77943, 40.79666], [-73.77936, 40.79668], [-73.77928, 40.79667], [-73.77927, 40.79664], [-73.77871, 40.7966], [-73.77869, 40.7966], [-73.77869, 40.79661], [-73.77867, 40.79662], [-73.77865, 40.79663], [-73.77864, 40.79663], [-73.77862, 40.79664], [-73.7786, 40.79665], [-73.77859, 40.79665], [-73.77857, 40.79666], [-73.77856, 40.79667], [-73.77854, 40.79667], [-73.77852, 40.79668], [-73.7785, 40.79668], [-73.77848, 40.79669], [-73.77847, 40.79669], [-73.77845, 40.7967], [-73.77843, 40.7967], [-73.77841, 40.7967], [-73.7784, 40.79671], [-73.77838, 40.79671], [-73.77837, 40.79671], [-73.77835, 40.79672], [-73.77833, 40.79672], [-73.77831, 40.79672], [-73.77829, 40.79672], [-73.77827, 40.79672], [-73.77825, 40.79673], [-73.77823, 40.79673], [-73.77822, 40.79673], [-73.7782, 40.79673], [-73.77818, 40.79673], [-73.77817, 40.79674], [-73.77815, 40.79674], [-73.77814, 40.79674], [-73.77812, 40.79674], [-73.7781, 40.79674], [-73.77809, 40.79674], [-73.77807, 40.79674], [-73.77805, 40.79673], [-73.77803, 40.79673], [-73.77802, 40.79673], [-73.77801, 40.79672], [-73.77799, 40.79672], [-73.77797, 40.79671], [-73.77796, 40.79671], [-73.77794, 40.79671], [-73.77792, 40.79671], [-73.77791, 40.7967], [-73.77789, 40.7967], [-73.77787, 40.7967], [-73.77785, 40.7967], [-73.77784, 40.79669], [-73.77782, 40.79669], [-73.77781, 40.79669], [-73.77779, 40.79669], [-73.77777, 40.79668], [-73.77775, 40.79668], [-73.77774, 40.79667], [-73.77772, 40.79667], [-73.77771, 40.79666], [-73.7777, 40.79666], [-73.77768, 40.79666], [-73.77766, 40.79665], [-73.77764, 40.79665], [-73.77762, 40.79665], [-73.77761, 40.79665], [-73.77759, 40.79665], [-73.77758, 40.79665], [-73.77756, 40.79664], [-73.77754, 40.79664], [-73.77752, 40.79664], [-73.77751, 40.79664], [-73.77749, 40.79664], [-73.77747, 40.79663], [-73.77746, 40.79662], [-73.77745, 40.79662], [-73.77743, 40.79661], [-73.77742, 40.7966], [-73.7774, 40.7966]]]}}, {"type": "Feature", "properties": {"zone_id": 16, "zone": "Bayside", "borough": "Queens", "demand": 6}, "geometry": {"type": "Polygon", "coordinates": [[[-73.76857, 40.7791], [-73.76834, 40.77868], [-73.76826, 40.7787], [-73.76807, 40.77875], [-73.76796, 40.77878], [-73.76782, 40.77881], [-73.7676, 40.7783], [-73.76762, 40.77799], [-73.76748, 40.77765], [-73.76714, 40.77694], [-73.76709, 40.77684], [-73.767, 40.77669], [-73.76659, 40.77617], [-73.76633, 40.77584], [-73.76628, 40.77574], [-73.76614, 40.77547], [-73.766, 40.77507], [-73.76573, 40.7746], [-73.7651, 40.7738], [-73.76469, 40.77334], [-73.76436, 40.77303], [-73.76418, 40.77283], [-73.76358, 40.77236], [-73.76224, 40.77122], [-73.76126, 40.7704], [-73.76086, 40.77002], [-73.76061, 40.76977], [-73.76052, 40.76962], [-73.76044, 40.76948], [-73.76001, 40.7691], [-73.7596, 40.76872], [-73.75937, 40.76864], [-73.75907, 40.76845], [-73.75894, 40.76833], [-73.75881, 40.76818], [-73.75884, 40.76804], [-73.75882, 40.76795], [-73.75883, 40.76777], [-73.75879, 40.76765], [-73.75873, 40.76755], [-73.75864, 40.76736], [-73.75842, 40.7672], [-73.75802, 40.76707], [-73.75787, 40.76695], [-73.75761, 40.76697], [-73.75752, 40.76711], [-73.75739, 40.76717], [-73.75735, 40.76707], [-73.75718, 40.76695], [-73.75703, 40.76682], [-73.75693, 40.7668], [-73.75666, 40.76665], [-73.75641, 40.76651], [-73.75641, 40.76651], [-73.75641, 40.76651], [-73.75641, 40.7665], [-73.75641, 40.7665], [-73.75641, 40.76649], [-73.75642, 40.76647], [-73.75645, 40.76644], [-73.75646, 40.76642], [-73.7565, 40.76639], [-73.75651, 40.76637], [-73.75651, 40.76637], [-73.75651, 40.76636], [-73.75652, 40.76636], [-73.75652, 40.76636], [-73.75652, 40.76636], [-73.75652, 40.76636], [-73.75652, 40.76635], [-73.75652, 40.76635], [-73.75652, 40.76635], [-73.75651, 40.76635], [-73.75651, 40.76635], [-73.75651, 40.76635], [-73.75651, 40.76635], [-73.75651, 40.76635], [-73.75651, 40.76635], [-73.7565, 40.76634], [-73.75649, 40.76634], [-73.75648, 40.76634], [-73.75647, 40.76634], [-73.75644, 40.76634], [-73.7564, 40.76633], [-73.75639, 40.76633], [-73.75634, 40.76633], [-73.75632, 40.76634], [-73.75629, 40.76634], [-73.75626, 40.76635], [-73.75622, 40.76636], [-73.75621, 40.76637], [-73.75619, 40.76638], [-73.75618, 40.76639], [-73.75616, 40.7664], [-73.75615, 40.76641], [-73.75602, 40.76646], [-73.75588, 40.76641], [-73.75547, 40.76636], [-73.75494, 40.76609], [-73.75426, 40.76553], [-73.75425, 40.76553], [-73.7541, 40.76535], [-73.75402, 40.76531], [-73.75398, 40.76531], [-73.75388, 40.76535], [-73.75385, 40.76534], [-73.75382, 40.76533], [-73.75377, 40.7653], [-73.75405, 40.76517], [-73.75436, 40.76505], [-73.75468, 40.76494], [-73.755, 40.76484], [-73.75533, 40.76476], [-73.75567, 40.76469], [-73.75601, 40.76464], [-73.75636, 40.7646], [-73.75839, 40.7644], [-73.75851, 40.76439], [-73.75856, 40.76439], [-73.75863, 40.76438], [-73.75922, 40.76432], [-73.7591, 40.76406], [-73.75886, 40.76327], [-73.75859, 40.76409], [-73.75851, 40.7641], [-73.75845, 40.76411], [-73.75844, 40.76393], [-73.75845, 40.76368], [-73.75836, 40.7635], [-73.75824, 40.76324], [-73.7581, 40.76298], [-73.75794, 40.76273], [-73.75789, 40.76266], [-73.75785, 40.76257], [-73.75783, 40.76247], [-73.75784, 40.76237], [-73.75788, 40.76227], [-73.75794, 40.76218], [-73.75802, 40.76211], [-73.75811, 40.76205], [-73.75848, 40.76199], [-73.758, 40.76038], [-73.76032, 40.7599], [-73.76126, 40.75971], [-73.7624, 40.7595], [-73.762, 40.7581], [-73.76177, 40.75728], [-73.76186, 40.75652], [-73.76193, 40.75577], [-73.7619, 40.75565], [-73.76184, 40.75554], [-73.76177, 40.75543], [-73.76168, 40.75532], [-73.76157, 40.75523], [-73.76145, 40.75515], [-73.76129, 40.75505], [-73.76115, 40.75494], [-73.76102, 40.75482], [-73.7609, 40.75468], [-73.7608, 40.75455], [-73.76049, 40.75384], [-73.76019, 40.75316], [-73.76013, 40.75303], [-73.76013, 40.75303], [-73.76013, 40.75303], [-73.76006, 40.7529], [-73.76006, 40.7529], [-73.76006, 40.7529], [-73.75996, 40.75278], [-73.75996, 40.75278], [-73.75996, 40.75278], [-73.75985, 40.75266], [-73.75985, 40.75266], [-73.75985, 40.75266], [-73.75972, 40.75256], [-73.75972, 40.75256], [-73.75972, 40.75256], [-73.75957, 40.75247], [-73.75957, 40.75247], [-73.75957, 40.75247], [-73.75948, 40.75243], [-73.7591, 40.75225], [-73.75783, 40.75076], [-73.75738, 40.75023], [-73.75699, 40.74957], [-73.75687, 40.74936], [-73.75684, 40.74932], [-73.75714, 40.74924], [-73.75744, 40.74916], [-73.75774, 40.74906], [-73.75803, 40.74896], [-73.75806, 40.74894], [-73.75846, 40.74876], [-73.75886, 40.74858], [-73.75973, 40.74819], [-73.76074, 40.74774], [-73.76138, 40.74753], [-73.76146, 40.74751], [-73.76152, 40.74749], [-73.7624, 40.74724], [-73.76298, 40.74708], [-73.76414, 40.74676], [-73.76502, 40.74652], [-73.76589, 40.74628], [-73.76636, 40.74615], [-73.76682, 40.74603], [-73.76729, 40.7459], [-73.76773, 40.74578], [-73.76858, 40.74552], [-73.76937, 40.74522], [-73.77039, 40.74474], [-73.77138, 40.74425], [-73.77145, 40.74422], [-73.77153, 40.74419], [-73.77157, 40.74418], [-73.77162, 40.74416], [-73.77241, 40.74388], [-73.77281, 40.74379], [-73.77322, 40.7437], [-73.77362, 40.74363], [-73.77403, 40.74357], [-73.77444, 40.74352], [-73.77486, 40.74345], [-73.77551, 40.74336], [-73.77569, 40.74333], [-73.77574, 40.74332], [-73.77576, 40.74337], [-73.77585, 40.74356], [-73.77597, 40.74381], [-73.77617, 40.74424], [-73.77679, 40.74554], [-73.77753, 40.74715], [-73.77831, 40.74874], [-73.77907, 40.75033], [-73.77944, 40.75112], [-73.77981, 40.75189], [-73.78009, 40.75251], [-73.78052, 40.75333], [-73.78113, 40.75409], [-73.78165, 40.75471], [-73.78212, 40.75534], [-73.78248, 40.756], [-73.78265, 40.75633], [-73.78282, 40.75667], [-73.78303, 40.75708], [-73.78316, 40.75733], [-73.78338, 40.75775], [-73.78346, 40.75786], [-73.78382, 40.75853], [-73.78408, 40.75904], [-73.78426, 40.75938], [-73.78429, 40.75944], [-73.78431, 40.75948], [-73.78448, 40.75988], [-73.78468, 40.76026], [-73.78486, 40.76064], [-73.78502, 40.76104], [-73.78517, 40.76143], [-73.78525, 40.76176], [-73.78527, 40.76184], [-73.7853, 40.76198], [-73.78536, 40.76226], [-73.78542, 40.76251], [-73.78546, 40.76259], [-73.78572, 40.76292], [-73.78596, 40.7631], [-73.78714, 40.76371], [-73.78733, 40.76381], [-73.78808, 40.7642], [-73.78823, 40.76431], [-73.78837, 40.76444], [-73.7885, 40.76457], [-73.78861, 40.76471], [-73.78871, 40.76485], [-73.78964, 40.76614], [-73.78991, 40.76651], [-73.79022, 40.76695], [-73.7906, 40.76742], [-73.79138, 40.76832], [-73.7915, 40.76845], [-73.7919, 40.76894], [-73.79235, 40.76945], [-73.79238, 40.76948], [-73.79318, 40.7704], [-73.79324, 40.77047], [-73.79395, 40.77127], [-73.79416, 40.77152], [-73.79481, 40.77226], [-73.79494, 40.7724], [-73.79507, 40.77254], [-73.79522, 40.77267], [-73.79566, 40.77304], [-73.79557, 40.77305], [-73.79499, 40.77314], [-73.79365, 40.77336], [-73.79271, 40.77379], [-73.79227, 40.77399], [-73.79164, 40.77424], [-73.79035, 40.77457], [-73.78984, 40.77469], [-73.78914, 40.77485], [-73.78894, 40.7749], [-73.78827, 40.77507], [-73.78741, 40.77532], [-73.78655, 40.77556], [-73.78627, 40.77565], [-73.78569, 40.77581], [-73.78492, 40.77604], [-73.78459, 40.77614], [-73.78448, 40.77617], [-73.78441, 40.77619], [-73.78408, 40.77629], [-73.7828, 40.77667], [-73.78036, 40.77739], [-73.77948, 40.77766], [-73.77859, 40.77791], [-73.77769, 40.77816], [-73.77678, 40.77841], [-73.77584, 40.77861], [-73.77572, 40.7779], [-73.77554, 40.77702], [-73.77466, 40.77728], [-73.77378, 40.77755], [-73.7729, 40.7778], [-73.77204, 40.77807], [-73.77113, 40.77834], [-73.76935, 40.77887], [-73.76878, 40.77904], [-73.76864, 40.77909], [-73.76857, 40.7791]]]}}, {"type": "Feature", "properties": {"zone_id": 19, "zone": "Bellerose", "borough": "Queens", "demand": 6}, "geometry": {"type": "Polygon", "coordinates": [[[-73.7234, 40.75039], [-73.72259, 40.74885], [-73.72014, 40.74976], [-73.7201, 40.74977], [-73.71989, 40.74937], [-73.71896, 40.74699], [-73.71894, 40.74694], [-73.71892, 40.74689], [-73.71869, 40.74639], [-73.71853, 40.74604], [-73.71823, 40.7454], [-73.71764, 40.74407], [-73.71763, 40.74403], [-73.7176, 40.74397], [-73.71741, 40.74351], [-73.71657, 40.74165], [-73.71578, 40.73989], [-73.71545, 40.73922], [-73.71511, 40.73857], [-73.71496, 40.73828], [-73.71494, 40.73823], [-73.71477, 40.7379], [-73.71437, 40.73724], [-73.7137, 40.73616], [-73.71329, 40.73547], [-73.7129, 40.73485], [-73.71283, 40.73474], [-73.71279, 40.73467], [-73.7125, 40.7342], [-73.71229, 40.73385], [-73.71208, 40.73352], [-73.71186, 40.73316], [-73.71148, 40.7325], [-73.71089, 40.73097], [-73.71075, 40.73052], [-73.71066, 40.72949], [-73.71066, 40.72938], [-73.71062, 40.72884], [-73.71056, 40.72802], [-73.7105, 40.72728], [-73.7105, 40.72723], [-73.71056, 40.72722], [-73.71192, 40.72704], [-73.71408, 40.72676], [-73.71497, 40.72665], [-73.71588, 40.72654], [-73.71829, 40.72604], [-73.72039, 40.72547], [-73.72119, 40.72527], [-73.72204, 40.72501], [-73.72258, 40.72488], [-73.72291, 40.72479], [-73.72296, 40.72478], [-73.72296, 40.72478], [-73.72315, 40.72473], [-73.72343, 40.72466], [-73.7242, 40.72445], [-73.72455, 40.72436], [-73.72463, 40.72434], [-73.72472, 40.72431], [-73.72473, 40.72431], [-73.72493, 40.72424], [-73.72509, 40.72419], [-73.72567, 40.72404], [-73.72648, 40.72375], [-73.72733, 40.72341], [-73.72797, 40.72316], [-73.72816, 40.72308], [-73.72819, 40.72314], [-73.72836, 40.72361], [-73.72991, 40.72327], [-73.73017, 40.72396], [-73.73043, 40.72464], [-73.73069, 40.72533], [-73.73096, 40.72601], [-73.73122, 40.7267], [-73.73145, 40.72734], [-73.73147, 40.72741], [-73.73162, 40.72745], [-73.73273, 40.72773], [-73.73362, 40.72793], [-73.73424, 40.72807], [-73.73451, 40.72814], [-73.73499, 40.72824], [-73.73546, 40.72834], [-73.73633, 40.72854], [-73.73716, 40.72873], [-73.73816, 40.72896], [-73.7384, 40.72901], [-73.73905, 40.72916], [-73.73968, 40.72931], [-73.7404, 40.72947], [-73.74081, 40.72956], [-73.742, 40.72983], [-73.74231, 40.72989], [-73.74242, 40.72992], [-73.74376, 40.73023], [-73.74384, 40.73024], [-73.74385, 40.73025], [-73.74398, 40.73028], [-73.74411, 40.73031], [-73.74418, 40.73032], [-73.74489, 40.73048], [-73.74543, 40.73062], [-73.74556, 40.73064], [-73.7463, 40.73118], [-73.7464, 40.73129], [-73.74649, 40.73141], [-73.74657, 40.73154], [-73.74659, 40.73161], [-73.74662, 40.73168], [-73.74666, 40.73181], [-73.74667, 40.73195], [-73.7467, 40.73221], [-73.74671, 40.73236], [-73.74672, 40.73248], [-73.74616, 40.73293], [-73.74555, 40.7334], [-73.74472, 40.73401], [-73.74295, 40.73546], [-73.74228, 40.73609], [-73.74159, 40.73678], [-73.74152, 40.73686], [-73.74145, 40.73694], [-73.74017, 40.73848], [-73.73987, 40.73887], [-73.73972, 40.73904], [-73.73933, 40.73947], [-73.73901, 40.73975], [-73.73857, 40.74009], [-73.73816, 40.74038], [-73.73751, 40.74071], [-73.73686, 40.74105], [-73.73561, 40.7417], [-73.73539, 40.74181], [-73.73437, 40.74235], [-73.73376, 40.74275], [-73.7337, 40.74278], [-73.73366, 40.74281], [-73.73242, 40.74369], [-73.73233, 40.74377], [-73.73227, 40.74382], [-73.73106, 40.74489], [-73.73063, 40.74536], [-73.73043, 40.74558], [-73.72993, 40.74619], [-73.72965, 40.74656], [-73.72953, 40.74672], [-73.72915, 40.74727], [-73.72907, 40.74739], [-73.72896, 40.74763], [-73.72889, 40.74757], [-73.72829, 40.74746], [-73.72823, 40.74783], [-73.72815, 40.7482], [-73.72806, 40.74857], [-73.72794, 40.74893], [-73.72781, 40.7493], [-73.72766, 40.74965], [-73.72627, 40.74931], [-73.7234, 40.75039]]]}}, {"type": "Feature", "properties": {"zone_id": 21, "zone": "Bensonhurst East", "borough": "Brooklyn", "demand": 7}, "geometry": {"type": "Polygon", "coordinates": [[[-73.97418, 40.60946], [-73.97403, 40.6087], [-73.97317, 40.6088], [-73.97299, 40.60881], [-73.97259, 40.60667], [-73.9724, 40.60565], [-73.97218, 40.60419], [-73.97235, 40.60335], [-73.97245, 40.60262], [-73.97257, 40.60179], [-73.97291, 40.59932], [-73.97191, 40.59942], [-73.97176, 40.59865], [-73.97163, 40.59794], [-73.97148, 40.59717], [-73.97324, 40.59698], [-73.97408, 40.59688], [-73.97493, 40.59679], [-73.97504, 40.59678], [-73.97559, 40.59672], [-73.97651, 40.59662], [-73.97751, 40.59651], [-73.9785, 40.59639], [-73.97891, 40.59635], [-73.97943, 40.5963], [-73.98036, 40.59619], [-73.98014, 40.59507], [-73.97995, 40.59407], [-73.98071, 40.594], [-73.98179, 40.59387], [-73.98273, 40.59376], [-73.98303, 40.59373], [-73.98344, 40.59369], [-73.98355, 40.59368], [-73.98367, 40.59366], [-73.98407, 40.59362], [-73.98413, 40.59361], [-73.98464, 40.59355], [-73.98468, 40.59366], [-73.98602, 40.59445], [-73.98799, 40.59255], [-73.98962, 40.59098], [-73.99036, 40.59143], [-73.99066, 40.59117], [-73.99147, 40.59045], [-73.99154, 40.59039], [-73.99161, 40.59036], [-73.99256, 40.58992], [-73.99286, 40.58978], [-73.99292, 40.58976], [-73.99298, 40.58973], [-73.99331, 40.58958], [-73.99376, 40.59033], [-73.99802, 40.58843], [-73.99867, 40.5892], [-73.99924, 40.58894], [-73.99946, 40.58923], [-73.99838, 40.58977], [-73.99842, 40.58981], [-73.99884, 40.58963], [-73.99887, 40.58967], [-73.99844, 40.58986], [-73.99851, 40.58996], [-73.99855, 40.59002], [-73.99859, 40.59005], [-73.99863, 40.59008], [-73.99868, 40.59013], [-73.99874, 40.59019], [-73.99878, 40.59023], [-73.99879, 40.59028], [-73.99878, 40.59031], [-73.99873, 40.59033], [-73.99869, 40.59033], [-73.99865, 40.59029], [-73.99859, 40.59023], [-73.99853, 40.59021], [-73.99849, 40.59022], [-73.99844, 40.59024], [-73.9984, 40.59028], [-73.99836, 40.59033], [-73.99776, 40.59095], [-73.99711, 40.59128], [-73.99711, 40.59133], [-73.99711, 40.59139], [-73.99712, 40.59145], [-73.99713, 40.5915], [-73.99716, 40.59155], [-73.99719, 40.59161], [-73.99723, 40.59165], [-73.99806, 40.59121], [-73.99813, 40.59129], [-73.99741, 40.59164], [-73.99728, 40.59171], [-73.99755, 40.59192], [-73.99856, 40.59149], [-73.99917, 40.59115], [-73.99957, 40.59109], [-73.99986, 40.59113], [-73.99993, 40.59115], [-73.99999, 40.59117], [-74.00004, 40.5912], [-74.00009, 40.59124], [-74.00014, 40.59128], [-74.00017, 40.59133], [-74.0002, 40.59138], [-74.00022, 40.59143], [-74.00023, 40.59148], [-74.00023, 40.59153], [-74.00006, 40.59171], [-73.99967, 40.59196], [-73.99931, 40.59218], [-73.99903, 40.59231], [-73.99902, 40.59232], [-73.99901, 40.59233], [-73.99901, 40.59235], [-73.999, 40.59236], [-73.999, 40.59237], [-73.99901, 40.59239], [-73.99901, 40.5924], [-73.99902, 40.59241], [-73.99903, 40.59242], [-73.99905, 40.59243], [-73.99906, 40.59244], [-73.99908, 40.59244], [-73.99909, 40.59245], [-73.9993, 40.59256], [-73.99935, 40.59262], [-73.99939, 40.59269], [-73.99942, 40.59276], [-73.99945, 40.59283], [-73.99947, 40.5929], [-73.99948, 40.59297], [-73.9992, 40.59318], [-73.99897, 40.59331], [-73.99839, 40.59353], [-73.99737, 40.59397], [-73.99634, 40.59362], [-73.99631, 40.59367], [-73.99629, 40.59372], [-73.99619, 40.59399], [-73.99536, 40.5944], [-73.99531, 40.59443], [-73.9955, 40.59459], [-73.99588, 40.59491], [-73.99612, 40.59512], [-73.99639, 40.59535], [-73.99669, 40.5956], [-73.99675, 40.59564], [-73.9963, 40.59606], [-73.99523, 40.59709], [-73.99336, 40.59889], [-73.9916, 40.60058], [-73.99097, 40.60118], [-73.99039, 40.60174], [-73.98981, 40.6023], [-73.98922, 40.60287], [-73.98869, 40.60343], [-73.98806, 40.60398], [-73.98748, 40.60454], [-73.98685, 40.6051], [-73.98865, 40.60617], [-73.98913, 40.60646], [-73.98855, 40.607], [-73.98842, 40.60712], [-73.98797, 40.60757], [-73.98738, 40.60813], [-73.98734, 40.60817], [-73.98671, 40.60877], [-73.98613, 40.60933], [-73.98576, 40.60968], [-73.98555, 40.60989], [-73.98536, 40.61007], [-73.98496, 40.61045], [-73.98438, 40.61101], [-73.98416, 40.61122], [-73.98381, 40.61156], [-73.98335, 40.61199], [-73.98322, 40.61212], [-73.98266, 40.61269], [-73.98216, 40.61315], [-73.98206, 40.61324], [-73.98175, 40.61355], [-73.98144, 40.61384], [-73.98081, 40.61445], [-73.98022, 40.615], [-73.97964, 40.61556], [-73.97741, 40.61422], [-73.97521, 40.61288], [-73.97478, 40.61264], [-73.97458, 40.61161], [-73.97452, 40.61126], [-73.97439, 40.61058], [-73.97418, 40.60946]]]}}, {"type": "Feature", "properties": {"zone_id": 23, "zone": "Bloomfield/Emerson Hill", "borough": "Staten Island", "demand": 1}, "geometry": {"type": "Polygon", "coordinates": [[[-74.19569, 40.63502], [-74.19558, 40.635], [-74.19556, 40.63502], [-74.19248, 40.63341], [-74.19216, 40.63323], [-74.18649, 40.63022], [-74.18368, 40.62874], [-74.1819, 40.62776], [-74.18033, 40.62683], [-74.17994, 40.6266], [-74.17954, 40.62636], [-74.17925, 40.62618], [-74.17918, 40.62614], [-74.17888, 40.62593], [-74.17828, 40.62545], [-74.17809, 40.62526], [-74.17782, 40.62499], [-74.17775, 40.62494], [-74.1761, 40.62341], [-74.1752, 40.62271], [-74.1749, 40.62253], [-74.1746, 40.62236], [-74.17428, 40.62221], [-74.17395, 40.62207], [-74.17361, 40.62195], [-74.17327, 40.62184], [-74.17271, 40.62171], [-74.17236, 40.62164], [-74.17207, 40.62158], [-74.17181, 40.62154], [-74.17096, 40.62144], [-74.16986, 40.62131], [-74.16954, 40.62127], [-74.16924, 40.62122], [-74.16889, 40.62115], [-74.16878, 40.62112], [-74.16847, 40.62105], [-74.16808, 40.62094], [-74.1677, 40.62079], [-74.16743, 40.62068], [-74.16603, 40.62009], [-74.16571, 40.61995], [-74.16484, 40.61957], [-74.16394, 40.61914], [-74.16337, 40.61885], [-74.16235, 40.61834], [-74.16163, 40.61793], [-74.16052, 40.61723], [-74.15987, 40.61681], [-74.15913, 40.6163], [-74.15862, 40.61594], [-74.15793, 40.61546], [-74.15737, 40.61503], [-74.15651, 40.61435], [-74.15479, 40.61303], [-74.15474, 40.61299], [-74.15387, 40.61232], [-74.15379, 40.61226], [-74.15372, 40.61221], [-74.15317, 40.61176], [-74.1512, 40.61026], [-74.15032, 40.60959], [-74.15019, 40.6095], [-74.14998, 40.60954], [-74.14954, 40.60963], [-74.14878, 40.6092], [-74.14853, 40.60908], [-74.14827, 40.60897], [-74.14801, 40.60886], [-74.14774, 40.60875], [-74.14747, 40.60866], [-74.1472, 40.60856], [-74.14691, 40.60847], [-74.14661, 40.60838], [-74.14631, 40.60831], [-74.14601, 40.60824], [-74.14575, 40.60819], [-74.14549, 40.60814], [-74.14523, 40.6081], [-74.14497, 40.60806], [-74.14471, 40.60803], [-74.14445, 40.60801], [-74.14418, 40.608], [-74.14392, 40.60799], [-74.14283, 40.60799], [-74.14188, 40.60804], [-74.14093, 40.60809], [-74.13997, 40.60815], [-74.13904, 40.6082], [-74.13811, 40.60824], [-74.13717, 40.60829], [-74.13591, 40.60836], [-74.13498, 40.60841], [-74.13404, 40.60845], [-74.13312, 40.60851], [-74.13215, 40.60855], [-74.13212, 40.60826], [-74.1321, 40.60815], [-74.13157, 40.60818], [-74.13094, 40.60821], [-74.12983, 40.6083], [-74.12875, 40.60839], [-74.12784, 40.6085], [-74.12743, 40.60855], [-74.12674, 40.60863], [-74.12651, 40.60866], [-74.12631, 40.6087], [-74.1252, 40.6089], [-74.12515, 40.60891], [-74.12453, 40.60902], [-74.12398, 40.60914], [-74.12351, 40.60923], [-74.12327, 40.60929], [-74.12252, 40.60947], [-74.12247, 40.60948], [-74.12135, 40.60977], [-74.12134, 40.60967], [-74.12127, 40.60936], [-74.12117, 40.60883], [-74.1208, 40.60887], [-74.12066, 40.60889], [-74.12052, 40.60891], [-74.12025, 40.60893], [-74.11913, 40.60906], [-74.11897, 40.60908], [-74.11883, 40.60909], [-74.11869, 40.60911], [-74.11849, 40.60913], [-74.1184, 40.60914], [-74.11834, 40.60914], [-74.11742, 40.60929], [-74.11707, 40.60821], [-74.11649, 40.60766], [-74.11632, 40.60758], [-74.11625, 40.60754], [-74.11616, 40.60748], [-74.11601, 40.60737], [-74.11588, 40.60726], [-74.11586, 40.60715], [-74.11579, 40.60686], [-74.11567, 40.60613], [-74.11555, 40.6054], [-74.11544, 40.60469], [-74.11538, 40.60398], [-74.1153, 40.60387], [-74.11511, 40.60253], [-74.11487, 40.60214], [-74.115, 40.60207], [-74.11684, 40.60189], [-74.11778, 40.60186], [-74.1179, 40.60186], [-74.11958, 40.60182], [-74.1206, 40.60181], [-74.12056, 40.60105], [-74.12057, 40.60096], [-74.12057, 40.60096], [-74.12057, 40.60096], [-74.1206, 40.60087], [-74.1206, 40.60087], [-74.1206, 40.60087], [-74.12064, 40.60078], [-74.12064, 40.60078], [-74.12064, 40.60078], [-74.1207, 40.60071], [-74.12229, 40.59969], [-74.12264, 40.59942], [-74.12319, 40.59919], [-74.12323, 40.5991], [-74.12399, 40.59871], [-74.12454, 40.5984], [-74.12462, 40.59835], [-74.1247, 40.5983], [-74.12479, 40.59827], [-74.12488, 40.59823], [-74.12497, 40.5982], [-74.12506, 40.59818], [-74.12516, 40.59816], [-74.12525, 40.59815], [-74.12535, 40.59814], [-74.12545, 40.59814], [-74.12715, 40.59833], [-74.12798, 40.59842], [-74.12889, 40.59855], [-74.12983, 40.59867], [-74.1308, 40.59884], [-74.13092, 40.59885], [-74.13095, 40.59874], [-74.131, 40.59862], [-74.13106, 40.59851], [-74.13114, 40.59841], [-74.13124, 40.59831], [-74.13205, 40.59782], [-74.13281, 40.59724], [-74.13386, 40.59636], [-74.1351, 40.59453], [-74.13544, 40.59382], [-74.1355, 40.5937], [-74.1364, 40.59197], [-74.1366, 40.59167], [-74.13682, 40.59137], [-74.13705, 40.59107], [-74.13729, 40.59079], [-74.1385, 40.58931], [-74.13864, 40.58906], [-74.14168, 40.58874], [-74.1423, 40.58873], [-74.14387, 40.58862], [-74.14583, 40.58856], [-74.14636, 40.58856], [-74.14645, 40.58856], [-74.14685, 40.58857], [-74.14776, 40.58856], [-74.14791, 40.58856], [-74.14805, 40.58857], [-74.1482, 40.5886], [-74.14834, 40.58864], [-74.14847, 40.5887], [-74.14859, 40.58877], [-74.14869, 40.58884], [-74.14973, 40.58949], [-74.15097, 40.59018], [-74.15216, 40.59084], [-74.15235, 40.59094], [-74.15451, 40.59214], [-74.15537, 40.5926], [-74.1561, 40.59305], [-74.15637, 40.59319], [-74.15796, 40.59409], [-74.158, 40.59412], [-74.15843, 40.59436], [-74.15892, 40.59463], [-74.15989, 40.59517], [-74.16026, 40.59534], [-74.1618, 40.5953], [-74.1619, 40.5953], [-74.16189, 40.59501], [-74.16189, 40.59499], [-74.16189, 40.59484], [-74.16191, 40.59469], [-74.16194, 40.59454], [-74.162, 40.59433], [-74.16209, 40.59408], [-74.16219, 40.59384], [-74.16231, 40.59361], [-74.16245, 40.59338], [-74.1626, 40.59316], [-74.16279, 40.59296], [-74.163, 40.59277], [-74.16322, 40.59259], [-74.16345, 40.59242], [-74.1637, 40.59226], [-74.16363, 40.5924], [-74.16362, 40.59242], [-74.16357, 40.59259], [-74.16352, 40.59276], [-74.1635, 40.59293], [-74.1635, 40.5931], [-74.16351, 40.59327], [-74.1636, 40.59337], [-74.16439, 40.59348], [-74.16639, 40.59374], [-74.16778, 40.59419], [-74.16886, 40.59473], [-74.16828, 40.59643], [-74.168, 40.59792], [-74.16762, 40.59985], [-74.1672, 40.60208], [-74.16901, 40.60227], [-74.17063, 40.60243], [-74.17093, 40.60246], [-74.17123, 40.6025], [-74.17152, 40.60256], [-74.17181, 40.60264], [-74.17209, 40.60273], [-74.17235, 40.60285], [-74.1726, 40.60297], [-74.17489, 40.60222], [-74.17583, 40.60153], [-74.17822, 40.59983], [-74.17932, 40.59676], [-74.18183, 40.59409], [-74.18468, 40.59148], [-74.18683, 40.58907], [-74.1873, 40.58849], [-74.18537, 40.58745], [-74.18552, 40.58744], [-74.18566, 40.58742], [-74.18581, 40.5874], [-74.18595, 40.58737], [-74.18609, 40.58733], [-74.18623, 40.58729], [-74.18637, 40.58725], [-74.1865, 40.58719], [-74.18681, 40.5871], [-74.18705, 40.58708], [-74.18719, 40.58705], [-74.18733, 40.587], [-74.18747, 40.58696], [-74.1876, 40.5869], [-74.18773, 40.58684], [-74.18785, 40.58678], [-74.18797, 40.58671], [-74.18809, 40.58664], [-74.1882, 40.58656], [-74.1883, 40.58648], [-74.1886, 40.58611], [-74.18877, 40.58601], [-74.18895, 40.58591], [-74.18914, 40.58582], [-74.18932, 40.58574], [-74.18952, 40.58566], [-74.18972, 40.58559], [-74.19079, 40.58519], [-74.19132, 40.5857], [-74.19226, 40.58521], [-74.19232, 40.58491], [-74.19252, 40.58516], [-74.19332, 40.58504], [-74.19423, 40.58515], [-74.19965, 40.58226], [-74.20049, 40.57995], [-74.20052, 40.57996], [-74.20054, 40.57997], [-74.20056, 40.57997], [-74.20059, 40.57996], [-74.20062, 40.57995], [-74.20066, 40.57993], [-74.20069, 40.57992], [-74.20073, 40.57991], [-74.2008, 40.5799], [-74.20085, 40.57991], [-74.20094, 40.57992], [-74.20103, 40.57993], [-74.2011, 40.57993], [-74.20116, 40.57993], [-74.20121, 40.57993], [-74.20125, 40.57994], [-74.20129, 40.57994], [-74.20132, 40.57995], [-74.20135, 40.57996], [-74.20138, 40.57997], [-74.2014, 40.57999], [-74.20143, 40.58002], [-74.20145, 40.58003], [-74.20148, 40.58005], [-74.20154, 40.58008], [-74.20159, 40.5801], [-74.20163, 40.58011], [-74.20168, 40.58011], [-74.20174, 40.58012], [-74.20176, 40.58012], [-74.2018, 40.58012], [-74.20184, 40.58014], [-74.20188, 40.58016], [-74.20191, 40.58017], [-74.20195, 40.58019], [-74.202, 40.58019], [-74.20205, 40.58019], [-74.2021, 40.58018], [-74.20214, 40.58019], [-74.20217, 40.5802], [-74.20231, 40.58024], [-74.20241, 40.58026], [-74.20251, 40.58028], [-74.20255, 40.58029], [-74.2026, 40.58029], [-74.20265, 40.5803], [-74.2027, 40.5803], [-74.20277, 40.58032], [-74.20281, 40.58032], [-74.20286, 40.58033], [-74.203, 40.58035], [-74.20309, 40.58036], [-74.20315, 40.58037], [-74.20319, 40.58037], [-74.20323, 40.58037], [-74.20327, 40.58037], [-74.20332, 40.58039], [-74.20338, 40.5804], [-74.20343, 40.58042], [-74.20347, 40.58043], [-74.20351, 40.58044], [-74.20354, 40.58044], [-74.20356, 40.58043], [-74.20366, 40.58042], [-74.20376, 40.5804], [-74.20385, 40.58038], [-74.20395, 40.58034], [-74.20403, 40.58033], [-74.2042, 40.58032], [-74.20437, 40.5803], [-74.20454, 40.58028], [-74.20456, 40.58028], [-74.20459, 40.58028], [-74.20461, 40.58027], [-74.20464, 40.58026], [-74.20466, 40.58025], [-74.20467, 40.58024], [-74.20469, 40.58022], [-74.2047, 40.5802], [-74.2047, 40.58018], [-74.20477, 40.58014], [-74.20483, 40.58011], [-74.2049, 40.58008], [-74.20497, 40.58005], [-74.20505, 40.58003], [-74.20513, 40.58002], [-74.20521, 40.58001], [-74.20523, 40.58001], [-74.20526, 40.58001], [-74.20528, 40.58001], [-74.2053, 40.58], [-74.20533, 40.57999], [-74.20535, 40.57998], [-74.20536, 40.57997], [-74.20538, 40.57995], [-74.20539, 40.57993], [-74.20544, 40.5799], [-74.2055, 40.57988], [-74.20556, 40.57986], [-74.20562, 40.57984], [-74.20569, 40.57983], [-74.20575, 40.57983], [-74.20584, 40.57984], [-74.20593, 40.57989], [-74.20595, 40.57995], [-74.20596, 40.58005], [-74.20599, 40.58008], [-74.206, 40.5802], [-74.20601, 40.58025], [-74.20601, 40.58028], [-74.206, 40.5803], [-74.20599, 40.58032], [-74.20599, 40.58034], [-74.20599, 40.58037], [-74.20599, 40.5804], [-74.20599, 40.58041], [-74.20598, 40.58042], [-74.20595, 40.58045], [-74.20592, 40.58047], [-74.20592, 40.58049], [-74.20592, 40.58051], [-74.2059, 40.58053], [-74.20589, 40.58056], [-74.20582, 40.5806], [-74.20578, 40.58064], [-74.20577, 40.58066], [-74.20576, 40.58068], [-74.20576, 40.58071], [-74.20576, 40.58073], [-74.20575, 40.58075], [-74.20576, 40.58076], [-74.20577, 40.58079], [-74.20577, 40.58081], [-74.20577, 40.58083], [-74.20575, 40.58086], [-74.20574, 40.58087], [-74.20574, 40.58088], [-74.20574, 40.58091], [-74.20574, 40.58094], [-74.20572, 40.58097], [-74.2057, 40.58098], [-74.20566, 40.58099], [-74.20562, 40.58101], [-74.20558, 40.58103], [-74.20544, 40.58105], [-74.20542, 40.58107], [-74.20541, 40.58109], [-74.20541, 40.58112], [-74.20539, 40.58114], [-74.20538, 40.58114], [-74.20536, 40.58115], [-74.20532, 40.58117], [-74.20529, 40.5812], [-74.20527, 40.58123], [-74.20527, 40.58126], [-74.20527, 40.58129], [-74.20527, 40.58135], [-74.20527, 40.58137], [-74.20525, 40.5814], [-74.20521, 40.58144], [-74.20517, 40.58147], [-74.20514, 40.5815], [-74.20513, 40.58153], [-74.20512, 40.58155], [-74.20511, 40.58157], [-74.20508, 40.5816], [-74.20507, 40.58163], [-74.20507, 40.58166], [-74.20508, 40.58169], [-74.20509, 40.58169], [-74.20511, 40.5817], [-74.20512, 40.58172], [-74.20512, 40.58178], [-74.20512, 40.58182], [-74.20509, 40.58185], [-74.20507, 40.58188], [-74.20507, 40.58191], [-74.2051, 40.58198], [-74.20513, 40.58202], [-74.20513, 40.58204], [-74.20513, 40.58207], [-74.20513, 40.58208], [-74.20511, 40.58211], [-74.2051, 40.58213], [-74.2051, 40.58217], [-74.20509, 40.58219], [-74.20509, 40.58221], [-74.20507, 40.58223], [-74.20506, 40.58226], [-74.20506, 40.58229], [-74.20504, 40.58232], [-74.20504, 40.58237], [-74.20502, 40.58239], [-74.205, 40.58241], [-74.20499, 40.58246], [-74.20498, 40.5825], [-74.20498, 40.58253], [-74.20497, 40.58256], [-74.20489, 40.58263], [-74.20488, 40.58266], [-74.20486, 40.58267], [-74.20483, 40.58268], [-74.2048, 40.58269], [-74.20478, 40.58268], [-74.20477, 40.58269], [-74.20476, 40.58271], [-74.20476, 40.58273], [-74.20476, 40.58275], [-74.20476, 40.58276], [-74.20474, 40.58278], [-74.20472, 40.58279], [-74.20471, 40.5828], [-74.2047, 40.58282], [-74.2047, 40.58284], [-74.20472, 40.58287], [-74.20473, 40.58289], [-74.20475, 40.58292], [-74.20475, 40.58295], [-74.20475, 40.58297], [-74.20474, 40.58298], [-74.20473, 40.58299], [-74.20471, 40.58299], [-74.20471, 40.583], [-74.2047, 40.58301], [-74.2047, 40.58303], [-74.20471, 40.58305], [-74.20473, 40.58306], [-74.20474, 40.58307], [-74.20475, 40.58308], [-74.20475, 40.58309], [-74.20476, 40.5831], [-74.20475, 40.58312], [-74.20474, 40.58314], [-74.20474, 40.58316], [-74.20474, 40.58318], [-74.20473, 40.58318], [-74.20471, 40.58318], [-74.20466, 40.58318], [-74.20464, 40.58319], [-74.20462, 40.58321], [-74.20462, 40.58322], [-74.20462, 40.58324], [-74.20462, 40.58326], [-74.20461, 40.58328], [-74.2046, 40.58329], [-74.20459, 40.5833], [-74.20458, 40.58331], [-74.20454, 40.58338], [-74.20453, 40.58343], [-74.20452, 40.5835], [-74.20451, 40.58354], [-74.2045, 40.58357], [-74.20447, 40.58361], [-74.20443, 40.58365], [-74.2044, 40.58371], [-74.2044, 40.58375], [-74.2044, 40.5838], [-74.2044, 40.58385], [-74.20441, 40.58388], [-74.20445, 40.58395], [-74.20446, 40.58399], [-74.20447, 40.58404], [-74.20449, 40.58408], [-74.20454, 40.58416], [-74.20462, 40.58425], [-74.20463, 40.58429], [-74.20463, 40.58432], [-74.20463, 40.58435], [-74.2046, 40.58438], [-74.20442, 40.58452], [-74.2044, 40.58455], [-74.20438, 40.58459], [-74.20436, 40.58463], [-74.20436, 40.58468], [-74.20437, 40.58472], [-74.2044, 40.58477], [-74.20441, 40.58481], [-74.20442, 40.58485], [-74.20442, 40.58489], [-74.20442, 40.58493], [-74.20442, 40.58499], [-74.20444, 40.58505], [-74.20444, 40.58507], [-74.20443, 40.5851], [-74.20441, 40.58513], [-74.20441, 40.58516], [-74.20442, 40.5852], [-74.2044, 40.58546], [-74.20441, 40.58549], [-74.20442, 40.58552], [-74.2044, 40.58555], [-74.20436, 40.58556], [-74.20434, 40.58557], [-74.20433, 40.58558], [-74.20432, 40.5856], [-74.20432, 40.5856], [-74.20432, 40.58561], [-74.20432, 40.58562], [-74.20432, 40.58562], [-74.20432, 40.58564], [-74.20434, 40.58566], [-74.20435, 40.58568], [-74.20435, 40.5857], [-74.20434, 40.58575], [-74.20431, 40.58578], [-74.20425, 40.58581], [-74.20417, 40.58582], [-74.20414, 40.58584], [-74.20412, 40.58586], [-74.20412, 40.5859], [-74.20414, 40.58593], [-74.20417, 40.58596], [-74.20421, 40.58601], [-74.20422, 40.58604], [-74.20426, 40.58608], [-74.20428, 40.58611], [-74.20428, 40.58614], [-74.20426, 40.58624], [-74.20426, 40.58626], [-74.20426, 40.58628], [-74.20425, 40.58631], [-74.20424, 40.58632], [-74.20422, 40.58633], [-74.20422, 40.58635], [-74.2042, 40.58641], [-74.2042, 40.58645], [-74.20422, 40.58662], [-74.20424, 40.58672], [-74.20424, 40.58679], [-74.20424, 40.58679], [-74.20425, 40.58683], [-74.20425, 40.58686], [-74.20425, 40.58691], [-74.20425, 40.58702], [-74.20426, 40.58726], [-74.20427, 40.58732], [-74.20429, 40.58738], [-74.20435, 40.58748], [-74.20438, 40.58756], [-74.20438, 40.58765], [-74.20439, 40.58775], [-74.20438, 40.58782], [-74.20438, 40.58788], [-74.20439, 40.58793], [-74.2044, 40.58795], [-74.20443, 40.58796], [-74.20449, 40.58797], [-74.20454, 40.58799], [-74.20456, 40.58803], [-74.20458, 40.58811], [-74.20458, 40.58822], [-74.20455, 40.58829], [-74.2045, 40.58834], [-74.20443, 40.58837], [-74.20441, 40.58841], [-74.20441, 40.58842], [-74.20438, 40.58842], [-74.20435, 40.58843], [-74.20433, 40.58844], [-74.20431, 40.58845], [-74.20429, 40.58847], [-74.20427, 40.58848], [-74.20426, 40.5885], [-74.20426, 40.58852], [-74.20425, 40.58854], [-74.20426, 40.58856], [-74.20426, 40.58859], [-74.20426, 40.58863], [-74.20424, 40.58864], [-74.20423, 40.58865], [-74.2042, 40.58866], [-74.20418, 40.58867], [-74.20416, 40.58872], [-74.20413, 40.58877], [-74.20412, 40.58883], [-74.20412, 40.58888], [-74.20413, 40.58894], [-74.20415, 40.58899], [-74.20417, 40.58904], [-74.2042, 40.58909], [-74.20432, 40.58914], [-74.20457, 40.58872], [-74.20471, 40.58877], [-74.20447, 40.58918], [-74.20444, 40.58922], [-74.20465, 40.58929], [-74.20441, 40.58971], [-74.2042, 40.58964], [-74.2041, 40.58984], [-74.20386, 40.59025], [-74.2037, 40.5902], [-74.20394, 40.58981], [-74.20389, 40.58979], [-74.20266, 40.59072], [-74.20263, 40.5907], [-74.2026, 40.59068], [-74.20257, 40.59066], [-74.20254, 40.59065], [-74.2025, 40.59064], [-74.20246, 40.59064], [-74.20242, 40.59064], [-74.20238, 40.59064], [-74.20234, 40.59066], [-74.20231, 40.59067], [-74.20228, 40.59069], [-74.20222, 40.59075], [-74.20215, 40.5908], [-74.20209, 40.59085], [-74.20201, 40.5909], [-74.20247, 40.59084], [-74.20259, 40.59088], [-74.20305, 40.59114], [-74.20296, 40.59123], [-74.20246, 40.59095], [-74.20203, 40.591], [-74.20207, 40.59114], [-74.20209, 40.59118], [-74.20211, 40.59121], [-74.20211, 40.59122], [-74.20212, 40.59122], [-74.20212, 40.59123], [-74.20212, 40.59123], [-74.20213, 40.59124], [-74.20213, 40.59125], [-74.20212, 40.59125], [-74.20212, 40.59126], [-74.20212, 40.59126], [-74.20211, 40.59129], [-74.20209, 40.5913], [-74.20207, 40.59132], [-74.20202, 40.59133], [-74.20198, 40.59135], [-74.20194, 40.59137], [-74.2019, 40.59139], [-74.20187, 40.59143], [-74.20185, 40.59147], [-74.20184, 40.59151], [-74.20183, 40.59154], [-74.20183, 40.59158], [-74.20183, 40.59161], [-74.20184, 40.59164], [-74.20186, 40.59166], [-74.20188, 40.59169], [-74.20192, 40.59172], [-74.20196, 40.59174], [-74.20199, 40.59178], [-74.202, 40.59178], [-74.2023, 40.59147], [-74.20232, 40.59148], [-74.20229, 40.59151], [-74.20232, 40.59152], [-74.20231, 40.59153], [-74.20228, 40.59152], [-74.2021, 40.5917], [-74.20202, 40.59179], [-74.20206, 40.59181], [-74.20201, 40.59186], [-74.20194, 40.59182], [-74.20176, 40.59202], [-74.20182, 40.59205], [-74.20178, 40.5921], [-74.20172, 40.59205], [-74.2013, 40.59253], [-74.20129, 40.59252], [-74.20093, 40.59287], [-74.20075, 40.59275], [-74.20069, 40.59275], [-74.20063, 40.59276], [-74.20057, 40.59277], [-74.20052, 40.59279], [-74.20047, 40.59281], [-74.20043, 40.59284], [-74.20043, 40.59289], [-74.20042, 40.59293], [-74.20041, 40.59298], [-74.20039, 40.59302], [-74.20036, 40.59306], [-74.20033, 40.5931], [-74.20029, 40.59313], [-74.20023, 40.59317], [-74.20016, 40.5932], [-74.20004, 40.59329], [-74.19994, 40.59337], [-74.19984, 40.59347], [-74.19974, 40.59356], [-74.19965, 40.59366], [-74.19957, 40.59377], [-74.19949, 40.59387], [-74.19942, 40.59398], [-74.19936, 40.59409], [-74.19939, 40.59414], [-74.19942, 40.59418], [-74.19946, 40.59422], [-74.19947, 40.59422], [-74.19948, 40.59423], [-74.19949, 40.59423], [-74.19949, 40.59424], [-74.1995, 40.59425], [-74.1995, 40.59426], [-74.1995, 40.59427], [-74.1995, 40.59428], [-74.19949, 40.5943], [-74.19948, 40.59432], [-74.19947, 40.59434], [-74.19946, 40.59435], [-74.19943, 40.59438], [-74.1994, 40.59441], [-74.19936, 40.59444], [-74.19933, 40.59446], [-74.19929, 40.59447], [-74.19921, 40.59454], [-74.19902, 40.59468], [-74.19895, 40.59478], [-74.1989, 40.59488], [-74.19889, 40.5949], [-74.19887, 40.59494], [-74.19886, 40.59495], [-74.1988, 40.59495], [-74.19877, 40.59496], [-74.19877, 40.59497], [-74.19873, 40.59501], [-74.1987, 40.59506], [-74.19867, 40.59511], [-74.19866, 40.59517], [-74.19863, 40.59523], [-74.19863, 40.59528], [-74.19863, 40.59534], [-74.19863, 40.59539], [-74.19861, 40.59544], [-74.19859, 40.5955], [-74.19856, 40.59555], [-74.19853, 40.5956], [-74.1985, 40.59566], [-74.19845, 40.5957], [-74.19843, 40.59576], [-74.1984, 40.59579], [-74.19835, 40.59583], [-74.19831, 40.59588], [-74.19825, 40.59591], [-74.19822, 40.59596], [-74.19819, 40.59601], [-74.19816, 40.59606], [-74.19812, 40.59611], [-74.19808, 40.59616], [-74.19804, 40.59621], [-74.19801, 40.59626], [-74.198, 40.5963], [-74.198, 40.59633], [-74.19797, 40.59638], [-74.19796, 40.59644], [-74.19795, 40.59647], [-74.19791, 40.59652], [-74.19788, 40.59655], [-74.19788, 40.59655], [-74.19788, 40.59656], [-74.19787, 40.59656], [-74.19784, 40.59659], [-74.1978, 40.59664], [-74.19777, 40.59667], [-74.19773, 40.59669], [-74.19769, 40.59674], [-74.19764, 40.59678], [-74.1976, 40.59679], [-74.19759, 40.59679], [-74.19756, 40.5968], [-74.19755, 40.5968], [-74.19752, 40.5968], [-74.19751, 40.5968], [-74.19751, 40.59735], [-74.19752, 40.59736], [-74.19751, 40.59738], [-74.19748, 40.5974], [-74.19746, 40.59744], [-74.19745, 40.5975], [-74.19745, 40.59756], [-74.19746, 40.59761], [-74.19748, 40.59766], [-74.19749, 40.5977], [-74.1975, 40.59772], [-74.19748, 40.59774], [-74.19743, 40.59776], [-74.19738, 40.59781], [-74.19738, 40.59783], [-74.19736, 40.59789], [-74.19734, 40.59795], [-74.19731, 40.59799], [-74.1973, 40.59802], [-74.19731, 40.59806], [-74.19733, 40.59811], [-74.19738, 40.59816], [-74.19742, 40.5982], [-74.19744, 40.59846], [-74.19833, 40.60066], [-74.19876, 40.60171], [-74.19918, 40.60236], [-74.20015, 40.60368], [-74.20139, 40.60464], [-74.20222, 40.60597], [-74.20282, 40.60827], [-74.20274, 40.60883], [-74.20267, 40.60983], [-74.2023, 40.61188], [-74.20244, 40.61328], [-74.20064, 40.61603], [-74.20038, 40.61643], [-74.20059, 40.61703], [-74.20069, 40.61704], [-74.20076, 40.61705], [-74.20081, 40.61707], [-74.20083, 40.61709], [-74.20083, 40.61714], [-74.20084, 40.61717], [-74.20085, 40.6172], [-74.20085, 40.61726], [-74.20084, 40.61732], [-74.20085, 40.61737], [-74.20086, 40.61743], [-74.20088, 40.61748], [-74.20088, 40.61754], [-74.20088, 40.61759], [-74.20089, 40.61765], [-74.2009, 40.61771], [-74.20091, 40.61776], [-74.20091, 40.6178], [-74.20091, 40.61784], [-74.20088, 40.61787], [-74.20087, 40.61788], [-74.20089, 40.61793], [-74.20089, 40.61797], [-74.2009, 40.618], [-74.20089, 40.61803], [-74.20088, 40.61806], [-74.20087, 40.6181], [-74.20085, 40.61811], [-74.20082, 40.61812], [-74.20078, 40.61811], [-74.20076, 40.61809], [-74.20074, 40.61804], [-74.20071, 40.61799], [-74.2007, 40.61798], [-74.20064, 40.61797], [-74.20058, 40.61798], [-74.20055, 40.61799], [-74.20054, 40.618], [-74.20049, 40.61804], [-74.20044, 40.61808], [-74.20042, 40.61813], [-74.20039, 40.61818], [-74.20036, 40.61823], [-74.20035, 40.61829], [-74.20035, 40.61834], [-74.20037, 40.6184], [-74.2004, 40.61845], [-74.20042, 40.6185], [-74.20044, 40.61854], [-74.20048, 40.61859], [-74.20052, 40.61863], [-74.20057, 40.61867], [-74.20064, 40.6187], [-74.20071, 40.61872], [-74.20077, 40.61874], [-74.20081, 40.61877], [-74.20084, 40.6188], [-74.20083, 40.61884], [-74.20082, 40.61886], [-74.20076, 40.61889], [-74.20071, 40.61892], [-74.2007, 40.61895], [-74.2007, 40.61901], [-74.20069, 40.61907], [-74.20068, 40.61911], [-74.20068, 40.61917], [-74.20069, 40.61921], [-74.20071, 40.61926], [-74.20071, 40.61929], [-74.20074, 40.61935], [-74.20075, 40.61939], [-74.20075, 40.61939], [-74.20076, 40.6194], [-74.20078, 40.61946], [-74.2008, 40.61951], [-74.20082, 40.61957], [-74.20086, 40.61962], [-74.2009, 40.61967], [-74.20094, 40.61972], [-74.20097, 40.61977], [-74.20097, 40.61981], [-74.20097, 40.61987], [-74.20098, 40.61991], [-74.20099, 40.61997], [-74.20102, 40.62002], [-74.20103, 40.62007], [-74.20104, 40.6201], [-74.20103, 40.62012], [-74.20101, 40.62013], [-74.201, 40.62014], [-74.20098, 40.62017], [-74.20098, 40.6202], [-74.20098, 40.62023], [-74.20098, 40.62029], [-74.20099, 40.62032], [-74.201, 40.62035], [-74.20104, 40.62036], [-74.20107, 40.62037], [-74.20107, 40.62038], [-74.20105, 40.62039], [-74.201, 40.6204], [-74.20092, 40.6204], [-74.20085, 40.6204], [-74.20077, 40.62039], [-74.2007, 40.62037], [-74.20064, 40.62034], [-74.20058, 40.62031], [-74.20054, 40.6203], [-74.20051, 40.6203], [-74.20047, 40.62033], [-74.20046, 40.62035], [-74.20046, 40.62038], [-74.20049, 40.62041], [-74.20051, 40.62043], [-74.2005, 40.62046], [-74.20047, 40.62047], [-74.20043, 40.62048], [-74.20043, 40.6205], [-74.20044, 40.62054], [-74.20046, 40.62055], [-74.20053, 40.62057], [-74.20057, 40.62058], [-74.20064, 40.62058], [-74.20072, 40.62057], [-74.20077, 40.62057], [-74.20085, 40.62058], [-74.20087, 40.62059], [-74.20088, 40.62061], [-74.20088, 40.62066], [-74.2009, 40.62068], [-74.20093, 40.62069], [-74.20093, 40.6207], [-74.20092, 40.62073], [-74.20093, 40.62074], [-74.20098, 40.62077], [-74.20099, 40.62078], [-74.20099, 40.62084], [-74.201, 40.62089], [-74.20102, 40.62093], [-74.20107, 40.62096], [-74.20109, 40.62102], [-74.20112, 40.62107], [-74.20112, 40.6211], [-74.20113, 40.62114], [-74.20114, 40.62117], [-74.20115, 40.6212], [-74.20118, 40.62124], [-74.2012, 40.6213], [-74.20121, 40.62136], [-74.20123, 40.62141], [-74.20123, 40.62147], [-74.20123, 40.62151], [-74.20126, 40.62155], [-74.20129, 40.62159], [-74.20133, 40.62159], [-74.20138, 40.6216], [-74.20143, 40.62161], [-74.20144, 40.62162], [-74.20142, 40.62165], [-74.2014, 40.62165], [-74.20133, 40.62165], [-74.20131, 40.62166], [-74.2013, 40.62169], [-74.2013, 40.62175], [-74.2013, 40.62181], [-74.20129, 40.62186], [-74.20128, 40.62188], [-74.20127, 40.62192], [-74.20127, 40.62192], [-74.20126, 40.62196], [-74.20124, 40.62202], [-74.20123, 40.62207], [-74.20123, 40.62213], [-74.20123, 40.62219], [-74.20124, 40.62224], [-74.20126, 40.62229], [-74.20128, 40.62235], [-74.20129, 40.62241], [-74.20131, 40.62246], [-74.20132, 40.62252], [-74.20132, 40.62257], [-74.20131, 40.62262], [-74.20129, 40.62267], [-74.20128, 40.62269], [-74.20128, 40.6227], [-74.2013, 40.62271], [-74.20138, 40.62269], [-74.20145, 40.62268], [-74.20152, 40.62269], [-74.20155, 40.6227], [-74.20156, 40.62273], [-74.20157, 40.62279], [-74.20157, 40.62284], [-74.20159, 40.6229], [-74.2016, 40.62295], [-74.20162, 40.62301], [-74.20163, 40.62306], [-74.20163, 40.62312], [-74.20163, 40.62318], [-74.20163, 40.62323], [-74.20163, 40.62329], [-74.20162, 40.62335], [-74.20161, 40.6234], [-74.2016, 40.62346], [-74.20159, 40.6235], [-74.20156, 40.62352], [-74.20152, 40.62354], [-74.20145, 40.62354], [-74.20137, 40.62354], [-74.20134, 40.62355], [-74.20133, 40.62357], [-74.20134, 40.62359], [-74.20138, 40.62363], [-74.20141, 40.62366], [-74.20141, 40.62369], [-74.2014, 40.62374], [-74.20137, 40.62379], [-74.20133, 40.62383], [-74.20128, 40.62388], [-74.20123, 40.62391], [-74.20118, 40.62394], [-74.20114, 40.62399], [-74.2011, 40.62404], [-74.20108, 40.62408], [-74.20108, 40.62414], [-74.20109, 40.62419], [-74.20109, 40.62425], [-74.2011, 40.62431], [-74.20114, 40.62436], [-74.20115, 40.62441], [-74.20114, 40.62447], [-74.20114, 40.62452], [-74.20113, 40.62458], [-74.20112, 40.62464], [-74.20111, 40.62469], [-74.20109, 40.62475], [-74.20107, 40.6248], [-74.20106, 40.62486], [-74.20104, 40.62491], [-74.20104, 40.62497], [-74.20103, 40.62503], [-74.20102, 40.62508], [-74.20101, 40.62514], [-74.20101, 40.62517], [-74.20101, 40.62519], [-74.201, 40.62525], [-74.20099, 40.62531], [-74.20098, 40.62536], [-74.20098, 40.6254], [-74.20101, 40.62543], [-74.20104, 40.62546], [-74.20105, 40.6255], [-74.20106, 40.62556], [-74.20106, 40.62562], [-74.20106, 40.62567], [-74.20106, 40.62573], [-74.20106, 40.62578], [-74.20106, 40.62584], [-74.20106, 40.6259], [-74.20108, 40.62595], [-74.2011, 40.626], [-74.20113, 40.62605], [-74.20117, 40.6261], [-74.20118, 40.62611], [-74.20121, 40.62611], [-74.20122, 40.62605], [-74.20142, 40.62607], [-74.20139, 40.62625], [-74.20139, 40.62625], [-74.20099, 40.62934], [-74.2008, 40.62933], [-74.20075, 40.62959], [-74.20062, 40.62959], [-74.20061, 40.62961], [-74.20058, 40.62963], [-74.20053, 40.62964], [-74.20048, 40.62966], [-74.20045, 40.62971], [-74.20044, 40.62976], [-74.20043, 40.62982], [-74.20042, 40.62988], [-74.20043, 40.62993], [-74.20043, 40.62998], [-74.20042, 40.63004], [-74.20042, 40.63009], [-74.20042, 40.63015], [-74.20041, 40.63021], [-74.20041, 40.63025], [-74.20043, 40.63025], [-74.20043, 40.63025], [-74.20043, 40.63024], [-74.20046, 40.63024], [-74.20047, 40.63025], [-74.20048, 40.63025], [-74.20053, 40.63026], [-74.20053, 40.63025], [-74.20062, 40.63026], [-74.20062, 40.63027], [-74.20072, 40.63027], [-74.20073, 40.63027], [-74.20073, 40.63026], [-74.20073, 40.63026], [-74.20074, 40.63025], [-74.20074, 40.63025], [-74.20075, 40.63025], [-74.20075, 40.63025], [-74.20076, 40.63025], [-74.20076, 40.63025], [-74.20077, 40.63025], [-74.20077, 40.63025], [-74.20078, 40.63025], [-74.20078, 40.63025], [-74.20079, 40.63025], [-74.20079, 40.63025], [-74.20079, 40.63026], [-74.20079, 40.63026], [-74.20079, 40.63026], [-74.20079, 40.63027], [-74.20079, 40.63028], [-74.20079, 40.63035], [-74.20079, 40.63035], [-74.20078, 40.63035], [-74.20078, 40.63036], [-74.20078, 40.63036], [-74.20077, 40.63036], [-74.20077, 40.63037], [-74.20076, 40.63037], [-74.20076, 40.63037], [-74.20075, 40.63037], [-74.20075, 40.63037], [-74.20074, 40.63037], [-74.20073, 40.63037], [-74.20072, 40.63036], [-74.20072, 40.63036], [-74.20071, 40.63035], [-74.20071, 40.63035], [-74.20071, 40.63034], [-74.20071, 40.63034], [-74.20071, 40.63033], [-74.20071, 40.63032], [-74.2004, 40.63029], [-74.20039, 40.63037], [-74.20037, 40.63043], [-74.20036, 40.63048], [-74.20036, 40.63054], [-74.20034, 40.6306], [-74.20034, 40.63065], [-74.20033, 40.63071], [-74.20033, 40.63077], [-74.20032, 40.63082], [-74.20031, 40.63088], [-74.20029, 40.63093], [-74.20027, 40.63099], [-74.20026, 40.63105], [-74.20024, 40.6311], [-74.20023, 40.63116], [-74.20022, 40.63121], [-74.2002, 40.63127], [-74.20019, 40.63132], [-74.20019, 40.63132], [-74.20018, 40.63133], [-74.20035, 40.63138], [-74.20036, 40.63136], [-74.20037, 40.63135], [-74.20037, 40.63135], [-74.20038, 40.63135], [-74.20039, 40.63135], [-74.20039, 40.63134], [-74.2004, 40.63134], [-74.20041, 40.63134], [-74.20041, 40.63135], [-74.20042, 40.63135], [-74.20042, 40.63135], [-74.20043, 40.63136], [-74.20043, 40.63136], [-74.20044, 40.63136], [-74.20044, 40.63137], [-74.20044, 40.63137], [-74.20041, 40.63143], [-74.20041, 40.63144], [-74.20041, 40.63144], [-74.2004, 40.63145], [-74.2004, 40.63145], [-74.20039, 40.63145], [-74.20039, 40.63145], [-74.20038, 40.63146], [-74.20037, 40.63146], [-74.20036, 40.63146], [-74.20036, 40.63145], [-74.20035, 40.63145], [-74.20034, 40.63145], [-74.20034, 40.63144], [-74.20033, 40.63144], [-74.20033, 40.63144], [-74.20033, 40.63143], [-74.20033, 40.63142], [-74.20033, 40.63142], [-74.20033, 40.63141], [-74.20033, 40.63141], [-74.20034, 40.6314], [-74.20017, 40.63136], [-74.20016, 40.63143], [-74.20014, 40.63148], [-74.20011, 40.63153], [-74.20007, 40.63158], [-74.20002, 40.63162], [-74.19997, 40.63166], [-74.19992, 40.6317], [-74.19986, 40.63174], [-74.1998, 40.63178], [-74.19975, 40.63182], [-74.1997, 40.63185], [-74.19968, 40.63187], [-74.19958, 40.63194], [-74.19922, 40.63225], [-74.19889, 40.63251], [-74.19883, 40.63257], [-74.19869, 40.6327], [-74.19857, 40.63277], [-74.19852, 40.63278], [-74.1985, 40.6328], [-74.19848, 40.63283], [-74.19848, 40.63283], [-74.19842, 40.63287], [-74.19838, 40.63292], [-74.19834, 40.63296], [-74.19834, 40.63298], [-74.19835, 40.63301], [-74.1984, 40.63305], [-74.1984, 40.63308], [-74.19838, 40.63311], [-74.19837, 40.63312], [-74.19837, 40.63312], [-74.19834, 40.63314], [-74.19828, 40.63318], [-74.19823, 40.63321], [-74.19816, 40.63323], [-74.19809, 40.63326], [-74.19803, 40.63327], [-74.19796, 40.63327], [-74.19792, 40.63325], [-74.19786, 40.63321], [-74.1978, 40.63318], [-74.19775, 40.63314], [-74.19771, 40.63312], [-74.19771, 40.63312], [-74.19769, 40.63311], [-74.19762, 40.63308], [-74.19759, 40.63308], [-74.19756, 40.6331], [-74.19755, 40.63312], [-74.19755, 40.63312], [-74.19753, 40.63315], [-74.19749, 40.6332], [-74.19746, 40.63322], [-74.1974, 40.63325], [-74.19733, 40.63327], [-74.19729, 40.63329], [-74.19727, 40.63331], [-74.19728, 40.63337], [-74.19729, 40.63341], [-74.19726, 40.63345], [-74.19723, 40.6335], [-74.19723, 40.63353], [-74.19725, 40.63358], [-74.19727, 40.63363], [-74.19729, 40.63369], [-74.19729, 40.63374], [-74.19727, 40.63379], [-74.19724, 40.63384], [-74.19719, 40.63388], [-74.19715, 40.63393], [-74.19711, 40.63396], [-74.19707, 40.63396], [-74.19703, 40.63394], [-74.19701, 40.63394], [-74.19694, 40.63394], [-74.19689, 40.63395], [-74.19685, 40.63397], [-74.19681, 40.63401], [-74.19677, 40.63403], [-74.1967, 40.63403], [-74.19663, 40.63404], [-74.19658, 40.63406], [-74.19652, 40.6341], [-74.19647, 40.63414], [-74.19643, 40.63418], [-74.1964, 40.63423], [-74.19639, 40.63427], [-74.19639, 40.63431], [-74.19638, 40.63436], [-74.19637, 40.63442], [-74.19635, 40.63447], [-74.19633, 40.63453], [-74.19625, 40.63456], [-74.19618, 40.63463], [-74.1962, 40.63469], [-74.1962, 40.63473], [-74.19616, 40.63478], [-74.19614, 40.63479], [-74.19612, 40.63481], [-74.1961, 40.63483], [-74.19603, 40.63488], [-74.19602, 40.63491], [-74.19603, 40.63497], [-74.19603, 40.635], [-74.19596, 40.63503], [-74.19588, 40.63507], [-74.19581, 40.63506], [-74.19569, 40.63502]]]}}, {"type": "Feature", "properties": {"zone_id": 32, "zone": "Bronxdale", "borough": "Bronx", "demand": 7}, "geometry": {"type": "Polygon", "coordinates": [[[-73.85883, 40.85806], [-73.86179, 40.85798], [-73.86288, 40.85795], [-73.86296, 40.85795], [-73.86319, 40.85794], [-73.86326, 40.85794], [-73.86387, 40.85793], [-73.86396, 40.85792], [-73.86455, 40.85791], [-73.86467, 40.8579], [-73.86564, 40.85788], [-73.86658, 40.85785], [-73.86759, 40.85783], [-73.86802, 40.85783], [-73.86808, 40.85785], [-73.86813, 40.85788], [-73.86817, 40.85792], [-73.8682, 40.85797], [-73.8682, 40.85802], [-73.86819, 40.85806], [-73.86842, 40.85778], [-73.8689, 40.85777], [-73.86955, 40.85773], [-73.87085, 40.85729], [-73.87088, 40.85728], [-73.87089, 40.85727], [-73.87089, 40.85727], [-73.87089, 40.85727], [-73.87094, 40.85727], [-73.87094, 40.85727], [-73.87094, 40.85727], [-73.871, 40.85728], [-73.871, 40.85728], [-73.871, 40.85728], [-73.87105, 40.8573], [-73.87105, 40.8573], [-73.87105, 40.8573], [-73.87108, 40.85734], [-73.87108, 40.85734], [-73.87108, 40.85734], [-73.87108, 40.85738], [-73.87103, 40.85781], [-73.87098, 40.8582], [-73.87088, 40.85889], [-73.87058, 40.8614], [-73.87046, 40.86327], [-73.87042, 40.86536], [-73.87046, 40.86663], [-73.87049, 40.86795], [-73.8705, 40.86818], [-73.8705, 40.86824], [-73.87051, 40.86866], [-73.87051, 40.86882], [-73.87052, 40.86888], [-73.87053, 40.86925], [-73.87053, 40.86936], [-73.87053, 40.86952], [-73.87053, 40.86958], [-73.87054, 40.86967], [-73.87056, 40.87151], [-73.86935, 40.87148], [-73.86826, 40.87146], [-73.86716, 40.87144], [-73.86614, 40.87142], [-73.86521, 40.87141], [-73.86427, 40.87139], [-73.86333, 40.87137], [-73.86239, 40.87136], [-73.86138, 40.87134], [-73.86143, 40.8696], [-73.8615, 40.86778], [-73.8615, 40.86755], [-73.86154, 40.86615], [-73.86156, 40.86555], [-73.86055, 40.86553], [-73.85961, 40.86551], [-73.85891, 40.86464], [-73.85871, 40.86425], [-73.85845, 40.86376], [-73.85806, 40.86304], [-73.8578, 40.86304], [-73.85771, 40.86228], [-73.85771, 40.86224], [-73.8577, 40.86219], [-73.85769, 40.86213], [-73.85768, 40.86203], [-73.85767, 40.86197], [-73.85761, 40.86149], [-73.8576, 40.86142], [-73.85757, 40.86116], [-73.85753, 40.8609], [-73.85752, 40.86085], [-73.85748, 40.86054], [-73.85747, 40.8605], [-73.85746, 40.86043], [-73.85739, 40.85998], [-73.85735, 40.85971], [-73.85664, 40.85812], [-73.85883, 40.85806]]]}}, {"type": "Feature", "properties": {"zone_id": 34, "zone": "Brooklyn Navy Yard", "borough": "Brooklyn", "demand": 6}, "geometry": {"type": "MultiPolygon", "coordinates": [[[[-73.97232, 40.70908], [-73.97067, 40.70726], [-73.97054, 40.70732], [-73.97026, 40.70689], [-73.97049, 40.7054], [-73.97017, 40.70536], [-73.97018, 40.70493], [-73.96762, 40.70335], [-73.96752, 40.70344], [-73.96748, 40.70395], [-73.96833, 40.70448], [-73.9693, 40.70509], [-73.96924, 40.70599], [-73.96929, 40.70709], [-73.96839, 40.70683], [-73.96795, 40.70573], [-73.96762, 40.70496], [-73.96721, 40.70426], [-73.96654, 40.7037], [-73.96607, 40.70332], [-73.96587, 40.70316], [-73.9652, 40.70262], [-73.96452, 40.70207], [-73.96387, 40.70154], [-73.96318, 40.701], [-73.96257, 40.70051], [-73.96218, 40.70022], [-73.96237, 40.69961], [-73.96284, 40.69804], [-73.96288, 40.69783], [-73.96295, 40.6976], [-73.96305, 40.69739], [-73.96318, 40.69719], [-73.96332, 40.69699], [-73.96348, 40.6968], [-73.96365, 40.69662], [-73.9638, 40.69649], [-73.96397, 40.69638], [-73.96415, 40.69627], [-73.96435, 40.69618], [-73.96455, 40.69611], [-73.96547, 40.69593], [-73.96642, 40.69596], [-73.96741, 40.696], [-73.96841, 40.69604], [-73.96939, 40.69608], [-73.96973, 40.6978], [-73.97076, 40.69784], [-73.9712, 40.69786], [-73.97178, 40.69788], [-73.97279, 40.69792], [-73.97332, 40.69794], [-73.97378, 40.69796], [-73.97479, 40.698], [-73.97519, 40.69802], [-73.97578, 40.69805], [-73.97679, 40.69809], [-73.97753, 40.69812], [-73.97809, 40.69814], [-73.98054, 40.69825], [-73.98049, 40.69928], [-73.98048, 40.69937], [-73.98046, 40.6997], [-73.98044, 40.70018], [-73.98042, 40.70052], [-73.9804, 40.7007], [-73.98074, 40.70128], [-73.98065, 40.70156], [-73.98022, 40.70306], [-73.97999, 40.70354], [-73.9796, 40.70418], [-73.97933, 40.70475], [-73.97912, 40.70553], [-73.97896, 40.7055], [-73.97887, 40.70587], [-73.97882, 40.70586], [-73.97893, 40.7055], [-73.9788, 40.70547], [-73.97874, 40.70546], [-73.97864, 40.70583], [-73.9786, 40.70582], [-73.9787, 40.70546], [-73.97868, 40.70545], [-73.97865, 40.70559], [-73.97847, 40.70556], [-73.97843, 40.70568], [-73.97846, 40.70568], [-73.97845, 40.70572], [-73.97842, 40.70571], [-73.97839, 40.70583], [-73.97842, 40.70584], [-73.97841, 40.70587], [-73.97838, 40.70587], [-73.97839, 40.70597], [-73.9784, 40.70597], [-73.9784, 40.70598], [-73.97886, 40.70606], [-73.97885, 40.70607], [-73.97839, 40.70599], [-73.97839, 40.70601], [-73.97834, 40.706], [-73.97835, 40.70597], [-73.97837, 40.70597], [-73.97836, 40.70586], [-73.97834, 40.70586], [-73.97835, 40.70582], [-73.97837, 40.70583], [-73.97841, 40.70571], [-73.97839, 40.7057], [-73.97839, 40.70567], [-73.97842, 40.70568], [-73.97845, 40.70556], [-73.97843, 40.70556], [-73.97859, 40.70498], [-73.97853, 40.70488], [-73.97844, 40.70487], [-73.97828, 40.70467], [-73.97816, 40.70453], [-73.97817, 40.70449], [-73.97818, 40.70447], [-73.97802, 40.70429], [-73.97736, 40.70418], [-73.97734, 40.70423], [-73.97726, 40.70422], [-73.97721, 40.70421], [-73.97751, 40.7032], [-73.97736, 40.70314], [-73.9773, 40.70319], [-73.97714, 40.70301], [-73.97706, 40.70318], [-73.97683, 40.70362], [-73.97624, 40.70478], [-73.97596, 40.70472], [-73.97693, 40.7028], [-73.97664, 40.7025], [-73.97635, 40.7023], [-73.97616, 40.70217], [-73.97553, 40.70304], [-73.97533, 40.70295], [-73.97595, 40.70201], [-73.97595, 40.70201], [-73.97598, 40.70197], [-73.97601, 40.70195], [-73.9759, 40.7019], [-73.97581, 40.70189], [-73.97581, 40.70189], [-73.97559, 40.70181], [-73.9756, 40.70181], [-73.97561, 40.7018], [-73.9755, 40.70176], [-73.9754, 40.70191], [-73.97455, 40.70159], [-73.97561, 40.70004], [-73.97582, 40.69974], [-73.97582, 40.69971], [-73.97581, 40.69968], [-73.9758, 40.69965], [-73.97579, 40.69962], [-73.97576, 40.69959], [-73.97574, 40.69957], [-73.9757, 40.69955], [-73.97567, 40.69954], [-73.97563, 40.69953], [-73.97559, 40.69952], [-73.97555, 40.69953], [-73.97551, 40.69953], [-73.97547, 40.69954], [-73.97543, 40.69956], [-73.9754, 40.69958], [-73.97538, 40.6996], [-73.97536, 40.69963], [-73.97519, 40.69988], [-73.97432, 40.70119], [-73.97412, 40.7013], [-73.97389, 40.70108], [-73.97385, 40.70108], [-73.97376, 40.70108], [-73.97354, 40.70089], [-73.97356, 40.70087], [-73.97329, 40.70062], [-73.97293, 40.70029], [-73.97257, 40.70008], [-73.97239, 40.70017], [-73.97262, 40.70047], [-73.97298, 40.70081], [-73.97376, 40.70153], [-73.97319, 40.70167], [-73.97288, 40.70142], [-73.97285, 40.70143], [-73.97157, 40.7003], [-73.97114, 40.69992], [-73.97098, 40.69986], [-73.97078, 40.69998], [-73.97081, 40.7001], [-73.97254, 40.70164], [-73.97251, 40.70166], [-73.97332, 40.70241], [-73.97284, 40.70273], [-73.96983, 40.70024], [-73.96949, 40.70052], [-73.97284, 40.70335], [-73.97267, 40.7035], [-73.97183, 40.70298], [-73.96925, 40.70136], [-73.96893, 40.70162], [-73.96899, 40.70175], [-73.97147, 40.70332], [-73.97231, 40.70384], [-73.97216, 40.70397], [-73.97146, 40.70351], [-73.9711, 40.70346], [-73.97093, 40.70362], [-73.97102, 40.70382], [-73.9734, 40.7053], [-73.97466, 40.70607], [-73.97439, 40.70633], [-73.97348, 40.70569], [-73.97255, 40.7062], [-73.9733, 40.7067], [-73.97463, 40.70768], [-73.97424, 40.70802], [-73.97311, 40.70714], [-73.97222, 40.7065], [-73.97171, 40.70614], [-73.97122, 40.70579], [-73.9711, 40.70585], [-73.971, 40.70683], [-73.97106, 40.70695], [-73.97276, 40.70883], [-73.97232, 40.70908]]], [[[-73.97893, 40.70593], [-73.97893, 40.70592], [-73.97906, 40.70595], [-73.97906, 40.70595], [-73.97893, 40.70593]]], [[[-73.98237, 40.70554], [-73.98246, 40.70554], [-73.98242, 40.70582], [-73.98102, 40.7059], [-73.98102, 40.7058], [-73.9823, 40.70574], [-73.98233, 40.70555], [-73.98237, 40.70554]]]]}}, {"type": "Feature", "properties": {"zone_id": 38, "zone": "Cambria Heights", "borough": "Queens", "demand": 8}, "geometry": {"type": "Polygon", "coordinates": [[[-73.73625, 40.70254], [-73.7343, 40.70248], [-73.73427, 40.70317], [-73.73426, 40.70322], [-73.73332, 40.70319], [-73.73246, 40.70316], [-73.73232, 40.70316], [-73.73037, 40.7031], [-73.72777, 40.70302], [-73.72736, 40.70304], [-73.72726, 40.70304], [-73.72714, 40.70305], [-73.72678, 40.70306], [-73.72673, 40.70214], [-73.72678, 40.70199], [-73.72674, 40.70159], [-73.72665, 40.70111], [-73.72654, 40.69898], [-73.72652, 40.69826], [-73.72651, 40.69778], [-73.72651, 40.69752], [-73.72651, 40.69714], [-73.72651, 40.69712], [-73.72651, 40.69707], [-73.72651, 40.69706], [-73.72651, 40.69705], [-73.72651, 40.69704], [-73.72651, 40.69703], [-73.72651, 40.69703], [-73.72651, 40.69703], [-73.72651, 40.69703], [-73.72651, 40.69702], [-73.72651, 40.69702], [-73.7265, 40.69688], [-73.72626, 40.69077], [-73.72626, 40.69061], [-73.72626, 40.69027], [-73.7262, 40.68898], [-73.72618, 40.68865], [-73.72616, 40.68845], [-73.726, 40.68693], [-73.72594, 40.6864], [-73.72593, 40.68631], [-73.72593, 40.68622], [-73.7258, 40.68435], [-73.7258, 40.68428], [-73.72586, 40.68324], [-73.72658, 40.68341], [-73.72666, 40.68344], [-73.72675, 40.68346], [-73.72718, 40.6836], [-73.72785, 40.6838], [-73.72872, 40.68406], [-73.72959, 40.68432], [-73.73046, 40.68459], [-73.73133, 40.68485], [-73.73222, 40.68512], [-73.73308, 40.68538], [-73.7335, 40.6855], [-73.73356, 40.68552], [-73.73362, 40.68553], [-73.73396, 40.68564], [-73.73451, 40.68581], [-73.73483, 40.68591], [-73.7357, 40.68617], [-73.73658, 40.68644], [-73.73732, 40.68666], [-73.73744, 40.6867], [-73.7376, 40.68636], [-73.74125, 40.68746], [-73.74747, 40.68932], [-73.74755, 40.68935], [-73.74729, 40.68974], [-73.74624, 40.69128], [-73.74511, 40.69278], [-73.74488, 40.69309], [-73.74485, 40.69314], [-73.7448, 40.69322], [-73.74468, 40.69341], [-73.74453, 40.69369], [-73.74439, 40.69397], [-73.74427, 40.69426], [-73.74416, 40.69455], [-73.74387, 40.6954], [-73.74359, 40.69621], [-73.74365, 40.69622], [-73.74458, 40.69636], [-73.74475, 40.69638], [-73.74491, 40.69639], [-73.74508, 40.69639], [-73.74524, 40.69637], [-73.74613, 40.69613], [-73.74618, 40.69612], [-73.74649, 40.6968], [-73.74682, 40.69752], [-73.74712, 40.6982], [-73.74742, 40.69886], [-73.74773, 40.69955], [-73.74767, 40.69957], [-73.74678, 40.6998], [-73.74589, 40.70003], [-73.745, 40.70026], [-73.74591, 40.70229], [-73.74502, 40.70252], [-73.74413, 40.70274], [-73.74386, 40.70281], [-73.74331, 40.70296], [-73.74287, 40.70307], [-73.74168, 40.70338], [-73.74149, 40.70343], [-73.74129, 40.70346], [-73.74109, 40.70348], [-73.74089, 40.70348], [-73.74069, 40.70347], [-73.74055, 40.70344], [-73.7405, 40.70343], [-73.74052, 40.70339], [-73.74078, 40.70268], [-73.74072, 40.70268], [-73.7382, 40.70259], [-73.73625, 40.70254]]]}}, {"type": "Feature", "properties": {"zone_id": 44, "zone": "Charleston/Tottenville", "borough": "Staten Island", "demand": 2}, "geometry": {"type": "Polygon", "coordinates": [[[-74.2122, 40.55644], [-74.2135, 40.55567], [-74.21437, 40.55559], [-74.21455, 40.55559], [-74.21455, 40.55559], [-74.21455, 40.55559], [-74.21474, 40.55558], [-74.21474, 40.55558], [-74.21474, 40.55558], [-74.21492, 40.55555], [-74.21509, 40.5555], [-74.21526, 40.55544], [-74.21721, 40.55471], [-74.21784, 40.55443], [-74.21788, 40.55424], [-74.2179, 40.55404], [-74.21789, 40.55384], [-74.21787, 40.55364], [-74.21783, 40.55344], [-74.21777, 40.55324], [-74.21778, 40.55305], [-74.21878, 40.55247], [-74.21912, 40.55223], [-74.21931, 40.55205], [-74.22107, 40.55055], [-74.22115, 40.55049], [-74.22122, 40.55042], [-74.22127, 40.55034], [-74.22132, 40.55025], [-74.22109, 40.54977], [-74.22088, 40.5492], [-74.22084, 40.54909], [-74.22065, 40.54859], [-74.22061, 40.54849], [-74.22057, 40.54839], [-74.22037, 40.54783], [-74.22008, 40.54714], [-74.21997, 40.54683], [-74.21987, 40.54658], [-74.21982, 40.54644], [-74.21954, 40.5457], [-74.2193, 40.54505], [-74.21899, 40.54431], [-74.21889, 40.54407], [-74.21874, 40.54367], [-74.21844, 40.54296], [-74.21817, 40.54225], [-74.21804, 40.54191], [-74.21801, 40.54183], [-74.21777, 40.54113], [-74.21776, 40.54099], [-74.21768, 40.54013], [-74.21771, 40.53831], [-74.21774, 40.53803], [-74.2178, 40.53775], [-74.21782, 40.53766], [-74.21787, 40.53737], [-74.21791, 40.53703], [-74.21806, 40.5365], [-74.2182, 40.53586], [-74.21828, 40.53549], [-74.21832, 40.53531], [-74.21829, 40.53476], [-74.21827, 40.53453], [-74.21801, 40.5323], [-74.21776, 40.53145], [-74.21752, 40.53064], [-74.21728, 40.52987], [-74.21701, 40.52912], [-74.21685, 40.52864], [-74.21672, 40.52841], [-74.21666, 40.52828], [-74.21661, 40.52818], [-74.21649, 40.52793], [-74.21619, 40.52735], [-74.21587, 40.52665], [-74.21574, 40.52646], [-74.21565, 40.52598], [-74.21561, 40.52549], [-74.2156, 40.52437], [-74.2156, 40.52406], [-74.21567, 40.52396], [-74.2141, 40.5241], [-74.21399, 40.52345], [-74.21391, 40.52301], [-74.21382, 40.52249], [-74.21362, 40.52153], [-74.21355, 40.52124], [-74.21451, 40.52115], [-74.21736, 40.52093], [-74.21761, 40.52087], [-74.21803, 40.52066], [-74.22014, 40.51962], [-74.22269, 40.51851], [-74.22282, 40.51846], [-74.22295, 40.5184], [-74.22309, 40.51836], [-74.22323, 40.51832], [-74.22337, 40.51828], [-74.22351, 40.51825], [-74.22365, 40.51822], [-74.2238, 40.5182], [-74.22399, 40.51821], [-74.22418, 40.51823], [-74.22438, 40.51826], [-74.22457, 40.51829], [-74.22476, 40.51832], [-74.22495, 40.51836], [-74.22513, 40.5184], [-74.22532, 40.51845], [-74.2255, 40.5185], [-74.22568, 40.51856], [-74.22582, 40.51868], [-74.22598, 40.51879], [-74.22615, 40.51889], [-74.22633, 40.51898], [-74.22652, 40.51906], [-74.22671, 40.51912], [-74.22691, 40.51917], [-74.22663, 40.51725], [-74.2229, 40.50894], [-74.22322, 40.50866], [-74.22188, 40.50267], [-74.22159, 40.5025], [-74.22194, 40.50257], [-74.222, 40.50259], [-74.22205, 40.5026], [-74.22211, 40.5026], [-74.22217, 40.5026], [-74.22223, 40.50259], [-74.22229, 40.50257], [-74.22234, 40.50255], [-74.22237, 40.50253], [-74.2224, 40.50252], [-74.22244, 40.50251], [-74.22247, 40.5025], [-74.22251, 40.5025], [-74.22255, 40.5025], [-74.22258, 40.50251], [-74.22261, 40.50252], [-74.22265, 40.50252], [-74.22269, 40.50253], [-74.22272, 40.50253], [-74.22276, 40.50253], [-74.22283, 40.50252], [-74.22291, 40.50251], [-74.22299, 40.50249], [-74.22305, 40.50248], [-74.22311, 40.50246], [-74.22316, 40.50244], [-74.22321, 40.50241], [-74.22325, 40.50238], [-74.22328, 40.50236], [-74.2233, 40.50234], [-74.22333, 40.50232], [-74.22336, 40.50231], [-74.2234, 40.50231], [-74.22343, 40.5023], [-74.22351, 40.50231], [-74.2236, 40.50231], [-74.22368, 40.5023], [-74.22376, 40.50229], [-74.22384, 40.50227], [-74.22392, 40.50225], [-74.22399, 40.50222], [-74.2241, 40.50215], [-74.22421, 40.50208], [-74.22433, 40.50202], [-74.22445, 40.50196], [-74.22476, 40.50186], [-74.22481, 40.50183], [-74.22487, 40.5018], [-74.22494, 40.50178], [-74.225, 40.50177], [-74.22507, 40.50176], [-74.22514, 40.50177], [-74.22521, 40.50177], [-74.22527, 40.50179], [-74.22549, 40.50184], [-74.2257, 40.5019], [-74.22591, 40.50197], [-74.22612, 40.50204], [-74.22624, 40.50209], [-74.22636, 40.50214], [-74.22649, 40.50218], [-74.22662, 40.50222], [-74.22675, 40.50225], [-74.22688, 40.50227], [-74.22702, 40.50229], [-74.22716, 40.5023], [-74.22729, 40.5023], [-74.22743, 40.50229], [-74.22757, 40.50228], [-74.2277, 40.50226], [-74.22782, 40.50225], [-74.22795, 40.50224], [-74.22808, 40.50224], [-74.22821, 40.50225], [-74.22822, 40.50225], [-74.22824, 40.50225], [-74.22825, 40.50225], [-74.22827, 40.50225], [-74.22828, 40.50225], [-74.2283, 40.50225], [-74.22831, 40.50225], [-74.22833, 40.50225], [-74.22835, 40.50225], [-74.22836, 40.50226], [-74.22838, 40.50226], [-74.22839, 40.50226], [-74.22841, 40.50226], [-74.22842, 40.50226], [-74.22844, 40.50226], [-74.22849, 40.50224], [-74.22855, 40.50223], [-74.22861, 40.50222], [-74.22874, 40.50221], [-74.22878, 40.50221], [-74.22882, 40.50221], [-74.22886, 40.5022], [-74.2289, 40.5022], [-74.22895, 40.50219], [-74.229, 40.50218], [-74.22906, 40.50217], [-74.22908, 40.50217], [-74.2291, 40.50217], [-74.22912, 40.50217], [-74.22914, 40.50217], [-74.22916, 40.50216], [-74.22918, 40.50216], [-74.2292, 40.50215], [-74.22922, 40.50215], [-74.22924, 40.50214], [-74.22927, 40.50214], [-74.2293, 40.50213], [-74.22933, 40.50213], [-74.22936, 40.50212], [-74.22939, 40.50212], [-74.22942, 40.50212], [-74.22942, 40.50212], [-74.22944, 40.50211], [-74.22946, 40.50211], [-74.2295, 40.50211], [-74.22954, 40.5021], [-74.22958, 40.5021], [-74.22961, 40.50209], [-74.22964, 40.50209], [-74.22967, 40.50209], [-74.22969, 40.50209], [-74.2297, 40.50209], [-74.22972, 40.50209], [-74.22973, 40.50208], [-74.22975, 40.50208], [-74.2298, 40.50206], [-74.22984, 40.50204], [-74.22989, 40.50203], [-74.22992, 40.50202], [-74.22994, 40.50201], [-74.22996, 40.502], [-74.22999, 40.502], [-74.23016, 40.50192], [-74.23018, 40.50192], [-74.2302, 40.50191], [-74.23022, 40.50191], [-74.23023, 40.5019], [-74.23025, 40.5019], [-74.23027, 40.50189], [-74.23028, 40.50188], [-74.2303, 40.50187], [-74.23031, 40.50187], [-74.23032, 40.50187], [-74.23032, 40.50186], [-74.23033, 40.50186], [-74.23033, 40.50186], [-74.23034, 40.50185], [-74.23034, 40.50185], [-74.23033, 40.50183], [-74.23033, 40.50181], [-74.23033, 40.50181], [-74.23033, 40.5018], [-74.23034, 40.5018], [-74.23034, 40.50181], [-74.23035, 40.50182], [-74.23036, 40.50183], [-74.23036, 40.50185], [-74.23037, 40.50186], [-74.23038, 40.50188], [-74.23039, 40.50188], [-74.23039, 40.50189], [-74.23039, 40.5019], [-74.2304, 40.50191], [-74.23041, 40.50191], [-74.23042, 40.50192], [-74.23043, 40.50192], [-74.23044, 40.50193], [-74.23045, 40.50193], [-74.23046, 40.50193], [-74.23048, 40.50194], [-74.23049, 40.50194], [-74.23051, 40.50194], [-74.23052, 40.50194], [-74.23054, 40.50195], [-74.23055, 40.50195], [-74.23057, 40.50195], [-74.23059, 40.50195], [-74.23062, 40.50194], [-74.23065, 40.50194], [-74.23068, 40.50194], [-74.23071, 40.50193], [-74.23074, 40.50193], [-74.23077, 40.50193], [-74.2308, 40.50192], [-74.23082, 40.50191], [-74.23085, 40.50191], [-74.23085, 40.50191], [-74.23088, 40.5019], [-74.23095, 40.50189], [-74.23115, 40.50185], [-74.23118, 40.50184], [-74.2312, 40.50182], [-74.23122, 40.50182], [-74.23123, 40.50182], [-74.23123, 40.50182], [-74.23125, 40.50183], [-74.23155, 40.50172], [-74.23185, 40.50162], [-74.23215, 40.5015], [-74.23244, 40.50138], [-74.23273, 40.50125], [-74.23301, 40.50112], [-74.23305, 40.5011], [-74.23315, 40.50108], [-74.23321, 40.5011], [-74.2336, 40.50091], [-74.23441, 40.50077], [-74.23495, 40.50066], [-74.23501, 40.50065], [-74.23508, 40.50064], [-74.23517, 40.50063], [-74.23527, 40.50061], [-74.23535, 40.50058], [-74.23544, 40.50054], [-74.23552, 40.50051], [-74.2356, 40.50046], [-74.23566, 40.50043], [-74.23573, 40.5004], [-74.2358, 40.50038], [-74.23588, 40.50036], [-74.23595, 40.50034], [-74.23611, 40.50027], [-74.23625, 40.50018], [-74.23635, 40.50012], [-74.23643, 40.50008], [-74.23647, 40.50011], [-74.23653, 40.5001], [-74.23662, 40.50007], [-74.23671, 40.50004], [-74.23679, 40.5], [-74.23687, 40.49996], [-74.23694, 40.49991], [-74.23701, 40.49985], [-74.23707, 40.4998], [-74.23718, 40.4997], [-74.2373, 40.4996], [-74.2374, 40.4995], [-74.23751, 40.49939], [-74.2376, 40.49928], [-74.23769, 40.49917], [-74.23767, 40.49912], [-74.23775, 40.4991], [-74.23777, 40.49918], [-74.23782, 40.49918], [-74.23787, 40.49918], [-74.23793, 40.49918], [-74.23799, 40.49917], [-74.23804, 40.49915], [-74.2381, 40.49913], [-74.23844, 40.49894], [-74.23851, 40.4989], [-74.23895, 40.49844], [-74.23944, 40.49794], [-74.23967, 40.4977], [-74.23971, 40.49766], [-74.23976, 40.49763], [-74.23982, 40.4976], [-74.23985, 40.49758], [-74.23988, 40.49757], [-74.23991, 40.49757], [-74.23995, 40.49757], [-74.23998, 40.49757], [-74.24001, 40.49758], [-74.24005, 40.49759], [-74.24007, 40.4976], [-74.24013, 40.49762], [-74.24019, 40.49763], [-74.24025, 40.49764], [-74.24031, 40.49764], [-74.24038, 40.49763], [-74.24046, 40.49762], [-74.24055, 40.49761], [-74.24064, 40.49761], [-74.24072, 40.49761], [-74.24081, 40.49762], [-74.24086, 40.49764], [-74.24091, 40.49764], [-74.24096, 40.49764], [-74.24101, 40.49764], [-74.24106, 40.49763], [-74.24111, 40.49762], [-74.24124, 40.49763], [-74.24137, 40.49763], [-74.2415, 40.49762], [-74.24162, 40.49761], [-74.24175, 40.49759], [-74.24188, 40.49756], [-74.242, 40.49753], [-74.24204, 40.49751], [-74.24208, 40.4975], [-74.24213, 40.4975], [-74.24217, 40.4975], [-74.24222, 40.4975], [-74.24226, 40.49752], [-74.2423, 40.49753], [-74.24233, 40.49755], [-74.24242, 40.49758], [-74.24251, 40.49761], [-74.2426, 40.49762], [-74.24269, 40.49763], [-74.24278, 40.49764], [-74.24288, 40.49763], [-74.24297, 40.49762], [-74.24312, 40.4976], [-74.24326, 40.49759], [-74.24341, 40.49758], [-74.24356, 40.49757], [-74.24371, 40.49757], [-74.24386, 40.49758], [-74.24398, 40.49758], [-74.24409, 40.49758], [-74.24421, 40.49757], [-74.24433, 40.49755], [-74.24444, 40.49752], [-74.24455, 40.49749], [-74.24466, 40.49745], [-74.24476, 40.4974], [-74.24495, 40.49732], [-74.24514, 40.49723], [-74.24532, 40.49714], [-74.24549, 40.49704], [-74.24566, 40.49694], [-74.24583, 40.49684], [-74.24591, 40.49678], [-74.24603, 40.49666], [-74.24617, 40.49655], [-74.24631, 40.49644], [-74.24645, 40.49633], [-74.2466, 40.49623], [-74.24676, 40.49613], [-74.24694, 40.49612], [-74.24713, 40.49612], [-74.24731, 40.49612], [-74.24749, 40.49612], [-74.24767, 40.49614], [-74.24785, 40.49616], [-74.24803, 40.49619], [-74.2482, 40.49623], [-74.24838, 40.49627], [-74.24855, 40.49632], [-74.24872, 40.49637], [-74.24888, 40.49643], [-74.24904, 40.4965], [-74.24917, 40.49657], [-74.24956, 40.49686], [-74.24969, 40.49699], [-74.24993, 40.49721], [-74.2501, 40.49735], [-74.25033, 40.49754], [-74.25051, 40.49769], [-74.25068, 40.49785], [-74.25086, 40.49801], [-74.25086, 40.49803], [-74.2509, 40.49809], [-74.25093, 40.49816], [-74.25096, 40.49822], [-74.25098, 40.49829], [-74.25099, 40.49836], [-74.25099, 40.49843], [-74.25099, 40.4985], [-74.25099, 40.49851], [-74.251, 40.49862], [-74.25103, 40.49872], [-74.25106, 40.49883], [-74.2511, 40.49893], [-74.25117, 40.49899], [-74.25124, 40.49905], [-74.25131, 40.4991], [-74.25139, 40.49915], [-74.25147, 40.49919], [-74.25156, 40.49923], [-74.25173, 40.49929], [-74.25191, 40.49936], [-74.252, 40.4994], [-74.25208, 40.49943], [-74.25208, 40.49944], [-74.25225, 40.49951], [-74.25243, 40.49958], [-74.2526, 40.49964], [-74.25271, 40.49971], [-74.25281, 40.49979], [-74.25291, 40.49987], [-74.253, 40.49995], [-74.25308, 40.50004], [-74.25316, 40.50013], [-74.25323, 40.50022], [-74.2533, 40.50031], [-74.25336, 40.50041], [-74.25341, 40.50051], [-74.25345, 40.50062], [-74.25358, 40.50096], [-74.2537, 40.5013], [-74.25374, 40.50141], [-74.25379, 40.50153], [-74.25385, 40.50164], [-74.25391, 40.50174], [-74.25398, 40.50185], [-74.25406, 40.50195], [-74.25414, 40.50205], [-74.25424, 40.50214], [-74.25427, 40.50216], [-74.25472, 40.50296], [-74.25523, 40.50393], [-74.25528, 40.50403], [-74.25531, 40.50414], [-74.25534, 40.50424], [-74.25536, 40.50434], [-74.25537, 40.50445], [-74.25537, 40.50455], [-74.25536, 40.50517], [-74.25533, 40.50596], [-74.25531, 40.50654], [-74.25533, 40.5067], [-74.25535, 40.50686], [-74.25539, 40.50701], [-74.25543, 40.50716], [-74.25547, 40.5073], [-74.25553, 40.50745], [-74.25556, 40.50751], [-74.25558, 40.50758], [-74.25559, 40.50765], [-74.25559, 40.50771], [-74.25554, 40.50784], [-74.25553, 40.50786], [-74.25553, 40.50787], [-74.25545, 40.50803], [-74.25525, 40.50824], [-74.25504, 40.5084], [-74.2549, 40.50843], [-74.25463, 40.50867], [-74.2547, 40.50872], [-74.25473, 40.50872], [-74.2549, 40.50876], [-74.2549, 40.50876], [-74.25498, 40.50877], [-74.25497, 40.50881], [-74.2549, 40.50879], [-74.2549, 40.50878], [-74.25472, 40.50874], [-74.25469, 40.50873], [-74.25462, 40.50869], [-74.25456, 40.50875], [-74.2545, 40.50881], [-74.25434, 40.50877], [-74.25412, 40.50898], [-74.2541, 40.50898], [-74.25405, 40.50895], [-74.25404, 40.50894], [-74.25403, 40.50894], [-74.25402, 40.50895], [-74.25401, 40.50895], [-74.254, 40.50897], [-74.25399, 40.50899], [-74.25398, 40.50902], [-74.25411, 40.50917], [-74.25404, 40.50925], [-74.25431, 40.50938], [-74.25435, 40.50933], [-74.25439, 40.50934], [-74.25432, 40.50941], [-74.25428, 40.5094], [-74.25429, 40.50939], [-74.25402, 40.50927], [-74.25389, 40.50942], [-74.25373, 40.50938], [-74.25369, 40.50943], [-74.25371, 40.50943], [-74.25368, 40.50947], [-74.25369, 40.50948], [-74.25413, 40.50968], [-74.25433, 40.50977], [-74.25435, 40.50978], [-74.25457, 40.50988], [-74.25462, 40.50981], [-74.25465, 40.50983], [-74.25453, 40.50997], [-74.2545, 40.50996], [-74.25455, 40.5099], [-74.25413, 40.50969], [-74.25367, 40.50948], [-74.25366, 40.50948], [-74.25365, 40.50947], [-74.25361, 40.50948], [-74.2535, 40.5096], [-74.25348, 40.50967], [-74.25332, 40.50986], [-74.25328, 40.51], [-74.25319, 40.51024], [-74.25315, 40.51039], [-74.25313, 40.51071], [-74.25306, 40.51106], [-74.25326, 40.51108], [-74.25326, 40.51109], [-74.25306, 40.51107], [-74.25304, 40.51114], [-74.25301, 40.51119], [-74.25302, 40.51128], [-74.25308, 40.51139], [-74.25318, 40.51146], [-74.25343, 40.51164], [-74.25349, 40.51159], [-74.25349, 40.5116], [-74.25346, 40.51163], [-74.25349, 40.51165], [-74.25352, 40.51162], [-74.25353, 40.51162], [-74.2535, 40.51166], [-74.25353, 40.51168], [-74.2535, 40.5117], [-74.25317, 40.51147], [-74.25309, 40.51141], [-74.25306, 40.51142], [-74.25304, 40.51143], [-74.25303, 40.51147], [-74.253, 40.51183], [-74.253, 40.51186], [-74.253, 40.51189], [-74.25301, 40.51191], [-74.25302, 40.51194], [-74.25304, 40.51196], [-74.25306, 40.51198], [-74.25308, 40.512], [-74.25309, 40.51202], [-74.2531, 40.51204], [-74.25311, 40.51206], [-74.25311, 40.51208], [-74.2531, 40.5121], [-74.25309, 40.51212], [-74.25308, 40.51214], [-74.25243, 40.51259], [-74.25217, 40.51278], [-74.25195, 40.513], [-74.25193, 40.51321], [-74.252, 40.51335], [-74.25209, 40.51346], [-74.25214, 40.51355], [-74.25213, 40.51371], [-74.25179, 40.514], [-74.25179, 40.51401], [-74.25176, 40.51404], [-74.25172, 40.51406], [-74.25168, 40.51409], [-74.25164, 40.51412], [-74.25159, 40.51414], [-74.25154, 40.51417], [-74.25149, 40.51421], [-74.25145, 40.51425], [-74.25142, 40.5143], [-74.25139, 40.51434], [-74.25138, 40.51436], [-74.25138, 40.51437], [-74.25137, 40.51438], [-74.25136, 40.51439], [-74.25135, 40.51439], [-74.25134, 40.5144], [-74.25133, 40.5144], [-74.25131, 40.51441], [-74.2513, 40.51441], [-74.25128, 40.51441], [-74.25127, 40.5144], [-74.25119, 40.51443], [-74.2511, 40.51445], [-74.25103, 40.51449], [-74.25095, 40.51453], [-74.25088, 40.51457], [-74.25076, 40.51462], [-74.25068, 40.51465], [-74.25061, 40.51468], [-74.25055, 40.51472], [-74.25048, 40.51476], [-74.25043, 40.5148], [-74.25037, 40.51485], [-74.25037, 40.51486], [-74.25036, 40.51487], [-74.25035, 40.51489], [-74.25034, 40.5149], [-74.25033, 40.51491], [-74.25031, 40.51491], [-74.2503, 40.51492], [-74.25026, 40.51495], [-74.25022, 40.51498], [-74.25019, 40.51501], [-74.25011, 40.51503], [-74.25005, 40.51511], [-74.25004, 40.51518], [-74.25018, 40.51533], [-74.25017, 40.51533], [-74.25028, 40.51544], [-74.25027, 40.51545], [-74.25029, 40.51546], [-74.25029, 40.51545], [-74.25056, 40.51572], [-74.25046, 40.51577], [-74.2502, 40.51551], [-74.25028, 40.51546], [-74.25026, 40.51545], [-74.25025, 40.51545], [-74.25016, 40.51536], [-74.24989, 40.51552], [-74.25048, 40.51612], [-74.25054, 40.51609], [-74.25056, 40.51611], [-74.25042, 40.51619], [-74.2504, 40.51616], [-74.25045, 40.51613], [-74.24984, 40.51552], [-74.24936, 40.51501], [-74.24928, 40.51505], [-74.24936, 40.51513], [-74.24934, 40.51514], [-74.24926, 40.51506], [-74.24922, 40.51508], [-74.24953, 40.51541], [-74.24963, 40.51555], [-74.24962, 40.51557], [-74.2495, 40.51565], [-74.24953, 40.51568], [-74.24951, 40.51569], [-74.24994, 40.51614], [-74.2499, 40.51616], [-74.24948, 40.51572], [-74.24946, 40.51572], [-74.24943, 40.51569], [-74.24906, 40.5159], [-74.24903, 40.51588], [-74.24865, 40.51611], [-74.24872, 40.51617], [-74.24871, 40.51618], [-74.24884, 40.51631], [-74.24883, 40.51631], [-74.24868, 40.51618], [-74.24863, 40.51622], [-74.24876, 40.51636], [-74.24874, 40.51636], [-74.24855, 40.51617], [-74.24855, 40.5162], [-74.24851, 40.51623], [-74.24858, 40.51629], [-74.2486, 40.51631], [-74.24828, 40.51649], [-74.24895, 40.51719], [-74.24938, 40.51695], [-74.24941, 40.51698], [-74.24852, 40.51748], [-74.24849, 40.51745], [-74.24892, 40.51721], [-74.24822, 40.51649], [-74.24752, 40.51574], [-74.24693, 40.51607], [-74.24687, 40.51604], [-74.24664, 40.51612], [-74.24644, 40.51596], [-74.24613, 40.51612], [-74.24613, 40.51613], [-74.24613, 40.51614], [-74.24614, 40.51615], [-74.24615, 40.51615], [-74.24616, 40.51616], [-74.24618, 40.51616], [-74.24618, 40.51616], [-74.24624, 40.51615], [-74.24625, 40.51615], [-74.2463, 40.51614], [-74.24653, 40.51638], [-74.2466, 40.51636], [-74.24675, 40.5165], [-74.24659, 40.51659], [-74.24651, 40.51667], [-74.2467, 40.51688], [-74.24669, 40.51688], [-74.24671, 40.5169], [-74.24671, 40.51689], [-74.247, 40.51718], [-74.24697, 40.5172], [-74.24668, 40.51691], [-74.2467, 40.5169], [-74.24668, 40.51688], [-74.24667, 40.51689], [-74.24648, 40.51669], [-74.24644, 40.5167], [-74.24642, 40.51671], [-74.24638, 40.51674], [-74.24657, 40.51695], [-74.24654, 40.51696], [-74.24635, 40.51675], [-74.24598, 40.51694], [-74.24595, 40.51693], [-74.24521, 40.51729], [-74.24567, 40.51779], [-74.2456, 40.51786], [-74.24571, 40.51798], [-74.24567, 40.51805], [-74.24564, 40.51808], [-74.24557, 40.51809], [-74.24557, 40.51809], [-74.24553, 40.51808], [-74.24549, 40.51806], [-74.24537, 40.51804], [-74.24531, 40.51803], [-74.24525, 40.51803], [-74.2452, 40.51804], [-74.24509, 40.51807], [-74.24493, 40.51812], [-74.24486, 40.51816], [-74.24477, 40.51821], [-74.24469, 40.51826], [-74.2446, 40.51834], [-74.24451, 40.51842], [-74.24441, 40.51848], [-74.24432, 40.51851], [-74.2443, 40.51851], [-74.24419, 40.51851], [-74.244, 40.51844], [-74.24382, 40.51833], [-74.24365, 40.51829], [-74.24302, 40.51831], [-74.24282, 40.51831], [-74.24264, 40.51824], [-74.24233, 40.51833], [-74.24209, 40.51849], [-74.24187, 40.51874], [-74.24126, 40.51918], [-74.24109, 40.51935], [-74.24103, 40.51954], [-74.24087, 40.51949], [-74.24076, 40.51932], [-74.2406, 40.51921], [-74.24049, 40.51919], [-74.2404, 40.51928], [-74.24025, 40.51952], [-74.24019, 40.51966], [-74.2401, 40.51987], [-74.23992, 40.52005], [-74.23993, 40.52018], [-74.24003, 40.52031], [-74.24033, 40.52041], [-74.24056, 40.52045], [-74.24073, 40.52057], [-74.24085, 40.52065], [-74.24094, 40.52075], [-74.24092, 40.52081], [-74.24097, 40.52089], [-74.24117, 40.52106], [-74.24122, 40.52103], [-74.24124, 40.52095], [-74.24133, 40.52089], [-74.24138, 40.5209], [-74.24157, 40.52095], [-74.24189, 40.52098], [-74.24293, 40.52123], [-74.24291, 40.52142], [-74.24282, 40.52163], [-74.2426, 40.52206], [-74.24258, 40.5222], [-74.24259, 40.52225], [-74.24264, 40.52241], [-74.24271, 40.52257], [-74.24272, 40.52266], [-74.24273, 40.5227], [-74.24276, 40.52273], [-74.24275, 40.5228], [-74.24269, 40.52284], [-74.24266, 40.52288], [-74.24262, 40.52295], [-74.24262, 40.52303], [-74.24261, 40.52308], [-74.24262, 40.5231], [-74.24266, 40.52313], [-74.24269, 40.52315], [-74.24271, 40.52318], [-74.24273, 40.52323], [-74.24274, 40.52327], [-74.24275, 40.52337], [-74.24275, 40.52351], [-74.24274, 40.52356], [-74.24274, 40.52358], [-74.24275, 40.52361], [-74.24276, 40.52363], [-74.24277, 40.52364], [-74.24277, 40.52365], [-74.24276, 40.52368], [-74.24276, 40.5237], [-74.24277, 40.52372], [-74.2428, 40.52376], [-74.24282, 40.5238], [-74.24282, 40.52383], [-74.24282, 40.52385], [-74.24282, 40.52386], [-74.24281, 40.52389], [-74.24281, 40.52393], [-74.24281, 40.52395], [-74.2428, 40.52398], [-74.2428, 40.52401], [-74.24281, 40.52403], [-74.24286, 40.52409], [-74.24291, 40.52413], [-74.24294, 40.52419], [-74.24299, 40.52425], [-74.24303, 40.52434], [-74.24304, 40.52438], [-74.24308, 40.52445], [-74.24311, 40.52451], [-74.24318, 40.52459], [-74.24327, 40.52471], [-74.2433, 40.52477], [-74.24333, 40.52479], [-74.24336, 40.52482], [-74.24339, 40.52483], [-74.24341, 40.52485], [-74.24349, 40.52486], [-74.24361, 40.52484], [-74.24397, 40.52491], [-74.24397, 40.52495], [-74.24397, 40.525], [-74.24334, 40.52585], [-74.24307, 40.52669], [-74.24305, 40.52681], [-74.24306, 40.52688], [-74.24306, 40.52694], [-74.24305, 40.527], [-74.24304, 40.52707], [-74.24301, 40.52713], [-74.24298, 40.52719], [-74.24294, 40.52724], [-74.24289, 40.5273], [-74.24286, 40.52734], [-74.24284, 40.52738], [-74.24283, 40.52742], [-74.24283, 40.52746], [-74.24284, 40.52751], [-74.24285, 40.52755], [-74.24288, 40.52759], [-74.24288, 40.52761], [-74.2429, 40.52763], [-74.24293, 40.52767], [-74.24295, 40.5277], [-74.24295, 40.52773], [-74.24294, 40.5278], [-74.24291, 40.52787], [-74.24287, 40.52792], [-74.24286, 40.52794], [-74.24285, 40.52796], [-74.24284, 40.528], [-74.24286, 40.52803], [-74.24289, 40.52805], [-74.24289, 40.5282], [-74.24276, 40.52831], [-74.24276, 40.52831], [-74.2427, 40.52834], [-74.24266, 40.52837], [-74.24264, 40.52839], [-74.24263, 40.52841], [-74.24261, 40.52842], [-74.24261, 40.52842], [-74.24259, 40.52842], [-74.24257, 40.52841], [-74.24255, 40.52842], [-74.24251, 40.52845], [-74.24251, 40.52845], [-74.24252, 40.52849], [-74.24254, 40.52851], [-74.24253, 40.52853], [-74.2425, 40.52858], [-74.24249, 40.52864], [-74.24248, 40.52866], [-74.24246, 40.52868], [-74.24243, 40.52871], [-74.24242, 40.52873], [-74.24241, 40.52883], [-74.24242, 40.52887], [-74.24243, 40.52889], [-74.24245, 40.52891], [-74.24246, 40.52893], [-74.24246, 40.52894], [-74.24246, 40.52895], [-74.24245, 40.52896], [-74.24242, 40.52898], [-74.2424, 40.529], [-74.24238, 40.52903], [-74.24237, 40.52905], [-74.24236, 40.52908], [-74.24234, 40.52914], [-74.24231, 40.5292], [-74.24228, 40.52926], [-74.24226, 40.52931], [-74.24221, 40.52938], [-74.2422, 40.52941], [-74.24219, 40.52944], [-74.24218, 40.5295], [-74.24217, 40.52959], [-74.24217, 40.52967], [-74.24217, 40.52969], [-74.24217, 40.5297], [-74.24218, 40.52972], [-74.24219, 40.52974], [-74.2422, 40.52976], [-74.24223, 40.52978], [-74.24224, 40.52979], [-74.24225, 40.52981], [-74.24225, 40.52982], [-74.24225, 40.52982], [-74.24223, 40.52983], [-74.24203, 40.53006], [-74.24199, 40.53011], [-74.24194, 40.53019], [-74.24191, 40.53024], [-74.24187, 40.53031], [-74.24184, 40.53036], [-74.24183, 40.5304], [-74.24182, 40.53042], [-74.24181, 40.53043], [-74.24179, 40.53045], [-74.24177, 40.53048], [-74.24175, 40.5305], [-74.24173, 40.53052], [-74.24171, 40.53054], [-74.24169, 40.53057], [-74.24168, 40.5306], [-74.24167, 40.53062], [-74.24166, 40.53065], [-74.24164, 40.53068], [-74.24162, 40.53071], [-74.24161, 40.53074], [-74.2416, 40.53076], [-74.24159, 40.53078], [-74.24157, 40.53083], [-74.24155, 40.53087], [-74.24154, 40.53093], [-74.24152, 40.53098], [-74.24151, 40.53104], [-74.2415, 40.53108], [-74.2415, 40.53112], [-74.2415, 40.53114], [-74.2415, 40.53118], [-74.24151, 40.53122], [-74.24151, 40.53124], [-74.24151, 40.53127], [-74.24153, 40.53147], [-74.24172, 40.53161], [-74.24167, 40.53192], [-74.24181, 40.53256], [-74.24218, 40.53258], [-74.24228, 40.53339], [-74.24226, 40.5334], [-74.24225, 40.53342], [-74.24223, 40.53343], [-74.24221, 40.53344], [-74.24218, 40.53345], [-74.24216, 40.53345], [-74.24214, 40.53346], [-74.24212, 40.53346], [-74.2421, 40.53346], [-74.24207, 40.53348], [-74.24205, 40.5335], [-74.24202, 40.53353], [-74.24202, 40.53353], [-74.242, 40.53356], [-74.24199, 40.53357], [-74.24198, 40.53359], [-74.24197, 40.53361], [-74.24197, 40.53363], [-74.24196, 40.53365], [-74.24197, 40.53367], [-74.24197, 40.53368], [-74.24199, 40.53371], [-74.242, 40.53373], [-74.24201, 40.53376], [-74.24202, 40.53377], [-74.24201, 40.53379], [-74.24201, 40.53381], [-74.242, 40.53382], [-74.242, 40.53384], [-74.242, 40.53386], [-74.242, 40.53387], [-74.24199, 40.53392], [-74.24199, 40.53396], [-74.24199, 40.53399], [-74.24199, 40.53402], [-74.24199, 40.53404], [-74.24199, 40.53407], [-74.24199, 40.5341], [-74.24199, 40.53413], [-74.242, 40.53416], [-74.24202, 40.53423], [-74.24202, 40.53426], [-74.24203, 40.53427], [-74.24204, 40.53431], [-74.24204, 40.53433], [-74.24205, 40.53435], [-74.24205, 40.53436], [-74.24207, 40.53438], [-74.24209, 40.5344], [-74.2421, 40.5344], [-74.24211, 40.53442], [-74.24212, 40.53443], [-74.24213, 40.53445], [-74.24214, 40.53447], [-74.24215, 40.53449], [-74.24216, 40.53451], [-74.24217, 40.53455], [-74.2422, 40.53459], [-74.24221, 40.5346], [-74.24223, 40.53462], [-74.24225, 40.53464], [-74.24227, 40.53465], [-74.24228, 40.53466], [-74.2423, 40.53467], [-74.24232, 40.53468], [-74.24233, 40.53469], [-74.24234, 40.53471], [-74.24236, 40.53472], [-74.24237, 40.53473], [-74.24238, 40.53474], [-74.24241, 40.53474], [-74.24244, 40.53474], [-74.24246, 40.53473], [-74.24249, 40.53474], [-74.24251, 40.53474], [-74.24253, 40.53474], [-74.24254, 40.53474], [-74.24255, 40.53475], [-74.24256, 40.53475], [-74.24258, 40.53477], [-74.24259, 40.53479], [-74.24259, 40.5348], [-74.24259, 40.53481], [-74.24259, 40.53482], [-74.24258, 40.53484], [-74.24258, 40.53485], [-74.24258, 40.53486], [-74.24257, 40.53488], [-74.24257, 40.53489], [-74.24257, 40.5349], [-74.24258, 40.53491], [-74.24259, 40.53492], [-74.24259, 40.53493], [-74.2426, 40.53494], [-74.24262, 40.53495], [-74.24263, 40.53497], [-74.24264, 40.53499], [-74.24268, 40.53501], [-74.24268, 40.53502], [-74.2427, 40.53503], [-74.2427, 40.53504], [-74.24271, 40.53505], [-74.24272, 40.53507], [-74.24273, 40.53508], [-74.24274, 40.5351], [-74.24276, 40.53511], [-74.24277, 40.53512], [-74.24278, 40.53513], [-74.24279, 40.53515], [-74.24279, 40.53516], [-74.2428, 40.53517], [-74.2428, 40.5352], [-74.24281, 40.53522], [-74.24282, 40.53523], [-74.24283, 40.53523], [-74.24285, 40.53525], [-74.24286, 40.53526], [-74.24286, 40.53528], [-74.24286, 40.53529], [-74.24286, 40.5353], [-74.24285, 40.53532], [-74.24285, 40.53533], [-74.24285, 40.53534], [-74.24286, 40.53535], [-74.24287, 40.53536], [-74.24289, 40.53537], [-74.2429, 40.53538], [-74.24293, 40.53539], [-74.24296, 40.5354], [-74.24298, 40.53541], [-74.24299, 40.53542], [-74.243, 40.53543], [-74.243, 40.53544], [-74.243, 40.53545], [-74.24301, 40.53546], [-74.24302, 40.53548], [-74.24303, 40.53548], [-74.24305, 40.5355], [-74.24307, 40.53551], [-74.24309, 40.53553], [-74.2431, 40.53554], [-74.24312, 40.53556], [-74.24313, 40.53557], [-74.24314, 40.53558], [-74.24317, 40.53559], [-74.24318, 40.5356], [-74.24319, 40.5356], [-74.24322, 40.5356], [-74.24324, 40.5356], [-74.24325, 40.53561], [-74.24326, 40.53561], [-74.24326, 40.53562], [-74.24327, 40.53563], [-74.24327, 40.53564], [-74.24327, 40.53566], [-74.24327, 40.53567], [-74.24329, 40.53571], [-74.24331, 40.53573], [-74.24333, 40.53576], [-74.24334, 40.53578], [-74.24335, 40.5358], [-74.24337, 40.53581], [-74.24338, 40.53582], [-74.2434, 40.53583], [-74.24342, 40.53584], [-74.24344, 40.53585], [-74.24346, 40.53586], [-74.24348, 40.53588], [-74.2435, 40.5359], [-74.24351, 40.53591], [-74.24353, 40.53593], [-74.24354, 40.53594], [-74.24357, 40.53596], [-74.24359, 40.53598], [-74.2436, 40.53599], [-74.24362, 40.536], [-74.24363, 40.53602], [-74.24364, 40.53603], [-74.24364, 40.53605], [-74.24365, 40.53606], [-74.24366, 40.53607], [-74.24368, 40.53609], [-74.2437, 40.5361], [-74.24375, 40.53613], [-74.24379, 40.53614], [-74.24383, 40.53616], [-74.24385, 40.53617], [-74.24387, 40.53618], [-74.2439, 40.53618], [-74.24396, 40.53618], [-74.24399, 40.53619], [-74.24401, 40.53619], [-74.24403, 40.53619], [-74.24405, 40.53619], [-74.24407, 40.53618], [-74.24409, 40.53618], [-74.24411, 40.53618], [-74.24411, 40.53618], [-74.24412, 40.53619], [-74.24413, 40.5362], [-74.24413, 40.53621], [-74.24413, 40.53622], [-74.24412, 40.53623], [-74.24411, 40.53624], [-74.24406, 40.53628], [-74.24404, 40.53631], [-74.24402, 40.53633], [-74.244, 40.53636], [-74.24399, 40.53639], [-74.24398, 40.53641], [-74.24398, 40.53644], [-74.24398, 40.53646], [-74.24398, 40.53649], [-74.24398, 40.53652], [-74.24399, 40.53655], [-74.244, 40.53658], [-74.24401, 40.5366], [-74.24403, 40.53663], [-74.24405, 40.53667], [-74.24407, 40.53671], [-74.24408, 40.53674], [-74.24409, 40.53676], [-74.2441, 40.5368], [-74.24411, 40.53683], [-74.24412, 40.53685], [-74.24413, 40.53686], [-74.24415, 40.53688], [-74.24416, 40.53689], [-74.2442, 40.53692], [-74.24422, 40.53693], [-74.24426, 40.53693], [-74.24429, 40.53693], [-74.24433, 40.53693], [-74.24434, 40.53693], [-74.24439, 40.53692], [-74.24442, 40.53692], [-74.24445, 40.53691], [-74.24448, 40.53691], [-74.2445, 40.53691], [-74.24452, 40.53692], [-74.24455, 40.53693], [-74.24457, 40.53693], [-74.24459, 40.53693], [-74.24467, 40.5369], [-74.2447, 40.53689], [-74.24473, 40.53688], [-74.24475, 40.53685], [-74.24476, 40.53684], [-74.24477, 40.53682], [-74.24478, 40.53679], [-74.24479, 40.53678], [-74.24479, 40.53676], [-74.2448, 40.53675], [-74.24482, 40.53674], [-74.24483, 40.53673], [-74.24484, 40.53672], [-74.24486, 40.53671], [-74.24489, 40.53668], [-74.24491, 40.53667], [-74.24492, 40.53666], [-74.24494, 40.53666], [-74.24496, 40.53667], [-74.24498, 40.53667], [-74.245, 40.53668], [-74.24506, 40.53671], [-74.24509, 40.53671], [-74.24511, 40.53672], [-74.24514, 40.53673], [-74.24517, 40.53674], [-74.24517, 40.53674], [-74.24519, 40.53675], [-74.24521, 40.53677], [-74.24523, 40.53678], [-74.24525, 40.5368], [-74.24526, 40.53681], [-74.2453, 40.53686], [-74.24532, 40.53689], [-74.24534, 40.53691], [-74.24534, 40.53692], [-74.24535, 40.53693], [-74.24535, 40.53694], [-74.24535, 40.53696], [-74.24536, 40.53699], [-74.24536, 40.537], [-74.24536, 40.53701], [-74.24535, 40.53703], [-74.24534, 40.53706], [-74.2453, 40.53712], [-74.24526, 40.53715], [-74.24524, 40.53716], [-74.24522, 40.53717], [-74.24521, 40.53718], [-74.24517, 40.53719], [-74.24508, 40.53721], [-74.245, 40.53724], [-74.24498, 40.53725], [-74.24496, 40.53726], [-74.24494, 40.53727], [-74.24492, 40.53728], [-74.24491, 40.5373], [-74.24489, 40.53732], [-74.24484, 40.53736], [-74.2448, 40.53741], [-74.24479, 40.53743], [-74.24478, 40.53745], [-74.24469, 40.5376], [-74.2446, 40.53775], [-74.24459, 40.53776], [-74.24459, 40.53776], [-74.24458, 40.53777], [-74.24453, 40.53781], [-74.24451, 40.53782], [-74.2445, 40.53783], [-74.2445, 40.53783], [-74.24449, 40.53784], [-74.24448, 40.53788], [-74.24446, 40.53791], [-74.24445, 40.53795], [-74.24444, 40.53799], [-74.24444, 40.53803], [-74.24444, 40.53807], [-74.24445, 40.5381], [-74.24446, 40.53814], [-74.24447, 40.53817], [-74.24448, 40.53819], [-74.24449, 40.53821], [-74.2445, 40.53822], [-74.24451, 40.53823], [-74.24457, 40.53828], [-74.24459, 40.5383], [-74.24465, 40.53834], [-74.24468, 40.53835], [-74.2447, 40.53837], [-74.24471, 40.53838], [-74.24472, 40.53839], [-74.24472, 40.5384], [-74.24472, 40.5384], [-74.24472, 40.53841], [-74.24472, 40.53841], [-74.24472, 40.53842], [-74.24471, 40.53844], [-74.2447, 40.53848], [-74.2447, 40.53848], [-74.2447, 40.53849], [-74.2447, 40.53849], [-74.24471, 40.53852], [-74.24472, 40.53854], [-74.24473, 40.53855], [-74.24474, 40.53857], [-74.24476, 40.53859], [-74.24478, 40.5386], [-74.24481, 40.53861], [-74.24484, 40.53864], [-74.2449, 40.5387], [-74.24495, 40.53874], [-74.24497, 40.53877], [-74.245, 40.53882], [-74.24505, 40.53888], [-74.24514, 40.53898], [-74.24518, 40.53906], [-74.24523, 40.53914], [-74.24527, 40.53924], [-74.24533, 40.5394], [-74.24531, 40.53944], [-74.24531, 40.53946], [-74.24532, 40.53947], [-74.24533, 40.53949], [-74.24535, 40.5395], [-74.24537, 40.53952], [-74.24539, 40.53954], [-74.2454, 40.53956], [-74.2454, 40.53958], [-74.2454, 40.53959], [-74.24539, 40.5396], [-74.24537, 40.53962], [-74.24537, 40.53964], [-74.24538, 40.53966], [-74.2454, 40.53969], [-74.24542, 40.53972], [-74.24542, 40.53975], [-74.24543, 40.53978], [-74.24543, 40.5398], [-74.24543, 40.53985], [-74.24543, 40.5399], [-74.24542, 40.53997], [-74.24541, 40.54021], [-74.24543, 40.54039], [-74.24545, 40.54052], [-74.24548, 40.54063], [-74.24552, 40.54076], [-74.24559, 40.54093], [-74.2456, 40.54095], [-74.24561, 40.54096], [-74.24562, 40.54097], [-74.24564, 40.54098], [-74.24568, 40.54099], [-74.24571, 40.541], [-74.24573, 40.54101], [-74.24576, 40.54102], [-74.24578, 40.54104], [-74.24581, 40.54105], [-74.24582, 40.54105], [-74.24583, 40.54106], [-74.24585, 40.54108], [-74.24599, 40.54128], [-74.24605, 40.54137], [-74.24606, 40.5414], [-74.24608, 40.54146], [-74.2461, 40.54154], [-74.24615, 40.54168], [-74.2462, 40.54181], [-74.24621, 40.54184], [-74.24626, 40.54193], [-74.24632, 40.54202], [-74.24636, 40.54207], [-74.24641, 40.54212], [-74.24647, 40.54219], [-74.24649, 40.54221], [-74.24651, 40.54223], [-74.24653, 40.54224], [-74.24658, 40.54225], [-74.24659, 40.54226], [-74.24662, 40.54228], [-74.24665, 40.5423], [-74.24676, 40.54237], [-74.24678, 40.54242], [-74.24686, 40.54251], [-74.24768, 40.54313], [-74.24792, 40.54305], [-74.24804, 40.54309], [-74.24771, 40.54352], [-74.24762, 40.54351], [-74.24618, 40.54563], [-74.24364, 40.54767], [-74.2436, 40.54764], [-74.24337, 40.54781], [-74.2434, 40.54784], [-74.24336, 40.54786], [-74.2433, 40.54783], [-74.24334, 40.5478], [-74.24335, 40.5478], [-74.24359, 40.54762], [-74.24294, 40.54711], [-74.24267, 40.54701], [-74.24232, 40.54696], [-74.2423, 40.54696], [-74.24223, 40.54695], [-74.2422, 40.54695], [-74.24212, 40.54695], [-74.24205, 40.54696], [-74.24197, 40.54697], [-74.2419, 40.54698], [-74.24186, 40.54698], [-74.2418, 40.547], [-74.24172, 40.54705], [-74.24169, 40.54707], [-74.24161, 40.5471], [-74.24151, 40.54713], [-74.24145, 40.54716], [-74.2414, 40.54718], [-74.24134, 40.54721], [-74.24128, 40.54723], [-74.24123, 40.54726], [-74.24117, 40.54728], [-74.24112, 40.54731], [-74.24107, 40.54734], [-74.24102, 40.54737], [-74.24097, 40.54738], [-74.24094, 40.54739], [-74.24087, 40.54743], [-74.24083, 40.54745], [-74.24077, 40.54749], [-74.24072, 40.54751], [-74.24063, 40.54754], [-74.24058, 40.54757], [-74.24046, 40.54763], [-74.24039, 40.54766], [-74.24035, 40.54769], [-74.24031, 40.54772], [-74.24028, 40.54775], [-74.24024, 40.54778], [-74.2402, 40.5478], [-74.24013, 40.54786], [-74.24004, 40.54791], [-74.23998, 40.54794], [-74.23996, 40.54796], [-74.23994, 40.54798], [-74.23991, 40.548], [-74.23988, 40.54803], [-74.23984, 40.54804], [-74.23982, 40.54806], [-74.23979, 40.54808], [-74.23976, 40.5481], [-74.2397, 40.54814], [-74.23963, 40.54821], [-74.23959, 40.54824], [-74.23954, 40.54827], [-74.2395, 40.54829], [-74.23946, 40.54831], [-74.23943, 40.54833], [-74.23939, 40.54836], [-74.23934, 40.54842], [-74.23931, 40.54845], [-74.2393, 40.54849], [-74.23929, 40.54851], [-74.23927, 40.54853], [-74.23925, 40.54852], [-74.23922, 40.54852], [-74.23919, 40.54853], [-74.23915, 40.54856], [-74.23913, 40.54859], [-74.2391, 40.54863], [-74.23907, 40.54868], [-74.23902, 40.54873], [-74.23888, 40.54886], [-74.23877, 40.54894], [-74.23871, 40.54897], [-74.23865, 40.54898], [-74.23859, 40.549], [-74.23853, 40.54902], [-74.23847, 40.54906], [-74.23842, 40.54911], [-74.23837, 40.54914], [-74.23833, 40.54919], [-74.23828, 40.54925], [-74.23823, 40.54931], [-74.23815, 40.54939], [-74.2381, 40.54946], [-74.23801, 40.54959], [-74.23795, 40.54968], [-74.2379, 40.54974], [-74.23781, 40.5499], [-74.23781, 40.5499], [-74.23777, 40.54997], [-74.23771, 40.55004], [-74.23767, 40.55008], [-74.23762, 40.55012], [-74.23756, 40.55016], [-74.23752, 40.55019], [-74.23747, 40.5502], [-74.23741, 40.55021], [-74.23737, 40.55022], [-74.23732, 40.55022], [-74.23726, 40.55022], [-74.23723, 40.55021], [-74.2372, 40.55022], [-74.23717, 40.55024], [-74.23713, 40.55026], [-74.23709, 40.55027], [-74.23704, 40.55027], [-74.23699, 40.55028], [-74.23693, 40.55029], [-74.23688, 40.5503], [-74.23682, 40.55032], [-74.23676, 40.55035], [-74.23669, 40.55038], [-74.23663, 40.5504], [-74.2366, 40.5504], [-74.23655, 40.55041], [-74.2365, 40.55043], [-74.23646, 40.55047], [-74.23642, 40.55051], [-74.2364, 40.55055], [-74.23638, 40.55058], [-74.23635, 40.55061], [-74.23632, 40.55064], [-74.23629, 40.55069], [-74.23628, 40.55075], [-74.23629, 40.55081], [-74.23629, 40.55086], [-74.23627, 40.55095], [-74.23625, 40.55105], [-74.23624, 40.55107], [-74.23622, 40.55116], [-74.23621, 40.5512], [-74.2362, 40.55125], [-74.23619, 40.55131], [-74.23618, 40.55135], [-74.23618, 40.55139], [-74.23618, 40.55143], [-74.23618, 40.55145], [-74.23618, 40.55147], [-74.23619, 40.5515], [-74.23622, 40.55158], [-74.23626, 40.55167], [-74.2363, 40.55175], [-74.23635, 40.55183], [-74.2364, 40.55186], [-74.23644, 40.55189], [-74.23648, 40.55193], [-74.2365, 40.55198], [-74.23652, 40.55202], [-74.23653, 40.55207], [-74.23653, 40.55211], [-74.23653, 40.55216], [-74.23651, 40.55221], [-74.23649, 40.55225], [-74.23645, 40.55229], [-74.23642, 40.55233], [-74.23637, 40.55236], [-74.2349, 40.55301], [-74.23489, 40.55301], [-74.23487, 40.553], [-74.23484, 40.553], [-74.23479, 40.55299], [-74.23478, 40.55298], [-74.23476, 40.55298], [-74.23471, 40.55295], [-74.23469, 40.55295], [-74.23467, 40.55294], [-74.23466, 40.55294], [-74.23465, 40.55294], [-74.2346, 40.55293], [-74.23457, 40.55293], [-74.23456, 40.55294], [-74.23454, 40.55294], [-74.23453, 40.55294], [-74.23453, 40.55294], [-74.23452, 40.55294], [-74.23452, 40.55294], [-74.23452, 40.55293], [-74.23451, 40.55293], [-74.23451, 40.55293], [-74.23449, 40.55292], [-74.23448, 40.55291], [-74.23443, 40.55288], [-74.23437, 40.55285], [-74.23435, 40.55284], [-74.23433, 40.55283], [-74.2343, 40.55282], [-74.23423, 40.55281], [-74.23421, 40.5528], [-74.23419, 40.55279], [-74.23415, 40.55278], [-74.23414, 40.55277], [-74.23414, 40.55277], [-74.23413, 40.55277], [-74.23413, 40.55276], [-74.23412, 40.55276], [-74.23411, 40.55273], [-74.23411, 40.55273], [-74.23411, 40.55273], [-74.23408, 40.5527], [-74.23403, 40.55266], [-74.23398, 40.55263], [-74.23394, 40.55259], [-74.2339, 40.55257], [-74.23385, 40.55254], [-74.23383, 40.55253], [-74.2338, 40.55252], [-74.23378, 40.55251], [-74.23375, 40.55251], [-74.23369, 40.55249], [-74.2336, 40.55248], [-74.23357, 40.55247], [-74.23354, 40.55247], [-74.23351, 40.55247], [-74.23349, 40.55247], [-74.23346, 40.55247], [-74.23343, 40.55247], [-74.23341, 40.55248], [-74.23338, 40.55248], [-74.23336, 40.55249], [-74.23334, 40.5525], [-74.23332, 40.55251], [-74.23331, 40.55252], [-74.23319, 40.55262], [-74.23299, 40.55277], [-74.23296, 40.5528], [-74.23292, 40.55282], [-74.23282, 40.55289], [-74.23281, 40.55289], [-74.2328, 40.55289], [-74.23279, 40.5529], [-74.23274, 40.55291], [-74.23272, 40.55292], [-74.2327, 40.55292], [-74.2327, 40.55293], [-74.23269, 40.55293], [-74.23264, 40.55298], [-74.23256, 40.55308], [-74.2324, 40.55325], [-74.23229, 40.55336], [-74.23227, 40.55339], [-74.23224, 40.55342], [-74.23222, 40.55346], [-74.2322, 40.55349], [-74.23218, 40.55353], [-74.23217, 40.55358], [-74.23215, 40.55362], [-74.23212, 40.55369], [-74.2321, 40.55374], [-74.23206, 40.55381], [-74.232, 40.5539], [-74.23197, 40.55396], [-74.23196, 40.55402], [-74.23196, 40.55408], [-74.23193, 40.55415], [-74.23189, 40.55421], [-74.23182, 40.55428], [-74.23168, 40.55441], [-74.23156, 40.55453], [-74.2315, 40.55459], [-74.23136, 40.55474], [-74.23122, 40.55486], [-74.23115, 40.55495], [-74.23107, 40.55504], [-74.23099, 40.55515], [-74.23088, 40.55535], [-74.23084, 40.55545], [-74.23079, 40.55551], [-74.23076, 40.55554], [-74.23071, 40.55556], [-74.23066, 40.55558], [-74.23061, 40.55558], [-74.23056, 40.55556], [-74.23051, 40.55554], [-74.23046, 40.5555], [-74.23043, 40.55546], [-74.23035, 40.55542], [-74.23025, 40.55539], [-74.23018, 40.55539], [-74.23004, 40.55543], [-74.22993, 40.55549], [-74.22979, 40.55552], [-74.22968, 40.55552], [-74.22961, 40.55552], [-74.22947, 40.55549], [-74.22938, 40.55548], [-74.22932, 40.55549], [-74.22927, 40.55553], [-74.22925, 40.55557], [-74.22925, 40.55561], [-74.22925, 40.55564], [-74.22927, 40.55567], [-74.22928, 40.55567], [-74.2293, 40.55568], [-74.22931, 40.55568], [-74.22932, 40.55569], [-74.22933, 40.5557], [-74.22934, 40.55571], [-74.22935, 40.55572], [-74.22935, 40.55574], [-74.22935, 40.55575], [-74.22934, 40.55579], [-74.22931, 40.55582], [-74.22928, 40.55585], [-74.22925, 40.55587], [-74.22924, 40.55588], [-74.22922, 40.55588], [-74.22921, 40.55588], [-74.2292, 40.55588], [-74.22918, 40.55588], [-74.22917, 40.55588], [-74.22915, 40.55588], [-74.22914, 40.55587], [-74.22911, 40.55592], [-74.22909, 40.55594], [-74.22907, 40.55596], [-74.22908, 40.556], [-74.22908, 40.55603], [-74.22907, 40.55606], [-74.22905, 40.55611], [-74.229, 40.55614], [-74.22895, 40.55617], [-74.2289, 40.55619], [-74.22882, 40.55625], [-74.22872, 40.5563], [-74.22863, 40.55631], [-74.22855, 40.55631], [-74.22848, 40.55631], [-74.22847, 40.55631], [-74.22844, 40.55632], [-74.22841, 40.55634], [-74.2284, 40.55636], [-74.22837, 40.55638], [-74.22833, 40.55639], [-74.22827, 40.55639], [-74.22821, 40.55639], [-74.22816, 40.55638], [-74.22811, 40.55636], [-74.22807, 40.55633], [-74.22805, 40.55629], [-74.22801, 40.55627], [-74.22797, 40.55626], [-74.22783, 40.55623], [-74.2277, 40.55618], [-74.22763, 40.55615], [-74.22756, 40.55609], [-74.22744, 40.55604], [-74.22724, 40.55604], [-74.22708, 40.55606], [-74.22693, 40.5561], [-74.2269, 40.55611], [-74.22687, 40.55611], [-74.22684, 40.55611], [-74.2268, 40.55611], [-74.22677, 40.55611], [-74.22674, 40.55613], [-74.22667, 40.55615], [-74.22661, 40.55615], [-74.22658, 40.55616], [-74.22657, 40.5562], [-74.22654, 40.55623], [-74.22648, 40.55625], [-74.22641, 40.55626], [-74.22637, 40.55625], [-74.22633, 40.55622], [-74.22619, 40.55623], [-74.22611, 40.55625], [-74.22607, 40.55621], [-74.2239, 40.5559], [-74.22386, 40.5561], [-74.22344, 40.55605], [-74.22347, 40.55595], [-74.22372, 40.55598], [-74.22376, 40.55598], [-74.22377, 40.55596], [-74.22379, 40.55588], [-74.2232, 40.5558], [-74.22316, 40.55579], [-74.22313, 40.55577], [-74.22311, 40.55574], [-74.2231, 40.55568], [-74.2231, 40.55564], [-74.22304, 40.5556], [-74.223, 40.55558], [-74.22297, 40.55554], [-74.22297, 40.5555], [-74.22288, 40.55547], [-74.22282, 40.55545], [-74.22274, 40.55543], [-74.22266, 40.55542], [-74.22258, 40.55541], [-74.22252, 40.55543], [-74.22248, 40.55546], [-74.22242, 40.55548], [-74.22237, 40.55549], [-74.22232, 40.55548], [-74.22225, 40.55547], [-74.22223, 40.55547], [-74.22222, 40.55547], [-74.2222, 40.55545], [-74.22212, 40.55542], [-74.22201, 40.5554], [-74.2219, 40.55539], [-74.2218, 40.55542], [-74.22175, 40.55544], [-74.2217, 40.5555], [-74.22167, 40.55556], [-74.22165, 40.55559], [-74.2216, 40.55564], [-74.22159, 40.55565], [-74.22157, 40.55565], [-74.22155, 40.55563], [-74.2215, 40.55559], [-74.22149, 40.55556], [-74.22147, 40.55554], [-74.22145, 40.55553], [-74.22146, 40.55548], [-74.22146, 40.55545], [-74.22145, 40.55541], [-74.22143, 40.55538], [-74.2214, 40.55536], [-74.22135, 40.55536], [-74.2213, 40.55537], [-74.22126, 40.55539], [-74.22121, 40.55543], [-74.22121, 40.55546], [-74.2212, 40.55552], [-74.2212, 40.55557], [-74.22119, 40.55563], [-74.22118, 40.55568], [-74.22116, 40.5557], [-74.22109, 40.5557], [-74.22105, 40.5557], [-74.22104, 40.55571], [-74.22102, 40.55577], [-74.22101, 40.55582], [-74.22099, 40.55588], [-74.22098, 40.55591], [-74.22094, 40.55594], [-74.22087, 40.55594], [-74.22082, 40.55593], [-74.22077, 40.55591], [-74.2207, 40.5559], [-74.22062, 40.5559], [-74.22055, 40.55589], [-74.22053, 40.55587], [-74.2205, 40.55582], [-74.22047, 40.55577], [-74.22046, 40.55575], [-74.22045, 40.55573], [-74.22042, 40.55571], [-74.22042, 40.55565], [-74.22041, 40.55564], [-74.22033, 40.55562], [-74.2203, 40.5556], [-74.22029, 40.55558], [-74.22028, 40.55552], [-74.22027, 40.5555], [-74.22027, 40.5555], [-74.22022, 40.55547], [-74.22019, 40.55543], [-74.22018, 40.55538], [-74.22018, 40.55532], [-74.22018, 40.55526], [-74.22018, 40.55521], [-74.22016, 40.55515], [-74.22014, 40.5551], [-74.22014, 40.55507], [-74.22014, 40.55506], [-74.22015, 40.55501], [-74.22011, 40.55493], [-74.22005, 40.55484], [-74.21999, 40.55476], [-74.21992, 40.5547], [-74.21987, 40.55465], [-74.2198, 40.55462], [-74.21974, 40.55461], [-74.21967, 40.55463], [-74.2196, 40.55465], [-74.21956, 40.5547], [-74.21953, 40.55472], [-74.21948, 40.55472], [-74.21941, 40.55473], [-74.21932, 40.55475], [-74.21926, 40.55475], [-74.21918, 40.55476], [-74.21911, 40.5548], [-74.21908, 40.55485], [-74.21909, 40.55493], [-74.21913, 40.55497], [-74.21917, 40.55507], [-74.21924, 40.55512], [-74.21926, 40.55516], [-74.21923, 40.55526], [-74.2192, 40.55539], [-74.21921, 40.55546], [-74.21925, 40.55547], [-74.2193, 40.55549], [-74.21931, 40.55551], [-74.21932, 40.55561], [-74.21934, 40.55569], [-74.21931, 40.55575], [-74.21929, 40.5558], [-74.21922, 40.5558], [-74.21919, 40.55578], [-74.21918, 40.55575], [-74.21918, 40.5557], [-74.21918, 40.55566], [-74.21919, 40.55557], [-74.21918, 40.55553], [-74.21917, 40.55552], [-74.21914, 40.55553], [-74.21909, 40.55553], [-74.21908, 40.55551], [-74.21907, 40.55544], [-74.21907, 40.55535], [-74.21904, 40.55523], [-74.21899, 40.55505], [-74.21896, 40.55486], [-74.21891, 40.55478], [-74.21887, 40.55474], [-74.21878, 40.55467], [-74.21859, 40.55467], [-74.21854, 40.55471], [-74.21853, 40.55474], [-74.21857, 40.55482], [-74.21855, 40.55487], [-74.21854, 40.55493], [-74.21857, 40.55504], [-74.21864, 40.55527], [-74.2187, 40.55548], [-74.21876, 40.55566], [-74.2188, 40.55581], [-74.21882, 40.55587], [-74.21875, 40.55589], [-74.2188, 40.55596], [-74.21875, 40.55603], [-74.21871, 40.55604], [-74.21867, 40.55605], [-74.21866, 40.55603], [-74.21842, 40.55573], [-74.21827, 40.55569], [-74.21817, 40.5556], [-74.21812, 40.55551], [-74.21813, 40.55547], [-74.21807, 40.55529], [-74.21792, 40.55509], [-74.21775, 40.55501], [-74.21741, 40.55509], [-74.21719, 40.55516], [-74.21697, 40.55523], [-74.21676, 40.55531], [-74.21655, 40.55539], [-74.21624, 40.55548], [-74.21604, 40.55554], [-74.21585, 40.55566], [-74.21557, 40.55581], [-74.21474, 40.55624], [-74.21491, 40.55652], [-74.21497, 40.55665], [-74.21502, 40.55676], [-74.21499, 40.55679], [-74.21462, 40.55691], [-74.21458, 40.5569], [-74.21449, 40.55672], [-74.21448, 40.55669], [-74.21444, 40.5567], [-74.21434, 40.55673], [-74.21428, 40.55664], [-74.21423, 40.55656], [-74.21417, 40.55659], [-74.21412, 40.55662], [-74.21406, 40.55663], [-74.21401, 40.55663], [-74.21397, 40.55666], [-74.21396, 40.55666], [-74.21387, 40.55659], [-74.21386, 40.55657], [-74.2139, 40.55654], [-74.21389, 40.55651], [-74.21387, 40.5565], [-74.21385, 40.55649], [-74.21384, 40.55647], [-74.21382, 40.55643], [-74.21379, 40.5564], [-74.21378, 40.5564], [-74.21377, 40.5564], [-74.21374, 40.55641], [-74.21371, 40.55643], [-74.21366, 40.55649], [-74.21363, 40.55651], [-74.2136, 40.55653], [-74.21356, 40.55653], [-74.21352, 40.55653], [-74.21347, 40.55654], [-74.2134, 40.55656], [-74.21333, 40.55659], [-74.21328, 40.55662], [-74.21324, 40.55667], [-74.2057, 40.55852], [-74.207, 40.55757], [-74.2088, 40.55731], [-74.21051, 40.55706], [-74.2122, 40.55644]]]}}, {"type": "Feature", "properties": {"zone_id": 46, "zone": "City Island", "borough": "Bronx", "demand": 3}, "geometry": {"type": "MultiPolygon", "coordinates": [[[[-73.78452, 40.86048], [-73.78449, 40.86041], [-73.78449, 40.86037], [-73.78448, 40.86029], [-73.78448, 40.86023], [-73.78447, 40.86017], [-73.78446, 40.86013], [-73.78443, 40.86011], [-73.78438, 40.86008], [-73.78436, 40.86004], [-73.78436, 40.85998], [-73.78436, 40.85992], [-73.78437, 40.85988], [-73.78439, 40.85981], [-73.7844, 40.85977], [-73.78442, 40.85973], [-73.7845, 40.85971], [-73.78457, 40.85971], [-73.78457, 40.85969], [-73.78456, 40.85967], [-73.78455, 40.85963], [-73.78456, 40.85958], [-73.78456, 40.85953], [-73.7846, 40.85947], [-73.78463, 40.85942], [-73.7846, 40.85937], [-73.78461, 40.85933], [-73.78464, 40.8593], [-73.78468, 40.85926], [-73.7847, 40.85924], [-73.7847, 40.85921], [-73.78471, 40.85917], [-73.78473, 40.85915], [-73.78477, 40.85914], [-73.7848, 40.85912], [-73.78483, 40.85909], [-73.78488, 40.85906], [-73.7849, 40.85905], [-73.78492, 40.85903], [-73.78495, 40.85902], [-73.78497, 40.85901], [-73.78501, 40.85899], [-73.78505, 40.85897], [-73.7851, 40.85896], [-73.78513, 40.85894], [-73.78515, 40.85894], [-73.78518, 40.85894], [-73.78519, 40.85892], [-73.78519, 40.85889], [-73.78519, 40.85886], [-73.7852, 40.85883], [-73.78524, 40.85881], [-73.78528, 40.85881], [-73.7853, 40.85883], [-73.7853, 40.85886], [-73.78527, 40.85889], [-73.78526, 40.85892], [-73.78525, 40.85896], [-73.78526, 40.85899], [-73.78528, 40.85899], [-73.7853, 40.85898], [-73.7853, 40.85895], [-73.78533, 40.85894], [-73.78535, 40.85894], [-73.78537, 40.85897], [-73.78535, 40.859], [-73.78535, 40.85901], [-73.78535, 40.85903], [-73.78539, 40.85906], [-73.78541, 40.85906], [-73.78543, 40.85904], [-73.78546, 40.85902], [-73.78548, 40.85902], [-73.7855, 40.85901], [-73.78552, 40.85902], [-73.78554, 40.85904], [-73.78555, 40.85908], [-73.78556, 40.85913], [-73.78557, 40.85915], [-73.78558, 40.85916], [-73.7856, 40.85916], [-73.78562, 40.85915], [-73.78564, 40.85914], [-73.78566, 40.85914], [-73.78568, 40.85916], [-73.78569, 40.85918], [-73.78569, 40.85919], [-73.78573, 40.85921], [-73.78577, 40.85923], [-73.78582, 40.85925], [-73.78588, 40.85927], [-73.78594, 40.85928], [-73.78602, 40.8593], [-73.78609, 40.8593], [-73.78617, 40.8593], [-73.78623, 40.8593], [-73.78629, 40.85931], [-73.78636, 40.8593], [-73.78643, 40.85928], [-73.78646, 40.85927], [-73.78651, 40.85925], [-73.78657, 40.85923], [-73.78663, 40.85919], [-73.78667, 40.85914], [-73.78673, 40.85909], [-73.7868, 40.85903], [-73.78684, 40.859], [-73.78687, 40.85899], [-73.7869, 40.85894], [-73.78695, 40.85889], [-73.78701, 40.85884], [-73.78706, 40.85882], [-73.78707, 40.85882], [-73.78711, 40.85881], [-73.78716, 40.85881], [-73.78722, 40.85881], [-73.78726, 40.85883], [-73.78728, 40.85885], [-73.7873, 40.85887], [-73.78733, 40.85888], [-73.78737, 40.85889], [-73.78741, 40.8589], [-73.78743, 40.85893], [-73.78742, 40.85898], [-73.78736, 40.85903], [-73.78733, 40.85906], [-73.78732, 40.8591], [-73.78729, 40.85914], [-73.78726, 40.85921], [-73.78723, 40.85926], [-73.78719, 40.85931], [-73.78719, 40.85931], [-73.78714, 40.85937], [-73.78708, 40.85943], [-73.78703, 40.85948], [-73.78698, 40.85953], [-73.78699, 40.85957], [-73.78702, 40.85961], [-73.78706, 40.85967], [-73.78708, 40.85968], [-73.78711, 40.85968], [-73.78711, 40.8597], [-73.78711, 40.85972], [-73.78709, 40.85974], [-73.78708, 40.85976], [-73.78706, 40.85978], [-73.78704, 40.85979], [-73.78702, 40.85978], [-73.787, 40.85977], [-73.78698, 40.85976], [-73.78695, 40.85976], [-73.78693, 40.8598], [-73.78692, 40.85985], [-73.78691, 40.85989], [-73.7869, 40.85995], [-73.7869, 40.85999], [-73.78686, 40.86004], [-73.7868, 40.86007], [-73.78672, 40.86009], [-73.78663, 40.86012], [-73.7865, 40.86014], [-73.7864, 40.86014], [-73.78628, 40.86016], [-73.78618, 40.86019], [-73.78611, 40.86021], [-73.78604, 40.86021], [-73.78596, 40.86021], [-73.78586, 40.86021], [-73.78576, 40.86022], [-73.78567, 40.86025], [-73.78558, 40.86027], [-73.78548, 40.8603], [-73.78539, 40.86031], [-73.78531, 40.86031], [-73.78522, 40.86033], [-73.78515, 40.86037], [-73.78513, 40.86041], [-73.7851, 40.86045], [-73.78504, 40.86048], [-73.78499, 40.86048], [-73.78494, 40.86046], [-73.78492, 40.86043], [-73.78489, 40.86043], [-73.78484, 40.86044], [-73.78479, 40.86046], [-73.78474, 40.86049], [-73.78468, 40.8605], [-73.78464, 40.86051], [-73.78459, 40.86051], [-73.78456, 40.8605], [-73.78452, 40.86048]]], [[[-73.76783, 40.85444], [-73.76823, 40.85389], [-73.76856, 40.85324], [-73.76904, 40.85329], [-73.76939, 40.85254], [-73.76861, 40.85079], [-73.7696, 40.84759], [-73.7695, 40.84722], [-73.76806, 40.8456], [-73.7679, 40.84529], [-73.76901, 40.8451], [-73.76998, 40.84595], [-73.77118, 40.84694], [-73.77157, 40.8475], [-73.77131, 40.84803], [-73.77089, 40.84975], [-73.77205, 40.85162], [-73.77247, 40.85171], [-73.77247, 40.85181], [-73.77271, 40.85183], [-73.77271, 40.85185], [-73.77247, 40.85183], [-73.77246, 40.85206], [-73.77264, 40.85214], [-73.77267, 40.8521], [-73.77272, 40.85212], [-73.77272, 40.85213], [-73.77292, 40.85217], [-73.77292, 40.85216], [-73.77296, 40.85216], [-73.77297, 40.8522], [-73.77295, 40.85221], [-73.77288, 40.8522], [-73.77288, 40.85219], [-73.77271, 40.85215], [-73.77265, 40.85222], [-73.7729, 40.85239], [-73.77289, 40.8524], [-73.77264, 40.85223], [-73.77263, 40.85224], [-73.77258, 40.85221], [-73.77261, 40.85218], [-73.77246, 40.85211], [-73.77245, 40.85244], [-73.77173, 40.85248], [-73.77172, 40.853], [-73.7723, 40.85309], [-73.77228, 40.85332], [-73.77228, 40.85344], [-73.77229, 40.85348], [-73.77231, 40.85353], [-73.77234, 40.85364], [-73.77236, 40.85377], [-73.77235, 40.85385], [-73.77281, 40.85385], [-73.77281, 40.8538], [-73.77296, 40.8538], [-73.77296, 40.85414], [-73.7728, 40.85413], [-73.7728, 40.85396], [-73.77269, 40.85396], [-73.77269, 40.85391], [-73.77233, 40.8539], [-73.77231, 40.85396], [-73.77229, 40.85401], [-73.77223, 40.85412], [-73.7722, 40.85428], [-73.77214, 40.85441], [-73.77213, 40.85459], [-73.77215, 40.85475], [-73.77218, 40.85499], [-73.7722, 40.85524], [-73.77221, 40.85536], [-73.77219, 40.8556], [-73.77217, 40.85595], [-73.77215, 40.85616], [-73.77214, 40.85644], [-73.77217, 40.85694], [-73.77217, 40.85727], [-73.77215, 40.85781], [-73.77217, 40.85795], [-73.77217, 40.85805], [-73.7722, 40.85825], [-73.77221, 40.85845], [-73.77221, 40.85859], [-73.77219, 40.85874], [-73.77218, 40.85887], [-73.77219, 40.85899], [-73.77224, 40.85918], [-73.77235, 40.85967], [-73.77219, 40.85999], [-73.77085, 40.8601], [-73.76947, 40.85933], [-73.76836, 40.85836], [-73.76836, 40.85765], [-73.76533, 40.85504], [-73.76783, 40.85444]]], [[[-73.79019, 40.85861], [-73.79013, 40.85856], [-73.79012, 40.85857], [-73.79009, 40.85854], [-73.7901, 40.85853], [-73.79005, 40.85847], [-73.78992, 40.85853], [-73.78972, 40.85856], [-73.78934, 40.85856], [-73.78898, 40.85847], [-73.78898, 40.85845], [-73.78898, 40.85844], [-73.78898, 40.85843], [-73.78898, 40.8584], [-73.78897, 40.85836], [-73.78897, 40.85834], [-73.78896, 40.85831], [-73.78895, 40.85829], [-73.78893, 40.85826], [-73.78892, 40.85822], [-73.78891, 40.85819], [-73.78891, 40.85816], [-73.78891, 40.85811], [-73.78891, 40.85806], [-73.7889, 40.85799], [-73.78888, 40.85791], [-73.78887, 40.85789], [-73.78885, 40.85785], [-73.78883, 40.85781], [-73.78882, 40.85776], [-73.7888, 40.85771], [-73.7888, 40.85766], [-73.78879, 40.85759], [-73.78879, 40.85752], [-73.78878, 40.85744], [-73.78878, 40.85742], [-73.78827, 40.85751], [-73.78826, 40.8575], [-73.78818, 40.85751], [-73.78818, 40.85753], [-73.78804, 40.85756], [-73.78803, 40.85751], [-73.78817, 40.85749], [-73.78817, 40.8575], [-73.78826, 40.85749], [-73.78825, 40.85748], [-73.78878, 40.8574], [-73.78876, 40.85732], [-73.78875, 40.85727], [-73.78873, 40.85722], [-73.78872, 40.85717], [-73.7887, 40.85711], [-73.78871, 40.85705], [-73.78872, 40.85699], [-73.78875, 40.85695], [-73.78876, 40.85691], [-73.78877, 40.85689], [-73.78879, 40.85685], [-73.78881, 40.8568], [-73.7888, 40.85675], [-73.78878, 40.85671], [-73.78881, 40.85667], [-73.78884, 40.85664], [-73.78887, 40.85662], [-73.78889, 40.8566], [-73.7889, 40.85657], [-73.78888, 40.85653], [-73.78886, 40.85647], [-73.78882, 40.8564], [-73.78878, 40.85636], [-73.78877, 40.85635], [-73.78876, 40.85631], [-73.78873, 40.8563], [-73.78873, 40.8563], [-73.78869, 40.8563], [-73.78865, 40.8563], [-73.78862, 40.85628], [-73.7886, 40.85625], [-73.7886, 40.85621], [-73.78858, 40.85616], [-73.78854, 40.85616], [-73.78851, 40.8561], [-73.78852, 40.85607], [-73.78847, 40.85591], [-73.78847, 40.85587], [-73.78844, 40.85577], [-73.78841, 40.85578], [-73.78836, 40.85563], [-73.78843, 40.85533], [-73.78842, 40.85519], [-73.78853, 40.85515], [-73.78855, 40.85515], [-73.78854, 40.8551], [-73.7885, 40.85505], [-73.78845, 40.85506], [-73.78843, 40.85504], [-73.78839, 40.85504], [-73.78836, 40.85505], [-73.78834, 40.85503], [-73.78833, 40.85499], [-73.78832, 40.85493], [-73.78831, 40.85489], [-73.78831, 40.85484], [-73.78829, 40.85482], [-73.78829, 40.8548], [-73.78832, 40.85479], [-73.78835, 40.85477], [-73.7884, 40.85475], [-73.78842, 40.85473], [-73.78843, 40.85467], [-73.78842, 40.85462], [-73.78842, 40.85457], [-73.78843, 40.85455], [-73.78844, 40.85453], [-73.78846, 40.85448], [-73.78848, 40.85445], [-73.78848, 40.85443], [-73.78848, 40.8544], [-73.78843, 40.85434], [-73.78841, 40.85431], [-73.7884, 40.85427], [-73.78835, 40.85415], [-73.78787, 40.85427], [-73.78787, 40.85428], [-73.78765, 40.85434], [-73.78765, 40.85433], [-73.78756, 40.85436], [-73.78756, 40.85438], [-73.78736, 40.85442], [-73.78735, 40.85439], [-73.78755, 40.85434], [-73.78755, 40.85435], [-73.78764, 40.85432], [-73.78764, 40.85432], [-73.78835, 40.85413], [-73.78832, 40.8541], [-73.78827, 40.85411], [-73.7882, 40.85413], [-73.78817, 40.85409], [-73.78778, 40.85417], [-73.78769, 40.85419], [-73.78766, 40.85419], [-73.78763, 40.85418], [-73.78756, 40.85418], [-73.78743, 40.8542], [-73.78731, 40.85421], [-73.78727, 40.85421], [-73.78722, 40.85419], [-73.7872, 40.85418], [-73.78717, 40.85415], [-73.78715, 40.8541], [-73.78713, 40.85404], [-73.78691, 40.85408], [-73.78691, 40.85406], [-73.78713, 40.85402], [-73.78715, 40.85398], [-73.78721, 40.85395], [-73.78729, 40.85393], [-73.78732, 40.85392], [-73.78742, 40.85389], [-73.78762, 40.85383], [-73.78781, 40.85378], [-73.78788, 40.85375], [-73.78793, 40.85374], [-73.78797, 40.85371], [-73.78799, 40.85369], [-73.78801, 40.85366], [-73.78801, 40.85362], [-73.78801, 40.85357], [-73.788, 40.85352], [-73.78796, 40.85347], [-73.78761, 40.85311], [-73.78717, 40.85276], [-73.78713, 40.85278], [-73.78712, 40.85277], [-73.78708, 40.8528], [-73.78706, 40.85278], [-73.78711, 40.85276], [-73.7871, 40.85275], [-73.78714, 40.85273], [-73.78694, 40.85258], [-73.78692, 40.85257], [-73.78688, 40.85255], [-73.78685, 40.85255], [-73.78678, 40.85256], [-73.78676, 40.85253], [-73.78677, 40.85252], [-73.78678, 40.8525], [-73.78678, 40.85248], [-73.78677, 40.85245], [-73.78659, 40.85231], [-73.78642, 40.85214], [-73.78638, 40.85211], [-73.78632, 40.85208], [-73.78625, 40.85202], [-73.78588, 40.85179], [-73.78566, 40.8518], [-73.78545, 40.85166], [-73.7854, 40.85164], [-73.78529, 40.85162], [-73.78522, 40.85162], [-73.7851, 40.85165], [-73.78504, 40.85168], [-73.78496, 40.85172], [-73.7849, 40.85173], [-73.78481, 40.85175], [-73.78468, 40.85175], [-73.78433, 40.85178], [-73.78427, 40.85179], [-73.78428, 40.8518], [-73.78413, 40.85183], [-73.78412, 40.85181], [-73.78426, 40.85177], [-73.78427, 40.85178], [-73.78431, 40.85177], [-73.78403, 40.85161], [-73.78398, 40.85153], [-73.78387, 40.85156], [-73.78386, 40.85153], [-73.78397, 40.85151], [-73.78396, 40.85149], [-73.78381, 40.85152], [-73.78358, 40.85157], [-73.78356, 40.85156], [-73.78354, 40.85154], [-73.78348, 40.85156], [-73.78348, 40.85156], [-73.78341, 40.85158], [-73.78338, 40.85159], [-73.78338, 40.85158], [-73.78341, 40.85156], [-73.78353, 40.85152], [-73.78345, 40.8514], [-73.7835, 40.85137], [-73.7836, 40.85132], [-73.7838, 40.85125], [-73.78399, 40.85119], [-73.78414, 40.85115], [-73.78435, 40.8511], [-73.78448, 40.85107], [-73.7846, 40.8511], [-73.78452, 40.85089], [-73.78445, 40.8509], [-73.78443, 40.85086], [-73.78451, 40.85085], [-73.78449, 40.85082], [-73.78447, 40.85079], [-73.78445, 40.85077], [-73.78442, 40.85076], [-73.78439, 40.85076], [-73.78435, 40.85077], [-73.78434, 40.85077], [-73.78431, 40.85077], [-73.78427, 40.85076], [-73.78423, 40.85074], [-73.78416, 40.8507], [-73.78412, 40.85066], [-73.78408, 40.85063], [-73.78404, 40.85064], [-73.78405, 40.85065], [-73.78402, 40.85066], [-73.78402, 40.85066], [-73.78385, 40.85071], [-73.78384, 40.85069], [-73.78395, 40.85065], [-73.78396, 40.85066], [-73.78401, 40.85065], [-73.784, 40.85064], [-73.78403, 40.85063], [-73.78404, 40.85063], [-73.78407, 40.85062], [-73.78402, 40.85058], [-73.78401, 40.85053], [-73.784, 40.8505], [-73.78401, 40.85047], [-73.78401, 40.85047], [-73.78404, 40.85044], [-73.78413, 40.85039], [-73.7842, 40.85033], [-73.78424, 40.85029], [-73.78426, 40.85025], [-73.78425, 40.85022], [-73.78421, 40.85013], [-73.78421, 40.85009], [-73.7842, 40.85006], [-73.78415, 40.85], [-73.7841, 40.84995], [-73.78407, 40.8499], [-73.78358, 40.84927], [-73.78354, 40.84922], [-73.7835, 40.8492], [-73.78345, 40.84918], [-73.78339, 40.84919], [-73.78334, 40.8492], [-73.78329, 40.84921], [-73.78324, 40.84922], [-73.78322, 40.84922], [-73.78318, 40.84922], [-73.78315, 40.84921], [-73.78312, 40.84918], [-73.78304, 40.84907], [-73.78245, 40.84934], [-73.78222, 40.84917], [-73.78209, 40.84925], [-73.78207, 40.84923], [-73.78219, 40.84914], [-73.78216, 40.84912], [-73.78203, 40.84919], [-73.78202, 40.84919], [-73.78196, 40.84922], [-73.78197, 40.84923], [-73.78179, 40.84932], [-73.78178, 40.84931], [-73.78174, 40.84933], [-73.78176, 40.84934], [-73.78158, 40.84943], [-73.78154, 40.8494], [-73.78172, 40.84931], [-73.78173, 40.84932], [-73.78177, 40.84929], [-73.78176, 40.84929], [-73.78194, 40.84919], [-73.78195, 40.8492], [-73.78201, 40.84918], [-73.78214, 40.8491], [-73.78194, 40.84893], [-73.78187, 40.84894], [-73.78185, 40.84895], [-73.78183, 40.84896], [-73.7817, 40.84885], [-73.78162, 40.8489], [-73.78161, 40.84889], [-73.78169, 40.84884], [-73.78161, 40.84877], [-73.78153, 40.84886], [-73.78151, 40.84884], [-73.7816, 40.84875], [-73.78157, 40.84873], [-73.78154, 40.84873], [-73.78146, 40.84881], [-73.78143, 40.8488], [-73.78151, 40.84872], [-73.78149, 40.84871], [-73.78149, 40.84858], [-73.78179, 40.84851], [-73.78204, 40.84844], [-73.782, 40.84834], [-73.78202, 40.84834], [-73.78206, 40.84845], [-73.78179, 40.84853], [-73.7818, 40.84855], [-73.78207, 40.84847], [-73.78208, 40.84842], [-73.7821, 40.8484], [-73.7822, 40.84837], [-73.78251, 40.84829], [-73.78256, 40.84828], [-73.78262, 40.84824], [-73.78262, 40.84821], [-73.78267, 40.84814], [-73.78189, 40.84833], [-73.78176, 40.84835], [-73.78155, 40.8484], [-73.78153, 40.84834], [-73.78138, 40.84838], [-73.78139, 40.84842], [-73.78134, 40.84843], [-73.78112, 40.8485], [-73.78111, 40.84852], [-73.78109, 40.84852], [-73.78108, 40.84851], [-73.78108, 40.84849], [-73.78109, 40.84848], [-73.7813, 40.84842], [-73.78132, 40.84842], [-73.78132, 40.84839], [-73.78107, 40.84845], [-73.78102, 40.84846], [-73.78099, 40.84846], [-73.78098, 40.84846], [-73.78098, 40.84844], [-73.78101, 40.84842], [-73.78109, 40.8484], [-73.78114, 40.84838], [-73.78131, 40.84835], [-73.7813, 40.84832], [-73.78115, 40.84832], [-73.78113, 40.84832], [-73.7811, 40.84832], [-73.7811, 40.84831], [-73.78111, 40.84829], [-73.78113, 40.84829], [-73.78115, 40.8483], [-73.78115, 40.84829], [-73.78129, 40.8483], [-73.78135, 40.84829], [-73.78137, 40.84833], [-73.78173, 40.84823], [-73.78183, 40.84825], [-73.78264, 40.84807], [-73.7825, 40.84791], [-73.78158, 40.84804], [-73.78148, 40.84788], [-73.7815, 40.84768], [-73.78143, 40.84746], [-73.78152, 40.84731], [-73.78184, 40.84714], [-73.78183, 40.84706], [-73.78205, 40.84699], [-73.7821, 40.84691], [-73.78222, 40.84686], [-73.78219, 40.84672], [-73.78216, 40.84664], [-73.78113, 40.84683], [-73.78114, 40.84685], [-73.78107, 40.84687], [-73.78106, 40.84685], [-73.78064, 40.84692], [-73.78068, 40.84706], [-73.78046, 40.8471], [-73.7804, 40.84693], [-73.78106, 40.8468], [-73.78115, 40.84625], [-73.78119, 40.84625], [-73.78111, 40.84675], [-73.78169, 40.84664], [-73.78172, 40.84641], [-73.78174, 40.84641], [-73.78172, 40.84666], [-73.7811, 40.84677], [-73.78109, 40.8468], [-73.78216, 40.84661], [-73.78214, 40.84658], [-73.78233, 40.84655], [-73.78229, 40.84646], [-73.78251, 40.84641], [-73.78236, 40.84598], [-73.78258, 40.84594], [-73.78252, 40.84576], [-73.7825, 40.84566], [-73.78309, 40.84552], [-73.7831, 40.84551], [-73.78315, 40.84531], [-73.78311, 40.84531], [-73.78307, 40.84551], [-73.78258, 40.8456], [-73.78258, 40.84561], [-73.78254, 40.84562], [-73.78254, 40.84564], [-73.78242, 40.84566], [-73.78242, 40.84568], [-73.78182, 40.84578], [-73.78182, 40.84576], [-73.78238, 40.84566], [-73.78238, 40.84565], [-73.78251, 40.84562], [-73.7825, 40.8456], [-73.78305, 40.8455], [-73.78308, 40.84533], [-73.78306, 40.84533], [-73.78309, 40.84517], [-73.78306, 40.84509], [-73.78191, 40.84535], [-73.78184, 40.84549], [-73.78182, 40.84548], [-73.78189, 40.84533], [-73.78307, 40.84506], [-73.78313, 40.84518], [-73.78311, 40.84529], [-73.78315, 40.8453], [-73.78322, 40.84506], [-73.7831, 40.84499], [-73.78298, 40.84468], [-73.78337, 40.84444], [-73.78336, 40.8444], [-73.78334, 40.84436], [-73.78332, 40.84435], [-73.78328, 40.84434], [-73.78324, 40.84435], [-73.78323, 40.84435], [-73.78315, 40.84436], [-73.7831, 40.84438], [-73.78306, 40.84437], [-73.78305, 40.84432], [-73.78301, 40.84417], [-73.78327, 40.84407], [-73.7831, 40.84387], [-73.7835, 40.84373], [-73.78348, 40.84368], [-73.78299, 40.84379], [-73.78289, 40.84389], [-73.78291, 40.84394], [-73.78057, 40.84447], [-73.78055, 40.84447], [-73.78058, 40.8445], [-73.78053, 40.84452], [-73.77993, 40.84388], [-73.77998, 40.84386], [-73.78053, 40.84445], [-73.78056, 40.84445], [-73.78037, 40.84398], [-73.7804, 40.84397], [-73.78058, 40.84443], [-73.78106, 40.84433], [-73.78088, 40.84386], [-73.78091, 40.84386], [-73.78109, 40.84432], [-73.78155, 40.84422], [-73.78135, 40.84371], [-73.78138, 40.8437], [-73.78158, 40.84421], [-73.78201, 40.84411], [-73.7818, 40.84358], [-73.78183, 40.84357], [-73.78204, 40.8441], [-73.78244, 40.84401], [-73.78222, 40.84345], [-73.78225, 40.84344], [-73.78247, 40.844], [-73.78282, 40.84392], [-73.78257, 40.84329], [-73.78261, 40.84329], [-73.78279, 40.84375], [-73.78309, 40.84368], [-73.78287, 40.84312], [-73.7829, 40.84312], [-73.78313, 40.8437], [-73.78281, 40.84378], [-73.78284, 40.84389], [-73.78287, 40.84389], [-73.78294, 40.84379], [-73.78298, 40.84377], [-73.78347, 40.84365], [-73.78319, 40.84287], [-73.78305, 40.8429], [-73.78325, 40.84347], [-73.78321, 40.84348], [-73.78301, 40.8429], [-73.78291, 40.84292], [-73.78289, 40.84287], [-73.78314, 40.84282], [-73.78312, 40.84277], [-73.78292, 40.84281], [-73.7829, 40.84277], [-73.78312, 40.84274], [-73.78302, 40.8426], [-73.78289, 40.84249], [-73.78273, 40.84252], [-73.78282, 40.84276], [-73.78278, 40.84277], [-73.78271, 40.84253], [-73.7823, 40.84261], [-73.78244, 40.84304], [-73.78241, 40.84305], [-73.78227, 40.84261], [-73.7818, 40.8427], [-73.78197, 40.84322], [-73.78193, 40.84323], [-73.78177, 40.8427], [-73.78125, 40.8428], [-73.78143, 40.84337], [-73.78139, 40.84338], [-73.78122, 40.8428], [-73.78067, 40.84291], [-73.78086, 40.8435], [-73.78083, 40.84351], [-73.78064, 40.84291], [-73.7803, 40.84297], [-73.78029, 40.84378], [-73.78023, 40.84378], [-73.78023, 40.84288], [-73.78029, 40.84288], [-73.78029, 40.84295], [-73.78287, 40.84248], [-73.78272, 40.84245], [-73.78231, 40.84252], [-73.7823, 40.84249], [-73.78243, 40.84247], [-73.78241, 40.84245], [-73.7806, 40.84279], [-73.78059, 40.84275], [-73.78237, 40.84243], [-73.78234, 40.84234], [-73.78216, 40.84237], [-73.78215, 40.84235], [-73.78233, 40.84232], [-73.78231, 40.84222], [-73.78222, 40.84224], [-73.78222, 40.84227], [-73.78216, 40.84228], [-73.78216, 40.84226], [-73.78163, 40.84235], [-73.78162, 40.84233], [-73.78225, 40.84221], [-73.78225, 40.84222], [-73.78231, 40.84221], [-73.78232, 40.84217], [-73.78233, 40.84214], [-73.78233, 40.8421], [-73.78237, 40.84207], [-73.78237, 40.842], [-73.78233, 40.84192], [-73.78229, 40.84193], [-73.78231, 40.84198], [-73.78228, 40.84199], [-73.78227, 40.84195], [-73.78145, 40.84217], [-73.78144, 40.84214], [-73.78232, 40.8419], [-73.78227, 40.84179], [-73.78208, 40.84183], [-73.78208, 40.84184], [-73.78207, 40.84184], [-73.78206, 40.84184], [-73.78204, 40.84184], [-73.78203, 40.84184], [-73.78226, 40.84178], [-73.78224, 40.84174], [-73.78202, 40.84179], [-73.78201, 40.84179], [-73.78204, 40.84178], [-73.78204, 40.84177], [-73.78205, 40.84177], [-73.78205, 40.84177], [-73.78224, 40.84173], [-73.78222, 40.8417], [-73.78217, 40.84169], [-73.78207, 40.84169], [-73.78202, 40.8417], [-73.78188, 40.84173], [-73.78187, 40.84169], [-73.78141, 40.84177], [-73.78142, 40.84181], [-73.78137, 40.84181], [-73.78135, 40.84178], [-73.7813, 40.84179], [-73.78132, 40.84186], [-73.78128, 40.84187], [-73.78134, 40.842], [-73.78131, 40.842], [-73.78125, 40.84188], [-73.78113, 40.84191], [-73.7812, 40.84204], [-73.78117, 40.84205], [-73.7811, 40.84192], [-73.78098, 40.84195], [-73.78105, 40.84208], [-73.78102, 40.84209], [-73.78096, 40.84196], [-73.78085, 40.84199], [-73.78093, 40.84212], [-73.78089, 40.84213], [-73.78081, 40.842], [-73.7807, 40.84203], [-73.78076, 40.84218], [-73.78072, 40.84219], [-73.78066, 40.84204], [-73.78061, 40.84206], [-73.78058, 40.84206], [-73.78053, 40.84208], [-73.78059, 40.84221], [-73.78056, 40.84221], [-73.7805, 40.84209], [-73.78044, 40.84211], [-73.78046, 40.84215], [-73.78039, 40.84216], [-73.78038, 40.84212], [-73.78037, 40.84211], [-73.78035, 40.84211], [-73.78043, 40.84249], [-73.7803, 40.84251], [-73.7802, 40.84205], [-73.78033, 40.84203], [-73.78034, 40.8421], [-73.78038, 40.84209], [-73.78038, 40.84208], [-73.78126, 40.84184], [-73.78124, 40.84177], [-73.78185, 40.84165], [-73.78184, 40.84153], [-73.78184, 40.84147], [-73.78184, 40.8414], [-73.78182, 40.84134], [-73.7818, 40.84128], [-73.78176, 40.84122], [-73.78172, 40.84119], [-73.78169, 40.84117], [-73.78166, 40.84112], [-73.78084, 40.84128], [-73.78093, 40.84154], [-73.78089, 40.84155], [-73.7808, 40.84126], [-73.78165, 40.8411], [-73.78161, 40.84101], [-73.7814, 40.84105], [-73.78139, 40.84104], [-73.78161, 40.841], [-73.7816, 40.84095], [-73.78138, 40.84099], [-73.78138, 40.84098], [-73.78159, 40.84094], [-73.78157, 40.84083], [-73.78154, 40.84078], [-73.78151, 40.84077], [-73.78148, 40.84076], [-73.78145, 40.84075], [-73.78143, 40.84074], [-73.78142, 40.84071], [-73.78142, 40.84069], [-73.78144, 40.84068], [-73.78147, 40.84066], [-73.78148, 40.84064], [-73.78149, 40.84062], [-73.78149, 40.8406], [-73.78148, 40.84057], [-73.78146, 40.84055], [-73.78145, 40.84053], [-73.78145, 40.8405], [-73.78146, 40.84048], [-73.78149, 40.84047], [-73.78151, 40.84045], [-73.78152, 40.84044], [-73.78154, 40.84042], [-73.78154, 40.84039], [-73.78153, 40.84034], [-73.78152, 40.84029], [-73.78149, 40.84021], [-73.78125, 40.84025], [-73.78125, 40.84024], [-73.78149, 40.8402], [-73.78147, 40.84017], [-73.78145, 40.84014], [-73.78136, 40.83973], [-73.78118, 40.83976], [-73.78118, 40.83975], [-73.78136, 40.83971], [-73.78134, 40.83948], [-73.78114, 40.8395], [-73.78114, 40.83949], [-73.78134, 40.83947], [-73.78133, 40.83929], [-73.78134, 40.83924], [-73.78157, 40.83854], [-73.7816, 40.83848], [-73.78172, 40.83822], [-73.782, 40.83801], [-73.78188, 40.83765], [-73.78238, 40.83732], [-73.78273, 40.83749], [-73.78275, 40.83747], [-73.78281, 40.83742], [-73.78291, 40.83732], [-73.78289, 40.83716], [-73.7828, 40.83692], [-73.7827, 40.83684], [-73.78268, 40.83648], [-73.78282, 40.83634], [-73.78303, 40.83635], [-73.78338, 40.83691], [-73.78366, 40.83681], [-73.7841, 40.83672], [-73.78422, 40.83675], [-73.78431, 40.83681], [-73.78448, 40.83702], [-73.78492, 40.83684], [-73.78488, 40.83679], [-73.78498, 40.83675], [-73.78508, 40.83688], [-73.78498, 40.83693], [-73.78494, 40.83687], [-73.7845, 40.83706], [-73.78485, 40.83747], [-73.78513, 40.83745], [-73.78564, 40.83706], [-73.78583, 40.83721], [-73.78579, 40.83723], [-73.78565, 40.83713], [-73.78517, 40.83747], [-73.78528, 40.83776], [-73.78558, 40.83793], [-73.7855, 40.83848], [-73.78555, 40.83873], [-73.78553, 40.8388], [-73.78556, 40.83887], [-73.78568, 40.8391], [-73.78574, 40.83923], [-73.78593, 40.83943], [-73.78608, 40.83954], [-73.78615, 40.83959], [-73.78627, 40.83959], [-73.78653, 40.83972], [-73.7869, 40.83971], [-73.7873, 40.83967], [-73.78733, 40.8397], [-73.78741, 40.83968], [-73.78741, 40.83969], [-73.78734, 40.83971], [-73.78739, 40.83977], [-73.78747, 40.83994], [-73.78749, 40.83999], [-73.78749, 40.84005], [-73.78748, 40.84005], [-73.78745, 40.84007], [-73.78747, 40.84012], [-73.78764, 40.84053], [-73.7874, 40.84058], [-73.78736, 40.84059], [-73.78739, 40.84065], [-73.78749, 40.84084], [-73.78772, 40.8408], [-73.78771, 40.84078], [-73.78792, 40.84074], [-73.78793, 40.84075], [-73.78818, 40.84071], [-73.78816, 40.84066], [-73.78814, 40.84066], [-73.78809, 40.8405], [-73.78816, 40.84049], [-73.78821, 40.84065], [-73.78819, 40.84066], [-73.78821, 40.8407], [-73.78824, 40.8407], [-73.78825, 40.84075], [-73.78797, 40.8408], [-73.78796, 40.84078], [-73.78778, 40.84082], [-73.78779, 40.84084], [-73.78752, 40.84088], [-73.78758, 40.84093], [-73.78779, 40.84089], [-73.78786, 40.84108], [-73.78761, 40.84114], [-73.78761, 40.8412], [-73.7878, 40.84144], [-73.78784, 40.84147], [-73.7879, 40.84148], [-73.78795, 40.84148], [-73.78804, 40.84146], [-73.78812, 40.84146], [-73.78812, 40.84146], [-73.7882, 40.84148], [-73.78824, 40.8415], [-73.78825, 40.84153], [-73.78837, 40.8415], [-73.78837, 40.84152], [-73.78826, 40.84154], [-73.78826, 40.84157], [-73.78826, 40.84159], [-73.78825, 40.84162], [-73.78823, 40.84166], [-73.7882, 40.84169], [-73.78816, 40.84171], [-73.78812, 40.84173], [-73.78805, 40.84176], [-73.78802, 40.84178], [-73.78805, 40.84185], [-73.78829, 40.84178], [-73.7883, 40.8418], [-73.78806, 40.84187], [-73.78823, 40.8422], [-73.78838, 40.84238], [-73.78844, 40.8424], [-73.78851, 40.84239], [-73.78852, 40.84241], [-73.78884, 40.84235], [-73.78884, 40.84236], [-73.78853, 40.84242], [-73.78872, 40.84266], [-73.78876, 40.84266], [-73.78879, 40.84272], [-73.78876, 40.84275], [-73.78884, 40.843], [-73.78889, 40.84307], [-73.78906, 40.84323], [-73.78962, 40.84311], [-73.78966, 40.84323], [-73.78979, 40.84321], [-73.78978, 40.84317], [-73.78984, 40.84316], [-73.78985, 40.84323], [-73.78992, 40.84322], [-73.78992, 40.84318], [-73.78993, 40.84318], [-73.78992, 40.84314], [-73.78991, 40.84314], [-73.78988, 40.84305], [-73.78993, 40.84304], [-73.78996, 40.84314], [-73.78994, 40.84314], [-73.78995, 40.84317], [-73.78997, 40.84317], [-73.79, 40.84331], [-73.78995, 40.84331], [-73.78993, 40.84324], [-73.78986, 40.84325], [-73.78989, 40.84338], [-73.78973, 40.84341], [-73.78975, 40.84345], [-73.7899, 40.84342], [-73.78991, 40.84344], [-73.78976, 40.84347], [-73.78977, 40.84351], [-73.7898, 40.84359], [-73.78974, 40.8436], [-73.78934, 40.84368], [-73.78932, 40.84375], [-73.78933, 40.84379], [-73.78936, 40.84384], [-73.78942, 40.84384], [-73.78946, 40.84395], [-73.78935, 40.84397], [-73.78934, 40.84398], [-73.78935, 40.84401], [-73.78947, 40.84429], [-73.78947, 40.84429], [-73.7896, 40.8445], [-73.78991, 40.8449], [-73.78993, 40.84492], [-73.79002, 40.84493], [-73.7902, 40.84519], [-73.7905, 40.84549], [-73.79067, 40.84574], [-73.79085, 40.8457], [-73.79099, 40.84565], [-73.79102, 40.8457], [-73.7907, 40.84579], [-73.79096, 40.84623], [-73.79091, 40.84625], [-73.79094, 40.8463], [-73.79095, 40.84631], [-73.79097, 40.84636], [-73.79106, 40.84635], [-73.79106, 40.84635], [-73.79149, 40.84625], [-73.7915, 40.84628], [-73.79113, 40.84636], [-73.79114, 40.84642], [-73.79112, 40.84643], [-73.79118, 40.84656], [-73.79126, 40.84655], [-73.79131, 40.84654], [-73.79133, 40.84656], [-73.79141, 40.84655], [-73.79143, 40.84658], [-73.79132, 40.84661], [-73.79138, 40.84671], [-73.79142, 40.8467], [-73.79148, 40.8468], [-73.79179, 40.84673], [-73.7918, 40.84677], [-73.79143, 40.84686], [-73.79137, 40.84689], [-73.79138, 40.84693], [-73.79138, 40.84695], [-73.79149, 40.84696], [-73.79144, 40.84731], [-73.7917, 40.84725], [-73.79169, 40.84724], [-73.79177, 40.84723], [-73.79192, 40.84723], [-73.79192, 40.84726], [-73.79175, 40.84727], [-73.79172, 40.84727], [-73.79172, 40.8473], [-73.79143, 40.84736], [-73.79142, 40.84748], [-73.79152, 40.84746], [-73.79154, 40.84754], [-73.79131, 40.84759], [-73.79127, 40.8476], [-73.79128, 40.84765], [-73.79128, 40.84766], [-73.79133, 40.84806], [-73.79161, 40.84803], [-73.79162, 40.84805], [-73.79134, 40.84809], [-73.79136, 40.84823], [-73.79131, 40.8484], [-73.79123, 40.8485], [-73.79124, 40.84855], [-73.79106, 40.84872], [-73.79111, 40.84881], [-73.7911, 40.84881], [-73.79104, 40.84874], [-73.79102, 40.84881], [-73.79092, 40.84887], [-73.79101, 40.84898], [-73.79098, 40.849], [-73.79089, 40.84889], [-73.79025, 40.84918], [-73.78976, 40.84953], [-73.78983, 40.84986], [-73.78986, 40.84997], [-73.79016, 40.84992], [-73.79016, 40.84991], [-73.79023, 40.84989], [-73.79023, 40.84991], [-73.79065, 40.84984], [-73.79065, 40.84983], [-73.79093, 40.84978], [-73.79091, 40.84975], [-73.79095, 40.84974], [-73.79099, 40.84983], [-73.79068, 40.84989], [-73.79066, 40.84986], [-73.79044, 40.84989], [-73.79045, 40.84991], [-73.79037, 40.84992], [-73.79036, 40.84991], [-73.79023, 40.84992], [-73.79024, 40.84994], [-73.79017, 40.84995], [-73.79017, 40.84994], [-73.78987, 40.84999], [-73.79002, 40.85032], [-73.79017, 40.85029], [-73.7902, 40.85027], [-73.79021, 40.85028], [-73.79025, 40.85028], [-73.79024, 40.85024], [-73.79028, 40.85022], [-73.79026, 40.85016], [-73.79036, 40.85014], [-73.79041, 40.85027], [-73.79014, 40.85032], [-73.79016, 40.85036], [-73.79022, 40.85035], [-73.79023, 40.85037], [-73.79005, 40.8504], [-73.79005, 40.85038], [-73.79012, 40.85037], [-73.79012, 40.85033], [-73.79002, 40.85035], [-73.79004, 40.85045], [-73.78992, 40.85061], [-73.79102, 40.85041], [-73.79102, 40.85043], [-73.78993, 40.85063], [-73.79003, 40.85077], [-73.79007, 40.85093], [-73.79025, 40.8509], [-73.79025, 40.85091], [-73.79007, 40.85094], [-73.79009, 40.85098], [-73.79026, 40.85095], [-73.79027, 40.85096], [-73.79009, 40.85099], [-73.79012, 40.85119], [-73.78951, 40.8513], [-73.78956, 40.85149], [-73.78966, 40.85148], [-73.78966, 40.85149], [-73.78979, 40.85146], [-73.78978, 40.85144], [-73.78971, 40.85145], [-73.7897, 40.85142], [-73.78968, 40.85142], [-73.78967, 40.85134], [-73.78977, 40.85132], [-73.78978, 40.85135], [-73.7898, 40.85134], [-73.78981, 40.85139], [-73.7898, 40.85139], [-73.78981, 40.85145], [-73.79006, 40.85141], [-73.79002, 40.85126], [-73.79005, 40.85126], [-73.79009, 40.85141], [-73.79035, 40.85137], [-73.7903, 40.85123], [-73.79034, 40.85122], [-73.79038, 40.85136], [-73.79082, 40.85129], [-73.79078, 40.85115], [-73.79082, 40.85115], [-73.79086, 40.85128], [-73.79099, 40.85126], [-73.79099, 40.85129], [-73.79087, 40.85131], [-73.79089, 40.8514], [-73.79086, 40.85141], [-73.79083, 40.85131], [-73.79039, 40.85139], [-73.79041, 40.85149], [-73.79039, 40.85149], [-73.79035, 40.85139], [-73.79009, 40.85143], [-73.79012, 40.85151], [-73.79007, 40.85152], [-73.79005, 40.85144], [-73.78967, 40.8515], [-73.78973, 40.85169], [-73.79015, 40.85161], [-73.79017, 40.85166], [-73.79089, 40.85155], [-73.79092, 40.85164], [-73.7902, 40.85175], [-73.79022, 40.85184], [-73.79025, 40.85183], [-73.79023, 40.85176], [-73.79046, 40.85172], [-73.79046, 40.85177], [-73.79038, 40.85178], [-73.79039, 40.8518], [-73.79027, 40.85181], [-73.79027, 40.85183], [-73.79029, 40.85183], [-73.79031, 40.8519], [-73.79028, 40.8519], [-73.7903, 40.85197], [-73.79026, 40.85198], [-73.79008, 40.85203], [-73.79016, 40.85225], [-73.79024, 40.85223], [-73.79016, 40.85204], [-73.7902, 40.85203], [-73.79027, 40.85222], [-73.79053, 40.85216], [-73.79045, 40.85199], [-73.79051, 40.85198], [-73.79058, 40.85215], [-73.79081, 40.8521], [-73.79074, 40.85193], [-73.79058, 40.85198], [-73.79056, 40.85194], [-73.79079, 40.85186], [-73.79082, 40.8519], [-73.79076, 40.85192], [-73.79079, 40.85191], [-73.79085, 40.85209], [-73.791, 40.85205], [-73.79099, 40.85203], [-73.79111, 40.85201], [-73.79107, 40.85187], [-73.79102, 40.85188], [-73.79101, 40.85186], [-73.79117, 40.85182], [-73.79118, 40.85184], [-73.7911, 40.85186], [-73.79117, 40.85202], [-73.79119, 40.85202], [-73.79146, 40.85194], [-73.7914, 40.85178], [-73.79133, 40.8518], [-73.79132, 40.85178], [-73.79152, 40.85173], [-73.79152, 40.85175], [-73.79143, 40.85178], [-73.7915, 40.85193], [-73.79177, 40.85187], [-73.79173, 40.85176], [-73.79227, 40.85161], [-73.79226, 40.85159], [-73.79248, 40.85152], [-73.79249, 40.85155], [-73.79229, 40.85161], [-73.7923, 40.85162], [-73.79177, 40.85177], [-73.7918, 40.85186], [-73.79205, 40.8518], [-73.79206, 40.85182], [-73.79016, 40.85227], [-73.79017, 40.85228], [-73.79114, 40.85206], [-73.79121, 40.8522], [-73.79133, 40.85217], [-73.79134, 40.85218], [-73.79121, 40.85221], [-73.79123, 40.85226], [-73.79136, 40.85223], [-73.79136, 40.85223], [-73.79123, 40.85226], [-73.79124, 40.85228], [-73.79318, 40.85181], [-73.79309, 40.85158], [-73.79312, 40.85158], [-73.79322, 40.85183], [-73.79315, 40.85184], [-73.79325, 40.85192], [-73.79324, 40.85193], [-73.79314, 40.85187], [-73.79313, 40.85185], [-73.79125, 40.8523], [-73.79138, 40.8526], [-73.79341, 40.85211], [-73.79338, 40.85203], [-73.79341, 40.85202], [-73.79351, 40.85226], [-73.79348, 40.85227], [-73.79342, 40.85214], [-73.79139, 40.85263], [-73.79145, 40.85277], [-73.79042, 40.85302], [-73.7905, 40.85319], [-73.79077, 40.85312], [-73.79079, 40.85316], [-73.79101, 40.85312], [-73.79099, 40.85304], [-73.79101, 40.85303], [-73.79103, 40.85311], [-73.79145, 40.85301], [-73.79139, 40.85284], [-73.79144, 40.85282], [-73.7915, 40.853], [-73.7917, 40.85296], [-73.79163, 40.85278], [-73.79166, 40.85278], [-73.79173, 40.85295], [-73.79196, 40.85289], [-73.79189, 40.85272], [-73.79192, 40.85271], [-73.79199, 40.85289], [-73.79222, 40.85283], [-73.79215, 40.85266], [-73.79218, 40.85265], [-73.79225, 40.85282], [-73.79249, 40.85277], [-73.79242, 40.85259], [-73.79244, 40.85259], [-73.79251, 40.85276], [-73.79283, 40.85268], [-73.79276, 40.85251], [-73.79282, 40.85249], [-73.7929, 40.85269], [-73.79284, 40.85271], [-73.79081, 40.8532], [-73.79086, 40.85332], [-73.79111, 40.85326], [-73.79127, 40.85371], [-73.79252, 40.85341], [-73.79239, 40.85306], [-73.79241, 40.85305], [-73.79256, 40.8534], [-73.79298, 40.8533], [-73.79285, 40.85295], [-73.79288, 40.85294], [-73.79304, 40.85337], [-73.79301, 40.85338], [-73.793, 40.85333], [-73.79127, 40.85373], [-73.79129, 40.85384], [-73.79106, 40.85392], [-73.79128, 40.85386], [-73.79129, 40.85388], [-73.79246, 40.8536], [-73.79249, 40.85367], [-73.79246, 40.85368], [-73.79244, 40.85363], [-73.79107, 40.85394], [-73.79108, 40.85396], [-73.79138, 40.85389], [-73.79158, 40.85389], [-73.79172, 40.85392], [-73.79179, 40.85399], [-73.79182, 40.85399], [-73.79182, 40.85398], [-73.79251, 40.8539], [-73.79251, 40.85385], [-73.79254, 40.85385], [-73.79257, 40.85402], [-73.79253, 40.85402], [-73.79252, 40.85392], [-73.79183, 40.854], [-73.79182, 40.854], [-73.79179, 40.854], [-73.79192, 40.85422], [-73.79134, 40.85444], [-73.79129, 40.85458], [-73.79187, 40.85542], [-73.79208, 40.85564], [-73.7925, 40.85579], [-73.79249, 40.85589], [-73.79249, 40.85595], [-73.79242, 40.85599], [-73.79231, 40.85607], [-73.79212, 40.85601], [-73.79203, 40.85614], [-73.79202, 40.85618], [-73.79257, 40.85621], [-73.79257, 40.85623], [-73.79264, 40.85624], [-73.79265, 40.8562], [-73.79271, 40.85619], [-73.79269, 40.85633], [-73.79312, 40.85637], [-73.79312, 40.85635], [-73.79316, 40.85635], [-73.79315, 40.85647], [-73.79311, 40.85646], [-73.79312, 40.8564], [-73.79262, 40.85636], [-73.79263, 40.85625], [-73.79257, 40.85624], [-73.79257, 40.85626], [-73.79201, 40.85622], [-73.79199, 40.85636], [-73.79194, 40.8564], [-73.79207, 40.85641], [-73.79206, 40.85644], [-73.7921, 40.85645], [-73.79209, 40.85648], [-73.79207, 40.85647], [-73.79206, 40.85651], [-73.79202, 40.85651], [-73.79201, 40.85654], [-73.79191, 40.85652], [-73.7919, 40.85655], [-73.79305, 40.85673], [-73.79307, 40.85668], [-73.7931, 40.85669], [-73.79306, 40.85682], [-73.79303, 40.85681], [-73.79305, 40.85675], [-73.79189, 40.85657], [-73.79186, 40.85667], [-73.79184, 40.85666], [-73.79183, 40.85667], [-73.79196, 40.85672], [-73.79196, 40.85672], [-73.79182, 40.85668], [-73.79179, 40.85672], [-73.79193, 40.85677], [-73.79192, 40.85678], [-73.79179, 40.85673], [-73.79171, 40.85685], [-73.79186, 40.85679], [-73.79188, 40.85682], [-73.79184, 40.85684], [-73.79183, 40.85683], [-73.79174, 40.85687], [-73.79182, 40.8569], [-73.79187, 40.85698], [-73.7922, 40.85715], [-73.79223, 40.85711], [-73.79221, 40.85711], [-73.79237, 40.85691], [-73.79243, 40.85693], [-73.79227, 40.85713], [-73.79224, 40.85712], [-73.79222, 40.85715], [-73.79274, 40.85739], [-73.79283, 40.85744], [-73.7929, 40.85719], [-73.79295, 40.85699], [-73.79301, 40.857], [-73.793, 40.85706], [-73.79288, 40.85748], [-73.79281, 40.85746], [-73.79272, 40.85742], [-73.79186, 40.857], [-73.79185, 40.85701], [-73.79268, 40.85742], [-73.79261, 40.85751], [-73.79258, 40.85749], [-73.79264, 40.85742], [-73.79211, 40.85717], [-73.79189, 40.85744], [-73.79247, 40.85771], [-73.79254, 40.85762], [-73.79255, 40.85763], [-73.79257, 40.85764], [-73.7924, 40.85784], [-73.79239, 40.85784], [-73.79237, 40.85783], [-73.79244, 40.85774], [-73.79174, 40.85739], [-73.79176, 40.85737], [-73.79187, 40.85743], [-73.79209, 40.85716], [-73.79184, 40.85703], [-73.79174, 40.85718], [-73.7916, 40.85737], [-73.79129, 40.85726], [-73.79094, 40.85755], [-73.79123, 40.85769], [-73.79124, 40.85767], [-73.79132, 40.8577], [-73.79131, 40.85772], [-73.79164, 40.85788], [-73.79176, 40.85776], [-73.79179, 40.85777], [-73.7916, 40.85796], [-73.79144, 40.85815], [-73.79141, 40.85814], [-73.79162, 40.8579], [-73.79129, 40.85774], [-73.79128, 40.85775], [-73.79121, 40.85771], [-73.79122, 40.8577], [-73.79093, 40.85757], [-73.79079, 40.85775], [-73.79068, 40.8578], [-73.79044, 40.85792], [-73.79024, 40.85815], [-73.79006, 40.85846], [-73.79013, 40.85852], [-73.79014, 40.85852], [-73.79016, 40.85854], [-73.79015, 40.85855], [-73.7902, 40.8586], [-73.79019, 40.85861]]], [[[-73.78283, 40.85587], [-73.78302, 40.85509], [-73.78368, 40.85517], [-73.78395, 40.85563], [-73.78343, 40.85636], [-73.78283, 40.85587]]], [[[-73.78062, 40.85573], [-73.7809, 40.85497], [-73.78156, 40.855], [-73.78156, 40.85574], [-73.78123, 40.85609], [-73.78062, 40.85573]]], [[[-73.78833, 40.83467], [-73.78931, 40.83446], [-73.78951, 40.83536], [-73.78846, 40.83531], [-73.78833, 40.83467]]]]}}, {"type": "Feature", "properties": {"zone_id": 53, "zone": "College Point", "borough": "Queens", "demand": 4}, "geometry": {"type": "MultiPolygon", "coordinates": [[[[-73.83839, 40.7983], [-73.83919, 40.79778], [-73.84022, 40.79761], [-73.84026, 40.79759], [-73.83997, 40.7969], [-73.83904, 40.79705], [-73.83843, 40.79679], [-73.8384, 40.79675], [-73.83736, 40.79426], [-73.8373, 40.79422], [-73.83723, 40.79411], [-73.83718, 40.79402], [-73.83708, 40.7939], [-73.83707, 40.79385], [-73.83707, 40.7938], [-73.83713, 40.79369], [-73.83686, 40.79307], [-73.83663, 40.79252], [-73.83818, 40.79275], [-73.83887, 40.79295], [-73.83905, 40.79299], [-73.83905, 40.79299], [-73.83905, 40.79299], [-73.83922, 40.79304], [-73.83939, 40.79311], [-73.83954, 40.7932], [-73.83954, 40.7932], [-73.83967, 40.7933], [-73.83967, 40.7933], [-73.83978, 40.79341], [-73.83991, 40.79352], [-73.84004, 40.79361], [-73.84019, 40.7937], [-73.84019, 40.7937], [-73.84019, 40.7937], [-73.84034, 40.79378], [-73.84051, 40.79385], [-73.84051, 40.79385], [-73.84068, 40.79391], [-73.84076, 40.7925], [-73.84082, 40.7915], [-73.83987, 40.79147], [-73.83896, 40.79144], [-73.83901, 40.79062], [-73.83992, 40.79065], [-73.84, 40.78925], [-73.84008, 40.78785], [-73.83916, 40.78782], [-73.83824, 40.78779], [-73.83835, 40.78585], [-73.83846, 40.78582], [-73.83853, 40.7847], [-73.83862, 40.78323], [-73.8387, 40.78168], [-73.83778, 40.78165], [-73.83669, 40.78165], [-73.83218, 40.78166], [-73.82771, 40.78167], [-73.82678, 40.78167], [-73.8257, 40.78169], [-73.82528, 40.7817], [-73.82514, 40.7817], [-73.82558, 40.78083], [-73.82577, 40.78046], [-73.82616, 40.77968], [-73.82642, 40.77923], [-73.82666, 40.77882], [-73.8279, 40.77668], [-73.82831, 40.776], [-73.82879, 40.77524], [-73.82908, 40.77479], [-73.83, 40.77373], [-73.8309, 40.77298], [-73.8315, 40.77249], [-73.83161, 40.77241], [-73.8321, 40.7721], [-73.83339, 40.77134], [-73.83434, 40.77079], [-73.83512, 40.77028], [-73.83537, 40.77012], [-73.83614, 40.76953], [-73.83678, 40.76897], [-73.83711, 40.76864], [-73.83747, 40.76831], [-73.83806, 40.7676], [-73.83867, 40.76674], [-73.83871, 40.76667], [-73.83913, 40.76599], [-73.83926, 40.76603], [-73.83953, 40.76614], [-73.83954, 40.76621], [-73.8397, 40.76639], [-73.83974, 40.76665], [-73.83973, 40.76673], [-73.83969, 40.76682], [-73.83956, 40.76692], [-73.83951, 40.76697], [-73.8395, 40.76702], [-73.83959, 40.76711], [-73.83968, 40.7671], [-73.83975, 40.76712], [-73.83979, 40.76705], [-73.83987, 40.76709], [-73.83994, 40.76706], [-73.83994, 40.767], [-73.83988, 40.76695], [-73.8399, 40.76682], [-73.84001, 40.76662], [-73.84011, 40.76657], [-73.84022, 40.76653], [-73.84027, 40.76646], [-73.84027, 40.76638], [-73.84031, 40.76629], [-73.84057, 40.76627], [-73.84087, 40.76621], [-73.84085, 40.76616], [-73.84084, 40.76616], [-73.84084, 40.76615], [-73.84086, 40.76614], [-73.84087, 40.76616], [-73.84087, 40.76616], [-73.84089, 40.76621], [-73.84102, 40.76618], [-73.84101, 40.76612], [-73.84108, 40.76611], [-73.84109, 40.76616], [-73.84106, 40.76617], [-73.84106, 40.76618], [-73.84121, 40.76615], [-73.8412, 40.7661], [-73.8412, 40.7661], [-73.8412, 40.76608], [-73.84124, 40.76608], [-73.84124, 40.76609], [-73.84122, 40.76609], [-73.84123, 40.76615], [-73.84144, 40.7661], [-73.84172, 40.76604], [-73.8417, 40.76599], [-73.84167, 40.76599], [-73.84166, 40.76597], [-73.84171, 40.76596], [-73.84174, 40.76604], [-73.84196, 40.76599], [-73.84198, 40.76596], [-73.84197, 40.76593], [-73.84192, 40.76593], [-73.84192, 40.76594], [-73.84187, 40.76595], [-73.84186, 40.76592], [-73.8419, 40.76591], [-73.84191, 40.76592], [-73.84232, 40.76582], [-73.84232, 40.76582], [-73.84236, 40.76581], [-73.84236, 40.76583], [-73.84233, 40.76584], [-73.84233, 40.76584], [-73.84227, 40.76586], [-73.84229, 40.7659], [-73.84232, 40.76591], [-73.84251, 40.76587], [-73.84249, 40.7658], [-73.84248, 40.76581], [-73.84247, 40.76578], [-73.84252, 40.76577], [-73.84253, 40.76579], [-73.84251, 40.7658], [-73.84254, 40.76586], [-73.84268, 40.76583], [-73.84296, 40.76585], [-73.84337, 40.76572], [-73.84347, 40.76565], [-73.8436, 40.76564], [-73.84371, 40.76568], [-73.84395, 40.76549], [-73.84408, 40.7655], [-73.84427, 40.76547], [-73.84449, 40.76546], [-73.84491, 40.76553], [-73.84528, 40.76567], [-73.84593, 40.76601], [-73.84603, 40.76604], [-73.84614, 40.76612], [-73.8462, 40.7662], [-73.84652, 40.7663], [-73.84667, 40.76628], [-73.84685, 40.76626], [-73.84701, 40.76627], [-73.84712, 40.76629], [-73.84723, 40.76631], [-73.84738, 40.76642], [-73.84769, 40.76671], [-73.84781, 40.76677], [-73.84786, 40.76685], [-73.84792, 40.76701], [-73.84799, 40.76712], [-73.84804, 40.76724], [-73.84809, 40.76738], [-73.84821, 40.76763], [-73.84828, 40.76774], [-73.84837, 40.76787], [-73.84842, 40.76791], [-73.84849, 40.76798], [-73.8485, 40.76799], [-73.84852, 40.76801], [-73.84857, 40.76809], [-73.84852, 40.76813], [-73.84848, 40.76817], [-73.84843, 40.76822], [-73.84838, 40.76828], [-73.84833, 40.76833], [-73.84829, 40.76839], [-73.84829, 40.76841], [-73.8483, 40.76843], [-73.84831, 40.76845], [-73.84833, 40.76847], [-73.84835, 40.76848], [-73.84842, 40.7685], [-73.84848, 40.76852], [-73.84855, 40.76855], [-73.84861, 40.76859], [-73.84867, 40.76862], [-73.84884, 40.76875], [-73.84901, 40.76921], [-73.84892, 40.76932], [-73.84892, 40.76941], [-73.84884, 40.76946], [-73.84872, 40.76955], [-73.84866, 40.76961], [-73.84861, 40.7697], [-73.8486, 40.76982], [-73.84873, 40.76999], [-73.84893, 40.76991], [-73.84882, 40.76974], [-73.8495, 40.76951], [-73.84953, 40.76952], [-73.84956, 40.76955], [-73.84956, 40.76956], [-73.84949, 40.76958], [-73.84956, 40.76967], [-73.8496, 40.76966], [-73.84963, 40.76966], [-73.84971, 40.76979], [-73.84969, 40.76981], [-73.84964, 40.76983], [-73.8497, 40.76993], [-73.84975, 40.76992], [-73.84977, 40.76994], [-73.84976, 40.76996], [-73.84908, 40.77019], [-73.84899, 40.77003], [-73.84873, 40.77011], [-73.84863, 40.77039], [-73.84861, 40.77043], [-73.84859, 40.7705], [-73.84858, 40.77054], [-73.84859, 40.7706], [-73.84859, 40.77062], [-73.8486, 40.77063], [-73.84861, 40.77066], [-73.84862, 40.77069], [-73.84865, 40.77072], [-73.84867, 40.77076], [-73.84875, 40.77084], [-73.84883, 40.77091], [-73.84891, 40.77098], [-73.84913, 40.77106], [-73.84934, 40.77119], [-73.84949, 40.77133], [-73.84958, 40.77144], [-73.84961, 40.77148], [-73.84973, 40.77173], [-73.84974, 40.77174], [-73.84977, 40.7718], [-73.84981, 40.77184], [-73.84982, 40.77186], [-73.84993, 40.77189], [-73.84994, 40.77192], [-73.84994, 40.77193], [-73.8502, 40.77194], [-73.8502, 40.77194], [-73.8503, 40.77194], [-73.85031, 40.77192], [-73.85028, 40.77192], [-73.85029, 40.77189], [-73.85031, 40.7719], [-73.85034, 40.77174], [-73.85038, 40.77175], [-73.85037, 40.77181], [-73.85126, 40.77187], [-73.85127, 40.7718], [-73.8513, 40.77181], [-73.85127, 40.77198], [-73.85124, 40.77198], [-73.85125, 40.77189], [-73.85036, 40.77183], [-73.85033, 40.77202], [-73.8503, 40.77201], [-73.8503, 40.77197], [-73.8502, 40.77196], [-73.85019, 40.77197], [-73.84995, 40.77196], [-73.84996, 40.772], [-73.84995, 40.77206], [-73.84987, 40.77218], [-73.85004, 40.77218], [-73.85004, 40.77222], [-73.84984, 40.77223], [-73.84973, 40.77241], [-73.84957, 40.77256], [-73.84919, 40.7731], [-73.84898, 40.77356], [-73.84896, 40.77374], [-73.84912, 40.77426], [-73.84921, 40.77455], [-73.84922, 40.77464], [-73.84921, 40.77473], [-73.8492, 40.77482], [-73.84919, 40.77491], [-73.84916, 40.775], [-73.84913, 40.77509], [-73.84909, 40.77518], [-73.84906, 40.77524], [-73.84903, 40.7753], [-73.84901, 40.77534], [-73.84897, 40.77545], [-73.84894, 40.77556], [-73.849, 40.77568], [-73.84912, 40.77579], [-73.84912, 40.77579], [-73.84904, 40.777], [-73.84903, 40.77729], [-73.84902, 40.7774], [-73.849, 40.77752], [-73.84898, 40.77763], [-73.84897, 40.77767], [-73.84897, 40.77777], [-73.84896, 40.77789], [-73.84895, 40.77793], [-73.84896, 40.77796], [-73.84896, 40.77799], [-73.84897, 40.77802], [-73.84897, 40.77803], [-73.84898, 40.77805], [-73.84899, 40.77806], [-73.84899, 40.77806], [-73.849, 40.77807], [-73.84902, 40.77808], [-73.84903, 40.77809], [-73.84905, 40.7781], [-73.84907, 40.7781], [-73.84911, 40.77811], [-73.84918, 40.77813], [-73.84921, 40.77813], [-73.84924, 40.77813], [-73.84929, 40.77814], [-73.84931, 40.77814], [-73.84933, 40.77815], [-73.84935, 40.77815], [-73.84936, 40.77816], [-73.84937, 40.77817], [-73.84938, 40.77818], [-73.8494, 40.7782], [-73.84944, 40.77824], [-73.84948, 40.7783], [-73.84949, 40.77832], [-73.84951, 40.77834], [-73.84952, 40.77836], [-73.84953, 40.77838], [-73.84953, 40.7784], [-73.84954, 40.77842], [-73.84954, 40.77843], [-73.84969, 40.77843], [-73.8497, 40.77841], [-73.84975, 40.77841], [-73.84974, 40.77846], [-73.84954, 40.77846], [-73.84953, 40.77848], [-73.84953, 40.7785], [-73.84953, 40.7785], [-73.84953, 40.7785], [-73.84952, 40.77851], [-73.84952, 40.77851], [-73.84951, 40.77851], [-73.84948, 40.77853], [-73.84948, 40.77853], [-73.84947, 40.77853], [-73.84947, 40.77854], [-73.84947, 40.77854], [-73.84946, 40.77856], [-73.84945, 40.77858], [-73.84945, 40.7786], [-73.84944, 40.77861], [-73.84944, 40.77862], [-73.84945, 40.77864], [-73.84945, 40.77864], [-73.84945, 40.77865], [-73.84946, 40.77865], [-73.84946, 40.77866], [-73.84947, 40.77866], [-73.84948, 40.77867], [-73.84951, 40.77868], [-73.84954, 40.77869], [-73.84958, 40.7787], [-73.8496, 40.7787], [-73.84969, 40.77871], [-73.8497, 40.77871], [-73.84974, 40.77872], [-73.84976, 40.77872], [-73.84977, 40.77873], [-73.84979, 40.77873], [-73.84979, 40.77874], [-73.84979, 40.77874], [-73.8498, 40.77874], [-73.8498, 40.77875], [-73.8498, 40.77875], [-73.8498, 40.77877], [-73.84993, 40.77877], [-73.84993, 40.7788], [-73.8498, 40.77879], [-73.8498, 40.77907], [-73.84979, 40.77909], [-73.84979, 40.7791], [-73.84979, 40.7791], [-73.84978, 40.77911], [-73.84978, 40.77911], [-73.84977, 40.77912], [-73.84976, 40.77913], [-73.84973, 40.77914], [-73.84966, 40.77917], [-73.84966, 40.77917], [-73.84965, 40.77917], [-73.84964, 40.77917], [-73.8496, 40.77918], [-73.8496, 40.77918], [-73.84959, 40.77918], [-73.84959, 40.77918], [-73.84958, 40.77918], [-73.84958, 40.77918], [-73.84958, 40.77919], [-73.84957, 40.77919], [-73.84957, 40.77919], [-73.84957, 40.77919], [-73.84958, 40.7794], [-73.84958, 40.77941], [-73.84958, 40.77942], [-73.84959, 40.77944], [-73.8496, 40.77945], [-73.8496, 40.77946], [-73.84961, 40.77947], [-73.84962, 40.77947], [-73.84964, 40.77948], [-73.84964, 40.77948], [-73.84964, 40.77948], [-73.84965, 40.77949], [-73.84966, 40.77949], [-73.84967, 40.77949], [-73.84969, 40.77948], [-73.84973, 40.77948], [-73.84974, 40.77948], [-73.84975, 40.77948], [-73.84975, 40.77948], [-73.84975, 40.77948], [-73.84974, 40.7794], [-73.85007, 40.77935], [-73.85009, 40.77935], [-73.85009, 40.77937], [-73.85013, 40.77937], [-73.85011, 40.7793], [-73.85067, 40.77919], [-73.85066, 40.77917], [-73.85097, 40.77911], [-73.85095, 40.77907], [-73.85119, 40.77901], [-73.85119, 40.77902], [-73.85148, 40.77896], [-73.85149, 40.77899], [-73.8512, 40.77905], [-73.85121, 40.77908], [-73.85101, 40.77912], [-73.85103, 40.7792], [-73.85105, 40.7792], [-73.85108, 40.7793], [-73.85105, 40.7793], [-73.85104, 40.77928], [-73.85095, 40.77929], [-73.85095, 40.77933], [-73.85074, 40.77935], [-73.85074, 40.77932], [-73.85016, 40.77943], [-73.85014, 40.77939], [-73.85011, 40.7794], [-73.85012, 40.77943], [-73.85004, 40.77945], [-73.84979, 40.7795], [-73.84982, 40.77963], [-73.84988, 40.77963], [-73.84988, 40.77961], [-73.84999, 40.77961], [-73.85001, 40.7796], [-73.85001, 40.77962], [-73.85235, 40.77948], [-73.85232, 40.77917], [-73.85236, 40.77917], [-73.85239, 40.77953], [-73.85236, 40.77953], [-73.85236, 40.7795], [-73.84997, 40.77964], [-73.84982, 40.77965], [-73.84984, 40.77977], [-73.84984, 40.77978], [-73.84984, 40.77978], [-73.84984, 40.77978], [-73.84984, 40.77978], [-73.84984, 40.77978], [-73.84983, 40.77978], [-73.84981, 40.77978], [-73.84981, 40.77978], [-73.8498, 40.77978], [-73.8498, 40.77978], [-73.8498, 40.77978], [-73.8498, 40.77978], [-73.84979, 40.77978], [-73.84977, 40.7798], [-73.84975, 40.77982], [-73.84974, 40.77983], [-73.84972, 40.77984], [-73.84971, 40.77985], [-73.84969, 40.77986], [-73.84967, 40.77986], [-73.84966, 40.77986], [-73.84965, 40.77986], [-73.84962, 40.77986], [-73.84961, 40.77986], [-73.8496, 40.77986], [-73.84959, 40.77986], [-73.84959, 40.77986], [-73.84958, 40.77987], [-73.84958, 40.77987], [-73.84957, 40.77987], [-73.84957, 40.77987], [-73.84956, 40.77988], [-73.84956, 40.77988], [-73.84956, 40.77989], [-73.84955, 40.77989], [-73.84955, 40.7799], [-73.84955, 40.77991], [-73.84955, 40.77993], [-73.84955, 40.77993], [-73.84955, 40.77996], [-73.84955, 40.77997], [-73.84955, 40.77998], [-73.84955, 40.77998], [-73.84955, 40.77999], [-73.84973, 40.78], [-73.84974, 40.78004], [-73.85031, 40.78003], [-73.85031, 40.78004], [-73.85037, 40.78003], [-73.85038, 40.78001], [-73.85042, 40.78001], [-73.85042, 40.78003], [-73.85045, 40.78003], [-73.85046, 40.77989], [-73.85048, 40.77989], [-73.85048, 40.77996], [-73.85162, 40.77994], [-73.85164, 40.77987], [-73.85169, 40.77987], [-73.85167, 40.78003], [-73.85162, 40.78003], [-73.85162, 40.77996], [-73.85049, 40.77998], [-73.85048, 40.78005], [-73.85042, 40.78006], [-73.85042, 40.78008], [-73.85037, 40.78008], [-73.85037, 40.78006], [-73.85, 40.78006], [-73.84974, 40.78006], [-73.84949, 40.78007], [-73.84949, 40.78007], [-73.84949, 40.78008], [-73.84949, 40.78009], [-73.84949, 40.78009], [-73.84949, 40.78009], [-73.84949, 40.7801], [-73.8495, 40.78011], [-73.84951, 40.78013], [-73.84953, 40.78015], [-73.84957, 40.78019], [-73.84957, 40.7802], [-73.84958, 40.78022], [-73.84959, 40.78022], [-73.84959, 40.78023], [-73.84959, 40.78025], [-73.84959, 40.78027], [-73.84959, 40.78031], [-73.84959, 40.78033], [-73.84959, 40.78039], [-73.8496, 40.78045], [-73.8496, 40.78049], [-73.84961, 40.78053], [-73.84961, 40.78054], [-73.84962, 40.78055], [-73.84962, 40.78055], [-73.84963, 40.78056], [-73.84964, 40.78057], [-73.84965, 40.78058], [-73.84966, 40.78058], [-73.84967, 40.78059], [-73.84968, 40.78059], [-73.84969, 40.78059], [-73.84969, 40.78059], [-73.8497, 40.78059], [-73.84971, 40.78059], [-73.84975, 40.78059], [-73.84976, 40.78059], [-73.84977, 40.78059], [-73.84978, 40.78059], [-73.84978, 40.7806], [-73.84978, 40.7806], [-73.84979, 40.7806], [-73.84979, 40.7806], [-73.84979, 40.7806], [-73.8498, 40.7806], [-73.8498, 40.78061], [-73.84981, 40.78062], [-73.84981, 40.78062], [-73.84982, 40.78064], [-73.84982, 40.78065], [-73.84982, 40.78066], [-73.84982, 40.78069], [-73.84982, 40.78069], [-73.84981, 40.78077], [-73.84981, 40.7808], [-73.84981, 40.78085], [-73.84981, 40.78087], [-73.84981, 40.78089], [-73.84983, 40.78093], [-73.84985, 40.78099], [-73.84986, 40.78101], [-73.84988, 40.78106], [-73.84989, 40.78107], [-73.84989, 40.78108], [-73.84989, 40.78109], [-73.84991, 40.78109], [-73.85094, 40.78108], [-73.85094, 40.78112], [-73.84992, 40.78112], [-73.84989, 40.78112], [-73.84984, 40.78159], [-73.84984, 40.7816], [-73.84984, 40.7816], [-73.84983, 40.7816], [-73.84983, 40.7816], [-73.84981, 40.78161], [-73.8498, 40.78161], [-73.84977, 40.78162], [-73.84974, 40.78162], [-73.84965, 40.78162], [-73.84958, 40.78163], [-73.84955, 40.78163], [-73.84949, 40.78163], [-73.84945, 40.78163], [-73.84936, 40.78163], [-73.84929, 40.78163], [-73.8492, 40.78163], [-73.8492, 40.78163], [-73.8492, 40.78163], [-73.8492, 40.78163], [-73.8492, 40.78163], [-73.84919, 40.78163], [-73.84919, 40.78163], [-73.84919, 40.78164], [-73.84919, 40.78164], [-73.84919, 40.78164], [-73.84919, 40.78164], [-73.84918, 40.78165], [-73.84918, 40.78166], [-73.84918, 40.78166], [-73.84919, 40.78167], [-73.84919, 40.78167], [-73.84919, 40.78167], [-73.84919, 40.78167], [-73.8492, 40.78168], [-73.84922, 40.78169], [-73.84923, 40.7817], [-73.84925, 40.78171], [-73.84927, 40.78171], [-73.84929, 40.78171], [-73.8493, 40.78171], [-73.84939, 40.78172], [-73.84942, 40.78173], [-73.84944, 40.78173], [-73.84946, 40.78174], [-73.84947, 40.78174], [-73.84949, 40.78175], [-73.8495, 40.78176], [-73.84951, 40.78177], [-73.84952, 40.78178], [-73.84953, 40.78179], [-73.84954, 40.78181], [-73.84955, 40.78182], [-73.84955, 40.78184], [-73.84955, 40.78186], [-73.84954, 40.78189], [-73.84953, 40.78192], [-73.84952, 40.78193], [-73.84951, 40.78194], [-73.8495, 40.78196], [-73.84949, 40.78197], [-73.84947, 40.78198], [-73.84945, 40.782], [-73.84945, 40.782], [-73.84942, 40.78201], [-73.84936, 40.78204], [-73.84933, 40.78206], [-73.84931, 40.78208], [-73.84929, 40.78209], [-73.84927, 40.78212], [-73.84925, 40.78215], [-73.84924, 40.78217], [-73.84924, 40.78219], [-73.84924, 40.7822], [-73.84924, 40.78222], [-73.84924, 40.78224], [-73.84924, 40.78225], [-73.84925, 40.78226], [-73.84925, 40.78226], [-73.84926, 40.78227], [-73.84926, 40.78227], [-73.84927, 40.78228], [-73.8493, 40.78229], [-73.84933, 40.78231], [-73.84937, 40.78232], [-73.84941, 40.78233], [-73.84948, 40.78235], [-73.84952, 40.78236], [-73.84956, 40.78236], [-73.8496, 40.78237], [-73.84964, 40.78237], [-73.84974, 40.78238], [-73.84979, 40.78238], [-73.84983, 40.78238], [-73.84993, 40.7824], [-73.84999, 40.7824], [-73.85018, 40.78241], [-73.85021, 40.78241], [-73.85023, 40.78241], [-73.85023, 40.78242], [-73.85023, 40.78242], [-73.85024, 40.78242], [-73.85024, 40.78242], [-73.85024, 40.78242], [-73.85024, 40.78242], [-73.85025, 40.78243], [-73.85026, 40.78245], [-73.85026, 40.78245], [-73.85027, 40.78245], [-73.85027, 40.78246], [-73.85027, 40.78246], [-73.85027, 40.78246], [-73.85028, 40.78246], [-73.85028, 40.78246], [-73.85028, 40.78246], [-73.85028, 40.78246], [-73.85029, 40.78246], [-73.85029, 40.78246], [-73.85029, 40.78246], [-73.8503, 40.78246], [-73.85031, 40.78245], [-73.85032, 40.78244], [-73.85032, 40.78244], [-73.85033, 40.78243], [-73.85034, 40.78241], [-73.85034, 40.78241], [-73.85035, 40.78241], [-73.85035, 40.7824], [-73.85036, 40.7824], [-73.85037, 40.78239], [-73.85039, 40.78239], [-73.8504, 40.78239], [-73.85044, 40.78236], [-73.85046, 40.78236], [-73.85048, 40.78236], [-73.8505, 40.78235], [-73.85052, 40.78235], [-73.85053, 40.78235], [-73.85057, 40.78235], [-73.85064, 40.78236], [-73.8508, 40.78237], [-73.85085, 40.78237], [-73.85096, 40.78236], [-73.85106, 40.78236], [-73.85116, 40.78237], [-73.85117, 40.78237], [-73.85117, 40.78237], [-73.85118, 40.78237], [-73.85119, 40.78237], [-73.85121, 40.78238], [-73.85121, 40.78238], [-73.85122, 40.78239], [-73.85123, 40.78239], [-73.85123, 40.7824], [-73.85169, 40.78236], [-73.85192, 40.78235], [-73.85202, 40.78234], [-73.8521, 40.78234], [-73.85216, 40.78234], [-73.85228, 40.78235], [-73.85234, 40.78234], [-73.85238, 40.78234], [-73.85253, 40.78233], [-73.8526, 40.78233], [-73.85278, 40.78233], [-73.85286, 40.78233], [-73.85297, 40.78233], [-73.85315, 40.78232], [-73.85322, 40.78206], [-73.85324, 40.78205], [-73.85327, 40.78204], [-73.85329, 40.78204], [-73.85332, 40.78203], [-73.85347, 40.78201], [-73.85365, 40.78199], [-73.85368, 40.78199], [-73.85372, 40.78198], [-73.85376, 40.78198], [-73.85381, 40.78198], [-73.85396, 40.78199], [-73.85406, 40.78199], [-73.85414, 40.78199], [-73.85417, 40.78199], [-73.85424, 40.78197], [-73.85427, 40.78197], [-73.85429, 40.78197], [-73.85435, 40.78197], [-73.85438, 40.78197], [-73.8545, 40.78197], [-73.8546, 40.78196], [-73.85463, 40.78196], [-73.85471, 40.78195], [-73.85474, 40.78195], [-73.85481, 40.78194], [-73.85485, 40.78194], [-73.8549, 40.78194], [-73.85496, 40.78194], [-73.85506, 40.78195], [-73.85517, 40.78195], [-73.8552, 40.78196], [-73.85522, 40.78196], [-73.85525, 40.78197], [-73.85528, 40.78197], [-73.8553, 40.78198], [-73.85532, 40.78199], [-73.85534, 40.782], [-73.85535, 40.78201], [-73.85537, 40.78203], [-73.85538, 40.78205], [-73.85539, 40.78208], [-73.85545, 40.78314], [-73.85562, 40.78315], [-73.85573, 40.78316], [-73.85573, 40.78319], [-73.85582, 40.78319], [-73.85588, 40.78331], [-73.85587, 40.7832], [-73.85593, 40.7832], [-73.85593, 40.78332], [-73.85613, 40.78335], [-73.85613, 40.78335], [-73.85614, 40.78335], [-73.85621, 40.78338], [-73.85623, 40.78338], [-73.85625, 40.78339], [-73.85627, 40.78339], [-73.85629, 40.78339], [-73.85631, 40.78338], [-73.85633, 40.78338], [-73.85636, 40.78337], [-73.85638, 40.78336], [-73.85642, 40.78334], [-73.85643, 40.78333], [-73.85645, 40.78332], [-73.85644, 40.78316], [-73.85668, 40.78315], [-73.85667, 40.78309], [-73.85665, 40.78298], [-73.85662, 40.78298], [-73.85662, 40.78294], [-73.85661, 40.78294], [-73.8566, 40.78289], [-73.85665, 40.78289], [-73.85665, 40.78294], [-73.85668, 40.78294], [-73.8567, 40.7831], [-73.8567, 40.78315], [-73.85671, 40.78318], [-73.85672, 40.7832], [-73.85672, 40.7832], [-73.85673, 40.78322], [-73.85674, 40.78325], [-73.85678, 40.7833], [-73.8568, 40.78333], [-73.85682, 40.78336], [-73.85683, 40.78336], [-73.85684, 40.78337], [-73.85685, 40.78338], [-73.85686, 40.78338], [-73.85688, 40.78338], [-73.85689, 40.78339], [-73.8569, 40.78339], [-73.85691, 40.78339], [-73.85692, 40.78339], [-73.85692, 40.78339], [-73.85693, 40.78338], [-73.85699, 40.78338], [-73.85708, 40.78337], [-73.85713, 40.78337], [-73.85718, 40.78336], [-73.85728, 40.78336], [-73.8573, 40.78336], [-73.85732, 40.78336], [-73.85734, 40.78337], [-73.85737, 40.78338], [-73.8574, 40.78339], [-73.85742, 40.7834], [-73.85744, 40.78341], [-73.85746, 40.78343], [-73.85749, 40.78345], [-73.85752, 40.78347], [-73.85753, 40.78348], [-73.85753, 40.7835], [-73.85758, 40.78355], [-73.85761, 40.78361], [-73.85769, 40.78364], [-73.85777, 40.78366], [-73.85785, 40.78367], [-73.85791, 40.78368], [-73.85797, 40.78369], [-73.85803, 40.7837], [-73.85808, 40.78372], [-73.85809, 40.78374], [-73.85809, 40.78374], [-73.8581, 40.78375], [-73.85811, 40.78377], [-73.85812, 40.78379], [-73.85814, 40.78386], [-73.85816, 40.78393], [-73.85817, 40.78399], [-73.85817, 40.78401], [-73.85817, 40.78402], [-73.85817, 40.78403], [-73.85817, 40.78405], [-73.85815, 40.78411], [-73.85814, 40.78415], [-73.85813, 40.78416], [-73.85813, 40.78419], [-73.85812, 40.78419], [-73.85812, 40.7842], [-73.85811, 40.78421], [-73.8581, 40.78422], [-73.85808, 40.78423], [-73.85807, 40.78424], [-73.85805, 40.78425], [-73.85803, 40.78426], [-73.858, 40.78426], [-73.858, 40.78427], [-73.85799, 40.78427], [-73.85795, 40.78426], [-73.85794, 40.78427], [-73.85793, 40.78427], [-73.85793, 40.78427], [-73.85792, 40.78427], [-73.85791, 40.78428], [-73.85789, 40.78428], [-73.85789, 40.78429], [-73.85789, 40.78429], [-73.85788, 40.78429], [-73.85788, 40.7843], [-73.85786, 40.78436], [-73.85785, 40.78437], [-73.85785, 40.78438], [-73.85784, 40.78442], [-73.85783, 40.78443], [-73.85783, 40.78444], [-73.85783, 40.78444], [-73.85783, 40.78445], [-73.85783, 40.78447], [-73.85784, 40.78448], [-73.85785, 40.78451], [-73.85794, 40.7845], [-73.85794, 40.78451], [-73.85794, 40.78452], [-73.858, 40.78465], [-73.85799, 40.78465], [-73.85799, 40.78465], [-73.85798, 40.78465], [-73.85798, 40.78465], [-73.85798, 40.78465], [-73.85797, 40.78465], [-73.85797, 40.78465], [-73.85797, 40.78465], [-73.85797, 40.78465], [-73.85797, 40.78466], [-73.85797, 40.78466], [-73.85797, 40.78466], [-73.85797, 40.78466], [-73.85797, 40.78466], [-73.85797, 40.78466], [-73.85797, 40.78466], [-73.85797, 40.78467], [-73.85797, 40.78467], [-73.85798, 40.78468], [-73.85799, 40.78469], [-73.85801, 40.78471], [-73.85805, 40.78474], [-73.85813, 40.78481], [-73.85817, 40.78484], [-73.85828, 40.78494], [-73.85831, 40.78497], [-73.85834, 40.785], [-73.85841, 40.78509], [-73.85846, 40.78515], [-73.85848, 40.78516], [-73.8585, 40.78518], [-73.85851, 40.78519], [-73.85852, 40.7852], [-73.85852, 40.78521], [-73.85853, 40.78522], [-73.85853, 40.78523], [-73.85899, 40.7852], [-73.85906, 40.78543], [-73.85909, 40.78544], [-73.85909, 40.78542], [-73.85908, 40.78542], [-73.85899, 40.7851], [-73.85904, 40.78509], [-73.85912, 40.78541], [-73.85911, 40.78541], [-73.85911, 40.78544], [-73.85922, 40.78546], [-73.85922, 40.78548], [-73.85924, 40.78548], [-73.85924, 40.78547], [-73.85953, 40.78553], [-73.85952, 40.78556], [-73.85942, 40.78554], [-73.85942, 40.78553], [-73.85939, 40.78552], [-73.85939, 40.78553], [-73.85907, 40.78547], [-73.85908, 40.78552], [-73.85899, 40.78549], [-73.85894, 40.78557], [-73.85896, 40.78558], [-73.85897, 40.78558], [-73.85897, 40.78559], [-73.85898, 40.78559], [-73.85898, 40.78559], [-73.85899, 40.78559], [-73.85899, 40.78559], [-73.859, 40.78559], [-73.85901, 40.78559], [-73.85902, 40.78558], [-73.85902, 40.78558], [-73.85904, 40.78559], [-73.85904, 40.78559], [-73.85905, 40.78559], [-73.85905, 40.78559], [-73.85906, 40.78559], [-73.85906, 40.7856], [-73.85908, 40.78562], [-73.8591, 40.78564], [-73.85912, 40.78566], [-73.85913, 40.78567], [-73.85913, 40.78568], [-73.85913, 40.78569], [-73.85914, 40.7857], [-73.85914, 40.7857], [-73.85913, 40.78571], [-73.85913, 40.78572], [-73.85913, 40.78573], [-73.85912, 40.78573], [-73.85912, 40.78574], [-73.85911, 40.78575], [-73.85908, 40.78577], [-73.85907, 40.78577], [-73.85907, 40.78577], [-73.85905, 40.78578], [-73.85904, 40.78578], [-73.85903, 40.78578], [-73.85903, 40.78579], [-73.85902, 40.78579], [-73.85902, 40.78579], [-73.85902, 40.7858], [-73.85901, 40.7858], [-73.85912, 40.78585], [-73.8591, 40.78588], [-73.85901, 40.78583], [-73.85901, 40.78584], [-73.85901, 40.78586], [-73.85902, 40.78587], [-73.85903, 40.78589], [-73.85903, 40.7859], [-73.85903, 40.78591], [-73.85903, 40.78592], [-73.85903, 40.78593], [-73.85903, 40.78595], [-73.85902, 40.78596], [-73.85902, 40.78598], [-73.85901, 40.78599], [-73.859, 40.78599], [-73.85899, 40.786], [-73.85897, 40.78601], [-73.85895, 40.78602], [-73.85891, 40.78604], [-73.85886, 40.78606], [-73.8588, 40.78608], [-73.85876, 40.78609], [-73.85871, 40.7861], [-73.85865, 40.78612], [-73.85865, 40.78612], [-73.85864, 40.78612], [-73.85863, 40.78612], [-73.85861, 40.78613], [-73.8586, 40.78614], [-73.85859, 40.78614], [-73.85859, 40.78615], [-73.85858, 40.78615], [-73.85858, 40.78616], [-73.85858, 40.78617], [-73.85857, 40.78618], [-73.85857, 40.78622], [-73.85856, 40.78625], [-73.85857, 40.78626], [-73.85857, 40.78628], [-73.85858, 40.7863], [-73.85859, 40.78633], [-73.85861, 40.78636], [-73.85863, 40.78639], [-73.85864, 40.7864], [-73.85867, 40.78643], [-73.85868, 40.78645], [-73.85869, 40.78646], [-73.85869, 40.78647], [-73.8587, 40.78649], [-73.8587, 40.78649], [-73.8587, 40.7865], [-73.85869, 40.78651], [-73.85868, 40.78653], [-73.85867, 40.78655], [-73.85866, 40.78656], [-73.85861, 40.78662], [-73.85857, 40.78667], [-73.85854, 40.78669], [-73.85848, 40.78674], [-73.85847, 40.78676], [-73.85845, 40.78679], [-73.85843, 40.7868], [-73.85843, 40.7868], [-73.85842, 40.78681], [-73.8584, 40.78682], [-73.85839, 40.78682], [-73.85839, 40.78682], [-73.85832, 40.78687], [-73.85827, 40.78692], [-73.85826, 40.78692], [-73.85826, 40.78693], [-73.85823, 40.78696], [-73.85821, 40.78699], [-73.85817, 40.78702], [-73.85816, 40.78703], [-73.85814, 40.78704], [-73.85813, 40.78705], [-73.85811, 40.78706], [-73.85809, 40.78706], [-73.85807, 40.78706], [-73.85805, 40.78706], [-73.85804, 40.78706], [-73.85802, 40.78706], [-73.858, 40.78706], [-73.85798, 40.78706], [-73.85796, 40.78705], [-73.85795, 40.78705], [-73.85792, 40.78704], [-73.85786, 40.78701], [-73.85781, 40.78698], [-73.85773, 40.78696], [-73.85771, 40.78695], [-73.85768, 40.78695], [-73.8576, 40.78694], [-73.85757, 40.78694], [-73.85755, 40.78693], [-73.85754, 40.78693], [-73.85753, 40.78693], [-73.85751, 40.78691], [-73.85747, 40.78689], [-73.85745, 40.78687], [-73.85738, 40.78684], [-73.85736, 40.78683], [-73.85735, 40.78682], [-73.85729, 40.78677], [-73.85729, 40.78677], [-73.85724, 40.78673], [-73.85724, 40.78673], [-73.85723, 40.78672], [-73.85722, 40.78672], [-73.8572, 40.78671], [-73.85717, 40.78671], [-73.85715, 40.7867], [-73.85712, 40.78669], [-73.85705, 40.78666], [-73.85703, 40.78665], [-73.85701, 40.78665], [-73.85701, 40.78665], [-73.85701, 40.78665], [-73.857, 40.78665], [-73.857, 40.78665], [-73.857, 40.78665], [-73.85699, 40.78665], [-73.85698, 40.78665], [-73.85696, 40.78666], [-73.85695, 40.78667], [-73.85695, 40.78667], [-73.85694, 40.78667], [-73.85694, 40.78667], [-73.85694, 40.78667], [-73.85692, 40.78667], [-73.85687, 40.78667], [-73.85684, 40.78667], [-73.85681, 40.78667], [-73.85676, 40.78668], [-73.85671, 40.7867], [-73.85667, 40.78671], [-73.85666, 40.78671], [-73.85665, 40.78672], [-73.85664, 40.78673], [-73.85663, 40.78673], [-73.85662, 40.78674], [-73.85661, 40.78676], [-73.85659, 40.78678], [-73.85658, 40.78681], [-73.85656, 40.78687], [-73.85655, 40.78689], [-73.85654, 40.7869], [-73.85652, 40.78694], [-73.85652, 40.78694], [-73.85651, 40.78695], [-73.85651, 40.78695], [-73.8565, 40.78696], [-73.8565, 40.78696], [-73.8565, 40.78696], [-73.85649, 40.78696], [-73.85649, 40.78696], [-73.85649, 40.78696], [-73.85648, 40.78696], [-73.85645, 40.78695], [-73.85644, 40.78695], [-73.85644, 40.78695], [-73.85644, 40.78695], [-73.85641, 40.78696], [-73.85639, 40.78696], [-73.85636, 40.78697], [-73.85636, 40.78698], [-73.85635, 40.78698], [-73.85633, 40.78699], [-73.85632, 40.78701], [-73.85628, 40.78707], [-73.85627, 40.78709], [-73.85625, 40.7871], [-73.85621, 40.78714], [-73.8562, 40.78715], [-73.85619, 40.78716], [-73.85618, 40.78718], [-73.85617, 40.78721], [-73.85616, 40.78724], [-73.85616, 40.78727], [-73.85617, 40.78736], [-73.85618, 40.78744], [-73.85618, 40.78746], [-73.85617, 40.78749], [-73.85617, 40.78749], [-73.85617, 40.78749], [-73.85617, 40.7875], [-73.85617, 40.7875], [-73.85617, 40.7875], [-73.85616, 40.7875], [-73.85616, 40.78751], [-73.85615, 40.78751], [-73.85614, 40.78752], [-73.8561, 40.78753], [-73.85608, 40.78754], [-73.85608, 40.78754], [-73.85607, 40.78754], [-73.85606, 40.78755], [-73.85603, 40.78759], [-73.85602, 40.78761], [-73.85598, 40.78766], [-73.85597, 40.78767], [-73.85597, 40.78767], [-73.85597, 40.78767], [-73.85597, 40.78767], [-73.85596, 40.78767], [-73.85595, 40.78768], [-73.85593, 40.78768], [-73.85589, 40.78768], [-73.8558, 40.78769], [-73.85574, 40.78769], [-73.8556, 40.78769], [-73.85556, 40.78769], [-73.85542, 40.78769], [-73.8554, 40.78769], [-73.85537, 40.78769], [-73.85534, 40.7877], [-73.85531, 40.78771], [-73.8553, 40.78771], [-73.85529, 40.78771], [-73.85526, 40.78773], [-73.85525, 40.78773], [-73.85523, 40.78774], [-73.85523, 40.78774], [-73.85522, 40.78774], [-73.85513, 40.78775], [-73.85495, 40.78776], [-73.85492, 40.78776], [-73.85484, 40.78777], [-73.8548, 40.78778], [-73.85476, 40.78778], [-73.85473, 40.78778], [-73.85471, 40.78777], [-73.85468, 40.78777], [-73.85457, 40.78774], [-73.85454, 40.78774], [-73.85451, 40.78773], [-73.8545, 40.78773], [-73.85448, 40.78773], [-73.85447, 40.78774], [-73.85445, 40.78774], [-73.85443, 40.78774], [-73.85442, 40.78775], [-73.85441, 40.78775], [-73.85439, 40.78775], [-73.85438, 40.78775], [-73.85431, 40.78774], [-73.8543, 40.78774], [-73.85429, 40.78774], [-73.85417, 40.78775], [-73.85402, 40.78776], [-73.85393, 40.78777], [-73.85372, 40.7878], [-73.85354, 40.78781], [-73.85345, 40.78783], [-73.85336, 40.78784], [-73.85332, 40.78785], [-73.85328, 40.78786], [-73.85325, 40.78787], [-73.85323, 40.78789], [-73.85314, 40.78795], [-73.85304, 40.78802], [-73.85302, 40.78804], [-73.85299, 40.78806], [-73.85294, 40.78813], [-73.85287, 40.78818], [-73.85285, 40.7882], [-73.85284, 40.78821], [-73.85284, 40.78834], [-73.85286, 40.78834], [-73.85289, 40.78835], [-73.85297, 40.78835], [-73.85307, 40.78836], [-73.85313, 40.78836], [-73.85316, 40.78836], [-73.85325, 40.78835], [-73.85329, 40.78835], [-73.85347, 40.78836], [-73.85354, 40.78836], [-73.85359, 40.78836], [-73.85361, 40.78835], [-73.85367, 40.78834], [-73.8537, 40.78834], [-73.85386, 40.78833], [-73.85402, 40.78832], [-73.85415, 40.78831], [-73.85424, 40.78831], [-73.85433, 40.78831], [-73.85435, 40.78831], [-73.85438, 40.78832], [-73.85442, 40.78833], [-73.85446, 40.78834], [-73.8545, 40.78835], [-73.85454, 40.78837], [-73.85457, 40.78838], [-73.8546, 40.7884], [-73.85463, 40.78842], [-73.85466, 40.78844], [-73.85469, 40.78847], [-73.85473, 40.7885], [-73.85477, 40.78855], [-73.85479, 40.78857], [-73.85479, 40.78858], [-73.8548, 40.7886], [-73.8548, 40.78861], [-73.8548, 40.78862], [-73.8548, 40.78864], [-73.8548, 40.78868], [-73.85479, 40.78869], [-73.85479, 40.7887], [-73.85479, 40.78871], [-73.85479, 40.7888], [-73.85479, 40.78884], [-73.85477, 40.78896], [-73.85477, 40.78901], [-73.85477, 40.78904], [-73.85477, 40.78906], [-73.85475, 40.7891], [-73.85475, 40.78912], [-73.85473, 40.7892], [-73.85471, 40.78925], [-73.8547, 40.78929], [-73.85469, 40.78931], [-73.85467, 40.78935], [-73.85467, 40.78936], [-73.85465, 40.78943], [-73.85464, 40.78945], [-73.85461, 40.78948], [-73.85461, 40.7895], [-73.85459, 40.78954], [-73.85458, 40.7896], [-73.85456, 40.78967], [-73.85455, 40.78976], [-73.85453, 40.78984], [-73.85453, 40.78986], [-73.85452, 40.78987], [-73.85452, 40.7899], [-73.85452, 40.78997], [-73.85451, 40.79007], [-73.85451, 40.79014], [-73.8545, 40.79018], [-73.8545, 40.79021], [-73.85449, 40.79023], [-73.85448, 40.79025], [-73.85447, 40.79026], [-73.85447, 40.79026], [-73.85446, 40.79027], [-73.85445, 40.79027], [-73.85445, 40.79028], [-73.85443, 40.79028], [-73.85442, 40.79029], [-73.85416, 40.79041], [-73.85407, 40.79045], [-73.8539, 40.79052], [-73.85383, 40.79055], [-73.85363, 40.79064], [-73.85355, 40.79068], [-73.85348, 40.79071], [-73.85341, 40.79073], [-73.85338, 40.79074], [-73.85331, 40.79076], [-73.85327, 40.79077], [-73.85317, 40.79081], [-73.85313, 40.79082], [-73.85309, 40.79084], [-73.85301, 40.79088], [-73.85284, 40.79096], [-73.8528, 40.79098], [-73.85277, 40.79099], [-73.85275, 40.79101], [-73.85274, 40.79102], [-73.85272, 40.79103], [-73.8527, 40.79104], [-73.85269, 40.79105], [-73.85268, 40.79107], [-73.85267, 40.79108], [-73.85266, 40.79109], [-73.85266, 40.79111], [-73.85265, 40.79112], [-73.85265, 40.79116], [-73.85265, 40.79119], [-73.85265, 40.79122], [-73.85266, 40.79126], [-73.85268, 40.79129], [-73.85271, 40.79133], [-73.85273, 40.79137], [-73.85276, 40.79141], [-73.85279, 40.79145], [-73.85284, 40.7915], [-73.85286, 40.79153], [-73.85288, 40.79156], [-73.85291, 40.79159], [-73.85298, 40.79166], [-73.85306, 40.79173], [-73.85315, 40.79181], [-73.85317, 40.79184], [-73.8532, 40.79186], [-73.85335, 40.79197], [-73.85342, 40.79202], [-73.85346, 40.79205], [-73.85357, 40.79214], [-73.85367, 40.79223], [-73.85372, 40.79227], [-73.85374, 40.79229], [-73.85375, 40.79231], [-73.85376, 40.79232], [-73.85376, 40.79232], [-73.85377, 40.79234], [-73.85377, 40.79234], [-73.85378, 40.79236], [-73.85378, 40.79238], [-73.85378, 40.79242], [-73.85378, 40.79246], [-73.85378, 40.79248], [-73.85377, 40.79249], [-73.85373, 40.79264], [-73.8537, 40.79275], [-73.85369, 40.79277], [-73.85367, 40.79281], [-73.85367, 40.79283], [-73.85366, 40.79286], [-73.85365, 40.79292], [-73.85364, 40.79302], [-73.85363, 40.7931], [-73.85363, 40.79314], [-73.85364, 40.79321], [-73.85365, 40.79334], [-73.85368, 40.79345], [-73.85371, 40.79359], [-73.85373, 40.79372], [-73.85374, 40.79384], [-73.85373, 40.79393], [-73.85372, 40.79396], [-73.85369, 40.79402], [-73.85358, 40.79411], [-73.85353, 40.79414], [-73.85352, 40.79414], [-73.85339, 40.79418], [-73.85322, 40.79422], [-73.85304, 40.79426], [-73.8529, 40.79431], [-73.85283, 40.79435], [-73.85277, 40.79439], [-73.85269, 40.79447], [-73.85264, 40.79454], [-73.85262, 40.79461], [-73.85262, 40.79475], [-73.85266, 40.79487], [-73.85266, 40.79492], [-73.85263, 40.79494], [-73.85259, 40.79493], [-73.85258, 40.79492], [-73.85256, 40.79489], [-73.85253, 40.79479], [-73.85249, 40.79467], [-73.85243, 40.79461], [-73.85234, 40.79454], [-73.85225, 40.79451], [-73.85214, 40.79445], [-73.852, 40.79436], [-73.85193, 40.79431], [-73.8519, 40.79429], [-73.85182, 40.79424], [-73.85168, 40.79414], [-73.85159, 40.79409], [-73.85144, 40.79403], [-73.85129, 40.79398], [-73.85112, 40.79392], [-73.85097, 40.79386], [-73.8508, 40.79381], [-73.85063, 40.79377], [-73.85049, 40.79374], [-73.85033, 40.79368], [-73.85017, 40.79364], [-73.85001, 40.7936], [-73.84984, 40.79354], [-73.84973, 40.7935], [-73.84962, 40.79347], [-73.84948, 40.79342], [-73.84934, 40.79337], [-73.84922, 40.79337], [-73.84913, 40.79336], [-73.84906, 40.79336], [-73.84898, 40.79339], [-73.84893, 40.79341], [-73.8489, 40.79343], [-73.84886, 40.79347], [-73.84885, 40.7935], [-73.84886, 40.79359], [-73.84888, 40.79365], [-73.8489, 40.79367], [-73.84896, 40.7938], [-73.84902, 40.79392], [-73.84908, 40.79414], [-73.84903, 40.79434], [-73.84896, 40.79441], [-73.84878, 40.79454], [-73.84878, 40.79458], [-73.84877, 40.79462], [-73.84878, 40.7947], [-73.84885, 40.7949], [-73.84887, 40.79503], [-73.84888, 40.79513], [-73.84885, 40.79523], [-73.84881, 40.79529], [-73.84871, 40.79542], [-73.84856, 40.79549], [-73.8484, 40.79556], [-73.84823, 40.79563], [-73.84809, 40.79569], [-73.84792, 40.79575], [-73.84782, 40.79578], [-73.84764, 40.79583], [-73.84746, 40.79586], [-73.8473, 40.7959], [-73.84713, 40.79593], [-73.84686, 40.79598], [-73.84677, 40.79599], [-73.84673, 40.796], [-73.84661, 40.79603], [-73.84652, 40.79606], [-73.84645, 40.7961], [-73.84638, 40.79614], [-73.84632, 40.79616], [-73.84625, 40.79616], [-73.8462, 40.79614], [-73.84612, 40.79609], [-73.84604, 40.79604], [-73.84597, 40.79602], [-73.84588, 40.79601], [-73.8457, 40.79603], [-73.84567, 40.79603], [-73.84562, 40.79603], [-73.84559, 40.79601], [-73.8456, 40.79598], [-73.84563, 40.79589], [-73.84562, 40.79585], [-73.84558, 40.79581], [-73.84552, 40.79576], [-73.84544, 40.79565], [-73.84537, 40.79555], [-73.84529, 40.79544], [-73.8452, 40.7954], [-73.84506, 40.79532], [-73.84498, 40.79526], [-73.84495, 40.7952], [-73.84489, 40.79511], [-73.84487, 40.7951], [-73.8448, 40.79506], [-73.84467, 40.79496], [-73.8446, 40.79491], [-73.84451, 40.79488], [-73.84438, 40.79487], [-73.84422, 40.79488], [-73.84408, 40.79487], [-73.84391, 40.79487], [-73.84383, 40.79487], [-73.8438, 40.79488], [-73.84373, 40.79488], [-73.84355, 40.79491], [-73.84343, 40.79495], [-73.84339, 40.79498], [-73.84334, 40.79502], [-73.84332, 40.79507], [-73.84336, 40.79523], [-73.84336, 40.79535], [-73.84335, 40.79547], [-73.84331, 40.7955], [-73.84323, 40.79548], [-73.84318, 40.79543], [-73.84315, 40.79539], [-73.84311, 40.79526], [-73.84304, 40.79521], [-73.84293, 40.79519], [-73.8429, 40.79518], [-73.84286, 40.7952], [-73.84285, 40.79521], [-73.84289, 40.79539], [-73.84329, 40.79617], [-73.84321, 40.79619], [-73.84281, 40.79542], [-73.84226, 40.79558], [-73.84292, 40.7969], [-73.84287, 40.79692], [-73.84217, 40.79561], [-73.84209, 40.79564], [-73.84203, 40.79564], [-73.84198, 40.79564], [-73.8419, 40.79562], [-73.84184, 40.79559], [-73.84178, 40.79554], [-73.84169, 40.79541], [-73.84165, 40.7954], [-73.84159, 40.7954], [-73.84154, 40.79542], [-73.84149, 40.79544], [-73.84143, 40.79549], [-73.84136, 40.79562], [-73.84135, 40.79574], [-73.84136, 40.79586], [-73.84149, 40.79598], [-73.84149, 40.79601], [-73.84144, 40.79604], [-73.84134, 40.79609], [-73.84131, 40.79614], [-73.84129, 40.79617], [-73.84131, 40.7962], [-73.8413, 40.79622], [-73.8406, 40.79681], [-73.84014, 40.79688], [-73.84044, 40.79764], [-73.8404, 40.79765], [-73.84042, 40.79768], [-73.83923, 40.79788], [-73.83921, 40.79784], [-73.83842, 40.79834], [-73.83843, 40.79838], [-73.8379, 40.79851], [-73.83787, 40.79844], [-73.83839, 40.7983]]], [[[-73.86788, 40.78736], [-73.86803, 40.78718], [-73.86813, 40.78723], [-73.86918, 40.78594], [-73.86923, 40.78597], [-73.86817, 40.78726], [-73.86824, 40.78728], [-73.8681, 40.78746], [-73.86788, 40.78736]]]]}}, {"type": "Feature", "properties": {"zone_id": 55, "zone": "Coney Island", "borough": "Brooklyn", "demand": 9}, "geometry": {"type": "Polygon", "coordinates": [[[-73.98672, 40.58457], [-73.98628, 40.58448], [-73.98586, 40.58453], [-73.98548, 40.58452], [-73.98493, 40.5846], [-73.98482, 40.58417], [-73.98388, 40.58398], [-73.98281, 40.58379], [-73.98175, 40.58358], [-73.98045, 40.58341], [-73.98007, 40.58332], [-73.97743, 40.58291], [-73.97468, 40.58312], [-73.97461, 40.58313], [-73.9745, 40.58315], [-73.97309, 40.58343], [-73.97175, 40.58366], [-73.97085, 40.58382], [-73.97045, 40.58389], [-73.97006, 40.58395], [-73.96985, 40.58397], [-73.969, 40.58406], [-73.96782, 40.58454], [-73.96684, 40.58457], [-73.96671, 40.58457], [-73.96662, 40.58457], [-73.96671, 40.58424], [-73.96673, 40.58414], [-73.96675, 40.58406], [-73.96676, 40.58398], [-73.96678, 40.58391], [-73.96681, 40.58376], [-73.96683, 40.58368], [-73.96686, 40.58359], [-73.96692, 40.58335], [-73.96701, 40.58295], [-73.96707, 40.58267], [-73.96709, 40.5826], [-73.96733, 40.58152], [-73.96759, 40.58043], [-73.9676, 40.58038], [-73.96762, 40.5803], [-73.96805, 40.57844], [-73.96835, 40.57711], [-73.96852, 40.57634], [-73.96853, 40.5763], [-73.96855, 40.57624], [-73.96865, 40.57576], [-73.96867, 40.5757], [-73.96868, 40.57563], [-73.96873, 40.5755], [-73.9688, 40.57538], [-73.96883, 40.57534], [-73.96889, 40.57526], [-73.96883, 40.57524], [-73.96853, 40.57514], [-73.9684, 40.57509], [-73.96826, 40.57505], [-73.96811, 40.57502], [-73.96796, 40.57501], [-73.9678, 40.57502], [-73.96766, 40.57504], [-73.96757, 40.57488], [-73.96675, 40.57483], [-73.96471, 40.57478], [-73.96286, 40.57498], [-73.96103, 40.57508], [-73.95942, 40.57518], [-73.95939, 40.57391], [-73.95983, 40.57393], [-73.96022, 40.57391], [-73.96049, 40.57388], [-73.96069, 40.57388], [-73.96081, 40.57386], [-73.96091, 40.57386], [-73.96211, 40.57371], [-73.96268, 40.57367], [-73.96306, 40.57364], [-73.96398, 40.57356], [-73.96454, 40.57351], [-73.96509, 40.57347], [-73.96602, 40.57339], [-73.9672, 40.57333], [-73.96739, 40.57326], [-73.96744, 40.57321], [-73.96736, 40.57304], [-73.96739, 40.57299], [-73.96743, 40.57298], [-73.96745, 40.57301], [-73.96753, 40.57319], [-73.96762, 40.5732], [-73.96779, 40.57319], [-73.96819, 40.57318], [-73.96839, 40.57315], [-73.96856, 40.57313], [-73.96885, 40.57306], [-73.96897, 40.57302], [-73.96906, 40.57299], [-73.9692, 40.57296], [-73.96945, 40.57286], [-73.96947, 40.57282], [-73.96921, 40.57234], [-73.96925, 40.5723], [-73.96928, 40.5723], [-73.96956, 40.57281], [-73.96976, 40.57285], [-73.96996, 40.57286], [-73.97021, 40.57285], [-73.97085, 40.57277], [-73.97109, 40.57273], [-73.97133, 40.57264], [-73.97135, 40.5726], [-73.97138, 40.57251], [-73.97114, 40.57205], [-73.97114, 40.57196], [-73.97118, 40.57194], [-73.97122, 40.57196], [-73.97146, 40.57248], [-73.97152, 40.57258], [-73.97161, 40.57263], [-73.97184, 40.57263], [-73.9725, 40.57258], [-73.97293, 40.57247], [-73.97315, 40.57241], [-73.97335, 40.57232], [-73.97336, 40.57226], [-73.97323, 40.57191], [-73.97321, 40.57167], [-73.97325, 40.57163], [-73.97329, 40.57164], [-73.97333, 40.57168], [-73.97334, 40.57174], [-73.97335, 40.57185], [-73.97337, 40.57194], [-73.97339, 40.57209], [-73.97343, 40.57223], [-73.97345, 40.57227], [-73.97373, 40.57229], [-73.97401, 40.57227], [-73.97441, 40.57224], [-73.97485, 40.57216], [-73.97529, 40.57205], [-73.97547, 40.57197], [-73.97541, 40.5715], [-73.97541, 40.57142], [-73.97546, 40.57142], [-73.97548, 40.57145], [-73.97551, 40.57152], [-73.97552, 40.57169], [-73.9756, 40.57186], [-73.97568, 40.57196], [-73.97593, 40.57202], [-73.97622, 40.57202], [-73.97684, 40.57195], [-73.9773, 40.57186], [-73.97766, 40.57173], [-73.97757, 40.57125], [-73.9776, 40.57119], [-73.97767, 40.57117], [-73.97805, 40.5712], [-73.97808, 40.57123], [-73.97772, 40.57125], [-73.9777, 40.57132], [-73.97771, 40.57138], [-73.97774, 40.57153], [-73.97775, 40.57168], [-73.97777, 40.57171], [-73.97778, 40.57173], [-73.97781, 40.57176], [-73.97784, 40.57178], [-73.97788, 40.5718], [-73.97793, 40.57181], [-73.978, 40.57183], [-73.97807, 40.57184], [-73.9782, 40.57187], [-73.97833, 40.57188], [-73.97846, 40.57189], [-73.97859, 40.5719], [-73.97872, 40.57189], [-73.97885, 40.57188], [-73.97897, 40.57186], [-73.9791, 40.57184], [-73.97946, 40.57174], [-73.97952, 40.57171], [-73.97977, 40.57159], [-73.97985, 40.57154], [-73.97986, 40.57148], [-73.97981, 40.5714], [-73.97972, 40.57135], [-73.97967, 40.57133], [-73.97947, 40.5713], [-73.97946, 40.5713], [-73.97945, 40.5713], [-73.97944, 40.5713], [-73.97943, 40.5713], [-73.97942, 40.5713], [-73.97942, 40.5713], [-73.97941, 40.57129], [-73.9794, 40.57129], [-73.9794, 40.57128], [-73.97939, 40.57128], [-73.97939, 40.57127], [-73.97939, 40.57126], [-73.97944, 40.57122], [-73.97958, 40.57123], [-73.97975, 40.57125], [-73.97996, 40.57144], [-73.97999, 40.57158], [-73.98001, 40.5717], [-73.9801, 40.57173], [-73.98033, 40.57174], [-73.98065, 40.57174], [-73.98104, 40.57168], [-73.98134, 40.57161], [-73.98164, 40.57153], [-73.98184, 40.57147], [-73.98204, 40.57148], [-73.98204, 40.57144], [-73.98202, 40.57139], [-73.98199, 40.57135], [-73.98192, 40.57132], [-73.9817, 40.57131], [-73.9816, 40.57131], [-73.98156, 40.57129], [-73.98154, 40.57127], [-73.98157, 40.57125], [-73.98195, 40.57124], [-73.98203, 40.57128], [-73.9821, 40.57135], [-73.98215, 40.57152], [-73.98218, 40.57156], [-73.98226, 40.57157], [-73.98249, 40.57157], [-73.98283, 40.57154], [-73.98308, 40.57151], [-73.98367, 40.57141], [-73.9834, 40.57017], [-73.98306, 40.57021], [-73.98304, 40.57015], [-73.98339, 40.57009], [-73.98327, 40.56954], [-73.98336, 40.56953], [-73.98349, 40.57009], [-73.98382, 40.57005], [-73.98384, 40.57011], [-73.98349, 40.57016], [-73.98376, 40.5714], [-73.98573, 40.5712], [-73.98594, 40.57118], [-73.98645, 40.57115], [-73.98647, 40.57108], [-73.98651, 40.57108], [-73.98655, 40.57113], [-73.98686, 40.57111], [-73.98727, 40.57108], [-73.98752, 40.57105], [-73.98778, 40.57102], [-73.98804, 40.57098], [-73.98862, 40.5709], [-73.98858, 40.5707], [-73.98863, 40.57069], [-73.98866, 40.57073], [-73.9887, 40.57081], [-73.98872, 40.57088], [-73.98884, 40.57088], [-73.98893, 40.57088], [-73.98915, 40.57084], [-73.98936, 40.57083], [-73.98965, 40.57079], [-73.98994, 40.57076], [-73.99015, 40.57073], [-73.99026, 40.57071], [-73.99053, 40.57066], [-73.99077, 40.5706], [-73.99074, 40.5704], [-73.99072, 40.57026], [-73.99079, 40.57025], [-73.99083, 40.57042], [-73.99086, 40.5706], [-73.99119, 40.57061], [-73.99156, 40.57058], [-73.99189, 40.57053], [-73.99221, 40.5705], [-73.9923, 40.57049], [-73.99253, 40.57047], [-73.99273, 40.57043], [-73.99297, 40.57037], [-73.99295, 40.57024], [-73.99298, 40.5702], [-73.99301, 40.57021], [-73.99303, 40.57028], [-73.99305, 40.57034], [-73.99316, 40.57038], [-73.9933, 40.57038], [-73.99363, 40.57039], [-73.99368, 40.57039], [-73.99402, 40.57041], [-73.99441, 40.57039], [-73.99468, 40.57036], [-73.99481, 40.57036], [-73.99494, 40.57035], [-73.99514, 40.57031], [-73.99515, 40.57018], [-73.99514, 40.57007], [-73.99519, 40.57002], [-73.99525, 40.5701], [-73.99526, 40.57023], [-73.99529, 40.57032], [-73.99552, 40.57035], [-73.99576, 40.57039], [-73.996, 40.57039], [-73.99641, 40.57037], [-73.99665, 40.57037], [-73.99685, 40.57037], [-73.997, 40.57036], [-73.99704, 40.57036], [-73.9972, 40.57035], [-73.99732, 40.57032], [-73.99736, 40.57028], [-73.99736, 40.5702], [-73.99737, 40.57014], [-73.99742, 40.57014], [-73.99745, 40.57029], [-73.99752, 40.57032], [-73.99767, 40.57037], [-73.99785, 40.57041], [-73.998, 40.57045], [-73.99819, 40.57046], [-73.9983, 40.57047], [-73.99847, 40.5705], [-73.99863, 40.57051], [-73.99899, 40.57049], [-73.99923, 40.57049], [-73.99961, 40.57047], [-73.99964, 40.57045], [-73.99966, 40.57038], [-73.9997, 40.57039], [-73.99973, 40.57041], [-73.99973, 40.57045], [-73.99972, 40.57047], [-73.99975, 40.5705], [-73.99995, 40.57049], [-74.00016, 40.57048], [-74.00037, 40.57046], [-74.00057, 40.57044], [-74.00077, 40.57041], [-74.00092, 40.57041], [-74.00106, 40.5704], [-74.00121, 40.57039], [-74.00135, 40.57036], [-74.00167, 40.57031], [-74.00188, 40.57025], [-74.00201, 40.57021], [-74.00206, 40.57015], [-74.00198, 40.5696], [-74.00209, 40.56959], [-74.0022, 40.5703], [-74.00223, 40.57061], [-74.00235, 40.57111], [-74.00249, 40.57174], [-74.00254, 40.57179], [-74.0026, 40.57185], [-74.00266, 40.57189], [-74.00273, 40.57194], [-74.00278, 40.572], [-74.00283, 40.57205], [-74.00289, 40.5721], [-74.00296, 40.57215], [-74.00303, 40.57219], [-74.00311, 40.57222], [-74.00319, 40.57225], [-74.00328, 40.57227], [-74.00336, 40.57228], [-74.00345, 40.57229], [-74.00348, 40.57228], [-74.00352, 40.57227], [-74.00355, 40.57226], [-74.0036, 40.57226], [-74.00364, 40.57226], [-74.00369, 40.57227], [-74.00373, 40.57229], [-74.00377, 40.57231], [-74.00381, 40.57233], [-74.00384, 40.57236], [-74.00386, 40.57239], [-74.00388, 40.57242], [-74.00389, 40.57246], [-74.00389, 40.57249], [-74.00396, 40.57255], [-74.00404, 40.57261], [-74.00412, 40.57267], [-74.00421, 40.57272], [-74.0043, 40.57276], [-74.0044, 40.5728], [-74.0045, 40.57283], [-74.00461, 40.57286], [-74.00471, 40.57288], [-74.00482, 40.57289], [-74.00667, 40.57339], [-74.00871, 40.57376], [-74.00943, 40.5738], [-74.01007, 40.57383], [-74.01071, 40.57403], [-74.01116, 40.57417], [-74.0119, 40.57479], [-74.01202, 40.57488], [-74.01232, 40.57565], [-74.01237, 40.57586], [-74.0124, 40.57606], [-74.01243, 40.57627], [-74.01245, 40.57647], [-74.01246, 40.57668], [-74.0128, 40.57749], [-74.01286, 40.57756], [-74.01292, 40.57764], [-74.01298, 40.57772], [-74.01302, 40.5778], [-74.01303, 40.57786], [-74.01303, 40.57791], [-74.01296, 40.57804], [-74.0129, 40.57816], [-74.01284, 40.57829], [-74.01279, 40.57842], [-74.01275, 40.57856], [-74.01235, 40.57922], [-74.01225, 40.57936], [-74.01214, 40.57949], [-74.01202, 40.57961], [-74.01189, 40.57974], [-74.01176, 40.57985], [-74.01162, 40.57997], [-74.01148, 40.58008], [-74.01133, 40.58018], [-74.01117, 40.58028], [-74.01101, 40.58038], [-74.01086, 40.58046], [-74.0107, 40.58054], [-74.01054, 40.58061], [-74.01038, 40.58064], [-74.01022, 40.58067], [-74.01006, 40.58071], [-74.0099, 40.58075], [-74.00974, 40.5808], [-74.00959, 40.58086], [-74.00945, 40.58092], [-74.0093, 40.58099], [-74.0092, 40.58105], [-74.00909, 40.58111], [-74.00899, 40.58118], [-74.00889, 40.58125], [-74.00887, 40.58126], [-74.00873, 40.58134], [-74.00858, 40.58142], [-74.00843, 40.58149], [-74.00828, 40.58156], [-74.00812, 40.58162], [-74.00796, 40.58168], [-74.00779, 40.58173], [-74.00762, 40.58177], [-74.00745, 40.5818], [-74.00648, 40.58193], [-74.00605, 40.58198], [-74.00484, 40.58185], [-74.00398, 40.58172], [-74.00294, 40.58143], [-74.00221, 40.58137], [-74.00186, 40.58139], [-74.00124, 40.58143], [-74.00084, 40.58134], [-74.00073, 40.58132], [-74.00063, 40.5813], [-74.00051, 40.58128], [-74.00038, 40.58126], [-74.00026, 40.58125], [-74.00014, 40.58125], [-74.00001, 40.58125], [-73.99989, 40.58126], [-73.99976, 40.58127], [-73.99964, 40.58129], [-73.99952, 40.58132], [-73.99937, 40.58135], [-73.99919, 40.58139], [-73.99901, 40.58143], [-73.99892, 40.58145], [-73.99882, 40.58147], [-73.99872, 40.58149], [-73.99862, 40.5815], [-73.99852, 40.5815], [-73.99842, 40.5815], [-73.99832, 40.58149], [-73.99822, 40.58147], [-73.99812, 40.58145], [-73.99807, 40.58142], [-73.99803, 40.58138], [-73.99799, 40.58133], [-73.99796, 40.58129], [-73.99793, 40.58124], [-73.99791, 40.58119], [-73.9979, 40.58113], [-73.9979, 40.58108], [-73.99792, 40.58101], [-73.99795, 40.58093], [-73.99798, 40.58086], [-73.99799, 40.58083], [-73.99799, 40.5808], [-73.99799, 40.58077], [-73.99798, 40.58073], [-73.99797, 40.5807], [-73.99795, 40.58068], [-73.99792, 40.58065], [-73.99789, 40.58063], [-73.99785, 40.58061], [-73.99781, 40.5806], [-73.99777, 40.58059], [-73.99215, 40.57932], [-73.99183, 40.57925], [-73.99175, 40.57924], [-73.99166, 40.57923], [-73.99158, 40.57923], [-73.99149, 40.57923], [-73.9914, 40.57924], [-73.99132, 40.57925], [-73.99123, 40.57928], [-73.99115, 40.5793], [-73.99107, 40.57933], [-73.9907, 40.57937], [-73.99036, 40.57942], [-73.9897, 40.57921], [-73.98958, 40.57919], [-73.98945, 40.57906], [-73.98899, 40.57883], [-73.98843, 40.57882], [-73.98814, 40.57887], [-73.98798, 40.57895], [-73.98761, 40.57903], [-73.98762, 40.57906], [-73.98785, 40.579], [-73.98787, 40.57903], [-73.98751, 40.57912], [-73.98745, 40.57913], [-73.98744, 40.57911], [-73.98746, 40.5791], [-73.9876, 40.57907], [-73.98759, 40.57904], [-73.98749, 40.57906], [-73.98739, 40.57909], [-73.98738, 40.57914], [-73.9867, 40.57981], [-73.98675, 40.57986], [-73.98681, 40.57991], [-73.98688, 40.57995], [-73.98695, 40.57999], [-73.98702, 40.58002], [-73.98678, 40.58029], [-73.98617, 40.58095], [-73.98589, 40.58114], [-73.98591, 40.58123], [-73.98592, 40.58127], [-73.98605, 40.58172], [-73.98684, 40.58123], [-73.98695, 40.58114], [-73.98704, 40.58104], [-73.98713, 40.58093], [-73.98721, 40.58083], [-73.98728, 40.58072], [-73.98735, 40.58061], [-73.98741, 40.58049], [-73.98746, 40.58038], [-73.98757, 40.58003], [-73.98775, 40.57986], [-73.98801, 40.57967], [-73.98812, 40.57968], [-73.9889, 40.58001], [-73.98914, 40.58021], [-73.98954, 40.58042], [-73.9897, 40.58042], [-73.98996, 40.58066], [-73.98972, 40.58084], [-73.98929, 40.58196], [-73.98889, 40.58257], [-73.98875, 40.58282], [-73.98852, 40.58314], [-73.9883, 40.58347], [-73.98731, 40.58359], [-73.98662, 40.58367], [-73.98654, 40.58366], [-73.9866, 40.58376], [-73.9868, 40.58411], [-73.98684, 40.58419], [-73.98688, 40.58425], [-73.9871, 40.58464], [-73.98701, 40.58463], [-73.98672, 40.58457]]]}}, {"type": "Feature", "properties": {"zone_id": 64, "zone": "Douglaston", "borough": "Queens", "demand": 2}, "geometry": {"type": "Polygon", "coordinates": [[[-73.74412, 40.77864], [-73.74154, 40.77711], [-73.74076, 40.77669], [-73.74037, 40.77639], [-73.74008, 40.77621], [-73.73938, 40.77601], [-73.73912, 40.7757], [-73.73886, 40.77557], [-73.7377, 40.77479], [-73.73688, 40.77433], [-73.73389, 40.77253], [-73.73304, 40.77195], [-73.73191, 40.77135], [-73.73114, 40.77087], [-73.7303, 40.77041], [-73.72971, 40.77005], [-73.72871, 40.76946], [-73.72772, 40.7688], [-73.72659, 40.76811], [-73.72555, 40.76749], [-73.72356, 40.76613], [-73.72306, 40.76614], [-73.72248, 40.76553], [-73.72114, 40.76487], [-73.72098, 40.76476], [-73.72081, 40.76465], [-73.72075, 40.76459], [-73.72071, 40.76453], [-73.72063, 40.76448], [-73.72021, 40.76419], [-73.71658, 40.76178], [-73.71414, 40.76024], [-73.71387, 40.76006], [-73.71366, 40.75993], [-73.71352, 40.75984], [-73.71426, 40.75983], [-73.71456, 40.75981], [-73.71498, 40.75978], [-73.71613, 40.75966], [-73.71614, 40.75966], [-73.71685, 40.75952], [-73.71767, 40.75931], [-73.71832, 40.75908], [-73.71878, 40.75887], [-73.71897, 40.75878], [-73.71918, 40.75867], [-73.71956, 40.75845], [-73.71968, 40.75837], [-73.71998, 40.75816], [-73.72032, 40.7579], [-73.72063, 40.75762], [-73.72097, 40.75729], [-73.72111, 40.75711], [-73.72121, 40.75698], [-73.72146, 40.75666], [-73.7216, 40.75643], [-73.72161, 40.7564], [-73.72176, 40.75614], [-73.7218, 40.75607], [-73.72207, 40.7555], [-73.72241, 40.75492], [-73.72265, 40.7546], [-73.7228, 40.75443], [-73.72299, 40.75422], [-73.72327, 40.75395], [-73.72344, 40.75379], [-73.72352, 40.75372], [-73.72383, 40.75347], [-73.72384, 40.75346], [-73.72476, 40.75291], [-73.72507, 40.75272], [-73.72509, 40.75271], [-73.72551, 40.75248], [-73.72583, 40.75229], [-73.72603, 40.75217], [-73.72641, 40.75192], [-73.72667, 40.75171], [-73.72678, 40.75162], [-73.72709, 40.75134], [-73.72738, 40.75103], [-73.72771, 40.75063], [-73.72788, 40.75039], [-73.72805, 40.75008], [-73.72825, 40.74969], [-73.72838, 40.74938], [-73.72849, 40.74904], [-73.72862, 40.74851], [-73.72872, 40.7482], [-73.72896, 40.74763], [-73.72907, 40.74739], [-73.72915, 40.74727], [-73.72953, 40.74672], [-73.72965, 40.74656], [-73.72993, 40.74619], [-73.73043, 40.74558], [-73.73063, 40.74536], [-73.73106, 40.74489], [-73.73227, 40.74382], [-73.73233, 40.74377], [-73.73242, 40.74369], [-73.73366, 40.74281], [-73.7337, 40.74278], [-73.73376, 40.74275], [-73.73437, 40.74235], [-73.73539, 40.74181], [-73.73561, 40.7417], [-73.73686, 40.74105], [-73.73751, 40.74071], [-73.73816, 40.74038], [-73.73857, 40.74009], [-73.73901, 40.73975], [-73.73933, 40.73947], [-73.73972, 40.73904], [-73.73987, 40.73887], [-73.74017, 40.73848], [-73.74029, 40.73852], [-73.74056, 40.73859], [-73.74077, 40.73863], [-73.74088, 40.7387], [-73.74101, 40.73874], [-73.74101, 40.73874], [-73.74101, 40.73874], [-73.74114, 40.73877], [-73.74128, 40.73879], [-73.74142, 40.73878], [-73.74155, 40.73876], [-73.74223, 40.73861], [-73.74307, 40.73844], [-73.74347, 40.73887], [-73.7436, 40.73901], [-73.74372, 40.73938], [-73.74385, 40.74009], [-73.74396, 40.74079], [-73.74658, 40.74035], [-73.74997, 40.73974], [-73.75009, 40.73982], [-73.75009, 40.73982], [-73.75009, 40.73982], [-73.75023, 40.73988], [-73.75023, 40.73988], [-73.75037, 40.73992], [-73.75037, 40.73992], [-73.75037, 40.73992], [-73.75053, 40.73995], [-73.75053, 40.73995], [-73.75053, 40.73995], [-73.75068, 40.73997], [-73.75083, 40.73999], [-73.75083, 40.73999], [-73.75083, 40.73999], [-73.75098, 40.74002], [-73.75098, 40.74002], [-73.75098, 40.74002], [-73.75113, 40.74007], [-73.75113, 40.74007], [-73.75113, 40.74007], [-73.75126, 40.74012], [-73.75126, 40.74012], [-73.75126, 40.74012], [-73.75139, 40.74019], [-73.75347, 40.7424], [-73.75253, 40.74261], [-73.75163, 40.74281], [-73.75073, 40.743], [-73.7498, 40.74314], [-73.74888, 40.74329], [-73.74785, 40.7433], [-73.74672, 40.74312], [-73.74568, 40.74303], [-73.74478, 40.74328], [-73.74593, 40.74571], [-73.74626, 40.74671], [-73.74384, 40.74769], [-73.7441, 40.74821], [-73.74508, 40.75027], [-73.74578, 40.75156], [-73.74622, 40.75169], [-73.74638, 40.75176], [-73.74653, 40.75184], [-73.74667, 40.75193], [-73.74681, 40.75203], [-73.74684, 40.75206], [-73.74687, 40.75209], [-73.7471, 40.75235], [-73.74738, 40.75296], [-73.74761, 40.75351], [-73.74774, 40.75385], [-73.74711, 40.75417], [-73.7481, 40.7559], [-73.75005, 40.7584], [-73.75058, 40.75801], [-73.75116, 40.75907], [-73.7523, 40.75945], [-73.75277, 40.75887], [-73.75321, 40.75824], [-73.75336, 40.75832], [-73.75352, 40.75839], [-73.75369, 40.75844], [-73.75387, 40.75848], [-73.75405, 40.75851], [-73.75423, 40.75852], [-73.75498, 40.7585], [-73.75512, 40.75848], [-73.75526, 40.75844], [-73.75539, 40.75839], [-73.75552, 40.75832], [-73.75557, 40.75828], [-73.75584, 40.75774], [-73.75626, 40.75843], [-73.75682, 40.75973], [-73.758, 40.76038], [-73.75848, 40.76199], [-73.75811, 40.76205], [-73.75802, 40.76211], [-73.75794, 40.76218], [-73.75793, 40.76221], [-73.75788, 40.76227], [-73.75784, 40.76237], [-73.75783, 40.76247], [-73.75784, 40.76254], [-73.75785, 40.76257], [-73.75789, 40.76266], [-73.75794, 40.76273], [-73.7581, 40.76298], [-73.75824, 40.76324], [-73.75836, 40.7635], [-73.75845, 40.76368], [-73.75844, 40.76393], [-73.75845, 40.76411], [-73.75851, 40.7641], [-73.75859, 40.76409], [-73.75886, 40.76327], [-73.7591, 40.76406], [-73.75922, 40.76432], [-73.75863, 40.76438], [-73.75856, 40.76439], [-73.75851, 40.76439], [-73.75839, 40.7644], [-73.75636, 40.7646], [-73.75601, 40.76464], [-73.75567, 40.76469], [-73.75533, 40.76476], [-73.755, 40.76484], [-73.75468, 40.76494], [-73.75436, 40.76505], [-73.75405, 40.76517], [-73.75377, 40.7653], [-73.75381, 40.76511], [-73.7538, 40.76507], [-73.75375, 40.76503], [-73.75367, 40.76497], [-73.75356, 40.76487], [-73.75347, 40.76478], [-73.75341, 40.76469], [-73.75331, 40.76464], [-73.75322, 40.76455], [-73.75312, 40.76443], [-73.75297, 40.76434], [-73.75286, 40.76429], [-73.75265, 40.7642], [-73.75269, 40.76413], [-73.75264, 40.7641], [-73.75249, 40.76404], [-73.75237, 40.76395], [-73.75226, 40.76389], [-73.75219, 40.76383], [-73.75212, 40.76373], [-73.75205, 40.76362], [-73.752, 40.7635], [-73.75195, 40.76336], [-73.75189, 40.7632], [-73.75182, 40.763], [-73.75178, 40.7629], [-73.7516, 40.76257], [-73.7515, 40.76236], [-73.7514, 40.76223], [-73.75129, 40.76211], [-73.75117, 40.762], [-73.75107, 40.76192], [-73.75105, 40.7619], [-73.75104, 40.76184], [-73.75108, 40.7618], [-73.75107, 40.76176], [-73.75097, 40.76168], [-73.7509, 40.76166], [-73.75082, 40.76168], [-73.75073, 40.76174], [-73.75057, 40.76168], [-73.75041, 40.76151], [-73.75019, 40.76143], [-73.74999, 40.76134], [-73.74949, 40.76124], [-73.74915, 40.76119], [-73.74868, 40.76096], [-73.74861, 40.76093], [-73.74853, 40.76088], [-73.74846, 40.76083], [-73.7484, 40.76077], [-73.74823, 40.7605], [-73.74797, 40.7603], [-73.7479, 40.76024], [-73.74779, 40.76014], [-73.74773, 40.76004], [-73.74766, 40.75995], [-73.74754, 40.75986], [-73.74746, 40.75981], [-73.74729, 40.75971], [-73.74717, 40.75962], [-73.74696, 40.75954], [-73.74673, 40.75944], [-73.74656, 40.75934], [-73.74643, 40.75922], [-73.74629, 40.75906], [-73.74629, 40.75902], [-73.74629, 40.75897], [-73.74629, 40.7589], [-73.74633, 40.7588], [-73.74634, 40.7587], [-73.74632, 40.75861], [-73.7463, 40.75857], [-73.74636, 40.75853], [-73.74642, 40.75847], [-73.74638, 40.75839], [-73.7464, 40.75831], [-73.74641, 40.75827], [-73.74641, 40.75827], [-73.74643, 40.75821], [-73.74641, 40.75812], [-73.74637, 40.75803], [-73.74633, 40.75798], [-73.74631, 40.75797], [-73.74627, 40.75795], [-73.74625, 40.75794], [-73.74624, 40.75793], [-73.74624, 40.75793], [-73.74624, 40.75793], [-73.74624, 40.75792], [-73.74624, 40.75792], [-73.74624, 40.75792], [-73.74624, 40.75792], [-73.74624, 40.75792], [-73.74624, 40.75791], [-73.74624, 40.75791], [-73.74625, 40.75788], [-73.74628, 40.75784], [-73.74628, 40.75783], [-73.74628, 40.75782], [-73.74629, 40.75782], [-73.74629, 40.75781], [-73.74628, 40.75781], [-73.74628, 40.7578], [-73.74628, 40.7578], [-73.74626, 40.75777], [-73.74624, 40.75774], [-73.74622, 40.75772], [-73.74621, 40.75771], [-73.74621, 40.75771], [-73.74621, 40.7577], [-73.7462, 40.7577], [-73.74618, 40.75769], [-73.74618, 40.75768], [-73.74617, 40.75768], [-73.74616, 40.75768], [-73.74616, 40.75768], [-73.74615, 40.75768], [-73.74614, 40.75768], [-73.74613, 40.75768], [-73.74611, 40.75768], [-73.7461, 40.75768], [-73.7461, 40.75768], [-73.74607, 40.75769], [-73.74606, 40.7577], [-73.746, 40.75772], [-73.74598, 40.75773], [-73.74595, 40.75775], [-73.74589, 40.75779], [-73.74588, 40.7578], [-73.74588, 40.7578], [-73.74585, 40.75783], [-73.74584, 40.75784], [-73.74583, 40.75784], [-73.74582, 40.75785], [-73.74581, 40.75785], [-73.7458, 40.75785], [-73.74579, 40.75785], [-73.74579, 40.75785], [-73.74579, 40.75785], [-73.74578, 40.75785], [-73.74578, 40.75785], [-73.74578, 40.75785], [-73.74576, 40.75784], [-73.74575, 40.75783], [-73.74574, 40.75782], [-73.7457, 40.75777], [-73.74568, 40.75775], [-73.74563, 40.75771], [-73.74555, 40.75764], [-73.74553, 40.75762], [-73.74552, 40.75761], [-73.74549, 40.75757], [-73.74546, 40.75755], [-73.74545, 40.75754], [-73.74543, 40.75753], [-73.74538, 40.75751], [-73.74537, 40.75751], [-73.74533, 40.75749], [-73.7453, 40.75748], [-73.74529, 40.75747], [-73.74527, 40.75746], [-73.74526, 40.75745], [-73.74525, 40.75744], [-73.74523, 40.75741], [-73.74523, 40.7574], [-73.74519, 40.75735], [-73.74516, 40.75732], [-73.74513, 40.7573], [-73.74509, 40.75727], [-73.74509, 40.75727], [-73.74509, 40.75727], [-73.74508, 40.75726], [-73.74504, 40.75724], [-73.74503, 40.75724], [-73.74502, 40.75724], [-73.74501, 40.75723], [-73.74499, 40.75722], [-73.74498, 40.75721], [-73.74498, 40.75721], [-73.74496, 40.7572], [-73.74494, 40.75718], [-73.74494, 40.75718], [-73.74493, 40.75717], [-73.74492, 40.75716], [-73.74491, 40.75714], [-73.74491, 40.75713], [-73.74489, 40.7571], [-73.74489, 40.75709], [-73.74488, 40.75709], [-73.74488, 40.75708], [-73.74488, 40.75705], [-73.74488, 40.75705], [-73.74487, 40.75704], [-73.74487, 40.75703], [-73.74487, 40.75703], [-73.74487, 40.75703], [-73.74486, 40.75703], [-73.74486, 40.75703], [-73.74486, 40.75702], [-73.74485, 40.75702], [-73.74484, 40.75702], [-73.74481, 40.75702], [-73.74479, 40.75701], [-73.74479, 40.75701], [-73.74478, 40.75701], [-73.74478, 40.75701], [-73.74477, 40.75701], [-73.74477, 40.757], [-73.74474, 40.75699], [-73.74472, 40.75697], [-73.74468, 40.75693], [-73.74465, 40.7569], [-73.74464, 40.75689], [-73.74463, 40.75689], [-73.74463, 40.75688], [-73.74463, 40.75688], [-73.74463, 40.75687], [-73.74463, 40.75687], [-73.74463, 40.75687], [-73.74463, 40.75686], [-73.74464, 40.75684], [-73.74464, 40.75684], [-73.74464, 40.75683], [-73.74464, 40.75683], [-73.74464, 40.75682], [-73.74465, 40.75682], [-73.74465, 40.7568], [-73.74465, 40.7568], [-73.74465, 40.75677], [-73.74464, 40.75674], [-73.74464, 40.75671], [-73.74464, 40.75669], [-73.74464, 40.75668], [-73.74464, 40.75668], [-73.74465, 40.75667], [-73.74466, 40.75666], [-73.74469, 40.75664], [-73.74469, 40.75661], [-73.74469, 40.75661], [-73.74469, 40.7566], [-73.74466, 40.75656], [-73.74465, 40.75656], [-73.74463, 40.75655], [-73.74463, 40.75655], [-73.74462, 40.75655], [-73.74461, 40.75655], [-73.7446, 40.75655], [-73.74456, 40.75656], [-73.74455, 40.75658], [-73.74454, 40.75663], [-73.74455, 40.75669], [-73.74455, 40.75669], [-73.74456, 40.75673], [-73.74456, 40.75674], [-73.74457, 40.75677], [-73.74457, 40.75682], [-73.74457, 40.75684], [-73.74457, 40.75689], [-73.74458, 40.75691], [-73.74458, 40.75692], [-73.74459, 40.75694], [-73.7446, 40.75695], [-73.74462, 40.75697], [-73.74462, 40.75697], [-73.74463, 40.75697], [-73.74463, 40.75698], [-73.74464, 40.75699], [-73.74465, 40.757], [-73.7447, 40.75702], [-73.74471, 40.75703], [-73.74472, 40.75703], [-73.74474, 40.75705], [-73.74477, 40.75709], [-73.74481, 40.75712], [-73.74482, 40.75714], [-73.74485, 40.75719], [-73.74486, 40.7572], [-73.74487, 40.7572], [-73.74487, 40.75721], [-73.74492, 40.75724], [-73.74492, 40.75724], [-73.74496, 40.75726], [-73.74497, 40.75727], [-73.74499, 40.75728], [-73.745, 40.75728], [-73.74505, 40.75731], [-73.74506, 40.75732], [-73.74509, 40.75733], [-73.74511, 40.75735], [-73.74512, 40.75736], [-73.74513, 40.75737], [-73.74515, 40.75739], [-73.74516, 40.75741], [-73.7452, 40.75745], [-73.74521, 40.75746], [-73.74522, 40.75748], [-73.74524, 40.75749], [-73.74526, 40.75751], [-73.74528, 40.75752], [-73.74528, 40.75752], [-73.74529, 40.75752], [-73.74529, 40.75752], [-73.7453, 40.75753], [-73.74534, 40.75753], [-73.74535, 40.75753], [-73.74536, 40.75753], [-73.74536, 40.75754], [-73.74537, 40.75754], [-73.74537, 40.75754], [-73.74543, 40.75759], [-73.74548, 40.75763], [-73.7455, 40.75765], [-73.74555, 40.75769], [-73.74557, 40.7577], [-73.74558, 40.75772], [-73.74561, 40.75776], [-73.74563, 40.75778], [-73.74564, 40.7578], [-73.74568, 40.75785], [-73.74571, 40.75787], [-73.74573, 40.7579], [-73.74576, 40.75791], [-73.74576, 40.75792], [-73.74577, 40.75792], [-73.74578, 40.75792], [-73.74579, 40.75792], [-73.74581, 40.75792], [-73.74582, 40.75792], [-73.74583, 40.75792], [-73.74584, 40.75792], [-73.74585, 40.75791], [-73.7459, 40.75789], [-73.74593, 40.75787], [-73.74598, 40.75783], [-73.74599, 40.75782], [-73.74601, 40.75781], [-73.74601, 40.75781], [-73.74602, 40.75781], [-73.74602, 40.75781], [-73.74603, 40.75781], [-73.74603, 40.75781], [-73.74604, 40.75781], [-73.74604, 40.75781], [-73.74605, 40.75781], [-73.74605, 40.75781], [-73.74606, 40.75782], [-73.74608, 40.75783], [-73.74611, 40.75786], [-73.74615, 40.7579], [-73.74616, 40.75791], [-73.74617, 40.75793], [-73.74618, 40.75793], [-73.74618, 40.75794], [-73.74619, 40.75798], [-73.74619, 40.75799], [-73.74619, 40.75799], [-73.74619, 40.75799], [-73.7462, 40.758], [-73.7462, 40.758], [-73.7462, 40.758], [-73.74621, 40.75801], [-73.74622, 40.75801], [-73.74622, 40.75801], [-73.74623, 40.75801], [-73.74623, 40.75801], [-73.74626, 40.75802], [-73.74631, 40.75805], [-73.74631, 40.75815], [-73.7463, 40.75825], [-73.74629, 40.75834], [-73.74627, 40.75843], [-73.74619, 40.75854], [-73.7461, 40.75863], [-73.74606, 40.75876], [-73.7461, 40.75891], [-73.74616, 40.75902], [-73.74626, 40.75915], [-73.74636, 40.75929], [-73.74655, 40.75945], [-73.74672, 40.75953], [-73.74691, 40.7596], [-73.74709, 40.75968], [-73.74737, 40.75988], [-73.74749, 40.75998], [-73.7475, 40.75998], [-73.74755, 40.76006], [-73.74761, 40.76016], [-73.74765, 40.76022], [-73.74774, 40.76031], [-73.74791, 40.76047], [-73.74803, 40.76061], [-73.74816, 40.76073], [-73.74825, 40.76084], [-73.74825, 40.76085], [-73.74824, 40.76088], [-73.74821, 40.76091], [-73.74821, 40.76096], [-73.74824, 40.76103], [-73.74823, 40.76111], [-73.74822, 40.76121], [-73.74823, 40.76132], [-73.74826, 40.7614], [-73.74837, 40.76156], [-73.74848, 40.76165], [-73.74858, 40.7617], [-73.74872, 40.76174], [-73.74887, 40.7618], [-73.74902, 40.76182], [-73.74914, 40.76186], [-73.74929, 40.76186], [-73.74936, 40.76184], [-73.74938, 40.76178], [-73.74934, 40.7617], [-73.74934, 40.76164], [-73.74933, 40.76155], [-73.74929, 40.76148], [-73.74922, 40.76144], [-73.74917, 40.76141], [-73.74917, 40.76138], [-73.74947, 40.76144], [-73.74966, 40.7615], [-73.7498, 40.76154], [-73.75004, 40.76158], [-73.75019, 40.76164], [-73.75032, 40.76176], [-73.75046, 40.76183], [-73.75057, 40.76191], [-73.75064, 40.76206], [-73.75085, 40.7622], [-73.75098, 40.7623], [-73.75111, 40.76241], [-73.75123, 40.76252], [-73.75133, 40.76263], [-73.75142, 40.76276], [-73.75151, 40.76295], [-73.75154, 40.76304], [-73.75157, 40.76316], [-73.75156, 40.76331], [-73.7516, 40.76344], [-73.75162, 40.76349], [-73.75164, 40.76353], [-73.75164, 40.76354], [-73.75164, 40.76354], [-73.75164, 40.76354], [-73.75165, 40.76356], [-73.75165, 40.76356], [-73.75165, 40.76356], [-73.7517, 40.76365], [-73.75183, 40.76381], [-73.75198, 40.76393], [-73.75207, 40.76403], [-73.75216, 40.76411], [-73.75219, 40.76414], [-73.75222, 40.76417], [-73.75222, 40.76422], [-73.75225, 40.76427], [-73.75234, 40.7643], [-73.7524, 40.76435], [-73.75245, 40.76442], [-73.75248, 40.76448], [-73.75251, 40.76453], [-73.75257, 40.76454], [-73.75266, 40.76455], [-73.75274, 40.76458], [-73.75282, 40.76465], [-73.75289, 40.76472], [-73.75298, 40.76477], [-73.75305, 40.76482], [-73.75308, 40.76487], [-73.75311, 40.76495], [-73.75315, 40.76504], [-73.75319, 40.7651], [-73.75321, 40.76513], [-73.75324, 40.76516], [-73.75327, 40.76519], [-73.75333, 40.76527], [-73.75339, 40.76533], [-73.7534, 40.76536], [-73.75341, 40.76539], [-73.75343, 40.76542], [-73.75345, 40.76545], [-73.75347, 40.76546], [-73.75347, 40.76546], [-73.75347, 40.76547], [-73.75348, 40.76547], [-73.75349, 40.76548], [-73.7535, 40.76549], [-73.7535, 40.7655], [-73.7535, 40.7655], [-73.75351, 40.7655], [-73.75351, 40.7655], [-73.75351, 40.7655], [-73.75356, 40.76553], [-73.75358, 40.76555], [-73.7536, 40.76557], [-73.75362, 40.7656], [-73.75362, 40.7656], [-73.75364, 40.76562], [-73.75366, 40.76564], [-73.75366, 40.76564], [-73.75366, 40.76565], [-73.75366, 40.76565], [-73.75367, 40.76565], [-73.75369, 40.76566], [-73.75369, 40.76567], [-73.75369, 40.76567], [-73.7537, 40.76567], [-73.75371, 40.76569], [-73.75371, 40.76569], [-73.75372, 40.76571], [-73.75373, 40.76572], [-73.75373, 40.76572], [-73.75373, 40.76573], [-73.75373, 40.76575], [-73.75373, 40.76575], [-73.75373, 40.76576], [-73.75373, 40.76576], [-73.75373, 40.76576], [-73.75375, 40.7658], [-73.75376, 40.7658], [-73.75378, 40.76584], [-73.75382, 40.76587], [-73.75384, 40.76589], [-73.75385, 40.76591], [-73.75385, 40.76591], [-73.75386, 40.76591], [-73.75387, 40.76592], [-73.75388, 40.76592], [-73.75388, 40.76592], [-73.75388, 40.76592], [-73.75388, 40.76593], [-73.75388, 40.76593], [-73.75393, 40.76598], [-73.75395, 40.76599], [-73.75398, 40.76601], [-73.75399, 40.76602], [-73.75401, 40.76604], [-73.75402, 40.76606], [-73.75404, 40.76608], [-73.75406, 40.76612], [-73.75407, 40.76613], [-73.75407, 40.76614], [-73.75408, 40.76615], [-73.75409, 40.76622], [-73.75409, 40.76622], [-73.7541, 40.76624], [-73.7541, 40.76624], [-73.75411, 40.76626], [-73.75412, 40.76628], [-73.75414, 40.7663], [-73.75414, 40.7663], [-73.75415, 40.76631], [-73.75416, 40.76632], [-73.75416, 40.76632], [-73.75419, 40.76634], [-73.75421, 40.76635], [-73.75421, 40.76636], [-73.75422, 40.76636], [-73.75423, 40.76636], [-73.75427, 40.76638], [-73.75427, 40.76638], [-73.75428, 40.76639], [-73.75429, 40.76639], [-73.75429, 40.76639], [-73.75431, 40.76641], [-73.75433, 40.76644], [-73.75435, 40.76646], [-73.75435, 40.76646], [-73.75437, 40.76648], [-73.75443, 40.76659], [-73.75446, 40.76664], [-73.7545, 40.76672], [-73.75453, 40.76677], [-73.75454, 40.76678], [-73.75454, 40.76679], [-73.75459, 40.76686], [-73.75461, 40.7669], [-73.75463, 40.76693], [-73.75466, 40.76696], [-73.75469, 40.767], [-73.75471, 40.76701], [-73.75472, 40.76702], [-73.75473, 40.76703], [-73.7548, 40.76708], [-73.75482, 40.7671], [-73.75482, 40.7671], [-73.75483, 40.76711], [-73.75487, 40.76716], [-73.75489, 40.76718], [-73.75489, 40.76719], [-73.75489, 40.7672], [-73.75492, 40.76725], [-73.75493, 40.76727], [-73.75495, 40.7673], [-73.75496, 40.76733], [-73.75497, 40.76735], [-73.75499, 40.76739], [-73.755, 40.76743], [-73.755, 40.76743], [-73.75507, 40.76753], [-73.75508, 40.76766], [-73.755, 40.76785], [-73.75496, 40.76799], [-73.75493, 40.76801], [-73.75492, 40.76802], [-73.75492, 40.76803], [-73.7549, 40.76805], [-73.75489, 40.76807], [-73.75488, 40.76809], [-73.75487, 40.76812], [-73.75487, 40.76813], [-73.75487, 40.76815], [-73.75486, 40.76818], [-73.75486, 40.76821], [-73.75486, 40.76823], [-73.75486, 40.76823], [-73.75485, 40.76825], [-73.75485, 40.76825], [-73.75485, 40.76826], [-73.75483, 40.7683], [-73.75483, 40.76832], [-73.75483, 40.76832], [-73.75483, 40.76832], [-73.75483, 40.76833], [-73.75483, 40.76833], [-73.75483, 40.76833], [-73.75483, 40.76834], [-73.75483, 40.76834], [-73.75483, 40.76834], [-73.75484, 40.76835], [-73.75486, 40.76837], [-73.75486, 40.76837], [-73.75486, 40.76838], [-73.75486, 40.76838], [-73.75486, 40.76838], [-73.75486, 40.76838], [-73.75486, 40.76839], [-73.75486, 40.76839], [-73.75486, 40.76839], [-73.75486, 40.76839], [-73.75486, 40.7684], [-73.75486, 40.7684], [-73.75486, 40.7684], [-73.75486, 40.76841], [-73.75485, 40.76841], [-73.75485, 40.76841], [-73.75484, 40.76842], [-73.75481, 40.76844], [-73.7548, 40.76844], [-73.7548, 40.76845], [-73.7548, 40.76845], [-73.7548, 40.76845], [-73.75479, 40.76845], [-73.75479, 40.76846], [-73.75478, 40.76848], [-73.75477, 40.76851], [-73.75477, 40.76853], [-73.75476, 40.76855], [-73.75476, 40.76855], [-73.75475, 40.76856], [-73.75474, 40.76858], [-73.75473, 40.76859], [-73.75472, 40.7686], [-73.75472, 40.76861], [-73.7547, 40.76862], [-73.75469, 40.76863], [-73.75468, 40.76863], [-73.75467, 40.76864], [-73.75466, 40.76864], [-73.75465, 40.76864], [-73.75464, 40.76865], [-73.75464, 40.76865], [-73.75462, 40.76865], [-73.75461, 40.76865], [-73.75459, 40.76865], [-73.75459, 40.76865], [-73.75455, 40.76865], [-73.75455, 40.76865], [-73.75455, 40.76865], [-73.75454, 40.76865], [-73.75454, 40.76865], [-73.75454, 40.76865], [-73.75453, 40.76865], [-73.75453, 40.76865], [-73.75451, 40.76865], [-73.75451, 40.76865], [-73.75451, 40.76865], [-73.75449, 40.76866], [-73.75449, 40.76866], [-73.75447, 40.76867], [-73.75445, 40.76868], [-73.75445, 40.76868], [-73.75445, 40.76868], [-73.75444, 40.76869], [-73.75443, 40.7687], [-73.75442, 40.76871], [-73.75442, 40.76871], [-73.75441, 40.76872], [-73.7544, 40.76873], [-73.7544, 40.76874], [-73.7544, 40.76874], [-73.7544, 40.76875], [-73.75439, 40.76875], [-73.75439, 40.76875], [-73.75439, 40.76875], [-73.7544, 40.76876], [-73.7544, 40.76876], [-73.7544, 40.76876], [-73.7544, 40.76876], [-73.7544, 40.76876], [-73.7544, 40.76876], [-73.7544, 40.76876], [-73.7544, 40.76877], [-73.7544, 40.76877], [-73.7544, 40.76877], [-73.75441, 40.76877], [-73.75441, 40.76878], [-73.75442, 40.76878], [-73.75443, 40.76878], [-73.75444, 40.76878], [-73.75444, 40.76878], [-73.75444, 40.76878], [-73.75445, 40.76878], [-73.75446, 40.76878], [-73.75446, 40.76878], [-73.75446, 40.76878], [-73.75447, 40.76878], [-73.7546, 40.76877], [-73.75467, 40.76877], [-73.75467, 40.76877], [-73.75468, 40.76877], [-73.75468, 40.76877], [-73.75468, 40.76877], [-73.75469, 40.76877], [-73.75469, 40.76878], [-73.75469, 40.76878], [-73.7547, 40.76878], [-73.75471, 40.76879], [-73.75471, 40.76879], [-73.75471, 40.76879], [-73.75471, 40.76879], [-73.75472, 40.7688], [-73.75472, 40.7688], [-73.75472, 40.7688], [-73.75472, 40.7688], [-73.75472, 40.7688], [-73.75472, 40.76881], [-73.75472, 40.76882], [-73.75471, 40.76884], [-73.75471, 40.76886], [-73.75471, 40.76894], [-73.75471, 40.76894], [-73.75471, 40.76894], [-73.75471, 40.76895], [-73.75471, 40.76895], [-73.75473, 40.76899], [-73.75473, 40.76899], [-73.75473, 40.769], [-73.75473, 40.769], [-73.75473, 40.769], [-73.75473, 40.76904], [-73.75472, 40.76908], [-73.7547, 40.76916], [-73.75469, 40.76919], [-73.75468, 40.76922], [-73.75468, 40.76923], [-73.75468, 40.76924], [-73.75468, 40.76925], [-73.75468, 40.76926], [-73.75468, 40.76927], [-73.75468, 40.7693], [-73.75469, 40.76932], [-73.7547, 40.76941], [-73.7547, 40.76941], [-73.7547, 40.76943], [-73.7547, 40.76945], [-73.75469, 40.7695], [-73.75468, 40.76956], [-73.75468, 40.76958], [-73.75468, 40.7696], [-73.75468, 40.76963], [-73.75469, 40.76963], [-73.75469, 40.76964], [-73.75469, 40.76968], [-73.7547, 40.76971], [-73.7547, 40.76973], [-73.75471, 40.76974], [-73.75472, 40.76978], [-73.75473, 40.7698], [-73.75473, 40.7698], [-73.75475, 40.76986], [-73.75475, 40.76987], [-73.75476, 40.76988], [-73.75476, 40.7699], [-73.75478, 40.76992], [-73.75481, 40.76996], [-73.75487, 40.77003], [-73.7549, 40.77008], [-73.75521, 40.77067], [-73.75533, 40.771], [-73.7554, 40.77098], [-73.7554, 40.77097], [-73.75551, 40.77094], [-73.75554, 40.77098], [-73.7554, 40.77102], [-73.7554, 40.771], [-73.75534, 40.77102], [-73.75541, 40.77115], [-73.75542, 40.77119], [-73.7555, 40.77128], [-73.75556, 40.77145], [-73.75557, 40.77153], [-73.7555, 40.7716], [-73.75542, 40.77164], [-73.75526, 40.77166], [-73.75508, 40.77171], [-73.75511, 40.77183], [-73.75511, 40.77183], [-73.75512, 40.77183], [-73.75507, 40.77184], [-73.75508, 40.77184], [-73.75508, 40.77183], [-73.75506, 40.77172], [-73.75501, 40.77174], [-73.75485, 40.7718], [-73.75471, 40.77187], [-73.75438, 40.77204], [-73.7543, 40.77213], [-73.7542, 40.7722], [-73.75403, 40.77234], [-73.75398, 40.77238], [-73.75393, 40.77242], [-73.75388, 40.77245], [-73.75381, 40.7725], [-73.75372, 40.77257], [-73.75364, 40.77263], [-73.75357, 40.77269], [-73.75351, 40.77277], [-73.75345, 40.77286], [-73.75341, 40.77296], [-73.75339, 40.77306], [-73.75337, 40.77321], [-73.75339, 40.77327], [-73.75348, 40.77349], [-73.75356, 40.77366], [-73.75362, 40.77382], [-73.75364, 40.77387], [-73.75368, 40.77397], [-73.75375, 40.77405], [-73.75381, 40.77414], [-73.75384, 40.77422], [-73.75391, 40.77427], [-73.75396, 40.77431], [-73.75398, 40.7744], [-73.75401, 40.77447], [-73.75402, 40.77451], [-73.7541, 40.77471], [-73.75412, 40.77492], [-73.75414, 40.77504], [-73.75418, 40.77512], [-73.75419, 40.77513], [-73.75427, 40.77518], [-73.75424, 40.77527], [-73.75433, 40.77542], [-73.75442, 40.77555], [-73.75448, 40.77563], [-73.75455, 40.77568], [-73.75457, 40.77571], [-73.75458, 40.77572], [-73.75466, 40.77584], [-73.75471, 40.77585], [-73.75475, 40.77588], [-73.7548, 40.7759], [-73.7548, 40.77594], [-73.75482, 40.77599], [-73.75484, 40.77606], [-73.75485, 40.77611], [-73.75486, 40.77614], [-73.75489, 40.77619], [-73.75493, 40.77625], [-73.75501, 40.77631], [-73.7551, 40.77638], [-73.75514, 40.77641], [-73.75516, 40.77646], [-73.75519, 40.7765], [-73.75518, 40.77654], [-73.75511, 40.77659], [-73.75507, 40.7766], [-73.75502, 40.77664], [-73.75498, 40.7767], [-73.75497, 40.77671], [-73.75494, 40.77676], [-73.7549, 40.77683], [-73.75488, 40.77685], [-73.75487, 40.77687], [-73.75486, 40.77689], [-73.75486, 40.77691], [-73.75486, 40.77693], [-73.75486, 40.77695], [-73.75487, 40.77696], [-73.75488, 40.77698], [-73.75489, 40.77699], [-73.7549, 40.777], [-73.75492, 40.77701], [-73.75494, 40.77702], [-73.75498, 40.77704], [-73.75498, 40.77706], [-73.75497, 40.77708], [-73.75496, 40.7771], [-73.75494, 40.77711], [-73.75492, 40.77713], [-73.75491, 40.77713], [-73.7549, 40.77714], [-73.7549, 40.77716], [-73.75489, 40.77717], [-73.75489, 40.77718], [-73.75489, 40.77719], [-73.75489, 40.7772], [-73.75484, 40.77747], [-73.75484, 40.77748], [-73.75485, 40.77751], [-73.75482, 40.77761], [-73.75481, 40.77762], [-73.75542, 40.77763], [-73.75542, 40.77758], [-73.75552, 40.77758], [-73.75552, 40.7777], [-73.75542, 40.7777], [-73.75542, 40.77765], [-73.75481, 40.77764], [-73.75479, 40.77765], [-73.75471, 40.77767], [-73.75469, 40.77768], [-73.75466, 40.77769], [-73.75464, 40.77771], [-73.7546, 40.77774], [-73.75458, 40.77776], [-73.75456, 40.77778], [-73.75448, 40.7779], [-73.75465, 40.77799], [-73.75444, 40.77812], [-73.75437, 40.77826], [-73.7543, 40.77841], [-73.7543, 40.77842], [-73.75429, 40.77852], [-73.75428, 40.77856], [-73.75427, 40.77859], [-73.75426, 40.77863], [-73.75425, 40.77867], [-73.75423, 40.77871], [-73.75412, 40.77897], [-73.75411, 40.77902], [-73.75413, 40.77915], [-73.75413, 40.77938], [-73.75403, 40.7796], [-73.75393, 40.77976], [-73.75391, 40.77978], [-73.75353, 40.78023], [-73.75301, 40.78087], [-73.753, 40.78129], [-73.75275, 40.78152], [-73.75246, 40.78178], [-73.75081, 40.78289], [-73.75029, 40.78248], [-73.74707, 40.78054], [-73.74521, 40.77933], [-73.74412, 40.77864]]]}}, {"type": "Feature", "properties": {"zone_id": 67, "zone": "Dyker Heights", "borough": "Brooklyn", "demand": 6}, "geometry": {"type": "Polygon", "coordinates": [[[-74.01097, 40.63068], [-74.01, 40.63011], [-74.00922, 40.63063], [-74.00846, 40.63115], [-74.00774, 40.63163], [-74.00702, 40.63211], [-74.00634, 40.63169], [-74.00414, 40.63036], [-74.00369, 40.63009], [-74.00306, 40.62971], [-74.00193, 40.62903], [-74.00223, 40.62875], [-74.00251, 40.62847], [-74.00031, 40.62714], [-73.99812, 40.62582], [-73.99724, 40.62529], [-73.99748, 40.62452], [-73.99771, 40.62368], [-73.99932, 40.62465], [-73.99995, 40.62405], [-74.00053, 40.62349], [-74.0012, 40.62284], [-74.00169, 40.62237], [-74.00228, 40.62181], [-74.00286, 40.62125], [-74.00344, 40.6207], [-74.00402, 40.62014], [-74.0046, 40.61958], [-74.00523, 40.61897], [-74.00585, 40.61837], [-74.00643, 40.61781], [-74.00702, 40.61725], [-74.0076, 40.61669], [-74.00818, 40.61613], [-74.00876, 40.61558], [-74.00934, 40.61501], [-74.00992, 40.61446], [-74.0105, 40.6139], [-74.01109, 40.61334], [-74.01171, 40.61273], [-74.01348, 40.61104], [-74.01522, 40.60936], [-74.01702, 40.60765], [-74.01624, 40.60723], [-74.0155, 40.60684], [-74.01641, 40.60598], [-74.01671, 40.60568], [-74.01728, 40.60514], [-74.01747, 40.60496], [-74.01751, 40.60485], [-74.01805, 40.60437], [-74.01812, 40.60431], [-74.01818, 40.60425], [-74.01821, 40.60418], [-74.01823, 40.60411], [-74.01866, 40.60364], [-74.01869, 40.60361], [-74.0191, 40.60373], [-74.01912, 40.60374], [-74.01919, 40.60376], [-74.01924, 40.60378], [-74.02054, 40.6042], [-74.0213, 40.60443], [-74.02139, 40.60449], [-74.02123, 40.60474], [-74.02079, 40.60567], [-74.02248, 40.60667], [-74.02151, 40.60782], [-74.0243, 40.60946], [-74.0244, 40.60955], [-74.02447, 40.60965], [-74.02453, 40.60976], [-74.02457, 40.60987], [-74.02459, 40.60999], [-74.0246, 40.61011], [-74.02458, 40.61022], [-74.02478, 40.6097], [-74.02498, 40.60974], [-74.02711, 40.61024], [-74.02638, 40.61245], [-74.02653, 40.61243], [-74.02754, 40.61294], [-74.02737, 40.61323], [-74.02651, 40.61467], [-74.02625, 40.6151], [-74.02607, 40.61549], [-74.02575, 40.61606], [-74.02525, 40.61668], [-74.02462, 40.61739], [-74.02387, 40.61826], [-74.02363, 40.61854], [-74.02288, 40.61947], [-74.02227, 40.62011], [-74.02173, 40.62068], [-74.02167, 40.62073], [-74.02118, 40.62125], [-74.0209, 40.62153], [-74.02062, 40.62181], [-74.02009, 40.62242], [-74.0197, 40.62218], [-74.01939, 40.62289], [-74.01908, 40.62361], [-74.01891, 40.62409], [-74.01875, 40.62432], [-74.01784, 40.62659], [-74.01722, 40.6281], [-74.01697, 40.62873], [-74.01693, 40.62884], [-74.01664, 40.62958], [-74.01634, 40.63029], [-74.01605, 40.63103], [-74.01575, 40.63176], [-74.01542, 40.63251], [-74.01515, 40.63322], [-74.01318, 40.63201], [-74.01097, 40.63068]]]}}, {"type": "Feature", "properties": {"zone_id": 73, "zone": "East Flushing", "borough": "Queens", "demand": 4}, "geometry": {"type": "Polygon", "coordinates": [[[-73.79567, 40.75024], [-73.79645, 40.74986], [-73.7973, 40.74943], [-73.79705, 40.74933], [-73.79658, 40.74898], [-73.79598, 40.74853], [-73.79472, 40.7476], [-73.79468, 40.74721], [-73.79826, 40.74696], [-73.79922, 40.74686], [-73.80017, 40.74675], [-73.80328, 40.74644], [-73.80335, 40.74643], [-73.80303, 40.74719], [-73.80294, 40.74741], [-73.80286, 40.74764], [-73.8028, 40.74788], [-73.80277, 40.74812], [-73.80275, 40.74836], [-73.80275, 40.74861], [-73.80277, 40.74885], [-73.80281, 40.74907], [-73.80288, 40.74976], [-73.80296, 40.74977], [-73.80353, 40.74982], [-73.80447, 40.7499], [-73.8054, 40.74997], [-73.80633, 40.75005], [-73.80727, 40.75012], [-73.80751, 40.75014], [-73.80976, 40.74878], [-73.81162, 40.74766], [-73.81235, 40.74722], [-73.81316, 40.74674], [-73.81342, 40.74658], [-73.81416, 40.74614], [-73.81477, 40.74668], [-73.81537, 40.74722], [-73.81599, 40.74777], [-73.81654, 40.74826], [-73.81711, 40.74876], [-73.81769, 40.74929], [-73.8178, 40.74939], [-73.81826, 40.74983], [-73.81884, 40.75035], [-73.81912, 40.75062], [-73.81941, 40.75089], [-73.81999, 40.75143], [-73.82085, 40.75224], [-73.81978, 40.75294], [-73.81909, 40.75338], [-73.81841, 40.75383], [-73.8203, 40.75551], [-73.81962, 40.75596], [-73.81927, 40.7562], [-73.81894, 40.75641], [-73.81789, 40.75709], [-73.81857, 40.75752], [-73.81923, 40.75795], [-73.82005, 40.75848], [-73.82064, 40.75887], [-73.81729, 40.75977], [-73.81509, 40.76037], [-73.814, 40.76066], [-73.81313, 40.7609], [-73.81227, 40.76113], [-73.81105, 40.76142], [-73.81044, 40.76138], [-73.80951, 40.7613], [-73.80859, 40.76113], [-73.80768, 40.76096], [-73.80676, 40.76079], [-73.80584, 40.76061], [-73.80492, 40.76044], [-73.804, 40.76027], [-73.80307, 40.76013], [-73.80215, 40.75999], [-73.80125, 40.75983], [-73.8003, 40.7597], [-73.7994, 40.7594], [-73.7985, 40.75907], [-73.7976, 40.75874], [-73.7967, 40.75842], [-73.79622, 40.75824], [-73.7958, 40.75809], [-73.79493, 40.7578], [-73.79475, 40.75563], [-73.79458, 40.75356], [-73.79463, 40.7527], [-73.79466, 40.75199], [-73.79468, 40.75127], [-73.79472, 40.75065], [-73.79567, 40.75024]]]}}, {"type": "Feature", "properties": {"zone_id": 81, "zone": "Eastchester", "borough": "Bronx", "demand": 5}, "geometry": {"type": "Polygon", "coordinates": [[[-73.82367, 40.8899], [-73.82268, 40.88962], [-73.82249, 40.8901], [-73.82326, 40.88999], [-73.82337, 40.89107], [-73.82285, 40.89121], [-73.82061, 40.89061], [-73.81957, 40.89031], [-73.81949, 40.89029], [-73.81941, 40.89026], [-73.81828, 40.88985], [-73.81761, 40.88968], [-73.81661, 40.88943], [-73.81602, 40.88932], [-73.81574, 40.8892], [-73.81533, 40.88908], [-73.81524, 40.88906], [-73.81517, 40.88904], [-73.81365, 40.88868], [-73.81243, 40.88838], [-73.81127, 40.8881], [-73.8099, 40.88774], [-73.80943, 40.88764], [-73.80872, 40.88748], [-73.80756, 40.88711], [-73.80638, 40.88683], [-73.80484, 40.88647], [-73.80453, 40.88641], [-73.80424, 40.88634], [-73.80291, 40.88603], [-73.80192, 40.88571], [-73.7993, 40.88507], [-73.79773, 40.88465], [-73.79733, 40.88454], [-73.79628, 40.88429], [-73.79487, 40.88391], [-73.79406, 40.8837], [-73.79386, 40.88364], [-73.79301, 40.88336], [-73.79323, 40.88282], [-73.79417, 40.88299], [-73.79449, 40.88307], [-73.79745, 40.88384], [-73.79938, 40.88435], [-73.8022, 40.88512], [-73.80329, 40.88541], [-73.8052, 40.886], [-73.80551, 40.88609], [-73.80571, 40.88604], [-73.80593, 40.886], [-73.80614, 40.88596], [-73.80636, 40.88595], [-73.80658, 40.88594], [-73.80693, 40.88593], [-73.80729, 40.88593], [-73.80764, 40.88595], [-73.80799, 40.88599], [-73.80834, 40.88604], [-73.80868, 40.88611], [-73.80915, 40.88621], [-73.80971, 40.88634], [-73.81027, 40.88645], [-73.81084, 40.88655], [-73.81141, 40.88664], [-73.81198, 40.8867], [-73.8121, 40.88671], [-73.81357, 40.88678], [-73.814, 40.88678], [-73.81443, 40.88677], [-73.81486, 40.88675], [-73.81518, 40.88672], [-73.81528, 40.88671], [-73.81536, 40.8867], [-73.81548, 40.88669], [-73.81671, 40.88648], [-73.81743, 40.88629], [-73.81842, 40.88604], [-73.81983, 40.88567], [-73.82027, 40.88555], [-73.82031, 40.88561], [-73.82077, 40.88671], [-73.82382, 40.88775], [-73.82385, 40.88777], [-73.82387, 40.88778], [-73.82403, 40.8877], [-73.82449, 40.88742], [-73.8253, 40.88698], [-73.82611, 40.88667], [-73.82673, 40.88644], [-73.827, 40.88635], [-73.82777, 40.88605], [-73.82791, 40.88599], [-73.82953, 40.8853], [-73.83034, 40.88497], [-73.83065, 40.88485], [-73.8313, 40.88471], [-73.83234, 40.88455], [-73.83256, 40.88452], [-73.83256, 40.88452], [-73.83256, 40.88452], [-73.83279, 40.88448], [-73.83279, 40.88448], [-73.83279, 40.88448], [-73.833, 40.88442], [-73.833, 40.88442], [-73.833, 40.88442], [-73.83322, 40.88435], [-73.83322, 40.88435], [-73.83322, 40.88435], [-73.83342, 40.88427], [-73.83342, 40.88427], [-73.83342, 40.88427], [-73.83362, 40.88419], [-73.83405, 40.88399], [-73.83435, 40.88385], [-73.83476, 40.88356], [-73.83561, 40.88294], [-73.83622, 40.88239], [-73.83664, 40.88212], [-73.83699, 40.88194], [-73.83783, 40.88161], [-73.83874, 40.88127], [-73.83965, 40.88093], [-73.84046, 40.88062], [-73.84128, 40.88032], [-73.84201, 40.87987], [-73.84274, 40.87942], [-73.84324, 40.87911], [-73.8424, 40.87875], [-73.84228, 40.8787], [-73.84114, 40.87822], [-73.84015, 40.87779], [-73.83971, 40.87761], [-73.83956, 40.87755], [-73.83926, 40.87742], [-73.83855, 40.87712], [-73.83815, 40.87695], [-73.83841, 40.87687], [-73.83925, 40.87662], [-73.83835, 40.87492], [-73.83746, 40.87322], [-73.83829, 40.87295], [-73.8374, 40.87111], [-73.83656, 40.86935], [-73.83566, 40.86751], [-73.83482, 40.86778], [-73.83391, 40.86808], [-73.83355, 40.86819], [-73.83348, 40.86822], [-73.83316, 40.86832], [-73.83313, 40.86827], [-73.83175, 40.86591], [-73.83054, 40.86373], [-73.83022, 40.86343], [-73.82955, 40.86216], [-73.82841, 40.86095], [-73.82834, 40.86089], [-73.82842, 40.86093], [-73.82912, 40.86151], [-73.82924, 40.86163], [-73.82951, 40.86184], [-73.82973, 40.86195], [-73.83012, 40.86205], [-73.83089, 40.86221], [-73.83162, 40.86266], [-73.83578, 40.86502], [-73.83619, 40.86522], [-73.83679, 40.86555], [-73.83697, 40.86564], [-73.83784, 40.8661], [-73.83875, 40.86657], [-73.83922, 40.86682], [-73.83954, 40.86699], [-73.83974, 40.86709], [-73.84064, 40.86755], [-73.84122, 40.86786], [-73.84185, 40.86819], [-73.84241, 40.86847], [-73.8428, 40.86868], [-73.84316, 40.86886], [-73.84359, 40.86909], [-73.84423, 40.86942], [-73.84442, 40.86952], [-73.84488, 40.86976], [-73.84517, 40.86991], [-73.84578, 40.87023], [-73.84609, 40.87039], [-73.84641, 40.87055], [-73.84699, 40.87085], [-73.84725, 40.87099], [-73.84793, 40.87134], [-73.8486, 40.87167], [-73.84988, 40.8721], [-73.85079, 40.8724], [-73.85108, 40.87249], [-73.85171, 40.8727], [-73.85266, 40.87299], [-73.85358, 40.87328], [-73.85364, 40.8733], [-73.85362, 40.87331], [-73.85278, 40.87395], [-73.85215, 40.87443], [-73.85206, 40.8745], [-73.85143, 40.87499], [-73.85069, 40.87549], [-73.85093, 40.87583], [-73.85172, 40.87684], [-73.85255, 40.87709], [-73.85211, 40.8773], [-73.85092, 40.87789], [-73.85138, 40.87848], [-73.85187, 40.87906], [-73.85207, 40.8793], [-73.85248, 40.87946], [-73.85203, 40.88014], [-73.85157, 40.88082], [-73.85111, 40.88151], [-73.85065, 40.88219], [-73.8502, 40.88287], [-73.84973, 40.88356], [-73.84928, 40.88424], [-73.84882, 40.88492], [-73.84876, 40.885], [-73.84846, 40.88546], [-73.84836, 40.88561], [-73.84832, 40.88567], [-73.84829, 40.88573], [-73.84825, 40.88578], [-73.84821, 40.88584], [-73.84817, 40.8859], [-73.84814, 40.88595], [-73.84809, 40.88601], [-73.84805, 40.88608], [-73.84802, 40.88612], [-73.84799, 40.88617], [-73.8479, 40.8863], [-73.84786, 40.88636], [-73.84749, 40.88691], [-73.84744, 40.88698], [-73.84705, 40.88767], [-73.84573, 40.88787], [-73.84526, 40.88794], [-73.84465, 40.88803], [-73.84438, 40.88807], [-73.84433, 40.88808], [-73.84408, 40.88812], [-73.84402, 40.88813], [-73.84377, 40.88817], [-73.84368, 40.88818], [-73.84363, 40.88819], [-73.84319, 40.88826], [-73.84313, 40.88826], [-73.84286, 40.88831], [-73.84196, 40.88846], [-73.84105, 40.88855], [-73.84018, 40.88869], [-73.83999, 40.88872], [-73.83979, 40.88874], [-73.83959, 40.88874], [-73.8394, 40.88873], [-73.83921, 40.8887], [-73.83823, 40.88864], [-73.83732, 40.88874], [-73.83643, 40.88894], [-73.83555, 40.88913], [-73.83646, 40.89152], [-73.83738, 40.89392], [-73.83631, 40.8936], [-73.83526, 40.89339], [-73.83357, 40.89281], [-73.83268, 40.8926], [-73.83185, 40.89235], [-73.83096, 40.89203], [-73.83008, 40.89179], [-73.82891, 40.89144], [-73.82866, 40.89137], [-73.82797, 40.89114], [-73.82722, 40.89091], [-73.82521, 40.89034], [-73.82392, 40.88997], [-73.82367, 40.8899]]]}}, {"type": "Feature", "properties": {"zone_id": 86, "zone": "Far Rockaway", "borough": "Queens", "demand": 3}, "geometry": {"type": "Polygon", "coordinates": [[[-73.76669, 40.61423], [-73.76663, 40.61419], [-73.7666, 40.61416], [-73.76656, 40.61412], [-73.76648, 40.61407], [-73.7664, 40.61402], [-73.76631, 40.61398], [-73.76622, 40.61395], [-73.76613, 40.61392], [-73.76603, 40.6139], [-73.766, 40.61389], [-73.76597, 40.61388], [-73.76594, 40.61387], [-73.76591, 40.61387], [-73.76578, 40.61385], [-73.76571, 40.61385], [-73.76555, 40.61383], [-73.76546, 40.61382], [-73.76533, 40.6138], [-73.76531, 40.61379], [-73.76524, 40.61379], [-73.76523, 40.61379], [-73.76521, 40.61378], [-73.7652, 40.61378], [-73.7652, 40.61378], [-73.76519, 40.61378], [-73.76519, 40.61377], [-73.76517, 40.61376], [-73.76516, 40.61375], [-73.76515, 40.61373], [-73.76512, 40.61369], [-73.76511, 40.61367], [-73.76508, 40.61363], [-73.76506, 40.61359], [-73.76504, 40.61355], [-73.76503, 40.61352], [-73.76502, 40.61351], [-73.76502, 40.61349], [-73.76502, 40.61347], [-73.76502, 40.61346], [-73.76502, 40.61344], [-73.76502, 40.61342], [-73.76503, 40.6134], [-73.76504, 40.61338], [-73.76504, 40.61338], [-73.76504, 40.61337], [-73.76505, 40.61337], [-73.76505, 40.61336], [-73.76507, 40.61336], [-73.7651, 40.61334], [-73.76511, 40.61333], [-73.76512, 40.61333], [-73.76512, 40.61332], [-73.76512, 40.61332], [-73.76513, 40.61331], [-73.76514, 40.61326], [-73.76515, 40.61321], [-73.76515, 40.61315], [-73.76515, 40.61313], [-73.76515, 40.61309], [-73.76516, 40.61299], [-73.76516, 40.61296], [-73.76515, 40.61293], [-73.76515, 40.6129], [-73.76513, 40.61283], [-73.76512, 40.61281], [-73.76511, 40.61274], [-73.76511, 40.61269], [-73.76511, 40.61264], [-73.76511, 40.61258], [-73.76512, 40.61252], [-73.76512, 40.6125], [-73.76512, 40.61248], [-73.76511, 40.61246], [-73.76511, 40.61246], [-73.76511, 40.61246], [-73.76511, 40.61245], [-73.7651, 40.61244], [-73.76509, 40.61244], [-73.76504, 40.6124], [-73.765, 40.61236], [-73.76499, 40.61235], [-73.76499, 40.61235], [-73.76498, 40.61234], [-73.76498, 40.61234], [-73.76498, 40.61233], [-73.76498, 40.61233], [-73.76498, 40.61232], [-73.76498, 40.61231], [-73.76499, 40.6123], [-73.76499, 40.6123], [-73.76499, 40.61229], [-73.76501, 40.61228], [-73.76504, 40.61226], [-73.76505, 40.61225], [-73.76509, 40.61222], [-73.76509, 40.61222], [-73.7651, 40.61221], [-73.7651, 40.6122], [-73.7651, 40.6122], [-73.7651, 40.61219], [-73.7651, 40.61217], [-73.76509, 40.61212], [-73.76509, 40.61208], [-73.76509, 40.61207], [-73.76509, 40.61206], [-73.76508, 40.61205], [-73.76508, 40.61205], [-73.76508, 40.61205], [-73.76507, 40.61204], [-73.76506, 40.61203], [-73.76504, 40.61203], [-73.76499, 40.612], [-73.76489, 40.61195], [-73.76481, 40.61192], [-73.76474, 40.61189], [-73.76467, 40.61187], [-73.7646, 40.61185], [-73.76455, 40.61183], [-73.76451, 40.61182], [-73.76446, 40.61182], [-73.76435, 40.6118], [-73.76419, 40.61177], [-73.76414, 40.61177], [-73.7641, 40.61176], [-73.764, 40.61176], [-73.76384, 40.61176], [-73.76372, 40.61176], [-73.76367, 40.61175], [-73.76366, 40.61175], [-73.76366, 40.61175], [-73.76364, 40.61175], [-73.76362, 40.61174], [-73.76358, 40.61172], [-73.76356, 40.61172], [-73.76354, 40.61171], [-73.76354, 40.61171], [-73.76353, 40.61171], [-73.76349, 40.61172], [-73.76349, 40.61172], [-73.76348, 40.61172], [-73.76343, 40.61171], [-73.76337, 40.61171], [-73.76332, 40.6117], [-73.76327, 40.61169], [-73.76324, 40.61168], [-73.76322, 40.61168], [-73.7632, 40.61167], [-73.76319, 40.61167], [-73.76316, 40.61166], [-73.76311, 40.61164], [-73.76303, 40.61161], [-73.76295, 40.61158], [-73.7629, 40.61155], [-73.76276, 40.61149], [-73.76271, 40.61147], [-73.76267, 40.61145], [-73.76262, 40.61143], [-73.76257, 40.61142], [-73.76252, 40.6114], [-73.76246, 40.61139], [-73.7624, 40.61137], [-73.7623, 40.61136], [-73.7623, 40.61136], [-73.76172, 40.61185], [-73.76102, 40.61136], [-73.76024, 40.61082], [-73.76077, 40.61018], [-73.76087, 40.6102], [-73.76103, 40.61001], [-73.76107, 40.60997], [-73.76117, 40.60984], [-73.76178, 40.60915], [-73.76155, 40.60903], [-73.76154, 40.60904], [-73.76147, 40.60913], [-73.76142, 40.60921], [-73.7614, 40.60924], [-73.76126, 40.60938], [-73.76111, 40.60956], [-73.76085, 40.60986], [-73.76067, 40.61007], [-73.76057, 40.61018], [-73.76032, 40.61048], [-73.75998, 40.61088], [-73.75949, 40.61082], [-73.75974, 40.61015], [-73.75972, 40.61015], [-73.75971, 40.61015], [-73.75968, 40.61015], [-73.75966, 40.61015], [-73.75964, 40.61015], [-73.75962, 40.61016], [-73.7596, 40.61017], [-73.75958, 40.61018], [-73.75957, 40.6102], [-73.75956, 40.61021], [-73.75951, 40.6103], [-73.7595, 40.61031], [-73.75949, 40.61032], [-73.75948, 40.61033], [-73.75946, 40.61034], [-73.75944, 40.61035], [-73.75936, 40.61036], [-73.75928, 40.61037], [-73.7592, 40.61037], [-73.75911, 40.61037], [-73.7591, 40.61036], [-73.75907, 40.61036], [-73.75905, 40.61035], [-73.75901, 40.61034], [-73.75899, 40.61034], [-73.75896, 40.61033], [-73.75892, 40.61033], [-73.75889, 40.61034], [-73.75885, 40.61034], [-73.75883, 40.61033], [-73.7588, 40.61032], [-73.75878, 40.61031], [-73.75875, 40.61031], [-73.75871, 40.6103], [-73.75868, 40.6103], [-73.75865, 40.6103], [-73.75861, 40.61029], [-73.75858, 40.61029], [-73.75855, 40.61029], [-73.75851, 40.61029], [-73.75848, 40.61028], [-73.75845, 40.61028], [-73.75842, 40.61028], [-73.75838, 40.61028], [-73.75835, 40.61029], [-73.75832, 40.61029], [-73.7583, 40.61029], [-73.7583, 40.6103], [-73.75829, 40.6103], [-73.75826, 40.6103], [-73.75823, 40.61031], [-73.7582, 40.61031], [-73.75816, 40.61031], [-73.75812, 40.61031], [-73.75809, 40.6103], [-73.75805, 40.6103], [-73.75803, 40.6103], [-73.758, 40.6103], [-73.75797, 40.6103], [-73.75794, 40.6103], [-73.75791, 40.61031], [-73.75789, 40.6103], [-73.75785, 40.6103], [-73.75782, 40.61029], [-73.75779, 40.61029], [-73.75775, 40.61029], [-73.75772, 40.61029], [-73.75769, 40.61029], [-73.75766, 40.61028], [-73.75762, 40.61028], [-73.75759, 40.61028], [-73.75756, 40.61027], [-73.75753, 40.61027], [-73.7575, 40.61027], [-73.75748, 40.61027], [-73.75744, 40.61028], [-73.75741, 40.61028], [-73.75738, 40.61028], [-73.75737, 40.61028], [-73.75737, 40.61027], [-73.75736, 40.61027], [-73.75734, 40.61029], [-73.75732, 40.61029], [-73.7573, 40.61028], [-73.7573, 40.61028], [-73.7573, 40.61028], [-73.75727, 40.61026], [-73.75724, 40.61026], [-73.75721, 40.61026], [-73.75718, 40.61027], [-73.75715, 40.61026], [-73.75712, 40.61025], [-73.75708, 40.61025], [-73.75705, 40.61025], [-73.75701, 40.61025], [-73.75698, 40.61025], [-73.75695, 40.61025], [-73.75693, 40.61025], [-73.75689, 40.61025], [-73.75687, 40.61025], [-73.75684, 40.61025], [-73.75681, 40.61025], [-73.75678, 40.61024], [-73.75675, 40.61024], [-73.75672, 40.61024], [-73.75668, 40.61023], [-73.75665, 40.61023], [-73.75662, 40.61022], [-73.7566, 40.6102], [-73.75658, 40.61018], [-73.75657, 40.61016], [-73.75655, 40.61015], [-73.75653, 40.61017], [-73.7565, 40.61019], [-73.75647, 40.61019], [-73.75643, 40.6102], [-73.75641, 40.61019], [-73.75638, 40.6102], [-73.75635, 40.61021], [-73.75633, 40.61021], [-73.7563, 40.61022], [-73.75627, 40.61022], [-73.75624, 40.61023], [-73.75621, 40.61023], [-73.75619, 40.61023], [-73.75618, 40.61023], [-73.75615, 40.61024], [-73.75612, 40.61024], [-73.75608, 40.61025], [-73.75606, 40.61026], [-73.75604, 40.61025], [-73.75603, 40.61024], [-73.75601, 40.61022], [-73.75599, 40.61021], [-73.75598, 40.61021], [-73.75597, 40.61022], [-73.75597, 40.61024], [-73.75597, 40.61026], [-73.75596, 40.61028], [-73.75595, 40.61029], [-73.75592, 40.6103], [-73.75588, 40.61031], [-73.75586, 40.61032], [-73.75583, 40.61031], [-73.7558, 40.6103], [-73.75578, 40.61028], [-73.75576, 40.61026], [-73.75575, 40.61025], [-73.75573, 40.61023], [-73.75571, 40.6102], [-73.7557, 40.61018], [-73.75568, 40.61016], [-73.75567, 40.61014], [-73.75566, 40.61011], [-73.75565, 40.61009], [-73.75563, 40.61008], [-73.75561, 40.61008], [-73.7556, 40.61008], [-73.7556, 40.6101], [-73.7556, 40.6101], [-73.7556, 40.61011], [-73.75561, 40.61012], [-73.75562, 40.61013], [-73.75581, 40.61036], [-73.75587, 40.61037], [-73.75588, 40.61037], [-73.75588, 40.61038], [-73.75587, 40.61038], [-73.7557, 40.61036], [-73.7557, 40.61036], [-73.7557, 40.61035], [-73.7557, 40.61035], [-73.75572, 40.61035], [-73.75576, 40.61036], [-73.75571, 40.6103], [-73.75556, 40.61012], [-73.7555, 40.61012], [-73.75545, 40.61011], [-73.7554, 40.61012], [-73.75535, 40.61012], [-73.7553, 40.61014], [-73.75527, 40.61015], [-73.75525, 40.61016], [-73.75521, 40.61016], [-73.75518, 40.61016], [-73.75515, 40.61016], [-73.75512, 40.61015], [-73.7551, 40.61014], [-73.75507, 40.61013], [-73.75505, 40.61013], [-73.75503, 40.61013], [-73.75501, 40.61013], [-73.755, 40.61013], [-73.75498, 40.61014], [-73.75496, 40.61015], [-73.75495, 40.61016], [-73.75489, 40.61019], [-73.75485, 40.61023], [-73.75481, 40.61028], [-73.75477, 40.61032], [-73.75475, 40.61037], [-73.75473, 40.6104], [-73.75473, 40.61041], [-73.75346, 40.61052], [-73.75009, 40.61164], [-73.74912, 40.61179], [-73.74822, 40.61201], [-73.74799, 40.61231], [-73.74761, 40.612], [-73.74722, 40.61218], [-73.74694, 40.61177], [-73.74686, 40.61157], [-73.74576, 40.61199], [-73.74562, 40.61174], [-73.74537, 40.6112], [-73.74457, 40.61012], [-73.74387, 40.60889], [-73.74338, 40.60818], [-73.74307, 40.60789], [-73.74333, 40.60754], [-73.74315, 40.60726], [-73.74121, 40.60552], [-73.74029, 40.6046], [-73.73923, 40.60414], [-73.73815, 40.60271], [-73.738, 40.6016], [-73.73831, 40.59824], [-73.73831, 40.59821], [-73.73828, 40.59816], [-73.73808, 40.59782], [-73.73809, 40.59769], [-73.73826, 40.59762], [-73.73827, 40.59763], [-73.73828, 40.59764], [-73.7383, 40.59764], [-73.73831, 40.59764], [-73.73833, 40.59764], [-73.73834, 40.59764], [-73.73836, 40.59764], [-73.73837, 40.59763], [-73.73838, 40.59762], [-73.7384, 40.59761], [-73.73841, 40.59759], [-73.73842, 40.59758], [-73.73843, 40.59756], [-73.73843, 40.59754], [-73.73843, 40.59752], [-73.73844, 40.5975], [-73.73845, 40.59748], [-73.73846, 40.59746], [-73.73853, 40.59741], [-73.73853, 40.59739], [-73.73865, 40.59734], [-73.73864, 40.59731], [-73.73863, 40.59728], [-73.73858, 40.59726], [-73.73857, 40.59727], [-73.73856, 40.59726], [-73.7385, 40.59736], [-73.73849, 40.59736], [-73.73851, 40.59732], [-73.73852, 40.5973], [-73.73854, 40.59726], [-73.73856, 40.59723], [-73.73857, 40.59722], [-73.73859, 40.59718], [-73.73861, 40.59714], [-73.73863, 40.59712], [-73.73864, 40.59708], [-73.73866, 40.59706], [-73.73866, 40.59705], [-73.73868, 40.59701], [-73.73869, 40.597], [-73.73872, 40.59696], [-73.73872, 40.59695], [-73.73874, 40.59695], [-73.73857, 40.59724], [-73.73859, 40.59725], [-73.73859, 40.59725], [-73.73863, 40.59727], [-73.73863, 40.59724], [-73.73863, 40.59722], [-73.73876, 40.59699], [-73.73876, 40.59699], [-73.73877, 40.59698], [-73.73877, 40.59698], [-73.73878, 40.59698], [-73.73878, 40.59698], [-73.73879, 40.59697], [-73.73879, 40.59697], [-73.7388, 40.59697], [-73.73881, 40.59698], [-73.73881, 40.59698], [-73.73882, 40.59698], [-73.73882, 40.59698], [-73.73883, 40.59699], [-73.73883, 40.59699], [-73.73883, 40.597], [-73.73888, 40.59705], [-73.73894, 40.59709], [-73.739, 40.59713], [-73.73907, 40.59716], [-73.73914, 40.59719], [-73.73922, 40.59721], [-73.7393, 40.59723], [-73.73938, 40.59724], [-73.73946, 40.59724], [-73.73954, 40.59723], [-73.73963, 40.59721], [-73.73971, 40.59718], [-73.73979, 40.59714], [-73.73986, 40.5971], [-73.73993, 40.59705], [-73.73999, 40.597], [-73.74004, 40.59695], [-73.74009, 40.59688], [-73.74011, 40.59685], [-73.74012, 40.59681], [-73.74012, 40.59677], [-73.74012, 40.59673], [-73.74011, 40.59669], [-73.74008, 40.59665], [-73.74006, 40.59661], [-73.74003, 40.59657], [-73.74, 40.59654], [-73.73996, 40.59651], [-73.73991, 40.59649], [-73.73986, 40.59647], [-73.73981, 40.59646], [-73.73981, 40.59645], [-73.7398, 40.59645], [-73.7398, 40.59644], [-73.7398, 40.59644], [-73.7398, 40.59643], [-73.7398, 40.59643], [-73.7399, 40.59637], [-73.74004, 40.59628], [-73.74007, 40.59623], [-73.7401, 40.59621], [-73.74012, 40.5962], [-73.74015, 40.5962], [-73.74025, 40.59621], [-73.74031, 40.59619], [-73.74039, 40.59618], [-73.74039, 40.59624], [-73.74035, 40.59627], [-73.74035, 40.59631], [-73.74033, 40.59632], [-73.74028, 40.59641], [-73.74028, 40.59648], [-73.74036, 40.59677], [-73.74038, 40.5968], [-73.74041, 40.59682], [-73.74044, 40.59684], [-73.74048, 40.59685], [-73.74051, 40.59686], [-73.74055, 40.59686], [-73.74056, 40.59686], [-73.74057, 40.59686], [-73.74058, 40.59686], [-73.74058, 40.59686], [-73.74059, 40.59686], [-73.7406, 40.59687], [-73.7406, 40.59687], [-73.74061, 40.59687], [-73.74061, 40.59688], [-73.74062, 40.5969], [-73.74062, 40.59691], [-73.74062, 40.59693], [-73.74062, 40.59695], [-73.74061, 40.59696], [-73.74061, 40.59697], [-73.74061, 40.59698], [-73.74062, 40.59699], [-73.74063, 40.59699], [-73.74063, 40.597], [-73.74064, 40.597], [-73.74069, 40.597], [-73.74073, 40.59699], [-73.74076, 40.59698], [-73.7408, 40.59696], [-73.7408, 40.59696], [-73.74081, 40.59695], [-73.74081, 40.59695], [-73.74082, 40.59695], [-73.74083, 40.59695], [-73.74086, 40.59695], [-73.74089, 40.59695], [-73.74093, 40.59695], [-73.74096, 40.59695], [-73.74099, 40.59693], [-73.74099, 40.59693], [-73.741, 40.59693], [-73.741, 40.59693], [-73.741, 40.59693], [-73.74101, 40.59692], [-73.74101, 40.59692], [-73.74101, 40.59692], [-73.74101, 40.59691], [-73.74101, 40.59691], [-73.74101, 40.59691], [-73.74101, 40.5969], [-73.74101, 40.5969], [-73.741, 40.5969], [-73.741, 40.5969], [-73.741, 40.5969], [-73.741, 40.5969], [-73.74099, 40.59691], [-73.74099, 40.59691], [-73.74099, 40.59691], [-73.74098, 40.59691], [-73.74098, 40.59691], [-73.74098, 40.59691], [-73.74097, 40.59691], [-73.74097, 40.59691], [-73.74097, 40.59691], [-73.74097, 40.59691], [-73.74096, 40.59691], [-73.74096, 40.59691], [-73.74096, 40.59691], [-73.74096, 40.59691], [-73.74095, 40.59691], [-73.74095, 40.5969], [-73.74095, 40.5969], [-73.74095, 40.5969], [-73.74095, 40.5969], [-73.74095, 40.5969], [-73.74096, 40.59688], [-73.74097, 40.59686], [-73.74099, 40.59685], [-73.74101, 40.59684], [-73.74104, 40.59683], [-73.74108, 40.59682], [-73.74112, 40.59682], [-73.74116, 40.59683], [-73.74119, 40.59683], [-73.74121, 40.59683], [-73.74123, 40.59683], [-73.74125, 40.59682], [-73.74125, 40.59682], [-73.74125, 40.59681], [-73.74126, 40.59681], [-73.74126, 40.59681], [-73.74126, 40.59681], [-73.74127, 40.59681], [-73.74127, 40.5968], [-73.74127, 40.5968], [-73.74128, 40.5968], [-73.74128, 40.5968], [-73.74129, 40.59681], [-73.74129, 40.59681], [-73.74129, 40.59681], [-73.7413, 40.59681], [-73.7413, 40.59682], [-73.74131, 40.59682], [-73.74132, 40.59682], [-73.74133, 40.59683], [-73.74134, 40.59683], [-73.74135, 40.59683], [-73.74136, 40.59683], [-73.74137, 40.59684], [-73.74137, 40.59684], [-73.74138, 40.59685], [-73.74138, 40.59686], [-73.74138, 40.59687], [-73.74138, 40.59687], [-73.74138, 40.59688], [-73.7414, 40.5969], [-73.74142, 40.59692], [-73.74142, 40.59693], [-73.74142, 40.59693], [-73.74142, 40.59693], [-73.74142, 40.59693], [-73.74143, 40.59693], [-73.74143, 40.59693], [-73.74143, 40.59694], [-73.74143, 40.59694], [-73.74144, 40.59694], [-73.74144, 40.59694], [-73.74144, 40.59694], [-73.74144, 40.59694], [-73.74145, 40.59694], [-73.74147, 40.59692], [-73.74149, 40.59691], [-73.74151, 40.59691], [-73.74154, 40.5969], [-73.74156, 40.5969], [-73.74157, 40.5969], [-73.74157, 40.5969], [-73.74157, 40.5969], [-73.74157, 40.5969], [-73.74158, 40.5969], [-73.74158, 40.5969], [-73.74158, 40.5969], [-73.74158, 40.5969], [-73.74158, 40.5969], [-73.74159, 40.59689], [-73.74159, 40.59689], [-73.74159, 40.59689], [-73.74159, 40.59689], [-73.7416, 40.59687], [-73.74161, 40.59684], [-73.74163, 40.59683], [-73.74166, 40.59681], [-73.74169, 40.5968], [-73.74172, 40.59679], [-73.74175, 40.59678], [-73.74178, 40.59678], [-73.7418, 40.59677], [-73.74181, 40.59675], [-73.74182, 40.59673], [-73.74183, 40.59671], [-73.74183, 40.59669], [-73.74183, 40.59668], [-73.74182, 40.59666], [-73.74182, 40.59664], [-73.74181, 40.59663], [-73.74179, 40.59661], [-73.74178, 40.5966], [-73.74176, 40.59659], [-73.74174, 40.59658], [-73.74171, 40.59658], [-73.7417, 40.59658], [-73.74169, 40.59658], [-73.74168, 40.59658], [-73.74167, 40.59658], [-73.74167, 40.59658], [-73.74166, 40.59658], [-73.74165, 40.59658], [-73.74164, 40.59657], [-73.74163, 40.59657], [-73.7416, 40.59655], [-73.74156, 40.59654], [-73.74151, 40.59653], [-73.74115, 40.59654], [-73.74094, 40.59655], [-73.74094, 40.59655], [-73.74094, 40.59656], [-73.74094, 40.59656], [-73.74093, 40.59656], [-73.74093, 40.59657], [-73.74092, 40.59657], [-73.74091, 40.59657], [-73.74088, 40.59655], [-73.74083, 40.59655], [-73.74079, 40.59654], [-73.74075, 40.59654], [-73.7407, 40.59655], [-73.74066, 40.59656], [-73.74062, 40.59657], [-73.74057, 40.59657], [-73.74053, 40.59657], [-73.74052, 40.59657], [-73.74052, 40.59657], [-73.74051, 40.59657], [-73.74051, 40.59656], [-73.74051, 40.59656], [-73.7405, 40.59656], [-73.7405, 40.59655], [-73.7405, 40.59655], [-73.7405, 40.59654], [-73.7405, 40.59654], [-73.74051, 40.59654], [-73.74051, 40.59653], [-73.74052, 40.59653], [-73.74055, 40.59649], [-73.74057, 40.59645], [-73.74059, 40.5964], [-73.7406, 40.59636], [-73.74061, 40.59631], [-73.74062, 40.59627], [-73.74061, 40.59623], [-73.7406, 40.59619], [-73.74058, 40.59615], [-73.74055, 40.59612], [-73.74053, 40.59612], [-73.74051, 40.59612], [-73.7405, 40.59611], [-73.74049, 40.59607], [-73.74048, 40.59607], [-73.74046, 40.59607], [-73.74044, 40.59607], [-73.74041, 40.59609], [-73.7403, 40.59607], [-73.74029, 40.59604], [-73.74022, 40.59603], [-73.74019, 40.59605], [-73.73993, 40.59606], [-73.73992, 40.59608], [-73.73981, 40.59627], [-73.73958, 40.59638], [-73.73953, 40.59653], [-73.73961, 40.59676], [-73.73946, 40.59688], [-73.73948, 40.59698], [-73.73949, 40.59698], [-73.7395, 40.59702], [-73.73958, 40.59698], [-73.73959, 40.59698], [-73.7397, 40.59692], [-73.73971, 40.59692], [-73.73975, 40.59688], [-73.73976, 40.59688], [-73.73981, 40.59684], [-73.73983, 40.59682], [-73.73985, 40.59681], [-73.73985, 40.5968], [-73.73988, 40.59677], [-73.7398, 40.59665], [-73.73979, 40.59665], [-73.73973, 40.59657], [-73.73971, 40.59657], [-73.73966, 40.59658], [-73.73965, 40.59657], [-73.7397, 40.59655], [-73.73975, 40.59654], [-73.73975, 40.59655], [-73.73978, 40.59658], [-73.73978, 40.59659], [-73.73981, 40.59662], [-73.73981, 40.59663], [-73.73983, 40.59666], [-73.73984, 40.59667], [-73.73986, 40.59671], [-73.73987, 40.59671], [-73.73988, 40.59674], [-73.7399, 40.59675], [-73.73991, 40.59677], [-73.7398, 40.59688], [-73.7397, 40.59695], [-73.73969, 40.59695], [-73.73969, 40.59695], [-73.73964, 40.59698], [-73.73959, 40.597], [-73.73957, 40.59701], [-73.73955, 40.59702], [-73.73952, 40.59704], [-73.73951, 40.59704], [-73.7395, 40.59704], [-73.73946, 40.59704], [-73.73944, 40.59705], [-73.73943, 40.59705], [-73.73941, 40.59705], [-73.7394, 40.59705], [-73.73937, 40.59704], [-73.73924, 40.597], [-73.73922, 40.59699], [-73.73921, 40.59699], [-73.73914, 40.59697], [-73.73914, 40.59696], [-73.73908, 40.59694], [-73.73907, 40.59694], [-73.73902, 40.59691], [-73.73893, 40.59687], [-73.73895, 40.59686], [-73.73897, 40.59687], [-73.73905, 40.59691], [-73.73906, 40.59691], [-73.73911, 40.59693], [-73.73912, 40.59694], [-73.73917, 40.59696], [-73.73918, 40.59696], [-73.73922, 40.59698], [-73.73924, 40.59698], [-73.73929, 40.597], [-73.7393, 40.597], [-73.73934, 40.59702], [-73.7394, 40.59703], [-73.73945, 40.59703], [-73.73945, 40.59698], [-73.73946, 40.59698], [-73.73944, 40.5969], [-73.73933, 40.59691], [-73.73911, 40.5968], [-73.73912, 40.59678], [-73.73895, 40.59676], [-73.73889, 40.59679], [-73.73885, 40.59682], [-73.73883, 40.5968], [-73.73863, 40.59686], [-73.73858, 40.59686], [-73.7386, 40.59688], [-73.73852, 40.59691], [-73.73849, 40.59699], [-73.73845, 40.59698], [-73.73827, 40.59735], [-73.73822, 40.59735], [-73.73812, 40.59739], [-73.73813, 40.59728], [-73.73804, 40.59591], [-73.73774, 40.59478], [-73.73771, 40.59467], [-73.73764, 40.59441], [-73.73765, 40.59441], [-73.73765, 40.59441], [-73.73765, 40.59442], [-73.73767, 40.59443], [-73.73767, 40.59446], [-73.73769, 40.59447], [-73.73771, 40.59449], [-73.73771, 40.59449], [-73.73774, 40.59451], [-73.73777, 40.59452], [-73.7378, 40.59453], [-73.73785, 40.59454], [-73.73787, 40.59454], [-73.73806, 40.59455], [-73.73817, 40.59454], [-73.73826, 40.59453], [-73.73829, 40.59452], [-73.73836, 40.5945], [-73.7384, 40.59449], [-73.73843, 40.59448], [-73.73845, 40.59446], [-73.73846, 40.59444], [-73.73846, 40.59439], [-73.73847, 40.59437], [-73.73849, 40.59437], [-73.73851, 40.59439], [-73.73852, 40.59441], [-73.73852, 40.59443], [-73.73854, 40.59445], [-73.73857, 40.59445], [-73.73866, 40.59448], [-73.73868, 40.59449], [-73.73875, 40.59452], [-73.73877, 40.59452], [-73.73878, 40.59445], [-73.73878, 40.59441], [-73.73877, 40.59441], [-73.73878, 40.59435], [-73.73882, 40.59436], [-73.73881, 40.59442], [-73.73879, 40.59441], [-73.73879, 40.59445], [-73.73879, 40.59453], [-73.73883, 40.59454], [-73.73889, 40.59456], [-73.739, 40.59459], [-73.73907, 40.5946], [-73.73911, 40.5946], [-73.73917, 40.59459], [-73.7392, 40.59459], [-73.73926, 40.59456], [-73.73928, 40.59454], [-73.73929, 40.59453], [-73.73929, 40.59451], [-73.73928, 40.59448], [-73.73928, 40.59446], [-73.73929, 40.59445], [-73.7393, 40.59445], [-73.73932, 40.59446], [-73.73933, 40.59447], [-73.73933, 40.59449], [-73.73935, 40.59451], [-73.73937, 40.59452], [-73.7394, 40.59453], [-73.73943, 40.59454], [-73.73946, 40.59454], [-73.7395, 40.59454], [-73.73953, 40.59455], [-73.73957, 40.59456], [-73.73957, 40.59452], [-73.73955, 40.59452], [-73.73955, 40.59443], [-73.73959, 40.59443], [-73.73959, 40.59452], [-73.73958, 40.59452], [-73.73958, 40.59456], [-73.73959, 40.59457], [-73.73962, 40.59458], [-73.73964, 40.59458], [-73.73967, 40.59459], [-73.7397, 40.59459], [-73.73968, 40.5945], [-73.73996, 40.5945], [-73.73995, 40.59464], [-73.73999, 40.59463], [-73.74002, 40.59462], [-73.74005, 40.59461], [-73.74006, 40.5946], [-73.74007, 40.59458], [-73.74009, 40.59453], [-73.74011, 40.59451], [-73.74014, 40.59451], [-73.74014, 40.59452], [-73.74013, 40.59457], [-73.74014, 40.59458], [-73.74018, 40.59461], [-73.74021, 40.59462], [-73.74027, 40.59465], [-73.74033, 40.59466], [-73.74036, 40.59467], [-73.74039, 40.59467], [-73.74042, 40.59468], [-73.74051, 40.5947], [-73.74063, 40.59472], [-73.74065, 40.59472], [-73.74068, 40.59471], [-73.7407, 40.5947], [-73.74071, 40.59467], [-73.74074, 40.59467], [-73.74077, 40.59466], [-73.74079, 40.59465], [-73.74083, 40.59461], [-73.74084, 40.5946], [-73.74084, 40.59457], [-73.74084, 40.59455], [-73.74085, 40.5945], [-73.74087, 40.59449], [-73.7409, 40.59449], [-73.74092, 40.5945], [-73.74092, 40.59452], [-73.74091, 40.59455], [-73.74089, 40.5946], [-73.7409, 40.59461], [-73.74094, 40.59464], [-73.74097, 40.59465], [-73.74103, 40.59468], [-73.74109, 40.5947], [-73.74113, 40.59471], [-73.74115, 40.59471], [-73.74118, 40.59473], [-73.74126, 40.59477], [-73.7413, 40.59478], [-73.74132, 40.59479], [-73.74137, 40.59481], [-73.74147, 40.59481], [-73.7415, 40.5948], [-73.74156, 40.5948], [-73.74159, 40.59479], [-73.74162, 40.59479], [-73.74164, 40.59477], [-73.74166, 40.59475], [-73.74166, 40.59467], [-73.74166, 40.59465], [-73.74168, 40.59464], [-73.7417, 40.59464], [-73.74172, 40.59465], [-73.74173, 40.59466], [-73.74174, 40.59468], [-73.74174, 40.59473], [-73.74175, 40.59474], [-73.74178, 40.59476], [-73.7418, 40.59477], [-73.74185, 40.59479], [-73.74192, 40.59482], [-73.74197, 40.59484], [-73.74202, 40.59486], [-73.74209, 40.59488], [-73.74215, 40.59489], [-73.74223, 40.59491], [-73.74226, 40.5949], [-73.74232, 40.59489], [-73.74243, 40.59487], [-73.74239, 40.59473], [-73.74262, 40.59474], [-73.74276, 40.59474], [-73.74277, 40.59479], [-73.7428, 40.5948], [-73.74281, 40.59481], [-73.74284, 40.59482], [-73.74288, 40.59483], [-73.74291, 40.59483], [-73.74297, 40.59483], [-73.74301, 40.59483], [-73.74304, 40.59482], [-73.74307, 40.5948], [-73.7431, 40.59479], [-73.74313, 40.59479], [-73.74317, 40.59479], [-73.74319, 40.59479], [-73.74322, 40.59479], [-73.74329, 40.5948], [-73.74332, 40.5948], [-73.74335, 40.59479], [-73.74337, 40.59479], [-73.7434, 40.59478], [-73.74343, 40.59477], [-73.74345, 40.59476], [-73.74347, 40.59473], [-73.74347, 40.59471], [-73.74345, 40.59464], [-73.74346, 40.59461], [-73.74347, 40.5946], [-73.74348, 40.59459], [-73.7435, 40.5946], [-73.74352, 40.59462], [-73.74354, 40.59464], [-73.74359, 40.59465], [-73.74399, 40.59466], [-73.74415, 40.59466], [-73.74452, 40.59465], [-73.74462, 40.59465], [-73.74472, 40.59463], [-73.74507, 40.59457], [-73.74515, 40.59455], [-73.74525, 40.59452], [-73.74539, 40.59448], [-73.74577, 40.5944], [-73.74588, 40.59437], [-73.74598, 40.59436], [-73.74606, 40.59435], [-73.74634, 40.59433], [-73.74643, 40.59431], [-73.74658, 40.5943], [-73.74662, 40.59429], [-73.74665, 40.59428], [-73.74676, 40.59424], [-73.74684, 40.59421], [-73.74688, 40.59416], [-73.74692, 40.59411], [-73.74699, 40.59409], [-73.74705, 40.59408], [-73.74712, 40.59408], [-73.74713, 40.59408], [-73.74715, 40.59408], [-73.74719, 40.59407], [-73.74722, 40.59407], [-73.74728, 40.59406], [-73.74734, 40.59406], [-73.74742, 40.59404], [-73.74754, 40.59394], [-73.7476, 40.59391], [-73.74766, 40.59388], [-73.74775, 40.59384], [-73.74787, 40.5938], [-73.74793, 40.59377], [-73.7481, 40.59362], [-73.74815, 40.59361], [-73.7483, 40.59359], [-73.74851, 40.59354], [-73.74895, 40.5934], [-73.74919, 40.59328], [-73.74924, 40.59323], [-73.74933, 40.59317], [-73.74939, 40.59314], [-73.74951, 40.59307], [-73.74964, 40.59301], [-73.74972, 40.59297], [-73.74981, 40.59292], [-73.74999, 40.59281], [-73.75023, 40.59271], [-73.75037, 40.59261], [-73.75064, 40.59241], [-73.75075, 40.59234], [-73.75084, 40.59224], [-73.75093, 40.59212], [-73.75103, 40.59197], [-73.75115, 40.59181], [-73.75132, 40.59162], [-73.75136, 40.59158], [-73.75147, 40.59147], [-73.75155, 40.59142], [-73.75164, 40.59138], [-73.75175, 40.59134], [-73.75181, 40.59132], [-73.75187, 40.5913], [-73.75208, 40.59128], [-73.75224, 40.59126], [-73.75235, 40.59123], [-73.75258, 40.59118], [-73.75264, 40.59117], [-73.75268, 40.59117], [-73.75272, 40.59116], [-73.75275, 40.59116], [-73.75279, 40.59115], [-73.75284, 40.59114], [-73.75287, 40.59114], [-73.75293, 40.59114], [-73.75299, 40.59113], [-73.75305, 40.59111], [-73.75311, 40.5911], [-73.75314, 40.59109], [-73.75317, 40.59108], [-73.75327, 40.59103], [-73.7533, 40.59102], [-73.75338, 40.59099], [-73.75343, 40.59097], [-73.75346, 40.59096], [-73.75349, 40.59095], [-73.75353, 40.59095], [-73.75356, 40.59094], [-73.75359, 40.59094], [-73.75365, 40.59093], [-73.75372, 40.59093], [-73.75375, 40.59093], [-73.75378, 40.59093], [-73.75381, 40.59093], [-73.75385, 40.59092], [-73.7539, 40.59091], [-73.75395, 40.5909], [-73.75398, 40.5909], [-73.75406, 40.59091], [-73.75426, 40.59092], [-73.75433, 40.59093], [-73.75438, 40.59094], [-73.7544, 40.59094], [-73.75447, 40.59094], [-73.75454, 40.59094], [-73.75457, 40.59093], [-73.75459, 40.59093], [-73.75461, 40.59092], [-73.75464, 40.59092], [-73.75468, 40.59091], [-73.75474, 40.59091], [-73.75477, 40.5909], [-73.7548, 40.5909], [-73.75483, 40.59089], [-73.75487, 40.59089], [-73.75496, 40.59087], [-73.75499, 40.59087], [-73.75502, 40.59087], [-73.75505, 40.59087], [-73.75508, 40.59087], [-73.75521, 40.59086], [-73.75528, 40.59086], [-73.75533, 40.59086], [-73.75538, 40.59086], [-73.75542, 40.59086], [-73.7555, 40.59087], [-73.75553, 40.59087], [-73.75557, 40.59087], [-73.75572, 40.59086], [-73.75577, 40.59087], [-73.7558, 40.59087], [-73.75584, 40.59087], [-73.75586, 40.59087], [-73.75592, 40.59087], [-73.75596, 40.59087], [-73.75602, 40.59089], [-73.75605, 40.5909], [-73.75608, 40.59091], [-73.75611, 40.59093], [-73.75613, 40.59094], [-73.75616, 40.59094], [-73.7562, 40.59095], [-73.75623, 40.59096], [-73.75626, 40.59097], [-73.75629, 40.59098], [-73.75633, 40.59099], [-73.75636, 40.591], [-73.75639, 40.59101], [-73.75642, 40.59102], [-73.75645, 40.59103], [-73.75648, 40.59104], [-73.75651, 40.59104], [-73.75654, 40.59105], [-73.75658, 40.59105], [-73.75661, 40.59106], [-73.75664, 40.59106], [-73.75667, 40.59106], [-73.7567, 40.59106], [-73.75676, 40.59107], [-73.75683, 40.59109], [-73.75692, 40.59111], [-73.75695, 40.59112], [-73.757, 40.59114], [-73.75703, 40.59115], [-73.75706, 40.59116], [-73.75711, 40.59117], [-73.75715, 40.59118], [-73.75718, 40.59119], [-73.7572, 40.5912], [-73.75722, 40.5912], [-73.75724, 40.5912], [-73.7573, 40.59121], [-73.75734, 40.59122], [-73.7574, 40.59124], [-73.75745, 40.59125], [-73.75748, 40.59126], [-73.75752, 40.59127], [-73.75756, 40.59128], [-73.75762, 40.59129], [-73.75768, 40.5913], [-73.75773, 40.59132], [-73.75779, 40.59133], [-73.75785, 40.59135], [-73.75789, 40.59136], [-73.75796, 40.59136], [-73.75799, 40.59136], [-73.75801, 40.59137], [-73.75804, 40.59137], [-73.75811, 40.59138], [-73.75814, 40.59138], [-73.75817, 40.59138], [-73.7583, 40.59139], [-73.75856, 40.59143], [-73.75872, 40.59145], [-73.75879, 40.59147], [-73.75886, 40.59147], [-73.75893, 40.59148], [-73.75905, 40.59149], [-73.75906, 40.59149], [-73.75914, 40.5915], [-73.75923, 40.59151], [-73.75929, 40.59149], [-73.75938, 40.5915], [-73.75948, 40.59152], [-73.7596, 40.59155], [-73.75967, 40.59157], [-73.7597, 40.59157], [-73.75977, 40.59159], [-73.75979, 40.59159], [-73.7599, 40.59161], [-73.75995, 40.59162], [-73.76007, 40.59162], [-73.76017, 40.59162], [-73.76024, 40.59162], [-73.76031, 40.59162], [-73.76038, 40.59163], [-73.76042, 40.59163], [-73.76055, 40.59164], [-73.76065, 40.59165], [-73.76079, 40.59166], [-73.76084, 40.59166], [-73.76096, 40.59168], [-73.76108, 40.59169], [-73.76121, 40.59171], [-73.76128, 40.59172], [-73.76134, 40.59173], [-73.76141, 40.59172], [-73.76157, 40.5917], [-73.76172, 40.59168], [-73.7623, 40.59164], [-73.76236, 40.59164], [-73.76244, 40.59163], [-73.76276, 40.59162], [-73.76295, 40.59161], [-73.76304, 40.5916], [-73.76308, 40.59159], [-73.76348, 40.59148], [-73.76354, 40.59147], [-73.76376, 40.59144], [-73.76386, 40.59175], [-73.76391, 40.59204], [-73.76405, 40.59274], [-73.76414, 40.5932], [-73.76429, 40.59394], [-73.7644, 40.59457], [-73.76363, 40.59467], [-73.76278, 40.59476], [-73.76298, 40.5959], [-73.763, 40.59599], [-73.76301, 40.59608], [-73.7632, 40.59714], [-73.76333, 40.59782], [-73.76255, 40.59832], [-73.76182, 40.59895], [-73.76129, 40.59955], [-73.76154, 40.59985], [-73.76159, 40.5999], [-73.76166, 40.59997], [-73.76336, 40.5991], [-73.76387, 40.59973], [-73.76445, 40.60043], [-73.76654, 40.59943], [-73.766, 40.59872], [-73.76619, 40.59865], [-73.76637, 40.59857], [-73.76654, 40.59847], [-73.7667, 40.59835], [-73.76684, 40.59821], [-73.76696, 40.59807], [-73.76705, 40.59791], [-73.76711, 40.59775], [-73.76715, 40.59758], [-73.76716, 40.59742], [-73.76715, 40.59726], [-73.76713, 40.59713], [-73.76712, 40.59699], [-73.76713, 40.59685], [-73.76716, 40.59671], [-73.76718, 40.59662], [-73.76721, 40.59654], [-73.76727, 40.59645], [-73.76734, 40.59638], [-73.76742, 40.5963], [-73.76772, 40.59626], [-73.76776, 40.59655], [-73.76795, 40.59743], [-73.7681, 40.59785], [-73.76809, 40.59786], [-73.76807, 40.59791], [-73.76804, 40.59798], [-73.76803, 40.598], [-73.76801, 40.59804], [-73.76801, 40.59805], [-73.76801, 40.59805], [-73.768, 40.59805], [-73.76798, 40.59807], [-73.76798, 40.59807], [-73.76797, 40.59807], [-73.76795, 40.5981], [-73.76794, 40.59811], [-73.76794, 40.59812], [-73.76794, 40.59813], [-73.76794, 40.59813], [-73.76794, 40.59814], [-73.76794, 40.59814], [-73.76794, 40.59814], [-73.76794, 40.59814], [-73.76794, 40.59815], [-73.76794, 40.59815], [-73.76795, 40.59816], [-73.76796, 40.59816], [-73.76797, 40.59817], [-73.76802, 40.59819], [-73.76804, 40.5982], [-73.76811, 40.59822], [-73.76814, 40.59823], [-73.76814, 40.59824], [-73.76815, 40.59824], [-73.76816, 40.59825], [-73.76817, 40.59826], [-73.76819, 40.59829], [-73.76821, 40.5983], [-73.76821, 40.59831], [-73.76822, 40.59831], [-73.76824, 40.59832], [-73.76827, 40.59833], [-73.76829, 40.59834], [-73.76832, 40.59835], [-73.7684, 40.59836], [-73.76843, 40.59836], [-73.76846, 40.59836], [-73.76849, 40.59836], [-73.76853, 40.59836], [-73.76855, 40.59836], [-73.76857, 40.59836], [-73.76858, 40.59836], [-73.76863, 40.59838], [-73.76865, 40.59838], [-73.76866, 40.59838], [-73.7687, 40.59838], [-73.76879, 40.59839], [-73.7688, 40.59839], [-73.76884, 40.59839], [-73.76889, 40.59839], [-73.76891, 40.5984], [-73.76889, 40.59844], [-73.76893, 40.59847], [-73.76898, 40.59845], [-73.76901, 40.59848], [-73.76902, 40.59849], [-73.76902, 40.5985], [-73.76903, 40.5985], [-73.76904, 40.59851], [-73.76905, 40.59851], [-73.76908, 40.59851], [-73.7691, 40.59851], [-73.76919, 40.59851], [-73.76922, 40.5985], [-73.76923, 40.5985], [-73.76925, 40.5985], [-73.76926, 40.5985], [-73.76926, 40.5985], [-73.76927, 40.59851], [-73.76927, 40.59851], [-73.7693, 40.59853], [-73.76931, 40.59853], [-73.76932, 40.59853], [-73.76942, 40.59856], [-73.76959, 40.59861], [-73.76961, 40.59862], [-73.76967, 40.59863], [-73.7697, 40.59864], [-73.76972, 40.59865], [-73.76974, 40.59865], [-73.7698, 40.59869], [-73.76983, 40.59871], [-73.76993, 40.59875], [-73.76998, 40.59876], [-73.77002, 40.59878], [-73.77005, 40.5988], [-73.77007, 40.59882], [-73.77012, 40.59885], [-73.77018, 40.5989], [-73.77027, 40.59896], [-73.77028, 40.59896], [-73.77029, 40.59897], [-73.77031, 40.59898], [-73.77034, 40.59898], [-73.77036, 40.59899], [-73.77038, 40.59899], [-73.77041, 40.59899], [-73.77043, 40.59898], [-73.77044, 40.59898], [-73.77045, 40.59898], [-73.77047, 40.59897], [-73.77049, 40.59895], [-73.77051, 40.59894], [-73.77056, 40.5989], [-73.77057, 40.59888], [-73.7706, 40.59886], [-73.77062, 40.59885], [-73.77065, 40.59884], [-73.77066, 40.59883], [-73.7707, 40.59882], [-73.77073, 40.59881], [-73.77074, 40.59881], [-73.77075, 40.59881], [-73.77079, 40.59881], [-73.77082, 40.59882], [-73.77086, 40.59883], [-73.7709, 40.59884], [-73.77093, 40.59886], [-73.77096, 40.59887], [-73.77098, 40.59889], [-73.771, 40.59891], [-73.77101, 40.59893], [-73.77102, 40.59895], [-73.77104, 40.59898], [-73.77105, 40.59902], [-73.77106, 40.59907], [-73.77107, 40.59909], [-73.77107, 40.59911], [-73.77106, 40.59917], [-73.77106, 40.59919], [-73.77106, 40.59921], [-73.77106, 40.59923], [-73.77107, 40.59924], [-73.77108, 40.59926], [-73.77109, 40.59927], [-73.77113, 40.59931], [-73.77114, 40.59933], [-73.77114, 40.59934], [-73.77115, 40.59937], [-73.77116, 40.59939], [-73.77116, 40.59942], [-73.77116, 40.59945], [-73.77116, 40.59948], [-73.77115, 40.59951], [-73.77114, 40.59954], [-73.77111, 40.59961], [-73.77109, 40.59964], [-73.77109, 40.59967], [-73.77108, 40.5997], [-73.77109, 40.59979], [-73.7711, 40.5999], [-73.77111, 40.6], [-73.77111, 40.60006], [-73.77112, 40.60009], [-73.77114, 40.60013], [-73.77114, 40.60015], [-73.77114, 40.60016], [-73.77114, 40.60016], [-73.77114, 40.60018], [-73.77112, 40.60022], [-73.77111, 40.60023], [-73.77111, 40.60024], [-73.77111, 40.60026], [-73.77111, 40.60027], [-73.77113, 40.60036], [-73.77113, 40.60039], [-73.77113, 40.6004], [-73.77113, 40.60045], [-73.77112, 40.6005], [-73.77111, 40.60055], [-73.7711, 40.60059], [-73.77105, 40.60075], [-73.77094, 40.60115], [-73.77091, 40.60121], [-73.77087, 40.60129], [-73.77074, 40.60153], [-73.77074, 40.60158], [-73.77075, 40.60163], [-73.77078, 40.60166], [-73.77083, 40.60168], [-73.77085, 40.60172], [-73.77084, 40.60176], [-73.77084, 40.60181], [-73.77081, 40.60187], [-73.77078, 40.60192], [-73.77074, 40.60194], [-73.77071, 40.60194], [-73.77069, 40.60189], [-73.77065, 40.60185], [-73.77062, 40.60187], [-73.7706, 40.6019], [-73.77058, 40.60193], [-73.77055, 40.602], [-73.7705, 40.60207], [-73.77045, 40.60214], [-73.7704, 40.60228], [-73.77034, 40.60236], [-73.77028, 40.60249], [-73.77027, 40.60255], [-73.77023, 40.60262], [-73.77022, 40.60267], [-73.77019, 40.60275], [-73.77024, 40.60278], [-73.77029, 40.60281], [-73.77033, 40.60285], [-73.77037, 40.6029], [-73.7704, 40.60294], [-73.7704, 40.60297], [-73.77039, 40.60299], [-73.77038, 40.60301], [-73.77036, 40.60303], [-73.77034, 40.60305], [-73.77031, 40.60306], [-73.77028, 40.60307], [-73.77025, 40.60308], [-73.77025, 40.60308], [-73.77024, 40.60308], [-73.77019, 40.60308], [-73.77018, 40.60308], [-73.77017, 40.60308], [-73.77017, 40.60308], [-73.77017, 40.60308], [-73.77017, 40.60308], [-73.77016, 40.60309], [-73.77016, 40.60309], [-73.77016, 40.60309], [-73.77016, 40.60309], [-73.77016, 40.60309], [-73.77016, 40.60309], [-73.77016, 40.60309], [-73.77016, 40.60309], [-73.77016, 40.60309], [-73.77016, 40.60309], [-73.77017, 40.60309], [-73.77017, 40.6031], [-73.77017, 40.6031], [-73.77021, 40.60312], [-73.77021, 40.60313], [-73.77022, 40.60313], [-73.77022, 40.60313], [-73.77025, 40.60319], [-73.77027, 40.60324], [-73.7703, 40.60331], [-73.77033, 40.60339], [-73.77034, 40.60343], [-73.77035, 40.60347], [-73.77038, 40.60358], [-73.77041, 40.60372], [-73.77042, 40.60375], [-73.77044, 40.60385], [-73.77045, 40.60394], [-73.77046, 40.60402], [-73.77047, 40.6041], [-73.77047, 40.60417], [-73.77048, 40.60432], [-73.77047, 40.60441], [-73.77047, 40.60445], [-73.77048, 40.60448], [-73.77048, 40.60459], [-73.77048, 40.60471], [-73.77049, 40.60476], [-73.77049, 40.6048], [-73.77048, 40.60484], [-73.77047, 40.60488], [-73.77044, 40.60492], [-73.77041, 40.60496], [-73.77037, 40.60499], [-73.77033, 40.60502], [-73.77027, 40.60505], [-73.77021, 40.60509], [-73.77016, 40.60513], [-73.77011, 40.60517], [-73.77007, 40.60522], [-73.77003, 40.60527], [-73.77, 40.60533], [-73.77, 40.60536], [-73.76999, 40.60539], [-73.76999, 40.60542], [-73.77, 40.60544], [-73.77, 40.60546], [-73.77001, 40.60547], [-73.77003, 40.60554], [-73.77004, 40.60555], [-73.77004, 40.60557], [-73.77004, 40.60561], [-73.77004, 40.60561], [-73.77004, 40.60564], [-73.77003, 40.60567], [-73.77002, 40.6057], [-73.77002, 40.60571], [-73.77001, 40.60573], [-73.77, 40.60575], [-73.76998, 40.60577], [-73.76997, 40.60578], [-73.76996, 40.60579], [-73.76995, 40.60579], [-73.76995, 40.60579], [-73.7699, 40.60582], [-73.76989, 40.60582], [-73.76989, 40.60583], [-73.76988, 40.60583], [-73.76988, 40.60584], [-73.76988, 40.60585], [-73.76987, 40.60587], [-73.76986, 40.6059], [-73.76985, 40.60594], [-73.76984, 40.60605], [-73.76983, 40.60611], [-73.76982, 40.60616], [-73.76982, 40.60622], [-73.76983, 40.60628], [-73.76983, 40.60633], [-73.76984, 40.60639], [-73.76985, 40.60644], [-73.76987, 40.6065], [-73.76992, 40.60664], [-73.76996, 40.60678], [-73.76998, 40.60684], [-73.77, 40.60693], [-73.77001, 40.60695], [-73.77002, 40.60696], [-73.77002, 40.60698], [-73.77002, 40.60701], [-73.77001, 40.60704], [-73.77001, 40.60705], [-73.77, 40.6071], [-73.77001, 40.60712], [-73.77001, 40.60714], [-73.77001, 40.60714], [-73.77001, 40.60714], [-73.77002, 40.60716], [-73.77002, 40.60718], [-73.77002, 40.6072], [-73.77001, 40.60721], [-73.77, 40.60722], [-73.77, 40.60723], [-73.76999, 40.60723], [-73.76996, 40.60726], [-73.76989, 40.60731], [-73.76986, 40.60734], [-73.76977, 40.60741], [-73.76975, 40.60743], [-73.76973, 40.60745], [-73.76971, 40.60747], [-73.7697, 40.60749], [-73.76969, 40.60751], [-73.76969, 40.60752], [-73.76969, 40.60754], [-73.76969, 40.60755], [-73.7697, 40.60758], [-73.7697, 40.60759], [-73.76971, 40.6076], [-73.76975, 40.60766], [-73.76976, 40.60768], [-73.76977, 40.60769], [-73.76977, 40.6077], [-73.76977, 40.60772], [-73.76977, 40.60775], [-73.76977, 40.60778], [-73.76976, 40.60781], [-73.76971, 40.60793], [-73.7697, 40.60794], [-73.76969, 40.60799], [-73.76969, 40.608], [-73.76968, 40.60801], [-73.76967, 40.60803], [-73.76966, 40.60804], [-73.76966, 40.60804], [-73.76966, 40.60804], [-73.76961, 40.6081], [-73.76959, 40.60812], [-73.76951, 40.60823], [-73.76948, 40.60827], [-73.76946, 40.60828], [-73.76945, 40.60829], [-73.76943, 40.6083], [-73.76941, 40.60831], [-73.7694, 40.60832], [-73.76939, 40.60832], [-73.76934, 40.60832], [-73.76932, 40.60833], [-73.7693, 40.60833], [-73.76928, 40.60834], [-73.76926, 40.60834], [-73.76925, 40.60835], [-73.76923, 40.60836], [-73.76922, 40.60837], [-73.76921, 40.60838], [-73.7692, 40.60839], [-73.76918, 40.60841], [-73.76916, 40.60843], [-73.76915, 40.60845], [-73.76914, 40.60848], [-73.76912, 40.60853], [-73.76908, 40.60866], [-73.76903, 40.6088], [-73.76901, 40.60885], [-73.769, 40.60889], [-73.76899, 40.60895], [-73.76898, 40.60902], [-73.76897, 40.60908], [-73.76896, 40.60916], [-73.76895, 40.6092], [-73.76895, 40.60923], [-73.76895, 40.60926], [-73.76896, 40.60928], [-73.76897, 40.60932], [-73.76898, 40.60935], [-73.769, 40.60939], [-73.76904, 40.60947], [-73.76907, 40.60954], [-73.76909, 40.60958], [-73.76911, 40.60961], [-73.76913, 40.60965], [-73.76914, 40.60966], [-73.76915, 40.60967], [-73.76918, 40.6097], [-73.76922, 40.60973], [-73.76926, 40.60976], [-73.76931, 40.60978], [-73.76942, 40.60984], [-73.76947, 40.60987], [-73.7695, 40.6099], [-73.76957, 40.60995], [-73.7696, 40.60997], [-73.76966, 40.61001], [-73.76972, 40.61004], [-73.76977, 40.61006], [-73.76982, 40.61009], [-73.76983, 40.61009], [-73.76986, 40.6101], [-73.7699, 40.61012], [-73.77002, 40.61016], [-73.77015, 40.61021], [-73.77019, 40.61022], [-73.77024, 40.61023], [-73.77024, 40.61023], [-73.77026, 40.61023], [-73.77027, 40.61023], [-73.77028, 40.61023], [-73.77029, 40.61023], [-73.7703, 40.61023], [-73.77031, 40.61022], [-73.77032, 40.61022], [-73.77032, 40.61022], [-73.77033, 40.61022], [-73.77033, 40.61021], [-73.77033, 40.61021], [-73.77034, 40.6102], [-73.77035, 40.61019], [-73.77035, 40.61018], [-73.77035, 40.61018], [-73.77036, 40.61017], [-73.77036, 40.61017], [-73.77036, 40.61017], [-73.77038, 40.61016], [-73.77041, 40.61016], [-73.77043, 40.61015], [-73.77046, 40.61015], [-73.77048, 40.61015], [-73.77051, 40.61015], [-73.77054, 40.61015], [-73.77057, 40.61016], [-73.77058, 40.61016], [-73.77059, 40.61016], [-73.77059, 40.61016], [-73.77061, 40.61017], [-73.77063, 40.61018], [-73.77065, 40.61019], [-73.77067, 40.61021], [-73.77071, 40.61027], [-73.77073, 40.61028], [-73.77074, 40.6103], [-73.77076, 40.61031], [-73.77079, 40.61033], [-73.77082, 40.61034], [-73.77086, 40.61035], [-73.77092, 40.61037], [-73.77096, 40.61038], [-73.77099, 40.61039], [-73.771, 40.61039], [-73.77102, 40.61039], [-73.77103, 40.61039], [-73.77103, 40.61039], [-73.77105, 40.61039], [-73.77109, 40.61037], [-73.7711, 40.61036], [-73.77111, 40.61036], [-73.77112, 40.61036], [-73.77113, 40.61036], [-73.77117, 40.61036], [-73.7712, 40.61037], [-73.77123, 40.61038], [-73.77124, 40.61038], [-73.77125, 40.61039], [-73.77129, 40.61042], [-73.77136, 40.61047], [-73.77139, 40.61049], [-73.77149, 40.61056], [-73.77149, 40.61056], [-73.77157, 40.61061], [-73.77168, 40.61069], [-73.77175, 40.61074], [-73.77177, 40.61076], [-73.77177, 40.61076], [-73.77179, 40.61079], [-73.77181, 40.61082], [-73.77183, 40.61085], [-73.77184, 40.61087], [-73.77185, 40.61091], [-73.77186, 40.61094], [-73.77187, 40.61095], [-73.77191, 40.611], [-73.77191, 40.61101], [-73.77192, 40.61102], [-73.77194, 40.61111], [-73.77197, 40.61121], [-73.77198, 40.61123], [-73.77199, 40.61125], [-73.77199, 40.61125], [-73.77199, 40.61125], [-73.77199, 40.61125], [-73.77201, 40.61128], [-73.77205, 40.61135], [-73.77211, 40.61144], [-73.77212, 40.61145], [-73.77213, 40.61145], [-73.77214, 40.61147], [-73.77217, 40.61148], [-73.77219, 40.61149], [-73.7722, 40.61149], [-73.77221, 40.6115], [-73.77223, 40.6115], [-73.77226, 40.6115], [-73.77228, 40.61151], [-73.77236, 40.61151], [-73.77236, 40.61151], [-73.77245, 40.6115], [-73.77253, 40.61149], [-73.77263, 40.61148], [-73.77268, 40.61147], [-73.77273, 40.61146], [-73.77277, 40.61145], [-73.77281, 40.61144], [-73.77291, 40.6114], [-73.77305, 40.61135], [-73.77318, 40.61129], [-73.77326, 40.61126], [-73.7733, 40.61124], [-73.77332, 40.61123], [-73.77333, 40.61122], [-73.77334, 40.61121], [-73.77336, 40.61119], [-73.77337, 40.61117], [-73.77338, 40.61115], [-73.77339, 40.61113], [-73.7734, 40.61111], [-73.7734, 40.61109], [-73.7734, 40.61109], [-73.77341, 40.61106], [-73.77341, 40.61105], [-73.7734, 40.61104], [-73.7734, 40.61101], [-73.77338, 40.61099], [-73.77336, 40.61095], [-73.77332, 40.6109], [-73.77324, 40.61078], [-73.7732, 40.61073], [-73.77316, 40.61067], [-73.77313, 40.61062], [-73.77305, 40.61046], [-73.77302, 40.61042], [-73.77296, 40.61033], [-73.77293, 40.61029], [-73.77291, 40.61026], [-73.7729, 40.61023], [-73.77289, 40.6102], [-73.77288, 40.61017], [-73.77288, 40.61017], [-73.77288, 40.61017], [-73.77288, 40.61017], [-73.77288, 40.61017], [-73.77288, 40.61016], [-73.77288, 40.61016], [-73.77289, 40.61016], [-73.77289, 40.61016], [-73.7729, 40.61015], [-73.77291, 40.61015], [-73.77292, 40.61015], [-73.77293, 40.61015], [-73.77294, 40.61015], [-73.77295, 40.61015], [-73.77296, 40.61015], [-73.77296, 40.61015], [-73.77297, 40.61015], [-73.77297, 40.61015], [-73.77297, 40.61016], [-73.77297, 40.61016], [-73.773, 40.6102], [-73.77307, 40.6103], [-73.77339, 40.61075], [-73.77341, 40.61078], [-73.77343, 40.61081], [-73.77349, 40.61092], [-73.77352, 40.61096], [-73.77355, 40.611], [-73.77358, 40.61104], [-73.7736, 40.61107], [-73.77368, 40.61114], [-73.77371, 40.61118], [-73.77375, 40.61122], [-73.77377, 40.61126], [-73.77378, 40.61128], [-73.77379, 40.61132], [-73.7738, 40.61135], [-73.77381, 40.61141], [-73.77381, 40.61143], [-73.77381, 40.61146], [-73.77381, 40.61155], [-73.77381, 40.61158], [-73.77381, 40.61161], [-73.77382, 40.61164], [-73.77382, 40.61167], [-73.77385, 40.61175], [-73.77386, 40.61178], [-73.77389, 40.61194], [-73.77391, 40.61204], [-73.77392, 40.61208], [-73.77392, 40.61209], [-73.77392, 40.6121], [-73.77393, 40.61211], [-73.77393, 40.61211], [-73.77394, 40.61212], [-73.77394, 40.61212], [-73.77394, 40.61212], [-73.77395, 40.61212], [-73.77395, 40.61212], [-73.77395, 40.61212], [-73.77395, 40.61212], [-73.77395, 40.61212], [-73.77396, 40.61212], [-73.77396, 40.61212], [-73.77396, 40.61212], [-73.77397, 40.61212], [-73.77397, 40.61211], [-73.77399, 40.61209], [-73.77401, 40.61204], [-73.77402, 40.61203], [-73.77405, 40.61197], [-73.77408, 40.61192], [-73.77409, 40.6119], [-73.77412, 40.61184], [-73.77413, 40.61182], [-73.77413, 40.61181], [-73.77413, 40.61181], [-73.77413, 40.61181], [-73.77413, 40.61181], [-73.77414, 40.61181], [-73.77414, 40.61181], [-73.77414, 40.61181], [-73.77414, 40.61181], [-73.77414, 40.61181], [-73.77415, 40.61181], [-73.77415, 40.61181], [-73.77415, 40.61181], [-73.77416, 40.61182], [-73.77417, 40.61182], [-73.77417, 40.61182], [-73.77417, 40.61182], [-73.77417, 40.61182], [-73.77417, 40.61183], [-73.77417, 40.61183], [-73.77417, 40.61183], [-73.77417, 40.61183], [-73.77417, 40.61183], [-73.77416, 40.61186], [-73.77415, 40.6119], [-73.77413, 40.61194], [-73.7741, 40.612], [-73.77409, 40.61203], [-73.77405, 40.61208], [-73.77405, 40.6121], [-73.77404, 40.61211], [-73.77404, 40.61213], [-73.77403, 40.61215], [-73.77403, 40.61222], [-73.77403, 40.61224], [-73.77401, 40.61236], [-73.77399, 40.61246], [-73.77398, 40.61249], [-73.77397, 40.61252], [-73.77395, 40.61258], [-73.77393, 40.61266], [-73.77389, 40.61275], [-73.77385, 40.61287], [-73.77383, 40.61292], [-73.7738, 40.61297], [-73.77377, 40.61303], [-73.77371, 40.61314], [-73.77369, 40.61318], [-73.77365, 40.61327], [-73.77358, 40.61343], [-73.77355, 40.61349], [-73.77351, 40.61355], [-73.77348, 40.61361], [-73.77347, 40.61363], [-73.77345, 40.61365], [-73.77345, 40.61365], [-73.77343, 40.61367], [-73.77343, 40.61367], [-73.77342, 40.61368], [-73.7734, 40.61368], [-73.77338, 40.61369], [-73.77337, 40.61369], [-73.77336, 40.61369], [-73.77336, 40.61369], [-73.77333, 40.61368], [-73.7733, 40.61367], [-73.77326, 40.61365], [-73.77322, 40.61363], [-73.77318, 40.61362], [-73.77313, 40.61361], [-73.77305, 40.61359], [-73.77297, 40.61359], [-73.77288, 40.61358], [-73.7728, 40.61359], [-73.77271, 40.6136], [-73.77263, 40.61361], [-73.77252, 40.61365], [-73.77242, 40.61369], [-73.77232, 40.61373], [-73.77222, 40.61378], [-73.77216, 40.61381], [-73.7721, 40.61384], [-73.77203, 40.61387], [-73.77196, 40.61389], [-73.77188, 40.61391], [-73.77179, 40.61392], [-73.7717, 40.61392], [-73.77165, 40.61392], [-73.7716, 40.61392], [-73.77157, 40.61391], [-73.77154, 40.6139], [-73.77152, 40.61389], [-73.77149, 40.61389], [-73.77141, 40.61389], [-73.77133, 40.61389], [-73.77127, 40.6139], [-73.77122, 40.61391], [-73.77112, 40.61392], [-73.77103, 40.61394], [-73.77094, 40.61397], [-73.77092, 40.61397], [-73.77089, 40.61398], [-73.77087, 40.61398], [-73.77084, 40.61399], [-73.77081, 40.61401], [-73.77077, 40.61402], [-73.77073, 40.61403], [-73.77068, 40.61403], [-73.77064, 40.61403], [-73.77039, 40.61404], [-73.7702, 40.61406], [-73.77011, 40.61406], [-73.77007, 40.61406], [-73.77003, 40.61406], [-73.76986, 40.61404], [-73.76965, 40.61403], [-73.76964, 40.61403], [-73.76963, 40.61403], [-73.7696, 40.61402], [-73.76958, 40.61401], [-73.76952, 40.61399], [-73.76949, 40.61398], [-73.76947, 40.61398], [-73.76945, 40.61397], [-73.76941, 40.61397], [-73.76937, 40.61397], [-73.76933, 40.61397], [-73.76929, 40.61398], [-73.76925, 40.61398], [-73.7692, 40.61399], [-73.76915, 40.614], [-73.7691, 40.61401], [-73.76902, 40.61403], [-73.76897, 40.61404], [-73.76892, 40.61405], [-73.76887, 40.61407], [-73.76858, 40.61416], [-73.76846, 40.6142], [-73.76841, 40.61421], [-73.76837, 40.61422], [-73.76835, 40.61423], [-73.76834, 40.61423], [-73.76832, 40.61423], [-73.7683, 40.61423], [-73.76826, 40.61422], [-73.76818, 40.6142], [-73.76815, 40.6142], [-73.76812, 40.61419], [-73.76809, 40.61419], [-73.76803, 40.6142], [-73.7679, 40.61422], [-73.76787, 40.61422], [-73.76784, 40.61422], [-73.76779, 40.61422], [-73.76767, 40.61421], [-73.76763, 40.61421], [-73.7676, 40.61421], [-73.76756, 40.61422], [-73.76755, 40.61422], [-73.76752, 40.61422], [-73.76743, 40.61424], [-73.76738, 40.61425], [-73.76726, 40.61428], [-73.76721, 40.61429], [-73.76716, 40.61429], [-73.7671, 40.6143], [-73.76704, 40.6143], [-73.76698, 40.6143], [-73.76694, 40.6143], [-73.7669, 40.6143], [-73.76686, 40.6143], [-73.76682, 40.61429], [-73.76675, 40.61426], [-73.76669, 40.61423]]]}}, {"type": "Feature", "properties": {"zone_id": 102, "zone": "Glendale", "borough": "Queens", "demand": 9}, "geometry": {"type": "Polygon", "coordinates": [[[-73.85596, 40.70643], [-73.85594, 40.7064], [-73.85473, 40.70676], [-73.85473, 40.70673], [-73.85474, 40.70518], [-73.85411, 40.70443], [-73.85396, 40.70426], [-73.85392, 40.70422], [-73.85389, 40.70418], [-73.85371, 40.70392], [-73.85306, 40.70314], [-73.85252, 40.70229], [-73.85518, 40.70258], [-73.85529, 40.70259], [-73.8553, 40.70199], [-73.85539, 40.70198], [-73.85631, 40.70184], [-73.85717, 40.70167], [-73.85725, 40.70121], [-73.85739, 40.70121], [-73.85827, 40.70122], [-73.85893, 40.70132], [-73.85824, 40.70283], [-73.8582, 40.70291], [-73.85825, 40.70292], [-73.85853, 40.70295], [-73.85875, 40.70297], [-73.85998, 40.70311], [-73.86068, 40.70318], [-73.86142, 40.70327], [-73.86242, 40.70338], [-73.86285, 40.70341], [-73.86342, 40.70338], [-73.86379, 40.70333], [-73.86473, 40.70326], [-73.86564, 40.70318], [-73.86654, 40.70311], [-73.86725, 40.70305], [-73.86824, 40.70297], [-73.86873, 40.70293], [-73.86903, 40.7029], [-73.86916, 40.70289], [-73.86982, 40.70284], [-73.87073, 40.70276], [-73.87165, 40.70269], [-73.8721, 40.70265], [-73.87256, 40.70261], [-73.87351, 40.70253], [-73.87446, 40.70246], [-73.87543, 40.70237], [-73.8764, 40.70229], [-73.87626, 40.70175], [-73.87622, 40.70159], [-73.87779, 40.70101], [-73.87861, 40.7007], [-73.87943, 40.7004], [-73.88025, 40.70009], [-73.88107, 40.6998], [-73.88183, 40.69953], [-73.88273, 40.70055], [-73.88281, 40.70068], [-73.88343, 40.70047], [-73.88384, 40.70035], [-73.88432, 40.7002], [-73.88492, 40.7001], [-73.88584, 40.69996], [-73.88677, 40.69983], [-73.88771, 40.69968], [-73.88818, 40.69886], [-73.8881, 40.69876], [-73.88788, 40.69801], [-73.88785, 40.69784], [-73.88779, 40.69766], [-73.88771, 40.69749], [-73.88761, 40.69733], [-73.88749, 40.69717], [-73.88734, 40.69702], [-73.88718, 40.69689], [-73.887, 40.69677], [-73.88681, 40.69667], [-73.88642, 40.69646], [-73.88649, 40.69644], [-73.88865, 40.69583], [-73.88829, 40.69524], [-73.88919, 40.69494], [-73.89196, 40.69441], [-73.89245, 40.69523], [-73.89508, 40.69459], [-73.89559, 40.69398], [-73.89398, 40.69308], [-73.89358, 40.69308], [-73.89326, 40.6922], [-73.89474, 40.69264], [-73.89576, 40.69233], [-73.89696, 40.69195], [-73.89769, 40.69336], [-73.89764, 40.69341], [-73.89743, 40.69329], [-73.89691, 40.69384], [-73.89736, 40.69411], [-73.89777, 40.69404], [-73.89817, 40.69396], [-73.89857, 40.69387], [-73.89896, 40.69376], [-73.89935, 40.69365], [-73.89973, 40.69352], [-73.90003, 40.69344], [-73.89954, 40.69429], [-73.89889, 40.69539], [-73.89838, 40.69614], [-73.89756, 40.69648], [-73.89677, 40.6968], [-73.89558, 40.69713], [-73.89578, 40.69851], [-73.89485, 40.69859], [-73.895, 40.69971], [-73.8942, 40.70051], [-73.89384, 40.70086], [-73.89283, 40.70191], [-73.89194, 40.70289], [-73.89127, 40.7036], [-73.89105, 40.70382], [-73.88984, 40.70497], [-73.88912, 40.7056], [-73.88826, 40.70581], [-73.8874, 40.70602], [-73.88653, 40.70622], [-73.88555, 40.70615], [-73.88553, 40.70644], [-73.88456, 40.70636], [-73.88377, 40.70629], [-73.88267, 40.70635], [-73.88178, 40.7064], [-73.88088, 40.70645], [-73.88, 40.70649], [-73.87901, 40.70654], [-73.87814, 40.70661], [-73.87721, 40.70669], [-73.87625, 40.70674], [-73.87533, 40.7068], [-73.87482, 40.70682], [-73.87426, 40.70686], [-73.87326, 40.70692], [-73.87153, 40.70704], [-73.86911, 40.70709], [-73.8695, 40.70787], [-73.8699, 40.70851], [-73.87016, 40.70921], [-73.86662, 40.7104], [-73.86558, 40.71066], [-73.86501, 40.71078], [-73.86208, 40.7122], [-73.85979, 40.71331], [-73.85965, 40.71338], [-73.85966, 40.71329], [-73.85971, 40.7126], [-73.85976, 40.71184], [-73.85965, 40.71183], [-73.85819, 40.7116], [-73.85729, 40.71147], [-73.85668, 40.70769], [-73.85596, 40.70643]]]}}, {"type": "Feature", "properties": {"zone_id": 108, "zone": "Gravesend", "borough": "Brooklyn", "demand": 9}, "geometry": {"type": "Polygon", "coordinates": [[[-73.97148, 40.59717], [-73.97133, 40.59635], [-73.97153, 40.59637], [-73.9717, 40.59549], [-73.97177, 40.59511], [-73.9719, 40.59435], [-73.97178, 40.59376], [-73.97156, 40.59256], [-73.97142, 40.59184], [-73.97129, 40.59116], [-73.97115, 40.59044], [-73.97022, 40.59054], [-73.9693, 40.59065], [-73.96837, 40.59075], [-73.96788, 40.5908], [-73.96745, 40.59085], [-73.96652, 40.59095], [-73.96543, 40.59107], [-73.96529, 40.59109], [-73.96514, 40.5911], [-73.9653, 40.59036], [-73.96547, 40.58964], [-73.96564, 40.58889], [-73.96581, 40.58813], [-73.96598, 40.58743], [-73.96615, 40.58667], [-73.96633, 40.5859], [-73.96637, 40.58575], [-73.96644, 40.58541], [-73.9665, 40.58514], [-73.96654, 40.58496], [-73.9666, 40.58464], [-73.96662, 40.58457], [-73.96671, 40.58457], [-73.96684, 40.58457], [-73.96782, 40.58454], [-73.969, 40.58406], [-73.96985, 40.58397], [-73.97006, 40.58395], [-73.97045, 40.58389], [-73.97085, 40.58382], [-73.97175, 40.58366], [-73.97309, 40.58343], [-73.9745, 40.58315], [-73.97461, 40.58313], [-73.97468, 40.58312], [-73.97743, 40.58291], [-73.98007, 40.58332], [-73.98045, 40.58341], [-73.98175, 40.58358], [-73.98281, 40.58379], [-73.98388, 40.58398], [-73.98482, 40.58417], [-73.98493, 40.5846], [-73.98548, 40.58452], [-73.98586, 40.58453], [-73.98628, 40.58448], [-73.98672, 40.58457], [-73.98701, 40.58463], [-73.9871, 40.58464], [-73.98688, 40.58425], [-73.98684, 40.58419], [-73.9868, 40.58411], [-73.9866, 40.58376], [-73.98654, 40.58366], [-73.98662, 40.58367], [-73.98731, 40.58359], [-73.9883, 40.58347], [-73.98852, 40.58314], [-73.98875, 40.58282], [-73.98889, 40.58257], [-73.98929, 40.58196], [-73.98972, 40.58084], [-73.98996, 40.58066], [-73.99119, 40.58103], [-73.99163, 40.58108], [-73.99174, 40.5812], [-73.99168, 40.58138], [-73.99173, 40.58149], [-73.99183, 40.5815], [-73.99186, 40.58162], [-73.99183, 40.58174], [-73.9917, 40.58186], [-73.99034, 40.58422], [-73.99035, 40.58428], [-73.99036, 40.58434], [-73.99035, 40.58439], [-73.99034, 40.58445], [-73.99032, 40.58451], [-73.9903, 40.58457], [-73.99026, 40.58462], [-73.99098, 40.58435], [-73.99267, 40.58359], [-73.99273, 40.58356], [-73.99277, 40.58353], [-73.99281, 40.58349], [-73.99285, 40.58345], [-73.99289, 40.58342], [-73.99293, 40.5834], [-73.99298, 40.58338], [-73.99303, 40.58337], [-73.99305, 40.58336], [-73.99307, 40.58335], [-73.99309, 40.58334], [-73.9931, 40.58332], [-73.99311, 40.58331], [-73.99312, 40.58329], [-73.99315, 40.58327], [-73.99318, 40.58326], [-73.99322, 40.58325], [-73.99325, 40.58324], [-73.9934, 40.58315], [-73.99355, 40.58306], [-73.9937, 40.58298], [-73.99386, 40.5829], [-73.99403, 40.58283], [-73.99419, 40.58277], [-73.99436, 40.58271], [-73.99454, 40.58265], [-73.99459, 40.58265], [-73.99464, 40.58264], [-73.99469, 40.58262], [-73.99473, 40.5826], [-73.99477, 40.58257], [-73.9948, 40.58254], [-73.99483, 40.58251], [-73.99486, 40.58249], [-73.99491, 40.58247], [-73.99495, 40.58246], [-73.995, 40.58245], [-73.99505, 40.58245], [-73.9951, 40.58244], [-73.99515, 40.58242], [-73.9952, 40.5824], [-73.99524, 40.58237], [-73.99527, 40.58234], [-73.99529, 40.58231], [-73.99531, 40.58229], [-73.99533, 40.58226], [-73.99536, 40.58224], [-73.9954, 40.58223], [-73.99543, 40.58222], [-73.99547, 40.58221], [-73.99551, 40.58221], [-73.99555, 40.58221], [-73.99559, 40.58222], [-73.9959, 40.58216], [-73.99606, 40.58213], [-73.99622, 40.5822], [-73.99673, 40.58225], [-73.9974, 40.58243], [-73.99781, 40.58261], [-74.00018, 40.58307], [-74.00031, 40.58318], [-74.00042, 40.58355], [-74.00044, 40.58405], [-74.00036, 40.58419], [-74.00025, 40.58426], [-74.0001, 40.58438], [-73.99998, 40.58443], [-73.99986, 40.58454], [-73.99974, 40.58458], [-73.99963, 40.58463], [-73.99953, 40.5847], [-73.99946, 40.58475], [-73.99934, 40.58486], [-73.99915, 40.58494], [-73.99898, 40.58502], [-73.99879, 40.58515], [-73.9986, 40.58523], [-73.99846, 40.58529], [-73.99826, 40.58531], [-73.99809, 40.58536], [-73.99809, 40.58547], [-73.99829, 40.58548], [-73.99867, 40.58551], [-73.99929, 40.58555], [-73.99947, 40.58569], [-73.99971, 40.58569], [-73.9997, 40.58575], [-73.99953, 40.58576], [-73.99963, 40.58607], [-73.99957, 40.58624], [-73.99936, 40.58638], [-73.99897, 40.58643], [-73.99878, 40.58648], [-73.99864, 40.58649], [-73.99828, 40.58651], [-73.99822, 40.58651], [-73.99815, 40.58653], [-73.99624, 40.58742], [-73.99417, 40.58838], [-73.99424, 40.58844], [-73.9956, 40.58784], [-73.99566, 40.58794], [-73.99408, 40.58869], [-73.99422, 40.58887], [-73.99498, 40.58851], [-73.99533, 40.58833], [-73.99535, 40.58834], [-73.99548, 40.58829], [-73.99549, 40.5883], [-73.99555, 40.58826], [-73.99556, 40.58828], [-73.99513, 40.58848], [-73.99516, 40.58851], [-73.99506, 40.58856], [-73.9951, 40.58859], [-73.99552, 40.58839], [-73.99553, 40.5884], [-73.99778, 40.58735], [-73.99796, 40.58727], [-73.99796, 40.58728], [-73.99798, 40.58731], [-73.99555, 40.58842], [-73.99555, 40.58843], [-73.99516, 40.58863], [-73.99488, 40.58877], [-73.9949, 40.5888], [-73.99535, 40.58933], [-74.00011, 40.58695], [-74.0001, 40.58659], [-74.00011, 40.58656], [-74.00017, 40.5865], [-74.00024, 40.58647], [-74.00032, 40.58645], [-74.00037, 40.58647], [-74.00043, 40.58654], [-74.00043, 40.58669], [-74.00047, 40.58694], [-74.00049, 40.58704], [-74.00038, 40.58713], [-73.99788, 40.58834], [-73.99793, 40.5884], [-73.99802, 40.58843], [-73.99376, 40.59033], [-73.99331, 40.58958], [-73.99298, 40.58973], [-73.99292, 40.58976], [-73.99286, 40.58978], [-73.99256, 40.58992], [-73.99161, 40.59036], [-73.99154, 40.59039], [-73.99147, 40.59045], [-73.99066, 40.59117], [-73.99036, 40.59143], [-73.98962, 40.59098], [-73.98799, 40.59255], [-73.98602, 40.59445], [-73.98468, 40.59366], [-73.98464, 40.59355], [-73.98413, 40.59361], [-73.98407, 40.59362], [-73.98367, 40.59366], [-73.98355, 40.59368], [-73.98344, 40.59369], [-73.98303, 40.59373], [-73.98273, 40.59376], [-73.98179, 40.59387], [-73.98108, 40.59395], [-73.98071, 40.594], [-73.97995, 40.59407], [-73.98014, 40.59507], [-73.98036, 40.59619], [-73.97943, 40.5963], [-73.97891, 40.59635], [-73.9785, 40.59639], [-73.97751, 40.59651], [-73.97651, 40.59662], [-73.97559, 40.59672], [-73.97504, 40.59678], [-73.97493, 40.59679], [-73.97408, 40.59688], [-73.97324, 40.59698], [-73.97148, 40.59717]]]}}, {"type": "Feature", "properties": {"zone_id": 115, "zone": "Grymes Hill/Clifton", "borough": "Staten Island", "demand": 3}, "geometry": {"type": "Polygon", "coordinates": [[[-74.0807, 40.62754], [-74.08076, 40.62745], [-74.08084, 40.62738], [-74.081, 40.62734], [-74.08165, 40.62735], [-74.08183, 40.6274], [-74.08202, 40.62743], [-74.08222, 40.62745], [-74.08242, 40.62745], [-74.08262, 40.62743], [-74.08281, 40.6274], [-74.08299, 40.62735], [-74.08306, 40.62731], [-74.08326, 40.62719], [-74.08345, 40.62706], [-74.08362, 40.62692], [-74.08378, 40.62677], [-74.08392, 40.62661], [-74.08405, 40.62644], [-74.08415, 40.62627], [-74.08496, 40.62463], [-74.08525, 40.6228], [-74.08537, 40.62221], [-74.08549, 40.62165], [-74.08559, 40.62119], [-74.08561, 40.62114], [-74.08581, 40.62038], [-74.0859, 40.61991], [-74.08601, 40.61909], [-74.08604, 40.61882], [-74.08608, 40.61852], [-74.08627, 40.61783], [-74.08657, 40.61717], [-74.08699, 40.61653], [-74.08741, 40.61593], [-74.08769, 40.61553], [-74.08783, 40.61532], [-74.08785, 40.61524], [-74.08785, 40.61524], [-74.08785, 40.61524], [-74.08785, 40.61516], [-74.08785, 40.61516], [-74.08785, 40.61516], [-74.08782, 40.61509], [-74.08782, 40.61509], [-74.08782, 40.61509], [-74.08778, 40.61502], [-74.08778, 40.61502], [-74.08778, 40.61502], [-74.08772, 40.61496], [-74.08762, 40.61483], [-74.08754, 40.6147], [-74.08747, 40.61456], [-74.08743, 40.61442], [-74.08721, 40.61331], [-74.08693, 40.6135], [-74.08628, 40.61398], [-74.08618, 40.61406], [-74.08546, 40.61458], [-74.08476, 40.6151], [-74.08465, 40.6152], [-74.08405, 40.61563], [-74.08379, 40.61581], [-74.08331, 40.61616], [-74.08323, 40.61622], [-74.08274, 40.61658], [-74.08174, 40.61731], [-74.0811, 40.61779], [-74.08, 40.61855], [-74.07939, 40.61889], [-74.07805, 40.61959], [-74.07769, 40.61978], [-74.07696, 40.62016], [-74.07627, 40.62052], [-74.07592, 40.6207], [-74.07558, 40.62088], [-74.07462, 40.62138], [-74.0745, 40.62144], [-74.07381, 40.6218], [-74.07254, 40.62246], [-74.07206, 40.62186], [-74.07175, 40.62146], [-74.07134, 40.62093], [-74.07127, 40.62084], [-74.07117, 40.6207], [-74.07114, 40.62055], [-74.07113, 40.62036], [-74.07115, 40.62017], [-74.07116, 40.62012], [-74.07118, 40.61998], [-74.07124, 40.61979], [-74.07126, 40.61973], [-74.07131, 40.61961], [-74.07141, 40.61943], [-74.07152, 40.61926], [-74.07165, 40.6191], [-74.07183, 40.6189], [-74.07198, 40.61876], [-74.07204, 40.61871], [-74.07226, 40.61852], [-74.0725, 40.61835], [-74.07255, 40.61832], [-74.07275, 40.61819], [-74.07302, 40.61805], [-74.07329, 40.61792], [-74.07353, 40.61778], [-74.07376, 40.61763], [-74.07398, 40.61747], [-74.07418, 40.6173], [-74.07437, 40.61713], [-74.07455, 40.61694], [-74.07503, 40.61638], [-74.07528, 40.61598], [-74.07538, 40.61581], [-74.0762, 40.61442], [-74.07661, 40.61373], [-74.07681, 40.6134], [-74.07722, 40.61271], [-74.07756, 40.61214], [-74.07784, 40.61166], [-74.07842, 40.6107], [-74.07915, 40.60949], [-74.07939, 40.60908], [-74.07962, 40.60876], [-74.07986, 40.60845], [-74.08011, 40.60814], [-74.0807, 40.60739], [-74.0813, 40.60662], [-74.08137, 40.60653], [-74.08148, 40.60638], [-74.08155, 40.60629], [-74.08281, 40.60641], [-74.08342, 40.60652], [-74.08355, 40.60655], [-74.08407, 40.60668], [-74.0849, 40.60689], [-74.08543, 40.60702], [-74.08636, 40.6074], [-74.08716, 40.60773], [-74.08796, 40.60805], [-74.08875, 40.60837], [-74.08949, 40.60869], [-74.09046, 40.60909], [-74.09082, 40.60924], [-74.09306, 40.61012], [-74.09411, 40.61041], [-74.09446, 40.61049], [-74.09483, 40.61055], [-74.09519, 40.61059], [-74.09556, 40.61062], [-74.09593, 40.61064], [-74.09722, 40.61063], [-74.0973, 40.61063], [-74.09777, 40.61062], [-74.09788, 40.61073], [-74.0981, 40.61096], [-74.09847, 40.61135], [-74.09862, 40.61152], [-74.09935, 40.61242], [-74.09988, 40.61292], [-74.10055, 40.61346], [-74.10068, 40.61355], [-74.10128, 40.61399], [-74.10209, 40.6146], [-74.10257, 40.61519], [-74.10303, 40.61578], [-74.10351, 40.61642], [-74.10255, 40.61685], [-74.1019, 40.61745], [-74.10135, 40.61802], [-74.10105, 40.61837], [-74.10073, 40.61871], [-74.1004, 40.61904], [-74.10004, 40.61936], [-74.09968, 40.61967], [-74.09814, 40.62091], [-74.09752, 40.62142], [-74.0964, 40.62233], [-74.09534, 40.6232], [-74.09395, 40.62433], [-74.09224, 40.62574], [-74.09158, 40.62655], [-74.08942, 40.62981], [-74.08934, 40.62992], [-74.08925, 40.63003], [-74.08915, 40.63012], [-74.08903, 40.63021], [-74.0889, 40.63029], [-74.08871, 40.63043], [-74.08852, 40.63058], [-74.08836, 40.63073], [-74.08821, 40.6309], [-74.08808, 40.63108], [-74.08762, 40.63165], [-74.08714, 40.63224], [-74.08575, 40.63396], [-74.0852, 40.63376], [-74.08491, 40.63364], [-74.08344, 40.63228], [-74.0826, 40.63146], [-74.08201, 40.63089], [-74.08141, 40.6303], [-74.08173, 40.63001], [-74.08076, 40.62949], [-74.07972, 40.62895], [-74.08038, 40.62826], [-74.08045, 40.62818], [-74.08052, 40.6281], [-74.08056, 40.62801], [-74.0806, 40.62792], [-74.08061, 40.62782], [-74.08062, 40.62772], [-74.08065, 40.62763], [-74.0807, 40.62754]]]}}, {"type": "Feature", "properties": {"zone_id": 117, "zone": "Hammels/Arverne", "borough": "Queens", "demand": 5}, "geometry": {"type": "Polygon", "coordinates": [[[-73.77636, 40.60966], [-73.77627, 40.60965], [-73.77614, 40.60966], [-73.77595, 40.60968], [-73.77584, 40.60969], [-73.77548, 40.60974], [-73.77546, 40.60974], [-73.77544, 40.60974], [-73.7754, 40.60974], [-73.77535, 40.60974], [-73.77526, 40.60972], [-73.77522, 40.6097], [-73.77515, 40.60967], [-73.77505, 40.60961], [-73.77492, 40.60952], [-73.7748, 40.60942], [-73.77474, 40.60936], [-73.77465, 40.60929], [-73.77453, 40.60919], [-73.77441, 40.60908], [-73.77427, 40.60895], [-73.77422, 40.60889], [-73.7742, 40.60886], [-73.77417, 40.60881], [-73.77413, 40.60875], [-73.77413, 40.60871], [-73.77413, 40.6087], [-73.77417, 40.60865], [-73.77422, 40.6086], [-73.77427, 40.60856], [-73.77433, 40.60852], [-73.77443, 40.60846], [-73.77446, 40.60845], [-73.77449, 40.60843], [-73.77451, 40.60843], [-73.77454, 40.60843], [-73.77456, 40.60844], [-73.77459, 40.60844], [-73.77462, 40.60845], [-73.77464, 40.60845], [-73.77466, 40.60845], [-73.77468, 40.60845], [-73.77477, 40.60842], [-73.7748, 40.60841], [-73.7748, 40.60841], [-73.77481, 40.6084], [-73.77481, 40.6084], [-73.77481, 40.60839], [-73.77481, 40.60838], [-73.7748, 40.60837], [-73.77475, 40.60827], [-73.77471, 40.60818], [-73.7747, 40.60817], [-73.77468, 40.60815], [-73.77466, 40.60814], [-73.7744, 40.60794], [-73.77438, 40.60792], [-73.77435, 40.6079], [-73.77433, 40.60788], [-73.77431, 40.60786], [-73.77429, 40.60784], [-73.77428, 40.60782], [-73.77426, 40.60778], [-73.77425, 40.60775], [-73.77423, 40.6077], [-73.77422, 40.60764], [-73.77422, 40.60762], [-73.77422, 40.60758], [-73.77423, 40.60756], [-73.77425, 40.60753], [-73.77426, 40.60752], [-73.77428, 40.60749], [-73.7743, 40.60747], [-73.77433, 40.60746], [-73.77435, 40.60744], [-73.77438, 40.60743], [-73.77441, 40.60742], [-73.77444, 40.60742], [-73.77446, 40.60742], [-73.77448, 40.60741], [-73.7745, 40.60741], [-73.77455, 40.60741], [-73.77457, 40.60741], [-73.77459, 40.60742], [-73.7746, 40.60742], [-73.77462, 40.60742], [-73.77463, 40.60743], [-73.77464, 40.60744], [-73.77464, 40.60744], [-73.77464, 40.60745], [-73.77464, 40.60747], [-73.77464, 40.60748], [-73.77463, 40.60754], [-73.77465, 40.6076], [-73.77467, 40.60765], [-73.77471, 40.60772], [-73.77473, 40.60775], [-73.77475, 40.60776], [-73.77476, 40.60779], [-73.77479, 40.6078], [-73.77481, 40.60782], [-73.77482, 40.60784], [-73.77483, 40.60786], [-73.77483, 40.60788], [-73.77483, 40.60789], [-73.77483, 40.60792], [-73.77484, 40.60799], [-73.77484, 40.60802], [-73.77485, 40.60802], [-73.77489, 40.60808], [-73.77494, 40.60816], [-73.77497, 40.60821], [-73.77499, 40.60823], [-73.77505, 40.60829], [-73.77506, 40.6083], [-73.77507, 40.60831], [-73.77524, 40.60855], [-73.77526, 40.60858], [-73.77527, 40.60859], [-73.77529, 40.6086], [-73.77532, 40.60863], [-73.77537, 40.60867], [-73.77545, 40.60874], [-73.7755, 40.60878], [-73.77552, 40.6088], [-73.77554, 40.60881], [-73.77554, 40.60882], [-73.77555, 40.60883], [-73.77556, 40.60888], [-73.77557, 40.6089], [-73.77559, 40.60894], [-73.7756, 40.60896], [-73.77562, 40.60897], [-73.77566, 40.60899], [-73.77567, 40.609], [-73.77574, 40.60906], [-73.77583, 40.60914], [-73.77585, 40.60915], [-73.77587, 40.60918], [-73.7759, 40.6092], [-73.77592, 40.60921], [-73.77595, 40.60922], [-73.77596, 40.60922], [-73.77596, 40.60922], [-73.77596, 40.60922], [-73.77597, 40.60922], [-73.77598, 40.60922], [-73.77598, 40.60922], [-73.77599, 40.60921], [-73.776, 40.60921], [-73.776, 40.6092], [-73.776, 40.6092], [-73.77601, 40.60919], [-73.77601, 40.60919], [-73.77601, 40.60919], [-73.77601, 40.60919], [-73.77601, 40.60918], [-73.77601, 40.60918], [-73.77601, 40.60918], [-73.77601, 40.60918], [-73.77597, 40.60914], [-73.77593, 40.60911], [-73.77579, 40.60898], [-73.77573, 40.60892], [-73.77571, 40.6089], [-73.77569, 40.60888], [-73.77562, 40.60879], [-73.7756, 40.60876], [-73.77557, 40.60873], [-73.77554, 40.60869], [-73.7755, 40.60866], [-73.77538, 40.60855], [-73.77534, 40.60852], [-73.77531, 40.60849], [-73.77513, 40.60826], [-73.77507, 40.60819], [-73.77505, 40.60817], [-73.775, 40.60813], [-73.77497, 40.6081], [-73.77495, 40.60806], [-73.77493, 40.60804], [-73.77493, 40.60803], [-73.77493, 40.608], [-73.77493, 40.60794], [-73.77493, 40.60792], [-73.77493, 40.60791], [-73.77491, 40.60785], [-73.7749, 40.60783], [-73.77489, 40.60782], [-73.77487, 40.60779], [-73.77483, 40.60775], [-73.77481, 40.60772], [-73.77476, 40.60766], [-73.77475, 40.60763], [-73.77474, 40.60761], [-73.77473, 40.60758], [-73.77473, 40.60755], [-73.77473, 40.60753], [-73.77473, 40.60751], [-73.77474, 40.60748], [-73.77474, 40.60746], [-73.77473, 40.60745], [-73.77473, 40.60744], [-73.77472, 40.60742], [-73.7747, 40.6074], [-73.77469, 40.60739], [-73.77468, 40.60738], [-73.77464, 40.60735], [-73.77462, 40.60734], [-73.77459, 40.6073], [-73.77455, 40.60712], [-73.77458, 40.60693], [-73.77463, 40.60681], [-73.77463, 40.60678], [-73.77463, 40.60674], [-73.7746, 40.6066], [-73.77458, 40.60653], [-73.7746, 40.60648], [-73.77469, 40.60638], [-73.77472, 40.60633], [-73.77474, 40.60627], [-73.77475, 40.60623], [-73.77476, 40.60617], [-73.77478, 40.60612], [-73.77481, 40.60603], [-73.77483, 40.60598], [-73.77483, 40.60596], [-73.77483, 40.60589], [-73.77484, 40.60585], [-73.77485, 40.60583], [-73.77488, 40.60577], [-73.77489, 40.60574], [-73.7749, 40.60572], [-73.7749, 40.6057], [-73.77491, 40.60566], [-73.77491, 40.60563], [-73.77491, 40.6056], [-73.77491, 40.60557], [-73.77489, 40.6055], [-73.77488, 40.6054], [-73.77488, 40.60533], [-73.77488, 40.60529], [-73.77489, 40.60526], [-73.7749, 40.60522], [-73.77491, 40.60519], [-73.77496, 40.60508], [-73.77516, 40.60463], [-73.77517, 40.6046], [-73.77518, 40.60456], [-73.77519, 40.60452], [-73.77519, 40.6045], [-73.77518, 40.60445], [-73.77517, 40.60442], [-73.77515, 40.6044], [-73.77513, 40.6044], [-73.77511, 40.60439], [-73.77508, 40.60439], [-73.77505, 40.60439], [-73.77502, 40.6044], [-73.77493, 40.60442], [-73.77489, 40.60442], [-73.77483, 40.60442], [-73.77479, 40.60442], [-73.77475, 40.60441], [-73.77472, 40.6044], [-73.7747, 40.60438], [-73.77469, 40.60437], [-73.77469, 40.60436], [-73.77469, 40.60432], [-73.77469, 40.60431], [-73.77471, 40.60428], [-73.77473, 40.60424], [-73.77477, 40.6042], [-73.77482, 40.60416], [-73.77488, 40.60413], [-73.77491, 40.60411], [-73.77497, 40.6041], [-73.775, 40.6041], [-73.77503, 40.6041], [-73.77507, 40.6041], [-73.7751, 40.6041], [-73.77513, 40.6041], [-73.77516, 40.60411], [-73.77519, 40.60412], [-73.77526, 40.60415], [-73.77528, 40.60416], [-73.7753, 40.60417], [-73.77533, 40.60417], [-73.77536, 40.60416], [-73.77538, 40.60416], [-73.77541, 40.60413], [-73.77544, 40.6041], [-73.77546, 40.60407], [-73.77549, 40.60404], [-73.77556, 40.60393], [-73.77559, 40.60388], [-73.77567, 40.60373], [-73.7757, 40.60368], [-73.77578, 40.60358], [-73.77586, 40.6035], [-73.77588, 40.60347], [-73.7759, 40.60344], [-73.77591, 40.60341], [-73.77591, 40.60338], [-73.77592, 40.60331], [-73.77593, 40.60327], [-73.77595, 40.60323], [-73.77599, 40.60315], [-73.776, 40.60312], [-73.77602, 40.60309], [-73.77602, 40.60306], [-73.77603, 40.60303], [-73.77603, 40.60293], [-73.77605, 40.60275], [-73.77605, 40.60274], [-73.77603, 40.60273], [-73.776, 40.60273], [-73.77595, 40.60274], [-73.77591, 40.60276], [-73.77587, 40.60278], [-73.77585, 40.60279], [-73.77583, 40.6028], [-73.77582, 40.60283], [-73.77581, 40.60284], [-73.7758, 40.60287], [-73.77578, 40.60295], [-73.77577, 40.60298], [-73.77576, 40.603], [-73.77573, 40.60303], [-73.77569, 40.60304], [-73.77566, 40.60305], [-73.77563, 40.60305], [-73.77562, 40.60305], [-73.77561, 40.60305], [-73.7756, 40.60304], [-73.77559, 40.60304], [-73.77558, 40.60304], [-73.77558, 40.60303], [-73.77558, 40.60303], [-73.77558, 40.60302], [-73.77558, 40.60299], [-73.7756, 40.60294], [-73.77561, 40.60291], [-73.77565, 40.60286], [-73.77569, 40.60281], [-73.77573, 40.60278], [-73.77578, 40.60275], [-73.77587, 40.60267], [-73.7759, 40.60264], [-73.77594, 40.60261], [-73.77598, 40.60257], [-73.77601, 40.60254], [-73.77602, 40.60254], [-73.77604, 40.60252], [-73.77606, 40.60251], [-73.77608, 40.6025], [-73.77611, 40.60249], [-73.77613, 40.60249], [-73.77616, 40.60249], [-73.77617, 40.60249], [-73.77619, 40.60249], [-73.77621, 40.60249], [-73.77623, 40.60249], [-73.77623, 40.6025], [-73.77624, 40.6025], [-73.77626, 40.60251], [-73.77628, 40.60252], [-73.7763, 40.60252], [-73.77633, 40.60252], [-73.77635, 40.60252], [-73.77638, 40.60252], [-73.7764, 40.60251], [-73.77642, 40.6025], [-73.77643, 40.60249], [-73.77645, 40.60247], [-73.77648, 40.60245], [-73.77652, 40.60241], [-73.77656, 40.60236], [-73.77658, 40.60232], [-73.77661, 40.60226], [-73.77663, 40.60221], [-73.77662, 40.6022], [-73.77661, 40.6022], [-73.7766, 40.60219], [-73.77659, 40.60219], [-73.77658, 40.60219], [-73.77657, 40.60219], [-73.77657, 40.60219], [-73.77657, 40.6022], [-73.77656, 40.6022], [-73.77656, 40.60221], [-73.77655, 40.60221], [-73.77655, 40.60221], [-73.77654, 40.60221], [-73.77653, 40.60221], [-73.77653, 40.60221], [-73.77652, 40.60221], [-73.77651, 40.60221], [-73.77651, 40.60221], [-73.7765, 40.60221], [-73.7765, 40.6022], [-73.77649, 40.6022], [-73.77649, 40.60219], [-73.77649, 40.60219], [-73.77649, 40.60218], [-73.77649, 40.60218], [-73.77649, 40.60217], [-73.7765, 40.60216], [-73.77651, 40.60215], [-73.77653, 40.60214], [-73.77655, 40.60213], [-73.77656, 40.60212], [-73.77661, 40.60209], [-73.77664, 40.60207], [-73.77665, 40.60205], [-73.77667, 40.60204], [-73.77671, 40.60201], [-73.77673, 40.60199], [-73.77676, 40.60196], [-73.77679, 40.60192], [-73.77685, 40.60184], [-73.77688, 40.60181], [-73.77692, 40.60176], [-73.77696, 40.60172], [-73.777, 40.60169], [-73.77703, 40.60167], [-73.77734, 40.60147], [-73.77737, 40.60145], [-73.7774, 40.60142], [-73.77743, 40.60139], [-73.77745, 40.60136], [-73.77746, 40.60134], [-73.77748, 40.60132], [-73.77749, 40.60131], [-73.77751, 40.60129], [-73.77754, 40.60127], [-73.77757, 40.60126], [-73.7776, 40.60125], [-73.77762, 40.60124], [-73.77764, 40.60123], [-73.77765, 40.60121], [-73.77766, 40.60119], [-73.77766, 40.60115], [-73.77767, 40.60111], [-73.77769, 40.60108], [-73.77771, 40.60106], [-73.77772, 40.60104], [-73.77776, 40.601], [-73.7778, 40.60097], [-73.77785, 40.60093], [-73.77791, 40.6009], [-73.77797, 40.60086], [-73.77803, 40.60083], [-73.77804, 40.60082], [-73.77805, 40.60081], [-73.77807, 40.6008], [-73.77808, 40.6008], [-73.7781, 40.6008], [-73.77812, 40.60079], [-73.77813, 40.6008], [-73.77815, 40.6008], [-73.77817, 40.6008], [-73.77836, 40.60084], [-73.77836, 40.60084], [-73.77836, 40.60084], [-73.77837, 40.60084], [-73.77837, 40.60084], [-73.77837, 40.60084], [-73.77837, 40.60084], [-73.77837, 40.60083], [-73.77837, 40.60083], [-73.77837, 40.60083], [-73.77837, 40.60083], [-73.77837, 40.60083], [-73.77837, 40.60082], [-73.77837, 40.60082], [-73.77836, 40.60082], [-73.77836, 40.60082], [-73.77815, 40.60075], [-73.77813, 40.60075], [-73.77812, 40.60074], [-73.7781, 40.60073], [-73.77809, 40.60071], [-73.77808, 40.6007], [-73.77808, 40.60068], [-73.77808, 40.60065], [-73.77808, 40.60058], [-73.77808, 40.60053], [-73.77808, 40.60051], [-73.77809, 40.60048], [-73.77812, 40.60044], [-73.77814, 40.60042], [-73.77816, 40.6004], [-73.77818, 40.60038], [-73.77821, 40.60037], [-73.77822, 40.60037], [-73.77823, 40.60036], [-73.77826, 40.60036], [-73.7783, 40.60036], [-73.77835, 40.60036], [-73.77837, 40.60037], [-73.77839, 40.60038], [-73.77847, 40.60041], [-73.77851, 40.60042], [-73.77872, 40.60047], [-73.77887, 40.6005], [-73.77899, 40.60052], [-73.77911, 40.60054], [-73.77913, 40.60054], [-73.77919, 40.60055], [-73.77925, 40.60055], [-73.77931, 40.60057], [-73.77937, 40.60058], [-73.77942, 40.6006], [-73.77946, 40.60061], [-73.77952, 40.60063], [-73.77959, 40.60065], [-73.77969, 40.60068], [-73.77983, 40.60073], [-73.77987, 40.60074], [-73.7799, 40.60074], [-73.77993, 40.60075], [-73.77997, 40.60075], [-73.78, 40.60075], [-73.78007, 40.60074], [-73.78011, 40.60073], [-73.78017, 40.6007], [-73.78026, 40.60065], [-73.78032, 40.60061], [-73.78042, 40.60051], [-73.78062, 40.60031], [-73.78069, 40.60022], [-73.78072, 40.60017], [-73.78074, 40.60011], [-73.78073, 40.60005], [-73.78076, 40.6], [-73.78081, 40.59995], [-73.78087, 40.59992], [-73.78101, 40.59986], [-73.7811, 40.59982], [-73.78117, 40.59977], [-73.78121, 40.59972], [-73.78132, 40.59963], [-73.78137, 40.59959], [-73.78143, 40.59955], [-73.78148, 40.59949], [-73.78152, 40.59941], [-73.78154, 40.59935], [-73.78157, 40.59932], [-73.78159, 40.5993], [-73.78161, 40.59928], [-73.78164, 40.59926], [-73.78166, 40.59926], [-73.78166, 40.59926], [-73.78172, 40.59924], [-73.78177, 40.59921], [-73.78182, 40.59918], [-73.78187, 40.59915], [-73.78191, 40.59911], [-73.78194, 40.59907], [-73.78197, 40.59903], [-73.78199, 40.59898], [-73.782, 40.59894], [-73.78201, 40.59891], [-73.78201, 40.59886], [-73.78201, 40.59882], [-73.78199, 40.59868], [-73.78194, 40.59853], [-73.78191, 40.59847], [-73.78189, 40.59844], [-73.78188, 40.5984], [-73.78186, 40.59837], [-73.78183, 40.59834], [-73.78181, 40.59832], [-73.78178, 40.5983], [-73.78159, 40.59813], [-73.78152, 40.59804], [-73.7815, 40.59802], [-73.78145, 40.59799], [-73.78144, 40.59799], [-73.78142, 40.598], [-73.78141, 40.598], [-73.78139, 40.59799], [-73.78138, 40.59798], [-73.78136, 40.59797], [-73.78134, 40.59791], [-73.78134, 40.59778], [-73.78133, 40.59775], [-73.78111, 40.5976], [-73.78093, 40.59749], [-73.78062, 40.59733], [-73.7806, 40.59731], [-73.78057, 40.5973], [-73.78055, 40.5973], [-73.78052, 40.59729], [-73.7805, 40.5973], [-73.78048, 40.5973], [-73.78045, 40.5973], [-73.78042, 40.59729], [-73.78039, 40.59728], [-73.78037, 40.59727], [-73.78024, 40.59723], [-73.78018, 40.59721], [-73.78017, 40.5972], [-73.78015, 40.59718], [-73.78015, 40.59716], [-73.78014, 40.59715], [-73.78015, 40.59706], [-73.78016, 40.59699], [-73.78017, 40.59693], [-73.78017, 40.59691], [-73.78017, 40.5969], [-73.78016, 40.59688], [-73.78016, 40.59688], [-73.78015, 40.59688], [-73.7801, 40.59688], [-73.78009, 40.59688], [-73.78008, 40.59687], [-73.78007, 40.59686], [-73.78006, 40.59686], [-73.78005, 40.59687], [-73.78004, 40.59688], [-73.78004, 40.59689], [-73.78004, 40.59694], [-73.78003, 40.59699], [-73.78, 40.59704], [-73.77997, 40.59709], [-73.77994, 40.59713], [-73.77989, 40.59717], [-73.77988, 40.59718], [-73.77981, 40.59724], [-73.7798, 40.59725], [-73.77975, 40.59728], [-73.77973, 40.59729], [-73.77972, 40.59734], [-73.77972, 40.59735], [-73.77968, 40.59737], [-73.77959, 40.59741], [-73.77955, 40.59743], [-73.77944, 40.59748], [-73.77937, 40.59752], [-73.77932, 40.59754], [-73.77916, 40.5976], [-73.77907, 40.59764], [-73.77904, 40.59765], [-73.77902, 40.59766], [-73.77901, 40.59767], [-73.779, 40.59769], [-73.77898, 40.59772], [-73.77898, 40.59773], [-73.77898, 40.59774], [-73.77899, 40.59775], [-73.77899, 40.59776], [-73.779, 40.59776], [-73.779, 40.59777], [-73.779, 40.59777], [-73.779, 40.59777], [-73.779, 40.59777], [-73.779, 40.59778], [-73.779, 40.59778], [-73.779, 40.59778], [-73.779, 40.59778], [-73.779, 40.59778], [-73.77899, 40.59779], [-73.77877, 40.59796], [-73.77876, 40.59797], [-73.77876, 40.59797], [-73.77876, 40.59797], [-73.77875, 40.59797], [-73.77875, 40.59796], [-73.77874, 40.59796], [-73.77874, 40.59796], [-73.77873, 40.59795], [-73.77871, 40.59795], [-73.77869, 40.59796], [-73.77864, 40.59797], [-73.77862, 40.59798], [-73.7786, 40.59798], [-73.77859, 40.59799], [-73.77858, 40.598], [-73.77856, 40.59802], [-73.77855, 40.59803], [-73.77854, 40.59806], [-73.77853, 40.59807], [-73.77853, 40.59807], [-73.77851, 40.59809], [-73.77849, 40.5981], [-73.77847, 40.59811], [-73.77844, 40.59812], [-73.77841, 40.59813], [-73.77834, 40.59814], [-73.77832, 40.59815], [-73.77829, 40.59816], [-73.77827, 40.59816], [-73.77825, 40.59817], [-73.77823, 40.59818], [-73.77821, 40.5982], [-73.77819, 40.59821], [-73.77817, 40.59823], [-73.77816, 40.59825], [-73.77815, 40.59826], [-73.77811, 40.59831], [-73.77809, 40.59833], [-73.77808, 40.59835], [-73.77806, 40.59836], [-73.77805, 40.59837], [-73.77804, 40.59838], [-73.77802, 40.59839], [-73.77796, 40.59841], [-73.77794, 40.59841], [-73.77786, 40.59845], [-73.77784, 40.59846], [-73.77781, 40.59848], [-73.77781, 40.59848], [-73.77773, 40.59857], [-73.77768, 40.59861], [-73.77762, 40.59866], [-73.77752, 40.59872], [-73.77747, 40.59876], [-73.77742, 40.59881], [-73.7774, 40.59884], [-73.77739, 40.59887], [-73.77737, 40.59891], [-73.77737, 40.59893], [-73.77737, 40.59893], [-73.77735, 40.59916], [-73.77732, 40.59925], [-73.77731, 40.59927], [-73.7773, 40.59935], [-73.7773, 40.59938], [-73.7772, 40.59958], [-73.77719, 40.59959], [-73.77715, 40.59964], [-73.77713, 40.59965], [-73.77706, 40.59969], [-73.77704, 40.59972], [-73.77702, 40.59974], [-73.77699, 40.59979], [-73.77695, 40.59988], [-73.77695, 40.59988], [-73.77693, 40.59991], [-73.77678, 40.60016], [-73.7766, 40.60049], [-73.77655, 40.60057], [-73.7765, 40.60064], [-73.77632, 40.60092], [-73.77632, 40.60094], [-73.77631, 40.60098], [-73.77629, 40.60103], [-73.77627, 40.60106], [-73.77625, 40.60108], [-73.77623, 40.60108], [-73.77619, 40.60109], [-73.77617, 40.6011], [-73.77617, 40.6011], [-73.77616, 40.60112], [-73.77616, 40.60112], [-73.77616, 40.60115], [-73.77615, 40.60116], [-73.7761, 40.60121], [-73.77607, 40.60124], [-73.77603, 40.60128], [-73.77601, 40.60131], [-73.776, 40.60132], [-73.776, 40.60133], [-73.77601, 40.60135], [-73.77601, 40.60137], [-73.77601, 40.60138], [-73.776, 40.60139], [-73.77598, 40.60141], [-73.77596, 40.60142], [-73.77594, 40.60144], [-73.77591, 40.60146], [-73.77581, 40.60151], [-73.77575, 40.60156], [-73.77568, 40.60161], [-73.7756, 40.60165], [-73.77556, 40.60166], [-73.77552, 40.60166], [-73.77545, 40.60165], [-73.77541, 40.60165], [-73.77539, 40.60165], [-73.77536, 40.60166], [-73.77529, 40.60168], [-73.77527, 40.60169], [-73.77525, 40.6017], [-73.77523, 40.6017], [-73.77511, 40.60172], [-73.77498, 40.60175], [-73.77497, 40.60174], [-73.77497, 40.60171], [-73.77495, 40.60168], [-73.77493, 40.60165], [-73.7749, 40.60162], [-73.77487, 40.60159], [-73.77486, 40.60157], [-73.77485, 40.60155], [-73.77485, 40.60154], [-73.77485, 40.60152], [-73.77486, 40.6015], [-73.77488, 40.60146], [-73.77489, 40.60142], [-73.77489, 40.60138], [-73.77489, 40.60134], [-73.77487, 40.60131], [-73.77486, 40.60127], [-73.77483, 40.60123], [-73.77482, 40.60122], [-73.77478, 40.60118], [-73.77476, 40.60114], [-73.77473, 40.60109], [-73.77471, 40.60104], [-73.77471, 40.60103], [-73.77471, 40.60103], [-73.77471, 40.60102], [-73.77471, 40.60102], [-73.77472, 40.60101], [-73.77473, 40.60099], [-73.77473, 40.60098], [-73.77474, 40.60096], [-73.77462, 40.60097], [-73.77462, 40.601], [-73.7746, 40.601], [-73.7746, 40.60098], [-73.77448, 40.60099], [-73.77448, 40.60097], [-73.77453, 40.60097], [-73.77452, 40.60095], [-73.7746, 40.60095], [-73.7746, 40.60093], [-73.77462, 40.60093], [-73.77462, 40.60096], [-73.77475, 40.60095], [-73.77476, 40.60091], [-73.77476, 40.60088], [-73.77476, 40.60085], [-73.77464, 40.60085], [-73.77464, 40.60084], [-73.77476, 40.60083], [-73.77476, 40.60079], [-73.77474, 40.60074], [-73.77472, 40.6007], [-73.7747, 40.60066], [-73.77466, 40.60062], [-73.77464, 40.6006], [-73.77462, 40.60057], [-73.7746, 40.60054], [-73.77459, 40.60052], [-73.77459, 40.6005], [-73.77459, 40.60047], [-73.77459, 40.60045], [-73.77459, 40.60044], [-73.77459, 40.60043], [-73.77458, 40.60041], [-73.77457, 40.6004], [-73.77456, 40.60039], [-73.77455, 40.60039], [-73.77453, 40.60038], [-73.77449, 40.60036], [-73.77448, 40.60035], [-73.77448, 40.60035], [-73.77446, 40.60034], [-73.77446, 40.60033], [-73.77445, 40.60032], [-73.77444, 40.6003], [-73.77444, 40.60029], [-73.77444, 40.60028], [-73.77444, 40.60026], [-73.77443, 40.60025], [-73.77443, 40.60025], [-73.77442, 40.60024], [-73.7744, 40.60023], [-73.77438, 40.60022], [-73.77437, 40.60021], [-73.77436, 40.60021], [-73.77431, 40.60017], [-73.77426, 40.60015], [-73.77426, 40.60014], [-73.77425, 40.60014], [-73.77424, 40.60013], [-73.77424, 40.60012], [-73.77424, 40.60011], [-73.77423, 40.60011], [-73.77423, 40.6001], [-73.77424, 40.60009], [-73.77424, 40.60008], [-73.77424, 40.60006], [-73.77424, 40.60005], [-73.77423, 40.60003], [-73.77422, 40.60002], [-73.77421, 40.6], [-73.77418, 40.59998], [-73.77416, 40.59996], [-73.77414, 40.59993], [-73.77413, 40.59991], [-73.77412, 40.59988], [-73.77411, 40.59984], [-73.77411, 40.5998], [-73.77411, 40.59976], [-73.77412, 40.59972], [-73.77413, 40.59968], [-73.77415, 40.59964], [-73.77417, 40.59961], [-73.77418, 40.59961], [-73.77418, 40.59961], [-73.77418, 40.59961], [-73.77418, 40.59961], [-73.77417, 40.59961], [-73.77417, 40.59961], [-73.77417, 40.59961], [-73.77417, 40.59961], [-73.77417, 40.59961], [-73.77417, 40.59961], [-73.77417, 40.59961], [-73.77417, 40.59961], [-73.77416, 40.5996], [-73.77413, 40.5996], [-73.77412, 40.5996], [-73.77412, 40.5996], [-73.77412, 40.5996], [-73.77411, 40.5996], [-73.77411, 40.5996], [-73.77411, 40.5996], [-73.77411, 40.5996], [-73.77411, 40.5996], [-73.77411, 40.59959], [-73.77411, 40.59959], [-73.77411, 40.59959], [-73.77411, 40.59959], [-73.77411, 40.59956], [-73.77414, 40.5995], [-73.77414, 40.59948], [-73.77414, 40.59946], [-73.77414, 40.59941], [-73.77414, 40.59939], [-73.77415, 40.59938], [-73.77415, 40.59937], [-73.77416, 40.59935], [-73.77417, 40.59935], [-73.77418, 40.59933], [-73.77418, 40.5993], [-73.77418, 40.5993], [-73.77418, 40.5993], [-73.77418, 40.5993], [-73.77418, 40.5993], [-73.77418, 40.5993], [-73.77418, 40.59929], [-73.77418, 40.59929], [-73.77418, 40.59929], [-73.77417, 40.59929], [-73.77417, 40.59929], [-73.77414, 40.59928], [-73.77413, 40.59928], [-73.77413, 40.59928], [-73.77412, 40.59928], [-73.77412, 40.59927], [-73.77412, 40.59927], [-73.77412, 40.59927], [-73.77412, 40.59927], [-73.77412, 40.59927], [-73.77412, 40.59927], [-73.77412, 40.59925], [-73.77412, 40.59923], [-73.77413, 40.59921], [-73.77414, 40.59919], [-73.77419, 40.59912], [-73.77421, 40.59908], [-73.77422, 40.59905], [-73.77422, 40.59903], [-73.77422, 40.59902], [-73.77422, 40.59901], [-73.77422, 40.59901], [-73.77422, 40.599], [-73.77422, 40.599], [-73.77422, 40.599], [-73.77422, 40.599], [-73.77422, 40.599], [-73.77422, 40.599], [-73.77421, 40.599], [-73.7742, 40.59899], [-73.77418, 40.59899], [-73.77417, 40.59899], [-73.77416, 40.59899], [-73.77416, 40.59898], [-73.77416, 40.59898], [-73.77416, 40.59898], [-73.77416, 40.59898], [-73.77415, 40.59898], [-73.77415, 40.59897], [-73.77415, 40.59897], [-73.77415, 40.59895], [-73.77414, 40.59894], [-73.77414, 40.59894], [-73.77414, 40.59893], [-73.77414, 40.59893], [-73.77412, 40.59892], [-73.7741, 40.5989], [-73.77406, 40.59887], [-73.77401, 40.59884], [-73.77396, 40.59881], [-73.77395, 40.5988], [-73.77393, 40.5988], [-73.77388, 40.59878], [-73.77387, 40.59878], [-73.77386, 40.59877], [-73.77384, 40.59876], [-73.77383, 40.59875], [-73.77381, 40.59874], [-73.77379, 40.59873], [-73.77377, 40.5987], [-73.77374, 40.59867], [-73.77373, 40.59863], [-73.77371, 40.59841], [-73.77371, 40.59838], [-73.7737, 40.59832], [-73.7737, 40.59831], [-73.7737, 40.5983], [-73.77372, 40.59827], [-73.77372, 40.59826], [-73.77372, 40.59825], [-73.77372, 40.59824], [-73.77372, 40.59824], [-73.77372, 40.59824], [-73.77372, 40.59823], [-73.77371, 40.59823], [-73.77371, 40.59823], [-73.77367, 40.59819], [-73.77363, 40.59815], [-73.77359, 40.59812], [-73.77353, 40.59809], [-73.77349, 40.59808], [-73.77344, 40.59807], [-73.77339, 40.59806], [-73.77334, 40.59806], [-73.7733, 40.59806], [-73.77326, 40.59805], [-73.77323, 40.59804], [-73.7732, 40.59803], [-73.77317, 40.59801], [-73.77315, 40.59799], [-73.77313, 40.59797], [-73.77311, 40.59795], [-73.7731, 40.59793], [-73.77307, 40.59789], [-73.77307, 40.59789], [-73.77307, 40.59788], [-73.77306, 40.59788], [-73.77305, 40.59787], [-73.77304, 40.59787], [-73.77303, 40.59787], [-73.77302, 40.59787], [-73.77301, 40.59787], [-73.773, 40.59787], [-73.77297, 40.59787], [-73.77291, 40.59789], [-73.77289, 40.59789], [-73.77282, 40.5979], [-73.77276, 40.5979], [-73.77276, 40.5979], [-73.77274, 40.59791], [-73.77271, 40.59791], [-73.77269, 40.5979], [-73.77266, 40.5979], [-73.7726, 40.59789], [-73.77258, 40.59789], [-73.77255, 40.59789], [-73.77253, 40.59789], [-73.77249, 40.59789], [-73.77247, 40.59789], [-73.77235, 40.59791], [-73.77224, 40.59791], [-73.77216, 40.59792], [-73.77211, 40.59792], [-73.77204, 40.59792], [-73.77201, 40.59792], [-73.77198, 40.59792], [-73.77195, 40.59792], [-73.7719, 40.59793], [-73.77179, 40.59795], [-73.77171, 40.59797], [-73.77168, 40.59798], [-73.77165, 40.59799], [-73.77162, 40.598], [-73.77159, 40.59802], [-73.77153, 40.59805], [-73.77145, 40.59809], [-73.77141, 40.59812], [-73.7713, 40.59819], [-73.7712, 40.59826], [-73.77119, 40.59827], [-73.77118, 40.59827], [-73.77117, 40.59828], [-73.77115, 40.59829], [-73.77114, 40.59829], [-73.77112, 40.59829], [-73.77111, 40.59829], [-73.77109, 40.59829], [-73.77105, 40.5983], [-73.77102, 40.5983], [-73.77098, 40.59829], [-73.77095, 40.59828], [-73.77092, 40.59827], [-73.77088, 40.59824], [-73.77084, 40.59821], [-73.77079, 40.59819], [-73.77074, 40.59818], [-73.77069, 40.59817], [-73.77063, 40.59817], [-73.77061, 40.59816], [-73.77059, 40.59815], [-73.77057, 40.59814], [-73.77056, 40.59812], [-73.77055, 40.59811], [-73.77053, 40.5981], [-73.77051, 40.5981], [-73.77049, 40.59809], [-73.77046, 40.59809], [-73.77044, 40.59809], [-73.77037, 40.59809], [-73.7703, 40.59809], [-73.77023, 40.5981], [-73.77016, 40.59811], [-73.77001, 40.59812], [-73.76988, 40.59812], [-73.76985, 40.59812], [-73.76983, 40.59812], [-73.76981, 40.59812], [-73.7698, 40.59813], [-73.76978, 40.59813], [-73.76976, 40.59814], [-73.7697, 40.59817], [-73.76967, 40.59819], [-73.76961, 40.59822], [-73.7696, 40.59823], [-73.76956, 40.59824], [-73.76955, 40.59825], [-73.76953, 40.59825], [-73.76951, 40.59826], [-73.7695, 40.59826], [-73.76948, 40.59826], [-73.76946, 40.59826], [-73.76944, 40.59825], [-73.76942, 40.59825], [-73.76938, 40.59823], [-73.76934, 40.59822], [-73.76929, 40.59819], [-73.76925, 40.59818], [-73.76919, 40.59816], [-73.76911, 40.59813], [-73.76903, 40.59811], [-73.76895, 40.59808], [-73.7689, 40.59806], [-73.76878, 40.59801], [-73.76872, 40.59798], [-73.76864, 40.59795], [-73.76859, 40.59793], [-73.76853, 40.59792], [-73.76849, 40.5979], [-73.76846, 40.5979], [-73.76841, 40.59789], [-73.76838, 40.59789], [-73.76835, 40.59788], [-73.76827, 40.59785], [-73.76824, 40.59784], [-73.76819, 40.59782], [-73.76817, 40.59782], [-73.76816, 40.59782], [-73.76814, 40.59782], [-73.76813, 40.59782], [-73.76813, 40.59782], [-73.76812, 40.59782], [-73.76812, 40.59783], [-73.76811, 40.59783], [-73.76811, 40.59783], [-73.7681, 40.59785], [-73.76795, 40.59743], [-73.76776, 40.59655], [-73.76772, 40.59626], [-73.76742, 40.5963], [-73.76734, 40.59638], [-73.76727, 40.59645], [-73.76721, 40.59654], [-73.76718, 40.59662], [-73.76716, 40.59671], [-73.76713, 40.59685], [-73.76712, 40.59699], [-73.76713, 40.59713], [-73.76715, 40.59726], [-73.76716, 40.59742], [-73.76715, 40.59758], [-73.76711, 40.59775], [-73.76705, 40.59791], [-73.76696, 40.59807], [-73.76684, 40.59821], [-73.7667, 40.59835], [-73.76654, 40.59847], [-73.76637, 40.59857], [-73.76619, 40.59865], [-73.766, 40.59872], [-73.76654, 40.59943], [-73.76445, 40.60043], [-73.76387, 40.59973], [-73.76336, 40.5991], [-73.76166, 40.59997], [-73.76159, 40.5999], [-73.76154, 40.59985], [-73.76129, 40.59955], [-73.76182, 40.59895], [-73.76255, 40.59832], [-73.76333, 40.59782], [-73.7632, 40.59714], [-73.76301, 40.59608], [-73.763, 40.59599], [-73.76298, 40.5959], [-73.76278, 40.59476], [-73.76363, 40.59467], [-73.7644, 40.59457], [-73.76429, 40.59394], [-73.76414, 40.5932], [-73.76405, 40.59274], [-73.76391, 40.59204], [-73.76386, 40.59175], [-73.76376, 40.59144], [-73.7641, 40.59139], [-73.76428, 40.59136], [-73.76464, 40.5913], [-73.76499, 40.59123], [-73.76517, 40.5912], [-73.76542, 40.59117], [-73.76552, 40.59115], [-73.76567, 40.59113], [-73.76605, 40.59105], [-73.76623, 40.59099], [-73.76633, 40.59097], [-73.76643, 40.59096], [-73.76665, 40.59094], [-73.76675, 40.59093], [-73.76705, 40.59088], [-73.7672, 40.59087], [-73.76735, 40.59086], [-73.76745, 40.59084], [-73.76747, 40.59084], [-73.76762, 40.59078], [-73.76776, 40.59076], [-73.76797, 40.59073], [-73.76807, 40.59072], [-73.76813, 40.59074], [-73.76822, 40.5908], [-73.76829, 40.59083], [-73.76844, 40.59086], [-73.76859, 40.59087], [-73.76873, 40.59087], [-73.76883, 40.59086], [-73.76886, 40.59086], [-73.76915, 40.59083], [-73.76945, 40.59079], [-73.76979, 40.59075], [-73.76996, 40.59073], [-73.76999, 40.59072], [-73.77003, 40.59072], [-73.77018, 40.59067], [-73.77021, 40.59066], [-73.77024, 40.59066], [-73.77058, 40.59061], [-73.7707, 40.59059], [-73.77072, 40.59058], [-73.77075, 40.59058], [-73.77082, 40.59056], [-73.77085, 40.59056], [-73.77088, 40.59055], [-73.77089, 40.59055], [-73.77091, 40.59056], [-73.77095, 40.59057], [-73.77098, 40.59057], [-73.77102, 40.59057], [-73.77111, 40.59058], [-73.77134, 40.59058], [-73.77143, 40.59058], [-73.77153, 40.59058], [-73.77164, 40.59057], [-73.77169, 40.59056], [-73.77179, 40.59055], [-73.77209, 40.5905], [-73.77224, 40.59048], [-73.77228, 40.59048], [-73.77242, 40.59046], [-73.77247, 40.59046], [-73.77252, 40.59045], [-73.77274, 40.59046], [-73.77279, 40.59046], [-73.77283, 40.59045], [-73.77286, 40.59045], [-73.77289, 40.59045], [-73.77303, 40.59042], [-73.77307, 40.59042], [-73.7731, 40.59041], [-73.77316, 40.59041], [-73.77349, 40.5904], [-73.77354, 40.5904], [-73.77361, 40.59039], [-73.77364, 40.59039], [-73.77368, 40.59037], [-73.77371, 40.59037], [-73.77374, 40.59036], [-73.77376, 40.59036], [-73.7738, 40.59035], [-73.77384, 40.59036], [-73.77388, 40.59036], [-73.77397, 40.59038], [-73.774, 40.59038], [-73.77404, 40.59039], [-73.77408, 40.59039], [-73.7741, 40.59039], [-73.77412, 40.59038], [-73.77416, 40.59037], [-73.7742, 40.59036], [-73.7743, 40.59032], [-73.77435, 40.5903], [-73.77438, 40.59029], [-73.77441, 40.59028], [-73.77443, 40.59028], [-73.77468, 40.59027], [-73.77479, 40.59027], [-73.77521, 40.59027], [-73.77529, 40.59026], [-73.77548, 40.59024], [-73.7756, 40.59023], [-73.7758, 40.59019], [-73.77586, 40.59018], [-73.77592, 40.59018], [-73.77593, 40.59018], [-73.77593, 40.59018], [-73.77593, 40.59019], [-73.77592, 40.59021], [-73.77591, 40.59022], [-73.77585, 40.59028], [-73.77583, 40.59032], [-73.77582, 40.59032], [-73.77582, 40.59032], [-73.77583, 40.59032], [-73.77583, 40.59032], [-73.77584, 40.59032], [-73.77592, 40.59031], [-73.77609, 40.59027], [-73.77635, 40.59021], [-73.77646, 40.59018], [-73.77647, 40.59017], [-73.77648, 40.59017], [-73.77652, 40.59013], [-73.77654, 40.5901], [-73.77658, 40.59009], [-73.77663, 40.59007], [-73.77666, 40.59007], [-73.7767, 40.59006], [-73.77675, 40.59007], [-73.77686, 40.59009], [-73.77691, 40.5901], [-73.77701, 40.5901], [-73.77711, 40.5901], [-73.7772, 40.5901], [-73.77729, 40.5901], [-73.77735, 40.59009], [-73.77746, 40.59008], [-73.7775, 40.59008], [-73.77761, 40.59005], [-73.77776, 40.59002], [-73.77784, 40.59], [-73.77792, 40.58998], [-73.7781, 40.58993], [-73.77815, 40.58991], [-73.77825, 40.58985], [-73.77827, 40.58984], [-73.77839, 40.58982], [-73.77854, 40.58979], [-73.77866, 40.58976], [-73.7787, 40.58975], [-73.77885, 40.5897], [-73.77898, 40.58966], [-73.77913, 40.58961], [-73.77919, 40.58959], [-73.77925, 40.58958], [-73.77928, 40.58958], [-73.77936, 40.58959], [-73.77939, 40.58959], [-73.77942, 40.58958], [-73.77952, 40.58959], [-73.7798, 40.58964], [-73.77986, 40.58965], [-73.77993, 40.58964], [-73.78009, 40.58962], [-73.78015, 40.58961], [-73.78022, 40.58961], [-73.78031, 40.58961], [-73.78037, 40.5896], [-73.78043, 40.5896], [-73.78048, 40.58958], [-73.78055, 40.58957], [-73.78057, 40.58956], [-73.78064, 40.58954], [-73.78068, 40.58953], [-73.78075, 40.5895], [-73.78085, 40.58947], [-73.78087, 40.58946], [-73.78097, 40.58942], [-73.78103, 40.5894], [-73.78109, 40.58938], [-73.78115, 40.58936], [-73.78121, 40.58934], [-73.78136, 40.58929], [-73.78142, 40.58927], [-73.78149, 40.58926], [-73.78161, 40.58925], [-73.78168, 40.58925], [-73.78179, 40.58925], [-73.78191, 40.58922], [-73.78206, 40.58918], [-73.78211, 40.58917], [-73.78214, 40.58916], [-73.78218, 40.58915], [-73.78222, 40.58913], [-73.78228, 40.58911], [-73.78234, 40.5891], [-73.78241, 40.58909], [-73.78244, 40.58909], [-73.78246, 40.58909], [-73.78253, 40.58907], [-73.78256, 40.58907], [-73.78271, 40.58904], [-73.78277, 40.58902], [-73.78289, 40.589], [-73.78298, 40.58897], [-73.78311, 40.58892], [-73.78331, 40.58885], [-73.7835, 40.58876], [-73.7837, 40.5887], [-73.78381, 40.58868], [-73.78394, 40.58865], [-73.78406, 40.58861], [-73.78439, 40.58852], [-73.78453, 40.58848], [-73.78465, 40.58845], [-73.78475, 40.58844], [-73.78485, 40.58842], [-73.78491, 40.58841], [-73.78498, 40.5884], [-73.78506, 40.58839], [-73.78513, 40.58838], [-73.78517, 40.58837], [-73.78524, 40.58836], [-73.78538, 40.58834], [-73.78551, 40.58833], [-73.78563, 40.58831], [-73.78578, 40.58828], [-73.78602, 40.58822], [-73.78611, 40.58819], [-73.78631, 40.58815], [-73.78639, 40.58813], [-73.78646, 40.58813], [-73.78653, 40.58812], [-73.78661, 40.58811], [-73.78671, 40.58809], [-73.78684, 40.58807], [-73.78693, 40.58806], [-73.78709, 40.58804], [-73.78721, 40.58802], [-73.78738, 40.58799], [-73.7875, 40.58797], [-73.78768, 40.58792], [-73.78818, 40.58775], [-73.78842, 40.58765], [-73.78845, 40.58763], [-73.78848, 40.58761], [-73.7885, 40.5876], [-73.78854, 40.58756], [-73.78858, 40.58753], [-73.78859, 40.58751], [-73.7886, 40.58748], [-73.78878, 40.58745], [-73.78888, 40.58747], [-73.78898, 40.58749], [-73.78901, 40.5875], [-73.78903, 40.58752], [-73.78908, 40.58755], [-73.78911, 40.58757], [-73.78913, 40.58758], [-73.78918, 40.5876], [-73.78923, 40.58762], [-73.78926, 40.58762], [-73.7893, 40.58763], [-73.78933, 40.58763], [-73.78934, 40.58763], [-73.78936, 40.58763], [-73.78942, 40.58763], [-73.78945, 40.58762], [-73.78948, 40.58762], [-73.78954, 40.5876], [-73.78957, 40.5876], [-73.7896, 40.58759], [-73.78964, 40.58759], [-73.78968, 40.58757], [-73.78972, 40.58757], [-73.78976, 40.58756], [-73.78984, 40.58755], [-73.7899, 40.58755], [-73.7899, 40.58755], [-73.78996, 40.58753], [-73.7901, 40.58751], [-73.79015, 40.5875], [-73.7903, 40.58748], [-73.7904, 40.58746], [-73.7905, 40.58743], [-73.79058, 40.58741], [-73.79064, 40.5874], [-73.79085, 40.58736], [-73.79088, 40.58735], [-73.79092, 40.58734], [-73.791, 40.58731], [-73.79103, 40.5873], [-73.79106, 40.5873], [-73.79109, 40.58728], [-73.79111, 40.58727], [-73.79114, 40.58727], [-73.79128, 40.58727], [-73.7913, 40.58728], [-73.79132, 40.5873], [-73.79135, 40.5873], [-73.79138, 40.5873], [-73.79142, 40.5873], [-73.79148, 40.5873], [-73.79154, 40.58729], [-73.79166, 40.58727], [-73.79172, 40.58726], [-73.79187, 40.58723], [-73.79197, 40.58722], [-73.792, 40.58721], [-73.7921, 40.58719], [-73.79218, 40.58716], [-73.79231, 40.58713], [-73.79234, 40.58711], [-73.79239, 40.5871], [-73.79244, 40.58708], [-73.79252, 40.58704], [-73.79261, 40.58702], [-73.79275, 40.587], [-73.79281, 40.587], [-73.79293, 40.58698], [-73.79302, 40.58697], [-73.79308, 40.58696], [-73.79314, 40.58695], [-73.7932, 40.58695], [-73.79326, 40.58695], [-73.79332, 40.58695], [-73.79338, 40.58694], [-73.79348, 40.58691], [-73.7935, 40.5869], [-73.79352, 40.58689], [-73.79358, 40.58684], [-73.79377, 40.58679], [-73.79379, 40.58679], [-73.79385, 40.5868], [-73.79388, 40.5868], [-73.79391, 40.58681], [-73.79394, 40.58681], [-73.79397, 40.58681], [-73.79401, 40.58681], [-73.79403, 40.5868], [-73.79405, 40.58679], [-73.79411, 40.58678], [-73.79414, 40.58677], [-73.7942, 40.58677], [-73.79434, 40.58676], [-73.7944, 40.58674], [-73.79445, 40.58673], [-73.79451, 40.58672], [-73.79454, 40.58671], [-73.79469, 40.58666], [-73.79472, 40.58665], [-73.79474, 40.58664], [-73.79479, 40.5866], [-73.79482, 40.58658], [-73.79486, 40.58657], [-73.79488, 40.58655], [-73.79494, 40.58653], [-73.79498, 40.58653], [-73.79501, 40.58652], [-73.79503, 40.58652], [-73.79506, 40.58652], [-73.79523, 40.58648], [-73.79526, 40.58648], [-73.79529, 40.58648], [-73.79534, 40.58648], [-73.79538, 40.58648], [-73.79543, 40.58647], [-73.79544, 40.58647], [-73.79555, 40.58647], [-73.7956, 40.58647], [-73.79573, 40.58645], [-73.79577, 40.58644], [-73.79583, 40.58642], [-73.79588, 40.5864], [-73.79591, 40.58639], [-73.79596, 40.58636], [-73.79598, 40.58633], [-73.79602, 40.58632], [-73.79615, 40.58634], [-73.79622, 40.58635], [-73.79625, 40.58635], [-73.79634, 40.58638], [-73.79643, 40.58638], [-73.79645, 40.58638], [-73.79652, 40.58638], [-73.7966, 40.58638], [-73.79663, 40.58638], [-73.7967, 40.58637], [-73.79674, 40.58636], [-73.79676, 40.58635], [-73.79682, 40.58634], [-73.79686, 40.58633], [-73.79691, 40.58631], [-73.79698, 40.58628], [-73.79704, 40.58626], [-73.79707, 40.58625], [-73.79713, 40.58623], [-73.79722, 40.5862], [-73.79726, 40.58618], [-73.79758, 40.58608], [-73.79761, 40.58607], [-73.79764, 40.58605], [-73.79772, 40.58602], [-73.79781, 40.58601], [-73.79788, 40.586], [-73.79797, 40.58599], [-73.79804, 40.58598], [-73.79809, 40.58598], [-73.79812, 40.58597], [-73.79819, 40.58596], [-73.79822, 40.58594], [-73.79828, 40.58593], [-73.79831, 40.58592], [-73.79834, 40.58591], [-73.79836, 40.5859], [-73.79841, 40.58587], [-73.79847, 40.58584], [-73.7986, 40.58585], [-73.79863, 40.58588], [-73.7987, 40.5859], [-73.79882, 40.58589], [-73.79893, 40.58588], [-73.79908, 40.58587], [-73.79928, 40.58584], [-73.79949, 40.58581], [-73.79964, 40.58579], [-73.79969, 40.58578], [-73.79974, 40.58577], [-73.80008, 40.58568], [-73.80015, 40.58567], [-73.80028, 40.58563], [-73.80045, 40.58558], [-73.80055, 40.58554], [-73.80062, 40.58551], [-73.80071, 40.58547], [-73.80076, 40.58545], [-73.80079, 40.58544], [-73.80084, 40.58543], [-73.80092, 40.58541], [-73.80116, 40.5854], [-73.80119, 40.58541], [-73.80122, 40.58541], [-73.80127, 40.58541], [-73.80134, 40.58541], [-73.80143, 40.5854], [-73.80156, 40.58539], [-73.80169, 40.58537], [-73.80177, 40.58536], [-73.80184, 40.58535], [-73.8019, 40.58534], [-73.80196, 40.58532], [-73.80203, 40.58529], [-73.80223, 40.58522], [-73.80242, 40.58515], [-73.80254, 40.58511], [-73.80266, 40.58508], [-73.80287, 40.58503], [-73.80304, 40.58498], [-73.80324, 40.5849], [-73.8033, 40.58489], [-73.80339, 40.58488], [-73.8035, 40.58492], [-73.80352, 40.58494], [-73.80355, 40.58497], [-73.80357, 40.58499], [-73.80361, 40.585], [-73.80366, 40.58501], [-73.80372, 40.58502], [-73.80378, 40.58501], [-73.80407, 40.58496], [-73.80421, 40.58493], [-73.80431, 40.58491], [-73.80441, 40.58488], [-73.80455, 40.58483], [-73.80469, 40.58477], [-73.80477, 40.58475], [-73.80484, 40.58473], [-73.80495, 40.5847], [-73.80519, 40.58463], [-73.80525, 40.58461], [-73.8054, 40.58456], [-73.80562, 40.58451], [-73.80572, 40.58451], [-73.80586, 40.58453], [-73.80588, 40.58454], [-73.80593, 40.58454], [-73.80597, 40.58454], [-73.80606, 40.58453], [-73.8062, 40.58452], [-73.80634, 40.5845], [-73.80643, 40.58448], [-73.80652, 40.58446], [-73.8066, 40.58445], [-73.80664, 40.58443], [-73.80668, 40.58442], [-73.80673, 40.5844], [-73.80688, 40.58432], [-73.80692, 40.5843], [-73.80718, 40.58422], [-73.80743, 40.58413], [-73.80747, 40.58412], [-73.80759, 40.58409], [-73.80784, 40.58401], [-73.80793, 40.584], [-73.80829, 40.58402], [-73.80834, 40.58403], [-73.8085, 40.58404], [-73.80855, 40.58404], [-73.80863, 40.58404], [-73.80866, 40.58403], [-73.80875, 40.58403], [-73.80882, 40.58403], [-73.80887, 40.58402], [-73.80892, 40.58402], [-73.80898, 40.58401], [-73.80903, 40.58399], [-73.80909, 40.58398], [-73.80914, 40.58396], [-73.80919, 40.58394], [-73.80931, 40.58389], [-73.80936, 40.58387], [-73.80941, 40.58386], [-73.80952, 40.58382], [-73.80962, 40.58382], [-73.81133, 40.58372], [-73.81217, 40.58363], [-73.8127, 40.58357], [-73.8132, 40.58351], [-73.81342, 40.58349], [-73.81352, 40.58347], [-73.81365, 40.58343], [-73.81399, 40.58333], [-73.81417, 40.58327], [-73.81425, 40.58324], [-73.81454, 40.58315], [-73.81471, 40.58309], [-73.81485, 40.58306], [-73.81502, 40.58302], [-73.81524, 40.58292], [-73.81539, 40.58287], [-73.81544, 40.58285], [-73.8159, 40.58274], [-73.81653, 40.58258], [-73.81655, 40.58257], [-73.81685, 40.58246], [-73.81703, 40.58241], [-73.81731, 40.58233], [-73.81751, 40.58278], [-73.8167, 40.58301], [-73.81568, 40.58331], [-73.81545, 40.58337], [-73.81551, 40.58348], [-73.81564, 40.58372], [-73.81567, 40.58378], [-73.8157, 40.58383], [-73.81576, 40.58396], [-73.81638, 40.58491], [-73.81693, 40.58582], [-73.81734, 40.58648], [-73.81739, 40.58657], [-73.81772, 40.58715], [-73.81788, 40.58745], [-73.818, 40.5874], [-73.81813, 40.58737], [-73.8183, 40.58736], [-73.8185, 40.58736], [-73.8188, 40.5875], [-73.8189, 40.58757], [-73.81893, 40.5876], [-73.81898, 40.58764], [-73.81904, 40.58773], [-73.81909, 40.58783], [-73.81912, 40.58793], [-73.81913, 40.588], [-73.81913, 40.58804], [-73.81884, 40.58825], [-73.81877, 40.58828], [-73.8187, 40.58831], [-73.81863, 40.58834], [-73.81855, 40.58836], [-73.81847, 40.58838], [-73.81838, 40.58842], [-73.81828, 40.58846], [-73.81819, 40.58851], [-73.8181, 40.58856], [-73.81801, 40.58861], [-73.818, 40.58862], [-73.81791, 40.58866], [-73.81762, 40.58881], [-73.81742, 40.58892], [-73.81744, 40.58898], [-73.81747, 40.58904], [-73.81759, 40.58922], [-73.81764, 40.58929], [-73.81762, 40.58929], [-73.81761, 40.58927], [-73.81753, 40.5893], [-73.8175, 40.58931], [-73.81751, 40.58933], [-73.81751, 40.58933], [-73.81742, 40.58936], [-73.81737, 40.58925], [-73.81722, 40.58932], [-73.81721, 40.58934], [-73.81717, 40.58937], [-73.81713, 40.58937], [-73.81708, 40.58936], [-73.817, 40.58934], [-73.81692, 40.58931], [-73.81683, 40.5893], [-73.81679, 40.58931], [-73.81674, 40.58932], [-73.81669, 40.58935], [-73.81663, 40.5894], [-73.81659, 40.58942], [-73.81658, 40.58943], [-73.81654, 40.58942], [-73.8165, 40.58943], [-73.81647, 40.58943], [-73.81644, 40.58944], [-73.81642, 40.58945], [-73.8164, 40.58947], [-73.81636, 40.58952], [-73.81632, 40.58955], [-73.8163, 40.58956], [-73.81628, 40.58956], [-73.81626, 40.58955], [-73.81624, 40.58955], [-73.81616, 40.58959], [-73.81606, 40.58963], [-73.816, 40.58967], [-73.81597, 40.58969], [-73.81594, 40.5897], [-73.81589, 40.5897], [-73.81585, 40.58971], [-73.81582, 40.58971], [-73.81527, 40.58998], [-73.81525, 40.58999], [-73.81521, 40.59001], [-73.81519, 40.59004], [-73.81517, 40.59007], [-73.81513, 40.59012], [-73.81508, 40.59022], [-73.81504, 40.59028], [-73.815, 40.59033], [-73.81497, 40.59037], [-73.81492, 40.59043], [-73.81488, 40.59047], [-73.81484, 40.59051], [-73.81484, 40.59051], [-73.81475, 40.59059], [-73.8147, 40.59061], [-73.81459, 40.59065], [-73.81455, 40.59067], [-73.81452, 40.59067], [-73.81448, 40.59068], [-73.81445, 40.59068], [-73.81442, 40.59068], [-73.81438, 40.59067], [-73.81435, 40.59066], [-73.81433, 40.59065], [-73.8143, 40.59064], [-73.81426, 40.59063], [-73.81422, 40.59062], [-73.81418, 40.59062], [-73.81414, 40.59062], [-73.81409, 40.59062], [-73.81406, 40.59062], [-73.81402, 40.59064], [-73.81391, 40.59067], [-73.81382, 40.59071], [-73.81377, 40.59073], [-73.8137, 40.59076], [-73.81363, 40.59079], [-73.81357, 40.59083], [-73.81352, 40.59085], [-73.81346, 40.59089], [-73.81341, 40.59092], [-73.81338, 40.59094], [-73.81335, 40.59096], [-73.81329, 40.59101], [-73.81326, 40.59105], [-73.81359, 40.5917], [-73.81355, 40.59171], [-73.81324, 40.59107], [-73.81319, 40.59113], [-73.81316, 40.59118], [-73.81313, 40.59125], [-73.81306, 40.59126], [-73.81299, 40.59126], [-73.8129, 40.59127], [-73.81281, 40.59128], [-73.81274, 40.5913], [-73.81262, 40.59133], [-73.81259, 40.59136], [-73.81255, 40.59138], [-73.81249, 40.59139], [-73.81244, 40.59138], [-73.81239, 40.59137], [-73.81234, 40.59135], [-73.81229, 40.59133], [-73.81224, 40.59133], [-73.8122, 40.59134], [-73.81214, 40.59136], [-73.81204, 40.59143], [-73.81201, 40.59145], [-73.81194, 40.59147], [-73.81183, 40.59152], [-73.8117, 40.59159], [-73.81157, 40.59169], [-73.81151, 40.59178], [-73.81151, 40.59196], [-73.81154, 40.59209], [-73.81157, 40.59215], [-73.8115, 40.59219], [-73.81153, 40.59226], [-73.81152, 40.59231], [-73.81153, 40.59249], [-73.81156, 40.59273], [-73.81157, 40.59283], [-73.81156, 40.59285], [-73.81153, 40.59288], [-73.81149, 40.5929], [-73.81148, 40.5929], [-73.81147, 40.59285], [-73.81148, 40.59274], [-73.81147, 40.59263], [-73.81144, 40.59251], [-73.81143, 40.59225], [-73.8114, 40.5921], [-73.81136, 40.59198], [-73.81133, 40.59175], [-73.81117, 40.59176], [-73.81101, 40.59177], [-73.81095, 40.59182], [-73.81093, 40.59185], [-73.81089, 40.59196], [-73.81088, 40.592], [-73.81091, 40.59206], [-73.81082, 40.59208], [-73.81083, 40.59209], [-73.81082, 40.59209], [-73.81083, 40.59213], [-73.81084, 40.59213], [-73.81086, 40.59221], [-73.81088, 40.59229], [-73.81089, 40.59231], [-73.81095, 40.5925], [-73.81096, 40.5925], [-73.81095, 40.59249], [-73.8111, 40.59247], [-73.8111, 40.59248], [-73.81111, 40.59248], [-73.81112, 40.59247], [-73.81126, 40.59245], [-73.81139, 40.59244], [-73.81139, 40.59246], [-73.81138, 40.59246], [-73.81139, 40.59264], [-73.8114, 40.59277], [-73.81141, 40.59287], [-73.81138, 40.59287], [-73.81138, 40.59288], [-73.81107, 40.59302], [-73.81106, 40.59301], [-73.81105, 40.59301], [-73.81103, 40.59299], [-73.8111, 40.59296], [-73.8111, 40.59296], [-73.81117, 40.59294], [-73.81117, 40.59294], [-73.81122, 40.59293], [-73.81123, 40.59293], [-73.81137, 40.59286], [-73.81137, 40.5927], [-73.81129, 40.59272], [-73.81128, 40.59272], [-73.81122, 40.59273], [-73.81121, 40.59273], [-73.81111, 40.59275], [-73.81109, 40.59275], [-73.81102, 40.59276], [-73.811, 40.59277], [-73.81092, 40.59278], [-73.81091, 40.59278], [-73.81076, 40.59281], [-73.81075, 40.59279], [-73.81079, 40.59278], [-73.81083, 40.59278], [-73.81084, 40.59278], [-73.81086, 40.59277], [-73.81137, 40.59268], [-73.81136, 40.59246], [-73.81124, 40.59247], [-73.81124, 40.59249], [-73.81118, 40.5925], [-73.81118, 40.5925], [-73.81098, 40.59253], [-73.81098, 40.59251], [-73.81095, 40.59252], [-73.81096, 40.59254], [-73.81094, 40.59255], [-73.81092, 40.59246], [-73.81091, 40.59244], [-73.8109, 40.5924], [-73.81089, 40.59239], [-73.81088, 40.59234], [-73.81087, 40.59233], [-73.81086, 40.59228], [-73.81086, 40.59228], [-73.81084, 40.59222], [-73.81084, 40.59222], [-73.81082, 40.59213], [-73.81082, 40.59213], [-73.81081, 40.59209], [-73.81079, 40.59209], [-73.81079, 40.59209], [-73.81059, 40.59214], [-73.8102, 40.59223], [-73.81018, 40.59222], [-73.81017, 40.59222], [-73.81015, 40.59221], [-73.81013, 40.5922], [-73.81008, 40.5922], [-73.81003, 40.59221], [-73.80998, 40.59223], [-73.80995, 40.59223], [-73.80991, 40.59225], [-73.81006, 40.59308], [-73.81, 40.59308], [-73.80998, 40.59308], [-73.8099, 40.59308], [-73.80978, 40.5924], [-73.80973, 40.5924], [-73.80976, 40.59265], [-73.8098, 40.59265], [-73.80981, 40.59271], [-73.80979, 40.59271], [-73.80979, 40.59269], [-73.80974, 40.59269], [-73.80971, 40.59244], [-73.80967, 40.59247], [-73.80963, 40.59249], [-73.80962, 40.59254], [-73.80951, 40.59277], [-73.8095, 40.59288], [-73.80953, 40.59301], [-73.8097, 40.59353], [-73.80962, 40.59358], [-73.80961, 40.59358], [-73.80959, 40.59358], [-73.80959, 40.59358], [-73.80957, 40.59358], [-73.80956, 40.59358], [-73.80955, 40.59358], [-73.80954, 40.59358], [-73.80952, 40.59358], [-73.80952, 40.59357], [-73.80951, 40.59357], [-73.80951, 40.59357], [-73.8095, 40.59357], [-73.80949, 40.59355], [-73.80948, 40.59353], [-73.80947, 40.59351], [-73.80945, 40.59347], [-73.80944, 40.59346], [-73.80944, 40.59345], [-73.80942, 40.59343], [-73.80941, 40.59341], [-73.80938, 40.59338], [-73.80936, 40.59337], [-73.80935, 40.59337], [-73.80935, 40.59336], [-73.80934, 40.59336], [-73.80934, 40.59336], [-73.80933, 40.59336], [-73.80933, 40.59336], [-73.80932, 40.59336], [-73.80931, 40.59337], [-73.80925, 40.59339], [-73.80924, 40.59339], [-73.80923, 40.59339], [-73.8092, 40.59339], [-73.80917, 40.5934], [-73.80915, 40.59339], [-73.80914, 40.59339], [-73.80914, 40.59339], [-73.8091, 40.59338], [-73.80907, 40.59337], [-73.80904, 40.59336], [-73.80902, 40.59334], [-73.80896, 40.59331], [-73.80894, 40.5933], [-73.80862, 40.59313], [-73.80852, 40.59307], [-73.80844, 40.59303], [-73.80832, 40.59297], [-73.8083, 40.59296], [-73.80828, 40.59295], [-73.80826, 40.59294], [-73.80821, 40.59293], [-73.80804, 40.59288], [-73.808, 40.59286], [-73.80796, 40.59285], [-73.80794, 40.59284], [-73.80791, 40.59282], [-73.80789, 40.59281], [-73.80786, 40.59279], [-73.80781, 40.59276], [-73.8077, 40.5927], [-73.80767, 40.59268], [-73.80764, 40.59266], [-73.80751, 40.59261], [-73.80746, 40.59258], [-73.80745, 40.59257], [-73.80743, 40.59256], [-73.80737, 40.59251], [-73.80736, 40.5925], [-73.80734, 40.59249], [-73.80731, 40.59248], [-73.80724, 40.59246], [-73.80722, 40.59246], [-73.80721, 40.59245], [-73.80719, 40.59244], [-73.80714, 40.59241], [-73.80712, 40.59239], [-73.80704, 40.59236], [-73.80694, 40.59231], [-73.80693, 40.5923], [-73.80692, 40.5923], [-73.8069, 40.59228], [-73.80689, 40.59227], [-73.80687, 40.59226], [-73.80687, 40.59226], [-73.80686, 40.59226], [-73.80686, 40.59226], [-73.80685, 40.59226], [-73.80683, 40.59226], [-73.80682, 40.59226], [-73.8068, 40.59226], [-73.8068, 40.59227], [-73.80678, 40.59227], [-73.80678, 40.59227], [-73.80677, 40.59227], [-73.80676, 40.59227], [-73.80673, 40.59227], [-73.8067, 40.59227], [-73.80668, 40.59227], [-73.80666, 40.59227], [-73.80665, 40.59226], [-73.80664, 40.59226], [-73.80661, 40.59225], [-73.80654, 40.59221], [-73.80648, 40.59219], [-73.80646, 40.59218], [-73.80641, 40.59216], [-73.80639, 40.59215], [-73.8063, 40.59211], [-73.80623, 40.59208], [-73.80621, 40.59207], [-73.80617, 40.59206], [-73.80615, 40.59205], [-73.8061, 40.59204], [-73.80608, 40.59204], [-73.80606, 40.59203], [-73.80605, 40.59202], [-73.80603, 40.59201], [-73.80601, 40.59199], [-73.80599, 40.59198], [-73.80598, 40.59197], [-73.80597, 40.59195], [-73.80597, 40.59195], [-73.80596, 40.59194], [-73.80595, 40.59191], [-73.80594, 40.59188], [-73.80593, 40.59185], [-73.80593, 40.59183], [-73.80593, 40.59181], [-73.80593, 40.59176], [-73.80593, 40.59174], [-73.80592, 40.59165], [-73.80592, 40.5916], [-73.80592, 40.59159], [-73.80592, 40.59155], [-73.80591, 40.59149], [-73.80591, 40.59141], [-73.8059, 40.59136], [-73.80589, 40.59129], [-73.80588, 40.59128], [-73.80587, 40.59126], [-73.80586, 40.59125], [-73.80585, 40.59123], [-73.80582, 40.59119], [-73.8058, 40.59113], [-73.80579, 40.59111], [-73.80579, 40.5911], [-73.80579, 40.59109], [-73.80579, 40.59107], [-73.80579, 40.59101], [-73.80579, 40.59094], [-73.8058, 40.59093], [-73.8058, 40.59092], [-73.8058, 40.59091], [-73.8058, 40.5909], [-73.8058, 40.59087], [-73.8058, 40.59082], [-73.80579, 40.59079], [-73.80579, 40.59077], [-73.80579, 40.59077], [-73.80579, 40.59076], [-73.80578, 40.59076], [-73.80578, 40.59076], [-73.80578, 40.59076], [-73.80578, 40.59076], [-73.80577, 40.59076], [-73.80577, 40.59076], [-73.80577, 40.59076], [-73.80576, 40.59075], [-73.80576, 40.59075], [-73.80575, 40.59076], [-73.80575, 40.59076], [-73.80574, 40.59076], [-73.80573, 40.59076], [-73.80573, 40.59076], [-73.80572, 40.59076], [-73.80572, 40.59076], [-73.80572, 40.59076], [-73.80572, 40.59077], [-73.80571, 40.59077], [-73.80571, 40.59077], [-73.8057, 40.59079], [-73.8057, 40.5908], [-73.8057, 40.59081], [-73.80571, 40.59087], [-73.80571, 40.59093], [-73.80571, 40.59094], [-73.80572, 40.59099], [-73.80572, 40.59101], [-73.80571, 40.59104], [-73.80571, 40.59105], [-73.80572, 40.59113], [-73.80573, 40.59117], [-73.80574, 40.59119], [-73.80575, 40.59129], [-73.8058, 40.59152], [-73.80581, 40.5916], [-73.80582, 40.59169], [-73.80583, 40.59173], [-73.80583, 40.59175], [-73.80583, 40.59176], [-73.80583, 40.59179], [-73.80583, 40.5918], [-73.80583, 40.59184], [-73.80583, 40.59185], [-73.80583, 40.59186], [-73.80583, 40.59186], [-73.80583, 40.59186], [-73.80583, 40.59186], [-73.80583, 40.59186], [-73.80582, 40.59186], [-73.80582, 40.59187], [-73.80581, 40.59187], [-73.80581, 40.59187], [-73.8058, 40.59187], [-73.80579, 40.59187], [-73.80577, 40.59187], [-73.80576, 40.59187], [-73.80574, 40.59187], [-73.80571, 40.59187], [-73.80569, 40.59186], [-73.80566, 40.59185], [-73.80563, 40.59184], [-73.80553, 40.59179], [-73.80541, 40.59174], [-73.80535, 40.59171], [-73.80534, 40.5917], [-73.80528, 40.59168], [-73.80526, 40.59167], [-73.80523, 40.59167], [-73.80523, 40.59166], [-73.80517, 40.59164], [-73.8051, 40.59161], [-73.80504, 40.59158], [-73.80488, 40.59151], [-73.80481, 40.59147], [-73.80476, 40.59145], [-73.80472, 40.59143], [-73.80471, 40.59143], [-73.8047, 40.59143], [-73.80465, 40.59142], [-73.80463, 40.59141], [-73.80456, 40.59138], [-73.80449, 40.59136], [-73.80436, 40.59131], [-73.80436, 40.59131], [-73.80436, 40.59131], [-73.80435, 40.59131], [-73.80435, 40.59131], [-73.80434, 40.59131], [-73.80434, 40.59131], [-73.80433, 40.59131], [-73.80432, 40.59131], [-73.80431, 40.59131], [-73.8043, 40.59132], [-73.8043, 40.59132], [-73.80428, 40.59133], [-73.80428, 40.59134], [-73.80427, 40.59134], [-73.80426, 40.59136], [-73.80425, 40.59137], [-73.80423, 40.59143], [-73.80422, 40.59145], [-73.80422, 40.59147], [-73.8042, 40.59155], [-73.80419, 40.59162], [-73.80417, 40.59169], [-73.80417, 40.59171], [-73.80416, 40.59174], [-73.80416, 40.59178], [-73.80416, 40.59179], [-73.80416, 40.59182], [-73.80416, 40.59184], [-73.80416, 40.59184], [-73.80416, 40.59185], [-73.80417, 40.59185], [-73.80418, 40.59186], [-73.80418, 40.59186], [-73.80418, 40.59186], [-73.80419, 40.59187], [-73.80421, 40.59188], [-73.80428, 40.5919], [-73.80431, 40.59191], [-73.80438, 40.59194], [-73.8044, 40.59195], [-73.80442, 40.59196], [-73.8045, 40.592], [-73.80454, 40.59201], [-73.80463, 40.59205], [-73.80464, 40.59206], [-73.80482, 40.59212], [-73.80492, 40.59216], [-73.80496, 40.59217], [-73.80509, 40.59222], [-73.80511, 40.59223], [-73.80515, 40.59225], [-73.80527, 40.59231], [-73.80533, 40.59234], [-73.80535, 40.59235], [-73.80538, 40.59236], [-73.80551, 40.5924], [-73.80556, 40.59242], [-73.80562, 40.59245], [-73.80575, 40.59251], [-73.8058, 40.59253], [-73.806, 40.59262], [-73.80607, 40.59264], [-73.80621, 40.59271], [-73.80626, 40.59273], [-73.80631, 40.59275], [-73.80635, 40.59277], [-73.8065, 40.59284], [-73.80669, 40.59291], [-73.80689, 40.59299], [-73.80701, 40.59305], [-73.80704, 40.59306], [-73.80706, 40.59306], [-73.80709, 40.59307], [-73.80711, 40.59307], [-73.80711, 40.59307], [-73.80711, 40.59307], [-73.80711, 40.59307], [-73.80712, 40.59307], [-73.80712, 40.59307], [-73.80712, 40.59307], [-73.80713, 40.59306], [-73.80714, 40.59305], [-73.80714, 40.59305], [-73.80714, 40.59305], [-73.80715, 40.59305], [-73.80715, 40.59305], [-73.80715, 40.59304], [-73.80715, 40.59304], [-73.80715, 40.59304], [-73.80715, 40.59304], [-73.8072, 40.59305], [-73.80725, 40.59305], [-73.8073, 40.59306], [-73.80731, 40.59306], [-73.80731, 40.59307], [-73.80732, 40.59307], [-73.80734, 40.59308], [-73.80737, 40.5931], [-73.80743, 40.59314], [-73.80747, 40.59317], [-73.80756, 40.59323], [-73.80761, 40.59327], [-73.80766, 40.59329], [-73.80773, 40.59333], [-73.80774, 40.59334], [-73.80775, 40.59334], [-73.80779, 40.59335], [-73.80781, 40.59336], [-73.80782, 40.59336], [-73.80783, 40.59337], [-73.80783, 40.59337], [-73.80784, 40.59338], [-73.80787, 40.59343], [-73.80792, 40.59349], [-73.80793, 40.59351], [-73.80796, 40.59355], [-73.80797, 40.59357], [-73.80802, 40.59362], [-73.80802, 40.59362], [-73.80805, 40.59365], [-73.80803, 40.59367], [-73.808, 40.59367], [-73.808, 40.5937], [-73.80798, 40.59372], [-73.80795, 40.59373], [-73.80794, 40.59374], [-73.80793, 40.59375], [-73.80791, 40.59376], [-73.8079, 40.59377], [-73.80789, 40.59377], [-73.80789, 40.59378], [-73.80786, 40.59382], [-73.80785, 40.59383], [-73.80783, 40.59386], [-73.80782, 40.59388], [-73.80782, 40.59389], [-73.80781, 40.59389], [-73.80781, 40.59391], [-73.80781, 40.59395], [-73.80781, 40.59396], [-73.80781, 40.59397], [-73.8078, 40.594], [-73.8078, 40.594], [-73.8078, 40.594], [-73.8078, 40.59401], [-73.8078, 40.59401], [-73.8078, 40.59402], [-73.8078, 40.59402], [-73.8078, 40.59402], [-73.80781, 40.59403], [-73.80781, 40.59403], [-73.80783, 40.59404], [-73.80786, 40.59406], [-73.80787, 40.59406], [-73.80787, 40.59406], [-73.80788, 40.59407], [-73.80788, 40.59407], [-73.80788, 40.59408], [-73.8079, 40.59411], [-73.80791, 40.59412], [-73.80791, 40.59412], [-73.80791, 40.59412], [-73.80792, 40.59413], [-73.80792, 40.59413], [-73.80792, 40.59413], [-73.80793, 40.59413], [-73.80796, 40.59413], [-73.80796, 40.59413], [-73.80797, 40.59414], [-73.80797, 40.59414], [-73.80797, 40.59414], [-73.80797, 40.59414], [-73.80797, 40.59414], [-73.80798, 40.59414], [-73.80798, 40.59414], [-73.80798, 40.59415], [-73.80798, 40.59415], [-73.80798, 40.59415], [-73.80798, 40.59416], [-73.80798, 40.59416], [-73.80798, 40.59416], [-73.80798, 40.59417], [-73.80797, 40.59417], [-73.80797, 40.59417], [-73.80797, 40.59417], [-73.80797, 40.59417], [-73.80797, 40.59417], [-73.80795, 40.59417], [-73.80794, 40.59418], [-73.80793, 40.59418], [-73.80793, 40.59418], [-73.80791, 40.59418], [-73.8079, 40.59418], [-73.8079, 40.59418], [-73.8079, 40.59418], [-73.8079, 40.59419], [-73.80789, 40.59419], [-73.80789, 40.59419], [-73.80789, 40.59419], [-73.80789, 40.59419], [-73.80789, 40.59419], [-73.80789, 40.5942], [-73.80789, 40.5942], [-73.80789, 40.59421], [-73.80789, 40.59423], [-73.80789, 40.59425], [-73.8079, 40.59427], [-73.8079, 40.59428], [-73.8079, 40.59429], [-73.8079, 40.5943], [-73.8079, 40.5943], [-73.8079, 40.5943], [-73.80789, 40.59431], [-73.80789, 40.59431], [-73.80785, 40.59434], [-73.80779, 40.59438], [-73.80778, 40.5944], [-73.80777, 40.59441], [-73.80776, 40.59442], [-73.80775, 40.59444], [-73.80774, 40.59445], [-73.80774, 40.59445], [-73.80774, 40.59447], [-73.80774, 40.59448], [-73.80774, 40.59448], [-73.80774, 40.59448], [-73.80773, 40.59449], [-73.80773, 40.59449], [-73.80773, 40.59449], [-73.80772, 40.59449], [-73.8077, 40.5945], [-73.8077, 40.5945], [-73.80769, 40.59451], [-73.80762, 40.59455], [-73.80762, 40.59456], [-73.80761, 40.59456], [-73.80758, 40.59457], [-73.80757, 40.59457], [-73.80756, 40.59458], [-73.80755, 40.59459], [-73.80754, 40.59459], [-73.80753, 40.59461], [-73.80753, 40.59462], [-73.80752, 40.59463], [-73.80751, 40.59466], [-73.80751, 40.59467], [-73.8075, 40.59467], [-73.80747, 40.59471], [-73.80744, 40.59475], [-73.80744, 40.59476], [-73.80744, 40.59476], [-73.80744, 40.59477], [-73.80744, 40.59478], [-73.80744, 40.59479], [-73.80745, 40.59482], [-73.80745, 40.59483], [-73.80746, 40.59484], [-73.80746, 40.59484], [-73.80745, 40.59485], [-73.80745, 40.59486], [-73.80745, 40.59486], [-73.80745, 40.59487], [-73.80744, 40.59487], [-73.80743, 40.59488], [-73.80742, 40.59489], [-73.8074, 40.5949], [-73.80737, 40.59491], [-73.80736, 40.59492], [-73.80736, 40.59492], [-73.80734, 40.59494], [-73.80732, 40.59495], [-73.80731, 40.59496], [-73.8073, 40.59498], [-73.80728, 40.59502], [-73.80724, 40.59509], [-73.80721, 40.59514], [-73.8072, 40.59515], [-73.80719, 40.59516], [-73.80715, 40.59519], [-73.80714, 40.59521], [-73.80714, 40.59521], [-73.80713, 40.59522], [-73.80713, 40.59522], [-73.80713, 40.59526], [-73.80712, 40.59527], [-73.80712, 40.59527], [-73.80712, 40.59528], [-73.80712, 40.59528], [-73.80712, 40.59528], [-73.80711, 40.59528], [-73.80711, 40.59529], [-73.80711, 40.59529], [-73.8071, 40.59529], [-73.80709, 40.59529], [-73.80709, 40.59529], [-73.80706, 40.5953], [-73.80704, 40.5953], [-73.80699, 40.59532], [-73.80697, 40.59533], [-73.80693, 40.59535], [-73.80693, 40.59535], [-73.80693, 40.59536], [-73.80692, 40.59536], [-73.8069, 40.59539], [-73.8069, 40.59539], [-73.80689, 40.5954], [-73.80689, 40.5954], [-73.80689, 40.5954], [-73.80687, 40.59541], [-73.80685, 40.59541], [-73.80677, 40.59542], [-73.80674, 40.59543], [-73.80667, 40.59543], [-73.80665, 40.59543], [-73.80661, 40.59544], [-73.80655, 40.59545], [-73.80649, 40.59546], [-73.80642, 40.59548], [-73.80641, 40.59548], [-73.80639, 40.59549], [-73.80638, 40.59549], [-73.80634, 40.5955], [-73.80627, 40.59553], [-73.80624, 40.59553], [-73.80618, 40.59555], [-73.80614, 40.59555], [-73.80609, 40.59556], [-73.80607, 40.59556], [-73.80606, 40.59556], [-73.80605, 40.59556], [-73.80604, 40.59555], [-73.80603, 40.59555], [-73.806, 40.59553], [-73.80594, 40.59551], [-73.80591, 40.5955], [-73.80587, 40.59548], [-73.80585, 40.59548], [-73.80584, 40.59547], [-73.80583, 40.59547], [-73.80579, 40.59544], [-73.80578, 40.59543], [-73.80577, 40.59543], [-73.80571, 40.59541], [-73.80565, 40.59538], [-73.80555, 40.59535], [-73.80548, 40.59533], [-73.80547, 40.59532], [-73.80546, 40.59532], [-73.80543, 40.59529], [-73.80542, 40.59529], [-73.80541, 40.59529], [-73.80541, 40.59528], [-73.80541, 40.59528], [-73.80541, 40.59528], [-73.80541, 40.59528], [-73.8054, 40.59528], [-73.8054, 40.59529], [-73.80539, 40.59529], [-73.80537, 40.59529], [-73.80537, 40.5953], [-73.80537, 40.5953], [-73.80536, 40.5953], [-73.80536, 40.5953], [-73.80536, 40.5953], [-73.80536, 40.5953], [-73.80536, 40.5953], [-73.80536, 40.59529], [-73.80535, 40.59529], [-73.80535, 40.59529], [-73.80535, 40.59529], [-73.80535, 40.59529], [-73.80535, 40.59529], [-73.80535, 40.59529], [-73.80535, 40.59528], [-73.80535, 40.59527], [-73.80534, 40.59526], [-73.80534, 40.59526], [-73.80534, 40.59526], [-73.80534, 40.59526], [-73.80534, 40.59526], [-73.80531, 40.59524], [-73.80528, 40.59523], [-73.80522, 40.59521], [-73.80518, 40.59519], [-73.80517, 40.59519], [-73.80515, 40.59519], [-73.80515, 40.59519], [-73.80511, 40.59518], [-73.80506, 40.59516], [-73.80502, 40.59514], [-73.80497, 40.59512], [-73.80491, 40.59509], [-73.80485, 40.59506], [-73.80484, 40.59504], [-73.8048, 40.59502], [-73.80479, 40.59501], [-73.80473, 40.59497], [-73.80471, 40.59496], [-73.80467, 40.59493], [-73.80464, 40.59491], [-73.80464, 40.59491], [-73.80464, 40.5949], [-73.80464, 40.5949], [-73.80464, 40.5949], [-73.80464, 40.5949], [-73.80464, 40.5949], [-73.80464, 40.59489], [-73.80464, 40.59489], [-73.80464, 40.59489], [-73.80465, 40.59487], [-73.80465, 40.59486], [-73.80465, 40.59486], [-73.80465, 40.59484], [-73.80465, 40.59483], [-73.80465, 40.59482], [-73.80465, 40.59482], [-73.80464, 40.59482], [-73.80464, 40.59482], [-73.80464, 40.59481], [-73.80463, 40.59481], [-73.80462, 40.5948], [-73.80457, 40.59478], [-73.80455, 40.59478], [-73.80452, 40.59476], [-73.80451, 40.59476], [-73.8045, 40.59475], [-73.80449, 40.59475], [-73.80448, 40.59474], [-73.80446, 40.59471], [-73.80444, 40.59467], [-73.80443, 40.59465], [-73.80437, 40.59459], [-73.80432, 40.59453], [-73.80431, 40.59451], [-73.80429, 40.59448], [-73.80426, 40.59445], [-73.80424, 40.59442], [-73.80422, 40.5944], [-73.80418, 40.59437], [-73.80413, 40.59433], [-73.80411, 40.59432], [-73.8041, 40.5943], [-73.80409, 40.59429], [-73.80407, 40.59423], [-73.80404, 40.59419], [-73.80404, 40.59417], [-73.80404, 40.59416], [-73.80403, 40.59407], [-73.80401, 40.59392], [-73.80401, 40.59388], [-73.80401, 40.59381], [-73.80401, 40.59377], [-73.80401, 40.59373], [-73.80401, 40.59372], [-73.80401, 40.59371], [-73.80403, 40.59368], [-73.80403, 40.59367], [-73.80403, 40.59366], [-73.80403, 40.59366], [-73.80403, 40.59364], [-73.80403, 40.59359], [-73.80403, 40.59358], [-73.80403, 40.59357], [-73.80404, 40.59355], [-73.80404, 40.59355], [-73.80404, 40.59355], [-73.80404, 40.59354], [-73.80404, 40.59354], [-73.80405, 40.59354], [-73.80406, 40.59354], [-73.80407, 40.59353], [-73.8041, 40.59353], [-73.80411, 40.59353], [-73.80412, 40.59353], [-73.80412, 40.59352], [-73.80412, 40.59352], [-73.80412, 40.59352], [-73.80412, 40.59352], [-73.80412, 40.59352], [-73.80413, 40.59352], [-73.80413, 40.59352], [-73.80413, 40.59352], [-73.80413, 40.59351], [-73.80406, 40.59335], [-73.80405, 40.59326], [-73.80403, 40.59321], [-73.80401, 40.59318], [-73.80395, 40.59313], [-73.80393, 40.59311], [-73.80391, 40.59309], [-73.8039, 40.59308], [-73.80389, 40.59308], [-73.80385, 40.59306], [-73.80384, 40.59306], [-73.80383, 40.59305], [-73.80379, 40.59302], [-73.80378, 40.59301], [-73.80378, 40.59301], [-73.80377, 40.59301], [-73.80376, 40.593], [-73.80376, 40.593], [-73.80376, 40.593], [-73.80375, 40.593], [-73.80375, 40.593], [-73.80375, 40.59299], [-73.80375, 40.59299], [-73.80375, 40.59299], [-73.80375, 40.59298], [-73.80375, 40.59298], [-73.80375, 40.59296], [-73.80377, 40.59294], [-73.80377, 40.59293], [-73.80377, 40.59293], [-73.80378, 40.59293], [-73.8038, 40.59291], [-73.8038, 40.5929], [-73.80381, 40.5929], [-73.80381, 40.5929], [-73.80381, 40.59289], [-73.80381, 40.59289], [-73.80381, 40.59289], [-73.80381, 40.59289], [-73.80381, 40.59289], [-73.80381, 40.59289], [-73.80381, 40.59289], [-73.80381, 40.59289], [-73.80381, 40.59289], [-73.8038, 40.59289], [-73.8038, 40.59289], [-73.80379, 40.59289], [-73.80379, 40.59289], [-73.80378, 40.59288], [-73.80377, 40.59288], [-73.80374, 40.59288], [-73.80371, 40.59288], [-73.8037, 40.59288], [-73.80369, 40.59288], [-73.80369, 40.59289], [-73.80368, 40.59289], [-73.80368, 40.59289], [-73.80368, 40.59289], [-73.80364, 40.59292], [-73.80362, 40.59294], [-73.80329, 40.59276], [-73.80308, 40.59261], [-73.80306, 40.59259], [-73.80305, 40.59259], [-73.80304, 40.59258], [-73.80303, 40.59258], [-73.80302, 40.59258], [-73.80298, 40.59257], [-73.80298, 40.59258], [-73.80296, 40.5926], [-73.80295, 40.5926], [-73.80276, 40.59261], [-73.80244, 40.59264], [-73.80249, 40.59319], [-73.80249, 40.59329], [-73.80238, 40.59329], [-73.8025, 40.59387], [-73.80251, 40.59395], [-73.80262, 40.59393], [-73.80263, 40.59393], [-73.80271, 40.59392], [-73.80272, 40.59391], [-73.80279, 40.5939], [-73.80281, 40.5939], [-73.80288, 40.59389], [-73.8029, 40.59389], [-73.80297, 40.59387], [-73.80299, 40.59387], [-73.80306, 40.59386], [-73.80307, 40.59386], [-73.80314, 40.59385], [-73.80312, 40.59376], [-73.80314, 40.59376], [-73.80317, 40.59386], [-73.80316, 40.59386], [-73.80318, 40.59394], [-73.80317, 40.59395], [-73.80314, 40.59387], [-73.80305, 40.59388], [-73.80304, 40.59388], [-73.80295, 40.5939], [-73.80293, 40.5939], [-73.80285, 40.59391], [-73.80284, 40.59391], [-73.80276, 40.59392], [-73.80275, 40.59393], [-73.80267, 40.59394], [-73.80266, 40.59394], [-73.80251, 40.59397], [-73.80257, 40.59427], [-73.80273, 40.59425], [-73.80274, 40.59425], [-73.8028, 40.59424], [-73.8029, 40.59423], [-73.80294, 40.59422], [-73.80324, 40.59419], [-73.80322, 40.59409], [-73.80324, 40.59409], [-73.80329, 40.59428], [-73.80326, 40.59429], [-73.80324, 40.5942], [-73.80282, 40.59426], [-73.80283, 40.59429], [-73.80272, 40.5943], [-73.80272, 40.59427], [-73.8026, 40.59429], [-73.80261, 40.5943], [-73.80271, 40.59429], [-73.80271, 40.59431], [-73.80258, 40.59432], [-73.80259, 40.59438], [-73.80234, 40.5944], [-73.80235, 40.5945], [-73.80277, 40.59448], [-73.80278, 40.59456], [-73.80304, 40.59454], [-73.8031, 40.59456], [-73.8031, 40.5946], [-73.80312, 40.59459], [-73.80319, 40.59466], [-73.80323, 40.59464], [-73.80343, 40.59452], [-73.80347, 40.5945], [-73.80342, 40.59445], [-73.80344, 40.59443], [-73.80351, 40.59451], [-73.80349, 40.59452], [-73.80348, 40.59452], [-73.80348, 40.59452], [-73.8032, 40.59468], [-73.80335, 40.59484], [-73.80338, 40.59487], [-73.80366, 40.59473], [-73.80372, 40.59482], [-73.80371, 40.59482], [-73.80365, 40.59475], [-73.80359, 40.59478], [-73.80358, 40.59479], [-73.80352, 40.59482], [-73.80352, 40.59482], [-73.80345, 40.59485], [-73.80345, 40.59486], [-73.80338, 40.59488], [-73.80336, 40.59489], [-73.80335, 40.59487], [-73.8032, 40.59487], [-73.8032, 40.59494], [-73.80338, 40.59493], [-73.80339, 40.59495], [-73.8032, 40.59495], [-73.80321, 40.59501], [-73.80339, 40.59501], [-73.80339, 40.59502], [-73.80321, 40.59503], [-73.80322, 40.59514], [-73.80331, 40.59515], [-73.80331, 40.59516], [-73.80335, 40.59516], [-73.80335, 40.59516], [-73.80337, 40.59515], [-73.80338, 40.59515], [-73.80339, 40.59515], [-73.80345, 40.59515], [-73.80351, 40.59514], [-73.80353, 40.59514], [-73.80359, 40.59514], [-73.80361, 40.59513], [-73.80364, 40.59513], [-73.80367, 40.59511], [-73.80368, 40.59511], [-73.80375, 40.59507], [-73.80377, 40.59506], [-73.80384, 40.59502], [-73.80386, 40.59501], [-73.8039, 40.59499], [-73.80391, 40.595], [-73.80368, 40.59513], [-73.80365, 40.59515], [-73.80331, 40.59518], [-73.80331, 40.59518], [-73.80333, 40.59519], [-73.80343, 40.59519], [-73.8035, 40.59517], [-73.80354, 40.59517], [-73.80357, 40.59516], [-73.80359, 40.59516], [-73.8036, 40.59516], [-73.80362, 40.59517], [-73.80365, 40.59518], [-73.80367, 40.59519], [-73.80369, 40.5952], [-73.80428, 40.59588], [-73.80428, 40.5959], [-73.80429, 40.59594], [-73.8043, 40.59595], [-73.80433, 40.59599], [-73.8044, 40.59604], [-73.8045, 40.59617], [-73.80457, 40.59626], [-73.80459, 40.59629], [-73.80468, 40.59635], [-73.80469, 40.59637], [-73.80471, 40.59639], [-73.80472, 40.59641], [-73.80473, 40.59644], [-73.80473, 40.59647], [-73.80473, 40.59648], [-73.80474, 40.59649], [-73.80475, 40.59653], [-73.80477, 40.59656], [-73.80478, 40.59657], [-73.80486, 40.59673], [-73.80486, 40.59673], [-73.80495, 40.59674], [-73.80501, 40.59676], [-73.80502, 40.59676], [-73.80502, 40.59676], [-73.80509, 40.59677], [-73.8051, 40.59671], [-73.80511, 40.59669], [-73.8051, 40.59661], [-73.80513, 40.59661], [-73.80515, 40.59672], [-73.80515, 40.59672], [-73.80516, 40.59673], [-73.80521, 40.59673], [-73.80522, 40.59677], [-73.80522, 40.59677], [-73.80523, 40.59679], [-73.80521, 40.59679], [-73.80521, 40.59681], [-73.8052, 40.59689], [-73.80524, 40.59689], [-73.80525, 40.59689], [-73.80525, 40.59694], [-73.80522, 40.59694], [-73.8052, 40.59694], [-73.8052, 40.59696], [-73.80521, 40.59696], [-73.80525, 40.59696], [-73.80525, 40.59703], [-73.80521, 40.59703], [-73.80522, 40.59719], [-73.80519, 40.59719], [-73.80519, 40.59717], [-73.80519, 40.59716], [-73.80519, 40.59714], [-73.80518, 40.59713], [-73.80518, 40.5971], [-73.80518, 40.59709], [-73.80518, 40.59707], [-73.80518, 40.59707], [-73.80518, 40.59705], [-73.80518, 40.59703], [-73.80517, 40.59701], [-73.80517, 40.59697], [-73.80517, 40.59695], [-73.80517, 40.5969], [-73.80518, 40.59687], [-73.80518, 40.59686], [-73.80518, 40.59684], [-73.80518, 40.59683], [-73.80518, 40.59679], [-73.80516, 40.59679], [-73.80516, 40.59677], [-73.80517, 40.59677], [-73.80516, 40.59676], [-73.80515, 40.59676], [-73.80514, 40.59682], [-73.8051, 40.59682], [-73.8051, 40.59681], [-73.80501, 40.59681], [-73.80501, 40.59679], [-73.80497, 40.59678], [-73.80497, 40.59679], [-73.80495, 40.59678], [-73.80495, 40.59676], [-73.80493, 40.59676], [-73.80488, 40.59675], [-73.80494, 40.59686], [-73.80508, 40.5971], [-73.80511, 40.59715], [-73.80508, 40.59718], [-73.80506, 40.5972], [-73.80502, 40.59723], [-73.80501, 40.59724], [-73.80497, 40.59727], [-73.80493, 40.5973], [-73.80485, 40.59741], [-73.80477, 40.59753], [-73.80475, 40.59755], [-73.80473, 40.59762], [-73.80473, 40.59764], [-73.80473, 40.59765], [-73.80472, 40.59766], [-73.80472, 40.59766], [-73.80471, 40.59767], [-73.8047, 40.59768], [-73.80469, 40.59769], [-73.80468, 40.5977], [-73.80467, 40.5977], [-73.80467, 40.5977], [-73.80465, 40.59771], [-73.80462, 40.59771], [-73.8046, 40.59771], [-73.80458, 40.59771], [-73.80456, 40.59771], [-73.80455, 40.59771], [-73.80451, 40.59771], [-73.8045, 40.59772], [-73.80449, 40.59772], [-73.80448, 40.59772], [-73.80446, 40.59773], [-73.80446, 40.59773], [-73.80444, 40.59773], [-73.80444, 40.59772], [-73.80444, 40.59772], [-73.80443, 40.59773], [-73.80442, 40.59773], [-73.80442, 40.59774], [-73.80442, 40.59774], [-73.80441, 40.59775], [-73.80439, 40.59775], [-73.80438, 40.59775], [-73.80436, 40.59777], [-73.80436, 40.59777], [-73.80435, 40.59778], [-73.80435, 40.59778], [-73.80434, 40.59778], [-73.80432, 40.59779], [-73.80431, 40.59779], [-73.80431, 40.5978], [-73.8043, 40.5978], [-73.80429, 40.5978], [-73.80429, 40.5978], [-73.80428, 40.5978], [-73.80427, 40.5978], [-73.80426, 40.5978], [-73.80425, 40.59781], [-73.80424, 40.59781], [-73.80423, 40.59782], [-73.80423, 40.59782], [-73.80423, 40.59783], [-73.80423, 40.59783], [-73.80423, 40.59783], [-73.80422, 40.59783], [-73.80421, 40.59783], [-73.8042, 40.59783], [-73.80419, 40.59783], [-73.80419, 40.59783], [-73.80417, 40.59784], [-73.80416, 40.59784], [-73.80414, 40.59785], [-73.80413, 40.59787], [-73.80411, 40.59787], [-73.8041, 40.59787], [-73.80409, 40.59787], [-73.80408, 40.59787], [-73.80407, 40.59788], [-73.80406, 40.59788], [-73.80405, 40.59789], [-73.80404, 40.5979], [-73.80398, 40.59792], [-73.80396, 40.59793], [-73.80393, 40.59794], [-73.80392, 40.59795], [-73.80392, 40.59797], [-73.80391, 40.598], [-73.80391, 40.59802], [-73.8039, 40.59803], [-73.80389, 40.59804], [-73.80389, 40.59805], [-73.80389, 40.59805], [-73.80388, 40.59806], [-73.80388, 40.59806], [-73.80387, 40.59806], [-73.80386, 40.59805], [-73.80386, 40.59805], [-73.80385, 40.59805], [-73.80385, 40.59806], [-73.80385, 40.59806], [-73.80385, 40.59807], [-73.80386, 40.59808], [-73.80386, 40.59808], [-73.80386, 40.59809], [-73.80385, 40.5981], [-73.80385, 40.5981], [-73.80384, 40.5981], [-73.80382, 40.59809], [-73.80381, 40.59808], [-73.80381, 40.59808], [-73.8038, 40.59808], [-73.80379, 40.59808], [-73.80378, 40.59809], [-73.80377, 40.59809], [-73.80371, 40.59811], [-73.80371, 40.59811], [-73.80369, 40.59812], [-73.80369, 40.59812], [-73.80369, 40.59813], [-73.80368, 40.59814], [-73.80369, 40.59816], [-73.80369, 40.59817], [-73.80368, 40.59818], [-73.80368, 40.59818], [-73.80367, 40.59817], [-73.80366, 40.59817], [-73.80366, 40.59816], [-73.80365, 40.59816], [-73.80365, 40.59816], [-73.80365, 40.59817], [-73.80365, 40.59817], [-73.80364, 40.59818], [-73.80364, 40.59819], [-73.80363, 40.59819], [-73.80362, 40.59819], [-73.80362, 40.59819], [-73.8036, 40.59819], [-73.80359, 40.59819], [-73.80358, 40.59821], [-73.80358, 40.59822], [-73.80357, 40.59823], [-73.80358, 40.59824], [-73.80358, 40.59825], [-73.80358, 40.59826], [-73.80357, 40.59827], [-73.80357, 40.59828], [-73.80356, 40.59829], [-73.80355, 40.5983], [-73.80354, 40.5983], [-73.80353, 40.59829], [-73.80353, 40.59829], [-73.80352, 40.59829], [-73.80352, 40.59829], [-73.80352, 40.5983], [-73.80351, 40.59831], [-73.80351, 40.59832], [-73.8035, 40.59832], [-73.80349, 40.59832], [-73.80349, 40.59833], [-73.80345, 40.59836], [-73.80345, 40.59837], [-73.80345, 40.59838], [-73.80345, 40.59838], [-73.80345, 40.5984], [-73.80344, 40.5984], [-73.80343, 40.5984], [-73.80342, 40.5984], [-73.80341, 40.5984], [-73.80341, 40.5984], [-73.8034, 40.59841], [-73.8034, 40.59841], [-73.80339, 40.59841], [-73.8034, 40.59842], [-73.8034, 40.59842], [-73.80342, 40.59843], [-73.80343, 40.59844], [-73.80343, 40.59845], [-73.80343, 40.59845], [-73.80342, 40.59846], [-73.80342, 40.59846], [-73.8034, 40.59848], [-73.80339, 40.59849], [-73.80339, 40.5985], [-73.80339, 40.5985], [-73.80339, 40.59851], [-73.80338, 40.59852], [-73.80337, 40.59852], [-73.80336, 40.59852], [-73.80335, 40.59852], [-73.80334, 40.59852], [-73.80333, 40.59852], [-73.80331, 40.59852], [-73.8033, 40.59853], [-73.80329, 40.59853], [-73.80326, 40.59855], [-73.80324, 40.59857], [-73.8032, 40.5986], [-73.80319, 40.59862], [-73.80317, 40.59865], [-73.80313, 40.59869], [-73.80312, 40.5987], [-73.80311, 40.59871], [-73.8031, 40.59872], [-73.80309, 40.59872], [-73.80307, 40.59873], [-73.80306, 40.59874], [-73.80304, 40.59875], [-73.80303, 40.59877], [-73.80302, 40.59878], [-73.80301, 40.59879], [-73.80301, 40.59881], [-73.803, 40.59882], [-73.80299, 40.59883], [-73.80298, 40.59884], [-73.80296, 40.59886], [-73.80292, 40.59887], [-73.80289, 40.59888], [-73.80286, 40.59889], [-73.80284, 40.5989], [-73.8028, 40.59891], [-73.80271, 40.59892], [-73.80267, 40.59893], [-73.80266, 40.59894], [-73.80263, 40.59893], [-73.80257, 40.59893], [-73.80242, 40.59893], [-73.80236, 40.59893], [-73.80234, 40.59892], [-73.80228, 40.59891], [-73.8022, 40.5989], [-73.80219, 40.5989], [-73.80218, 40.5989], [-73.80216, 40.59889], [-73.80215, 40.59889], [-73.80209, 40.59887], [-73.80208, 40.59887], [-73.80203, 40.59886], [-73.80201, 40.59885], [-73.80199, 40.59885], [-73.80196, 40.59885], [-73.80194, 40.59885], [-73.80189, 40.59886], [-73.80177, 40.59889], [-73.80175, 40.59889], [-73.80169, 40.59889], [-73.80167, 40.5989], [-73.80166, 40.5989], [-73.80163, 40.59891], [-73.80155, 40.59895], [-73.8015, 40.59898], [-73.80147, 40.59899], [-73.80136, 40.59905], [-73.80125, 40.59911], [-73.80125, 40.59912], [-73.80124, 40.59912], [-73.80102, 40.59914], [-73.80095, 40.59915], [-73.80095, 40.59918], [-73.80091, 40.59918], [-73.80089, 40.5992], [-73.8009, 40.59931], [-73.80089, 40.59931], [-73.8009, 40.59934], [-73.80091, 40.59934], [-73.80092, 40.59939], [-73.80088, 40.59939], [-73.80088, 40.59934], [-73.80089, 40.59934], [-73.80088, 40.59931], [-73.80087, 40.59931], [-73.80086, 40.59921], [-73.80082, 40.59919], [-73.80078, 40.59919], [-73.80078, 40.59916], [-73.80057, 40.59917], [-73.80057, 40.5992], [-73.8005, 40.5992], [-73.80051, 40.59933], [-73.80047, 40.59933], [-73.80047, 40.59928], [-73.80046, 40.59928], [-73.80045, 40.59918], [-73.79997, 40.59921], [-73.79918, 40.59926], [-73.79918, 40.59926], [-73.79916, 40.59926], [-73.79917, 40.59932], [-73.79919, 40.59932], [-73.7992, 40.59937], [-73.79919, 40.59937], [-73.79919, 40.59942], [-73.79914, 40.59942], [-73.79914, 40.59937], [-73.79913, 40.59937], [-73.79912, 40.59932], [-73.79915, 40.59932], [-73.79914, 40.59926], [-73.79879, 40.59926], [-73.79869, 40.59926], [-73.79865, 40.59924], [-73.79862, 40.59921], [-73.79857, 40.5992], [-73.79853, 40.59918], [-73.79848, 40.59918], [-73.79843, 40.59917], [-73.79838, 40.59918], [-73.79831, 40.59919], [-73.79824, 40.5992], [-73.79817, 40.59922], [-73.79811, 40.59925], [-73.79811, 40.5993], [-73.79782, 40.59932], [-73.79769, 40.59933], [-73.79769, 40.59932], [-73.79677, 40.59938], [-73.79677, 40.59938], [-73.79661, 40.59939], [-73.79567, 40.59944], [-73.79562, 40.59944], [-73.79562, 40.59946], [-73.79554, 40.59947], [-73.79555, 40.5995], [-73.79547, 40.5995], [-73.79546, 40.59947], [-73.79531, 40.59948], [-73.79519, 40.59945], [-73.79507, 40.59943], [-73.79495, 40.59942], [-73.79482, 40.59941], [-73.7947, 40.59941], [-73.79457, 40.59942], [-73.79445, 40.59943], [-73.79433, 40.59945], [-73.79421, 40.59948], [-73.7941, 40.59951], [-73.79398, 40.59955], [-73.79388, 40.5996], [-73.79377, 40.59965], [-73.79367, 40.59971], [-73.79358, 40.59977], [-73.79355, 40.59978], [-73.79352, 40.59982], [-73.79348, 40.59985], [-73.79347, 40.59986], [-73.79346, 40.59987], [-73.79343, 40.59988], [-73.79341, 40.5999], [-73.79339, 40.59992], [-73.79338, 40.59993], [-73.79336, 40.59995], [-73.79335, 40.59995], [-73.79334, 40.59995], [-73.79332, 40.59996], [-73.79331, 40.59997], [-73.79329, 40.59997], [-73.79326, 40.59997], [-73.79319, 40.59996], [-73.79317, 40.59996], [-73.79314, 40.59998], [-73.79312, 40.59998], [-73.7931, 40.59999], [-73.79304, 40.59998], [-73.79303, 40.59998], [-73.79298, 40.59999], [-73.79291, 40.59999], [-73.7929, 40.59998], [-73.79288, 40.59996], [-73.79286, 40.59995], [-73.79285, 40.59995], [-73.79281, 40.59996], [-73.79281, 40.59995], [-73.79278, 40.59994], [-73.79277, 40.59994], [-73.79276, 40.59995], [-73.79274, 40.59999], [-73.79274, 40.6], [-73.7927, 40.60001], [-73.79267, 40.60001], [-73.79263, 40.60001], [-73.79262, 40.60001], [-73.79262, 40.60002], [-73.79261, 40.60004], [-73.7926, 40.60005], [-73.79259, 40.60005], [-73.79256, 40.60004], [-73.79254, 40.60005], [-73.79252, 40.60004], [-73.79251, 40.60002], [-73.79249, 40.60002], [-73.79246, 40.60001], [-73.79243, 40.6], [-73.79238, 40.59996], [-73.79236, 40.59995], [-73.79233, 40.59995], [-73.79229, 40.59999], [-73.79228, 40.60002], [-73.79227, 40.60002], [-73.79226, 40.60001], [-73.79224, 40.60001], [-73.79221, 40.60001], [-73.79219, 40.60002], [-73.7922, 40.60003], [-73.79219, 40.60005], [-73.79216, 40.60005], [-73.79214, 40.60006], [-73.79213, 40.60008], [-73.79211, 40.60009], [-73.79209, 40.60011], [-73.79208, 40.60013], [-73.79206, 40.60016], [-73.79205, 40.60017], [-73.79205, 40.60018], [-73.79204, 40.60021], [-73.79203, 40.60022], [-73.79193, 40.60025], [-73.79191, 40.60026], [-73.79189, 40.60028], [-73.79185, 40.60029], [-73.79182, 40.60029], [-73.7918, 40.6003], [-73.79177, 40.6003], [-73.79175, 40.60031], [-73.79172, 40.60031], [-73.79169, 40.60032], [-73.79166, 40.60032], [-73.79159, 40.60033], [-73.79157, 40.60034], [-73.79154, 40.60035], [-73.79151, 40.60037], [-73.79147, 40.60039], [-73.79144, 40.60042], [-73.79142, 40.60043], [-73.79138, 40.60046], [-73.79135, 40.60048], [-73.79125, 40.60054], [-73.79116, 40.60061], [-73.79108, 40.60069], [-73.79099, 40.60078], [-73.7909, 40.60087], [-73.79089, 40.6009], [-73.79087, 40.60092], [-73.79085, 40.60094], [-73.79082, 40.60096], [-73.79079, 40.60098], [-73.79076, 40.60099], [-73.79074, 40.60101], [-73.79072, 40.60103], [-73.79071, 40.60105], [-73.7907, 40.60107], [-73.79069, 40.60108], [-73.79067, 40.60109], [-73.79065, 40.60111], [-73.79062, 40.60112], [-73.79059, 40.60112], [-73.79056, 40.60113], [-73.79054, 40.60114], [-73.79051, 40.60114], [-73.79048, 40.60114], [-73.79045, 40.60114], [-73.79043, 40.60114], [-73.7904, 40.60115], [-73.79038, 40.60116], [-73.79035, 40.60118], [-73.79033, 40.60119], [-73.7903, 40.60121], [-73.79027, 40.60123], [-73.79025, 40.60124], [-73.79009, 40.60137], [-73.79, 40.60143], [-73.78998, 40.60146], [-73.78996, 40.60148], [-73.78994, 40.6015], [-73.78991, 40.60154], [-73.78985, 40.6016], [-73.7898, 40.60164], [-73.78975, 40.60168], [-73.7897, 40.6017], [-73.78961, 40.60177], [-73.78949, 40.60188], [-73.7894, 40.60196], [-73.78933, 40.60201], [-73.78924, 40.60207], [-73.78907, 40.60219], [-73.78901, 40.60224], [-73.78896, 40.60229], [-73.78889, 40.60234], [-73.78885, 40.60237], [-73.78881, 40.60239], [-73.78875, 40.60244], [-73.78865, 40.60251], [-73.78857, 40.60258], [-73.78852, 40.60263], [-73.78846, 40.60266], [-73.78842, 40.60269], [-73.78837, 40.60273], [-73.78832, 40.60276], [-73.78828, 40.60279], [-73.78825, 40.60281], [-73.78821, 40.60284], [-73.78817, 40.60288], [-73.78814, 40.6029], [-73.78811, 40.60293], [-73.78808, 40.60296], [-73.78804, 40.60298], [-73.78798, 40.60302], [-73.78794, 40.60304], [-73.7879, 40.60308], [-73.78786, 40.60311], [-73.78782, 40.60312], [-73.78779, 40.60313], [-73.78777, 40.60314], [-73.78775, 40.60313], [-73.78773, 40.60312], [-73.7877, 40.60311], [-73.78767, 40.60311], [-73.78762, 40.60312], [-73.78758, 40.60313], [-73.78753, 40.60315], [-73.78748, 40.60317], [-73.78743, 40.60319], [-73.78738, 40.6032], [-73.78734, 40.60322], [-73.7873, 40.60323], [-73.78728, 40.60324], [-73.78664, 40.60325], [-73.7865, 40.60325], [-73.78635, 40.60319], [-73.78631, 40.60316], [-73.7863, 40.60315], [-73.78631, 40.60314], [-73.78632, 40.60312], [-73.78629, 40.60311], [-73.78626, 40.60311], [-73.78622, 40.6031], [-73.78617, 40.60307], [-73.78617, 40.60307], [-73.78617, 40.60305], [-73.78618, 40.60303], [-73.7862, 40.60301], [-73.78624, 40.60297], [-73.78627, 40.60295], [-73.78629, 40.60293], [-73.78634, 40.6029], [-73.78639, 40.60287], [-73.78643, 40.60284], [-73.78647, 40.6028], [-73.78651, 40.60276], [-73.78647, 40.60272], [-73.78659, 40.60265], [-73.78663, 40.60268], [-73.78677, 40.60259], [-73.7869, 40.60251], [-73.78704, 40.60242], [-73.78716, 40.60233], [-73.78717, 40.60232], [-73.78718, 40.60231], [-73.78719, 40.60228], [-73.78721, 40.60226], [-73.78722, 40.60224], [-73.78723, 40.60222], [-73.78724, 40.6022], [-73.78725, 40.60218], [-73.78726, 40.60215], [-73.78727, 40.60213], [-73.78728, 40.60211], [-73.78729, 40.60209], [-73.7873, 40.60206], [-73.78732, 40.60204], [-73.78733, 40.60201], [-73.78734, 40.60199], [-73.78735, 40.60197], [-73.78737, 40.60195], [-73.78738, 40.60193], [-73.7874, 40.60191], [-73.78741, 40.60188], [-73.78742, 40.60186], [-73.78743, 40.60184], [-73.78744, 40.60181], [-73.78746, 40.60179], [-73.78747, 40.60176], [-73.78748, 40.60175], [-73.78749, 40.60173], [-73.7875, 40.6017], [-73.78751, 40.60168], [-73.78752, 40.60166], [-73.78754, 40.60164], [-73.78755, 40.60162], [-73.78755, 40.6016], [-73.78757, 40.60157], [-73.78757, 40.60156], [-73.78759, 40.60153], [-73.7876, 40.60151], [-73.78761, 40.60149], [-73.78762, 40.60147], [-73.78763, 40.60144], [-73.78764, 40.60142], [-73.78765, 40.6014], [-73.78766, 40.60137], [-73.78767, 40.60135], [-73.78769, 40.60133], [-73.78789, 40.60104], [-73.78793, 40.60099], [-73.788, 40.60094], [-73.78807, 40.60085], [-73.78836, 40.60064], [-73.7885, 40.60054], [-73.78863, 40.60048], [-73.78876, 40.60038], [-73.78887, 40.60032], [-73.78899, 40.60024], [-73.78909, 40.60018], [-73.78913, 40.60015], [-73.78919, 40.60013], [-73.78922, 40.60011], [-73.78924, 40.6001], [-73.78925, 40.60008], [-73.78926, 40.60006], [-73.78927, 40.60004], [-73.78928, 40.60002], [-73.7893, 40.60001], [-73.78936, 40.6], [-73.7894, 40.59999], [-73.78946, 40.6], [-73.78952, 40.59998], [-73.78953, 40.59997], [-73.78954, 40.59994], [-73.78955, 40.59993], [-73.78956, 40.59991], [-73.78958, 40.59989], [-73.7896, 40.59987], [-73.78963, 40.59985], [-73.78966, 40.59984], [-73.78968, 40.59982], [-73.7897, 40.5998], [-73.78975, 40.59976], [-73.78977, 40.59975], [-73.78977, 40.59973], [-73.78978, 40.59972], [-73.7898, 40.59971], [-73.78981, 40.5997], [-73.78984, 40.59966], [-73.78988, 40.59959], [-73.78989, 40.59957], [-73.78991, 40.59954], [-73.78993, 40.59952], [-73.78995, 40.59949], [-73.78998, 40.59946], [-73.79, 40.59944], [-73.79001, 40.59941], [-73.79003, 40.59939], [-73.79005, 40.59937], [-73.79014, 40.59935], [-73.79017, 40.59933], [-73.79021, 40.59932], [-73.79024, 40.5993], [-73.79028, 40.59928], [-73.7903, 40.59927], [-73.79031, 40.59926], [-73.79033, 40.59921], [-73.79034, 40.59919], [-73.79034, 40.59914], [-73.79034, 40.59912], [-73.79033, 40.59909], [-73.79033, 40.59907], [-73.79032, 40.59905], [-73.79032, 40.59903], [-73.79033, 40.599], [-73.79034, 40.59895], [-73.79035, 40.59889], [-73.79037, 40.59885], [-73.79038, 40.59883], [-73.79039, 40.59881], [-73.79039, 40.59879], [-73.7904, 40.59876], [-73.7904, 40.59874], [-73.79041, 40.59872], [-73.79042, 40.5987], [-73.79043, 40.59865], [-73.79066, 40.59811], [-73.79066, 40.59809], [-73.79068, 40.59805], [-73.7907, 40.598], [-73.79072, 40.59796], [-73.79074, 40.59789], [-73.79076, 40.59785], [-73.79079, 40.59779], [-73.7908, 40.59775], [-73.79081, 40.59771], [-73.79084, 40.59765], [-73.79085, 40.59758], [-73.79088, 40.59755], [-73.79089, 40.59752], [-73.7909, 40.5975], [-73.79091, 40.59748], [-73.79092, 40.59746], [-73.79092, 40.59744], [-73.79093, 40.59741], [-73.79094, 40.5974], [-73.79096, 40.59739], [-73.79097, 40.59738], [-73.791, 40.59734], [-73.79103, 40.5973], [-73.79106, 40.59725], [-73.79107, 40.5972], [-73.79108, 40.59715], [-73.79108, 40.59708], [-73.79107, 40.59704], [-73.79107, 40.59701], [-73.79109, 40.59697], [-73.7911, 40.59694], [-73.79109, 40.59692], [-73.79107, 40.59689], [-73.79107, 40.59687], [-73.79107, 40.59685], [-73.79108, 40.59683], [-73.7911, 40.59681], [-73.7911, 40.59679], [-73.79109, 40.59674], [-73.79108, 40.5967], [-73.79107, 40.59668], [-73.79107, 40.59664], [-73.79106, 40.59652], [-73.79105, 40.5965], [-73.79104, 40.59648], [-73.79102, 40.59646], [-73.79101, 40.59644], [-73.791, 40.59642], [-73.79099, 40.59639], [-73.79099, 40.59635], [-73.79099, 40.5963], [-73.79098, 40.59624], [-73.79097, 40.59621], [-73.79097, 40.59619], [-73.79096, 40.59616], [-73.79094, 40.59612], [-73.79094, 40.59607], [-73.79094, 40.59605], [-73.79094, 40.59603], [-73.79094, 40.596], [-73.79093, 40.59598], [-73.79093, 40.59596], [-73.79093, 40.59591], [-73.79093, 40.59588], [-73.79095, 40.59581], [-73.79097, 40.59576], [-73.79099, 40.5957], [-73.79101, 40.59563], [-73.79102, 40.59557], [-73.79103, 40.59553], [-73.79101, 40.59548], [-73.79101, 40.59545], [-73.79099, 40.59541], [-73.79098, 40.59538], [-73.79096, 40.59533], [-73.79094, 40.59529], [-73.79093, 40.59524], [-73.79092, 40.5952], [-73.79091, 40.59515], [-73.7909, 40.59512], [-73.79089, 40.5951], [-73.79088, 40.59506], [-73.79087, 40.59504], [-73.79086, 40.59502], [-73.79084, 40.595], [-73.79083, 40.59498], [-73.7908, 40.59495], [-73.79077, 40.59493], [-73.79075, 40.59491], [-73.79072, 40.5949], [-73.7907, 40.59488], [-73.79069, 40.59486], [-73.79068, 40.59484], [-73.79067, 40.59483], [-73.79067, 40.59481], [-73.79065, 40.59478], [-73.79058, 40.59476], [-73.7905, 40.59476], [-73.79042, 40.59475], [-73.79042, 40.59476], [-73.79042, 40.59477], [-73.79043, 40.59483], [-73.79044, 40.59483], [-73.79046, 40.59496], [-73.79057, 40.59495], [-73.79058, 40.59499], [-73.79058, 40.595], [-73.79058, 40.59506], [-73.7906, 40.59521], [-73.79061, 40.59525], [-73.79061, 40.59526], [-73.79061, 40.59528], [-73.79061, 40.59529], [-73.79067, 40.59574], [-73.79067, 40.59574], [-73.79071, 40.59603], [-73.79071, 40.59608], [-73.7908, 40.59608], [-73.79081, 40.59609], [-73.79059, 40.59611], [-73.79059, 40.5961], [-73.79068, 40.59609], [-73.79067, 40.59603], [-73.79067, 40.59602], [-73.79067, 40.59596], [-73.79066, 40.59595], [-73.79066, 40.5959], [-73.79065, 40.59581], [-73.79064, 40.59577], [-73.79064, 40.59575], [-73.79063, 40.59571], [-73.79063, 40.59568], [-73.79063, 40.59567], [-73.79062, 40.59561], [-73.79062, 40.59559], [-73.7906, 40.59547], [-73.7906, 40.59545], [-73.79058, 40.59527], [-73.79058, 40.59525], [-73.79057, 40.59521], [-73.79057, 40.5952], [-73.79057, 40.59519], [-73.79056, 40.59512], [-73.79055, 40.59507], [-73.79055, 40.59506], [-73.79054, 40.59498], [-73.79043, 40.59499], [-73.79041, 40.59486], [-73.79032, 40.59486], [-73.79032, 40.59485], [-73.7904, 40.59484], [-73.7904, 40.59483], [-73.79041, 40.59483], [-73.79041, 40.59479], [-73.79038, 40.59479], [-73.79038, 40.59477], [-73.79038, 40.59476], [-73.79038, 40.59475], [-73.7903, 40.59475], [-73.79021, 40.59476], [-73.79015, 40.59477], [-73.79016, 40.59482], [-73.79015, 40.59482], [-73.79016, 40.59487], [-73.79017, 40.59487], [-73.79017, 40.5949], [-73.79017, 40.59491], [-73.79018, 40.59498], [-73.79018, 40.59499], [-73.79019, 40.59506], [-73.7902, 40.59511], [-73.7902, 40.59514], [-73.79021, 40.59516], [-73.79022, 40.59523], [-73.79022, 40.59524], [-73.79022, 40.59527], [-73.79022, 40.5953], [-73.79023, 40.59532], [-73.79024, 40.59539], [-73.79024, 40.5954], [-73.79025, 40.59547], [-73.79025, 40.59549], [-73.79026, 40.59555], [-73.79026, 40.59557], [-73.79027, 40.59564], [-73.79027, 40.59565], [-73.79028, 40.59572], [-73.79028, 40.59573], [-73.79029, 40.5958], [-73.79029, 40.59581], [-73.7903, 40.59588], [-73.7903, 40.5959], [-73.79031, 40.59597], [-73.79031, 40.59598], [-73.79032, 40.59605], [-73.79042, 40.59604], [-73.79043, 40.59605], [-73.79025, 40.59607], [-73.79025, 40.59607], [-73.79018, 40.59607], [-73.79018, 40.59606], [-73.79025, 40.59605], [-73.79028, 40.59605], [-73.79027, 40.59598], [-73.79019, 40.59531], [-73.79018, 40.59527], [-73.79018, 40.59527], [-73.79016, 40.59506], [-73.79015, 40.59501], [-73.79013, 40.5949], [-73.79013, 40.59487], [-73.79014, 40.59487], [-73.79013, 40.59482], [-73.79012, 40.59482], [-73.79011, 40.59477], [-73.79007, 40.59478], [-73.78995, 40.59481], [-73.78991, 40.59481], [-73.7899, 40.5948], [-73.78987, 40.59471], [-73.78986, 40.59472], [-73.78986, 40.59473], [-73.78987, 40.59475], [-73.7899, 40.59482], [-73.78988, 40.59482], [-73.78985, 40.59474], [-73.78985, 40.59473], [-73.78985, 40.59472], [-73.78979, 40.59473], [-73.78979, 40.59474], [-73.78979, 40.59474], [-73.78982, 40.59483], [-73.78981, 40.59484], [-73.78978, 40.59475], [-73.78978, 40.59474], [-73.78978, 40.59473], [-73.78976, 40.59474], [-73.78974, 40.59474], [-73.78972, 40.59476], [-73.78971, 40.59478], [-73.78969, 40.59479], [-73.78968, 40.59481], [-73.78968, 40.59483], [-73.78967, 40.59484], [-73.78969, 40.59484], [-73.78971, 40.59484], [-73.78971, 40.59484], [-73.78973, 40.59494], [-73.78972, 40.59495], [-73.78972, 40.595], [-73.78973, 40.595], [-73.78974, 40.59505], [-73.78974, 40.59506], [-73.78975, 40.59515], [-73.78975, 40.59519], [-73.78976, 40.59525], [-73.78976, 40.59526], [-73.78977, 40.59528], [-73.78977, 40.59534], [-73.78977, 40.59535], [-73.78978, 40.59544], [-73.78979, 40.59546], [-73.7898, 40.59553], [-73.7898, 40.59555], [-73.78981, 40.59563], [-73.78981, 40.59564], [-73.78981, 40.59568], [-73.78982, 40.59574], [-73.78983, 40.59582], [-73.78986, 40.59612], [-73.78987, 40.5962], [-73.79, 40.5962], [-73.79, 40.59621], [-73.7897, 40.59623], [-73.7897, 40.59622], [-73.78984, 40.59621], [-73.78983, 40.59612], [-73.78983, 40.59611], [-73.78983, 40.59607], [-73.78982, 40.59601], [-73.78981, 40.59593], [-73.7898, 40.59589], [-73.7898, 40.59584], [-73.7898, 40.59582], [-73.78979, 40.59574], [-73.78978, 40.59573], [-73.78977, 40.59564], [-73.78977, 40.59563], [-73.78976, 40.59555], [-73.78976, 40.59554], [-73.78975, 40.59545], [-73.78975, 40.59544], [-73.78974, 40.59536], [-73.78974, 40.59534], [-73.78973, 40.59528], [-73.78973, 40.59526], [-73.78973, 40.59525], [-73.78972, 40.59518], [-73.78971, 40.59515], [-73.7897, 40.595], [-73.78971, 40.595], [-73.7897, 40.59495], [-73.78969, 40.59495], [-73.78968, 40.59486], [-73.78967, 40.59486], [-73.78967, 40.59486], [-73.78946, 40.595], [-73.78943, 40.59496], [-73.78941, 40.59495], [-73.7894, 40.59495], [-73.7894, 40.59496], [-73.7894, 40.59498], [-73.78941, 40.595], [-73.78942, 40.59502], [-73.78943, 40.59504], [-73.78938, 40.59511], [-73.78938, 40.59514], [-73.78938, 40.59516], [-73.78938, 40.59518], [-73.78935, 40.59519], [-73.78933, 40.5952], [-73.7893, 40.59519], [-73.78927, 40.59518], [-73.78924, 40.59518], [-73.78921, 40.59518], [-73.78918, 40.59518], [-73.78917, 40.59519], [-73.78918, 40.5952], [-73.78919, 40.59521], [-73.78919, 40.59523], [-73.78919, 40.59528], [-73.78918, 40.5953], [-73.78914, 40.59534], [-73.78913, 40.59538], [-73.78912, 40.59542], [-73.78911, 40.59547], [-73.78911, 40.59552], [-73.78912, 40.59554], [-73.78912, 40.59557], [-73.78914, 40.59559], [-73.78916, 40.59561], [-73.78919, 40.59562], [-73.7892, 40.59564], [-73.78921, 40.59567], [-73.78922, 40.59569], [-73.78921, 40.59571], [-73.78919, 40.59574], [-73.78917, 40.59576], [-73.78915, 40.59579], [-73.78915, 40.59581], [-73.78913, 40.59583], [-73.78912, 40.59585], [-73.78911, 40.59588], [-73.78911, 40.5959], [-73.78912, 40.59591], [-73.78914, 40.59593], [-73.78912, 40.59595], [-73.78911, 40.59597], [-73.78911, 40.59599], [-73.78912, 40.59602], [-73.78913, 40.59603], [-73.78915, 40.59605], [-73.78916, 40.59608], [-73.78917, 40.5961], [-73.78917, 40.59612], [-73.78917, 40.59615], [-73.78918, 40.59618], [-73.78918, 40.59619], [-73.78919, 40.59622], [-73.7892, 40.59624], [-73.78921, 40.59628], [-73.78921, 40.59631], [-73.78921, 40.59633], [-73.78921, 40.59636], [-73.78923, 40.59638], [-73.78925, 40.5964], [-73.78926, 40.59643], [-73.78927, 40.59645], [-73.78927, 40.59648], [-73.78926, 40.59651], [-73.78925, 40.59653], [-73.78924, 40.59658], [-73.78923, 40.5966], [-73.78923, 40.59662], [-73.78924, 40.59664], [-73.78924, 40.59666], [-73.78923, 40.59669], [-73.78923, 40.59671], [-73.78923, 40.59673], [-73.78922, 40.59676], [-73.7892, 40.59677], [-73.7892, 40.59678], [-73.7892, 40.59679], [-73.78922, 40.59681], [-73.78924, 40.59683], [-73.78924, 40.59685], [-73.78925, 40.59687], [-73.78926, 40.59689], [-73.78926, 40.59692], [-73.78926, 40.59694], [-73.78925, 40.59697], [-73.78924, 40.59699], [-73.78924, 40.59702], [-73.78922, 40.59704], [-73.78922, 40.59707], [-73.78922, 40.59709], [-73.78922, 40.5971], [-73.78922, 40.59711], [-73.78921, 40.59714], [-73.7892, 40.59716], [-73.78919, 40.59718], [-73.78917, 40.59721], [-73.78916, 40.59726], [-73.78916, 40.59728], [-73.78916, 40.5973], [-73.78915, 40.59731], [-73.78914, 40.59732], [-73.78912, 40.59734], [-73.78913, 40.59735], [-73.78913, 40.59736], [-73.78912, 40.59738], [-73.7891, 40.5974], [-73.7891, 40.59741], [-73.7891, 40.59742], [-73.7891, 40.59744], [-73.78911, 40.59745], [-73.78912, 40.59746], [-73.78913, 40.59748], [-73.78915, 40.59751], [-73.78916, 40.59752], [-73.78919, 40.5976], [-73.78919, 40.59765], [-73.78919, 40.59772], [-73.78919, 40.59779], [-73.78918, 40.59783], [-73.78917, 40.59788], [-73.78914, 40.59793], [-73.78907, 40.59802], [-73.78898, 40.59809], [-73.7889, 40.59816], [-73.78886, 40.59821], [-73.78884, 40.59823], [-73.78883, 40.59825], [-73.78881, 40.59826], [-73.7888, 40.59828], [-73.78877, 40.59829], [-73.78876, 40.5983], [-73.78874, 40.59831], [-73.78873, 40.59833], [-73.78871, 40.59833], [-73.78868, 40.59833], [-73.78864, 40.59833], [-73.78861, 40.59833], [-73.78858, 40.59834], [-73.78855, 40.59836], [-73.78854, 40.59837], [-73.78852, 40.59839], [-73.78851, 40.5984], [-73.7885, 40.59841], [-73.78849, 40.59843], [-73.78847, 40.59844], [-73.78843, 40.59847], [-73.78842, 40.59847], [-73.78837, 40.59849], [-73.78834, 40.5985], [-73.78829, 40.59852], [-73.78826, 40.59854], [-73.78822, 40.59855], [-73.78821, 40.59857], [-73.7882, 40.59859], [-73.78819, 40.59861], [-73.78818, 40.59863], [-73.78815, 40.59865], [-73.78811, 40.59868], [-73.78809, 40.5987], [-73.78807, 40.59872], [-73.78806, 40.59873], [-73.78804, 40.59875], [-73.78802, 40.59876], [-73.788, 40.59878], [-73.78798, 40.59879], [-73.78797, 40.5988], [-73.78793, 40.59882], [-73.78792, 40.59885], [-73.78789, 40.59886], [-73.78787, 40.59887], [-73.78786, 40.59888], [-73.78784, 40.59892], [-73.78782, 40.59893], [-73.78781, 40.59895], [-73.78778, 40.59897], [-73.78775, 40.59897], [-73.78774, 40.59899], [-73.78772, 40.59901], [-73.78769, 40.59903], [-73.78766, 40.59906], [-73.78765, 40.59908], [-73.78764, 40.5991], [-73.78762, 40.59912], [-73.78759, 40.59913], [-73.78759, 40.59914], [-73.78758, 40.59916], [-73.78756, 40.59918], [-73.78754, 40.59919], [-73.78753, 40.5992], [-73.78751, 40.5992], [-73.7875, 40.59921], [-73.78748, 40.59923], [-73.78745, 40.59925], [-73.78743, 40.59925], [-73.7874, 40.59926], [-73.78738, 40.59926], [-73.78735, 40.59928], [-73.78733, 40.5993], [-73.78728, 40.59933], [-73.78724, 40.59937], [-73.78722, 40.59941], [-73.78719, 40.59943], [-73.78717, 40.59944], [-73.78715, 40.59945], [-73.78713, 40.59944], [-73.7871, 40.59944], [-73.7871, 40.59945], [-73.7871, 40.59947], [-73.78709, 40.59948], [-73.78707, 40.5995], [-73.78704, 40.59952], [-73.78701, 40.59953], [-73.78698, 40.59958], [-73.78697, 40.59959], [-73.78698, 40.59961], [-73.78698, 40.59962], [-73.78699, 40.59963], [-73.787, 40.59964], [-73.78702, 40.59966], [-73.78702, 40.59967], [-73.787, 40.59968], [-73.78695, 40.59969], [-73.78693, 40.59971], [-73.78692, 40.59974], [-73.78691, 40.59976], [-73.78689, 40.59978], [-73.78687, 40.59981], [-73.78686, 40.59983], [-73.78685, 40.59985], [-73.78682, 40.59987], [-73.7868, 40.59988], [-73.78676, 40.59992], [-73.78669, 40.59996], [-73.78667, 40.59998], [-73.78664, 40.6], [-73.78662, 40.60002], [-73.78661, 40.60003], [-73.78659, 40.60004], [-73.78656, 40.60005], [-73.78653, 40.60006], [-73.7865, 40.60007], [-73.78647, 40.60008], [-73.78647, 40.6001], [-73.78644, 40.60011], [-73.78642, 40.60011], [-73.7864, 40.60011], [-73.7864, 40.60011], [-73.78634, 40.60014], [-73.78629, 40.60016], [-73.78624, 40.60019], [-73.78621, 40.6002], [-73.78617, 40.60023], [-73.78613, 40.60025], [-73.78608, 40.60026], [-73.78606, 40.60027], [-73.78602, 40.60028], [-73.78599, 40.60029], [-73.78597, 40.60032], [-73.78595, 40.60034], [-73.78593, 40.60037], [-73.78588, 40.60042], [-73.78585, 40.60046], [-73.78582, 40.6005], [-73.78579, 40.60057], [-73.78607, 40.60067], [-73.78609, 40.60063], [-73.78614, 40.60065], [-73.78611, 40.60071], [-73.78578, 40.60059], [-73.78578, 40.6006], [-73.78575, 40.60064], [-73.78574, 40.60066], [-73.78572, 40.60068], [-73.7857, 40.60071], [-73.78569, 40.60073], [-73.78567, 40.60076], [-73.78564, 40.6008], [-73.78598, 40.60092], [-73.78594, 40.60098], [-73.78589, 40.60096], [-73.78592, 40.60092], [-73.78563, 40.60082], [-73.78562, 40.60085], [-73.7856, 40.60087], [-73.78559, 40.60089], [-73.78558, 40.60092], [-73.78557, 40.60099], [-73.78556, 40.60102], [-73.78556, 40.60105], [-73.78556, 40.60108], [-73.78557, 40.60109], [-73.78558, 40.60114], [-73.78558, 40.60116], [-73.78558, 40.60119], [-73.78558, 40.60122], [-73.78557, 40.60124], [-73.78556, 40.60126], [-73.78555, 40.60129], [-73.78555, 40.60132], [-73.78554, 40.60134], [-73.78553, 40.60136], [-73.78552, 40.60138], [-73.7855, 40.6014], [-73.78546, 40.60144], [-73.78545, 40.60146], [-73.78542, 40.60149], [-73.78539, 40.60152], [-73.78537, 40.60154], [-73.78532, 40.60157], [-73.78528, 40.60158], [-73.78525, 40.60159], [-73.78522, 40.6016], [-73.78519, 40.6016], [-73.78517, 40.60161], [-73.78514, 40.60162], [-73.78508, 40.60163], [-73.78505, 40.60164], [-73.78503, 40.60164], [-73.785, 40.60164], [-73.78496, 40.60164], [-73.78494, 40.60165], [-73.78492, 40.60167], [-73.78489, 40.60168], [-73.78488, 40.60168], [-73.78487, 40.60167], [-73.78486, 40.60167], [-73.78481, 40.6017], [-73.7848, 40.60171], [-73.78477, 40.6017], [-73.78473, 40.60171], [-73.7847, 40.60172], [-73.78465, 40.60174], [-73.78463, 40.60174], [-73.7846, 40.60175], [-73.78457, 40.60176], [-73.78454, 40.60178], [-73.78451, 40.60179], [-73.78448, 40.6018], [-73.78443, 40.60183], [-73.78438, 40.60186], [-73.78433, 40.60188], [-73.78428, 40.60192], [-73.78422, 40.60195], [-73.78417, 40.60198], [-73.7841, 40.60203], [-73.78404, 40.60207], [-73.78399, 40.6021], [-73.78394, 40.60214], [-73.78389, 40.60217], [-73.78385, 40.6022], [-73.78383, 40.60222], [-73.7838, 40.60224], [-73.78376, 40.60228], [-73.78374, 40.6023], [-73.78365, 40.60239], [-73.7836, 40.60245], [-73.78356, 40.6025], [-73.78352, 40.60254], [-73.78351, 40.60256], [-73.7835, 40.60258], [-73.78347, 40.60265], [-73.78347, 40.60268], [-73.78347, 40.60272], [-73.78346, 40.60273], [-73.78346, 40.60276], [-73.78345, 40.6028], [-73.78343, 40.60285], [-73.78341, 40.6029], [-73.7834, 40.60293], [-73.78337, 40.60298], [-73.78337, 40.60304], [-73.78336, 40.60306], [-73.78336, 40.60308], [-73.78334, 40.60313], [-73.78332, 40.60317], [-73.78329, 40.60323], [-73.78325, 40.60329], [-73.78323, 40.60334], [-73.78321, 40.60338], [-73.78317, 40.60347], [-73.78315, 40.60354], [-73.78314, 40.60359], [-73.78313, 40.60362], [-73.78313, 40.60364], [-73.78314, 40.60367], [-73.78314, 40.60371], [-73.78313, 40.60376], [-73.78313, 40.60381], [-73.78315, 40.60384], [-73.78316, 40.60386], [-73.78319, 40.60388], [-73.7832, 40.6039], [-73.78323, 40.60391], [-73.78326, 40.60393], [-73.78328, 40.60394], [-73.78329, 40.60393], [-73.78333, 40.60393], [-73.78335, 40.60395], [-73.78337, 40.60396], [-73.78339, 40.60397], [-73.78346, 40.60402], [-73.78346, 40.60403], [-73.78348, 40.60405], [-73.78348, 40.60406], [-73.78349, 40.60407], [-73.7835, 40.60409], [-73.7835, 40.60412], [-73.78351, 40.60414], [-73.78353, 40.60417], [-73.78356, 40.6042], [-73.78358, 40.60422], [-73.7836, 40.60423], [-73.78361, 40.60425], [-73.78362, 40.60427], [-73.78363, 40.60429], [-73.78364, 40.60431], [-73.78364, 40.60433], [-73.78361, 40.60436], [-73.78361, 40.60437], [-73.78363, 40.60439], [-73.78363, 40.6044], [-73.78363, 40.60442], [-73.78364, 40.60442], [-73.78364, 40.60443], [-73.78365, 40.60445], [-73.78368, 40.60446], [-73.78371, 40.60447], [-73.78375, 40.60451], [-73.78376, 40.60454], [-73.78378, 40.60455], [-73.78381, 40.60459], [-73.78387, 40.60467], [-73.78388, 40.60469], [-73.78389, 40.6047], [-73.78389, 40.60471], [-73.78389, 40.60473], [-73.7839, 40.60475], [-73.78392, 40.60478], [-73.78394, 40.6048], [-73.78395, 40.60482], [-73.78396, 40.60486], [-73.78395, 40.60488], [-73.78393, 40.6049], [-73.78393, 40.60492], [-73.78392, 40.60494], [-73.7839, 40.60496], [-73.78387, 40.60497], [-73.78385, 40.60498], [-73.78383, 40.60501], [-73.78381, 40.60504], [-73.78382, 40.60505], [-73.78382, 40.60506], [-73.7838, 40.60507], [-73.78378, 40.60509], [-73.78376, 40.60511], [-73.78373, 40.60515], [-73.78372, 40.60518], [-73.78371, 40.6052], [-73.78369, 40.60522], [-73.78368, 40.60524], [-73.78367, 40.60525], [-73.78367, 40.60526], [-73.78367, 40.60529], [-73.78367, 40.60531], [-73.78367, 40.60532], [-73.78363, 40.60536], [-73.7836, 40.60538], [-73.78357, 40.60539], [-73.78356, 40.60541], [-73.78355, 40.60543], [-73.78352, 40.60548], [-73.78349, 40.6055], [-73.78347, 40.6055], [-73.78344, 40.60551], [-73.7834, 40.60551], [-73.78338, 40.60552], [-73.78338, 40.60553], [-73.78339, 40.60555], [-73.7834, 40.60556], [-73.7834, 40.60558], [-73.78339, 40.60559], [-73.78336, 40.6056], [-73.78334, 40.60559], [-73.78332, 40.60559], [-73.7833, 40.6056], [-73.7833, 40.60561], [-73.78329, 40.60562], [-73.78327, 40.60563], [-73.78325, 40.60565], [-73.78324, 40.60568], [-73.78323, 40.6057], [-73.78325, 40.60572], [-73.78325, 40.60574], [-73.78324, 40.60575], [-73.7832, 40.60578], [-73.78319, 40.60581], [-73.78318, 40.60583], [-73.78316, 40.60585], [-73.78311, 40.60588], [-73.78307, 40.60592], [-73.78304, 40.60595], [-73.78298, 40.60601], [-73.78294, 40.60605], [-73.78291, 40.60606], [-73.78289, 40.60608], [-73.78289, 40.60609], [-73.78284, 40.6061], [-73.78283, 40.60611], [-73.7828, 40.60613], [-73.7828, 40.60616], [-73.78279, 40.60617], [-73.78277, 40.60618], [-73.78275, 40.60619], [-73.78274, 40.60621], [-73.78274, 40.60623], [-73.78271, 40.60625], [-73.78268, 40.60625], [-73.78265, 40.60628], [-73.78266, 40.6063], [-73.78263, 40.60631], [-73.7826, 40.60632], [-73.7826, 40.60633], [-73.7826, 40.60635], [-73.78259, 40.60637], [-73.78256, 40.60638], [-73.78254, 40.60639], [-73.78251, 40.60639], [-73.78249, 40.6064], [-73.78246, 40.60641], [-73.78238, 40.60648], [-73.78233, 40.60652], [-73.78229, 40.60655], [-73.78225, 40.60658], [-73.78221, 40.60664], [-73.78212, 40.60674], [-73.78204, 40.60684], [-73.78199, 40.6069], [-73.78195, 40.60694], [-73.78188, 40.60702], [-73.78183, 40.60707], [-73.78181, 40.6071], [-73.78179, 40.60712], [-73.78175, 40.60716], [-73.78173, 40.60717], [-73.78169, 40.60722], [-73.78166, 40.60725], [-73.78164, 40.60727], [-73.78162, 40.60728], [-73.78158, 40.60733], [-73.78156, 40.60734], [-73.78154, 40.60737], [-73.78151, 40.6074], [-73.78147, 40.60744], [-73.78142, 40.60749], [-73.78137, 40.60754], [-73.7813, 40.6076], [-73.78127, 40.60764], [-73.78102, 40.60787], [-73.78099, 40.60791], [-73.78041, 40.60843], [-73.78025, 40.60856], [-73.7794, 40.60923], [-73.77927, 40.60931], [-73.77882, 40.60955], [-73.77869, 40.6096], [-73.77857, 40.60964], [-73.77829, 40.60971], [-73.77798, 40.60976], [-73.77769, 40.6098], [-73.77739, 40.60984], [-73.77728, 40.60985], [-73.77713, 40.60985], [-73.77703, 40.60985], [-73.77693, 40.60983], [-73.7768, 40.60981], [-73.77667, 40.60977], [-73.77658, 40.60975], [-73.77648, 40.60969], [-73.77636, 40.60966]]]}}, {"type": "Feature", "properties": {"zone_id": 120, "zone": "Highbridge Park", "borough": "Manhattan", "demand": 6}, "geometry": {"type": "Polygon", "coordinates": [[[-73.92295, 40.85885], [-73.92283, 40.85685], [-73.92278, 40.85683], [-73.92263, 40.85683], [-73.92204, 40.85685], [-73.92207, 40.85678], [-73.92216, 40.85677], [-73.92217, 40.85674], [-73.92215, 40.85673], [-73.92211, 40.85672], [-73.92217, 40.85666], [-73.92222, 40.85664], [-73.92225, 40.85661], [-73.92229, 40.85663], [-73.92233, 40.85661], [-73.92234, 40.8566], [-73.92235, 40.85659], [-73.92236, 40.85659], [-73.92237, 40.85658], [-73.92237, 40.85657], [-73.92238, 40.85656], [-73.92237, 40.85628], [-73.92234, 40.85625], [-73.92237, 40.85621], [-73.92238, 40.85598], [-73.92234, 40.85568], [-73.9223, 40.85566], [-73.92228, 40.85565], [-73.9224, 40.85551], [-73.92267, 40.85518], [-73.92282, 40.85499], [-73.9229, 40.85489], [-73.92313, 40.85459], [-73.92342, 40.85423], [-73.92361, 40.85398], [-73.92401, 40.85344], [-73.92444, 40.85284], [-73.92467, 40.85251], [-73.92497, 40.85207], [-73.92502, 40.85202], [-73.92503, 40.85199], [-73.92507, 40.85194], [-73.92511, 40.85189], [-73.92515, 40.85184], [-73.92515, 40.85181], [-73.92517, 40.8518], [-73.92522, 40.85174], [-73.92528, 40.85165], [-73.9253, 40.85161], [-73.92535, 40.85154], [-73.92542, 40.85142], [-73.92549, 40.85133], [-73.92553, 40.85127], [-73.92554, 40.85124], [-73.92564, 40.8511], [-73.92566, 40.85107], [-73.92574, 40.85095], [-73.92576, 40.85093], [-73.92585, 40.85078], [-73.92588, 40.85075], [-73.92589, 40.85072], [-73.92603, 40.85051], [-73.92624, 40.85021], [-73.92626, 40.85018], [-73.92649, 40.84984], [-73.92671, 40.84953], [-73.92692, 40.84925], [-73.92712, 40.84897], [-73.92725, 40.84876], [-73.9274, 40.84856], [-73.92752, 40.84838], [-73.92765, 40.84819], [-73.92797, 40.84773], [-73.92814, 40.84749], [-73.92822, 40.84738], [-73.92839, 40.84713], [-73.92842, 40.84708], [-73.92845, 40.84703], [-73.92849, 40.84698], [-73.92929, 40.84585], [-73.92933, 40.84579], [-73.92938, 40.84571], [-73.92943, 40.84564], [-73.92962, 40.84537], [-73.92968, 40.84529], [-73.92972, 40.84523], [-73.92977, 40.84516], [-73.92981, 40.84508], [-73.92987, 40.84498], [-73.92992, 40.84489], [-73.92999, 40.84477], [-73.93005, 40.84466], [-73.9301, 40.84455], [-73.93015, 40.84445], [-73.93022, 40.84428], [-73.93027, 40.84416], [-73.93032, 40.84404], [-73.9304, 40.84383], [-73.93045, 40.84368], [-73.9305, 40.84356], [-73.93055, 40.84343], [-73.93057, 40.84337], [-73.93058, 40.84334], [-73.93063, 40.84321], [-73.93068, 40.84308], [-73.9307, 40.84302], [-73.93073, 40.84294], [-73.93077, 40.84281], [-73.93079, 40.84279], [-73.9308, 40.84277], [-73.93081, 40.84272], [-73.93089, 40.84254], [-73.93097, 40.8424], [-73.93122, 40.84193], [-73.93153, 40.84138], [-73.93183, 40.84084], [-73.93216, 40.84025], [-73.9328, 40.83912], [-73.93296, 40.83879], [-73.9331, 40.83854], [-73.93317, 40.83842], [-73.93327, 40.83825], [-73.93336, 40.83809], [-73.93342, 40.83797], [-73.93347, 40.83789], [-73.93353, 40.83777], [-73.93364, 40.83758], [-73.93377, 40.83737], [-73.93391, 40.83713], [-73.93401, 40.83693], [-73.9341, 40.83677], [-73.9342, 40.83657], [-73.93428, 40.83638], [-73.93431, 40.83632], [-73.93436, 40.8362], [-73.9346, 40.8361], [-73.93467, 40.83606], [-73.93475, 40.83609], [-73.9348, 40.83611], [-73.93486, 40.83598], [-73.93496, 40.83576], [-73.93506, 40.83568], [-73.93531, 40.83548], [-73.93573, 40.83516], [-73.9365, 40.83457], [-73.93701, 40.83419], [-73.93706, 40.83417], [-73.9373, 40.83398], [-73.9373, 40.83398], [-73.93796, 40.83345], [-73.93838, 40.83311], [-73.93857, 40.83291], [-73.93863, 40.83286], [-73.93868, 40.8328], [-73.93877, 40.83266], [-73.93891, 40.83248], [-73.93895, 40.83242], [-73.93903, 40.83229], [-73.93913, 40.8321], [-73.93923, 40.8319], [-73.93927, 40.83176], [-73.93927, 40.83176], [-73.93927, 40.83176], [-73.93933, 40.83163], [-73.93941, 40.83149], [-73.93941, 40.83149], [-73.9395, 40.83137], [-73.93961, 40.83125], [-73.93961, 40.83125], [-73.93961, 40.83125], [-73.93973, 40.83114], [-73.9398, 40.83107], [-73.9398, 40.83107], [-73.9398, 40.83107], [-73.93987, 40.83099], [-73.93987, 40.83099], [-73.93987, 40.83099], [-73.93992, 40.83091], [-73.93992, 40.83091], [-73.93992, 40.83091], [-73.93996, 40.83082], [-73.93996, 40.83082], [-73.93999, 40.83073], [-73.94008, 40.83046], [-73.94017, 40.83038], [-73.94035, 40.83046], [-73.94037, 40.83133], [-73.94037, 40.83146], [-73.94035, 40.83159], [-73.94031, 40.83172], [-73.94025, 40.83184], [-73.94017, 40.83196], [-73.94008, 40.83207], [-73.93968, 40.83268], [-73.93963, 40.8328], [-73.93963, 40.8328], [-73.93963, 40.8328], [-73.93956, 40.83291], [-73.93956, 40.83291], [-73.93956, 40.83291], [-73.93948, 40.83301], [-73.93948, 40.83301], [-73.93948, 40.83301], [-73.93938, 40.83311], [-73.93938, 40.83311], [-73.93938, 40.83311], [-73.93927, 40.8332], [-73.93927, 40.8332], [-73.93927, 40.8332], [-73.93915, 40.83328], [-73.93849, 40.83384], [-73.9384, 40.83391], [-73.93832, 40.83398], [-73.93824, 40.83405], [-73.93817, 40.83413], [-73.9381, 40.83421], [-73.93804, 40.83429], [-73.93799, 40.83437], [-73.93794, 40.83446], [-73.9379, 40.83455], [-73.93786, 40.83464], [-73.93775, 40.83489], [-73.93738, 40.83569], [-73.93702, 40.83647], [-73.93669, 40.83719], [-73.93638, 40.83785], [-73.93623, 40.83808], [-73.9361, 40.83823], [-73.93596, 40.83837], [-73.9358, 40.8385], [-73.93564, 40.83863], [-73.93546, 40.83875], [-73.93533, 40.83887], [-73.93533, 40.83887], [-73.93533, 40.83887], [-73.93522, 40.83902], [-73.93522, 40.83902], [-73.93522, 40.83902], [-73.93512, 40.83917], [-73.93512, 40.83917], [-73.93512, 40.83917], [-73.93505, 40.83933], [-73.93501, 40.8395], [-73.93499, 40.83968], [-73.93499, 40.83968], [-73.93499, 40.83968], [-73.93501, 40.83985], [-73.93501, 40.83985], [-73.93501, 40.83985], [-73.93504, 40.84002], [-73.93504, 40.84002], [-73.93504, 40.84002], [-73.93511, 40.84018], [-73.93519, 40.84033], [-73.93519, 40.84034], [-73.93519, 40.84034], [-73.9353, 40.84047], [-73.93544, 40.84075], [-73.93559, 40.84117], [-73.93563, 40.84128], [-73.93563, 40.84128], [-73.93563, 40.84128], [-73.93564, 40.84139], [-73.93564, 40.84139], [-73.93564, 40.84139], [-73.93564, 40.8415], [-73.93564, 40.8415], [-73.93561, 40.84161], [-73.93561, 40.84161], [-73.93561, 40.84161], [-73.93557, 40.84171], [-73.93514, 40.84231], [-73.93467, 40.84296], [-73.93421, 40.84357], [-73.93372, 40.84425], [-73.93323, 40.84491], [-73.93315, 40.84502], [-73.93277, 40.84554], [-73.93232, 40.84615], [-73.93224, 40.84626], [-73.93219, 40.84634], [-73.9321, 40.84646], [-73.93207, 40.8465], [-73.93204, 40.84653], [-73.93201, 40.84658], [-73.93198, 40.84662], [-73.93191, 40.84671], [-73.93185, 40.8468], [-73.93139, 40.84743], [-73.93116, 40.84774], [-73.93088, 40.84812], [-73.93062, 40.84848], [-73.92971, 40.84812], [-73.92898, 40.84926], [-73.92887, 40.84939], [-73.92873, 40.84952], [-73.92859, 40.84964], [-73.92842, 40.84975], [-73.92825, 40.84984], [-73.92748, 40.85069], [-73.92708, 40.85143], [-73.92703, 40.8522], [-73.9277, 40.85249], [-73.92724, 40.85311], [-73.9268, 40.85372], [-73.92469, 40.85664], [-73.92467, 40.85681], [-73.92467, 40.85698], [-73.92469, 40.85715], [-73.92473, 40.85733], [-73.92479, 40.85749], [-73.92487, 40.85766], [-73.92497, 40.85781], [-73.92508, 40.85796], [-73.92519, 40.85803], [-73.92532, 40.85809], [-73.92547, 40.85814], [-73.92563, 40.85818], [-73.92581, 40.85819], [-73.92599, 40.85819], [-73.92618, 40.85815], [-73.92635, 40.8581], [-73.9265, 40.85802], [-73.92664, 40.85793], [-73.92674, 40.85783], [-73.92682, 40.85772], [-73.92688, 40.85761], [-73.92691, 40.85751], [-73.92712, 40.85811], [-73.9271, 40.85828], [-73.92705, 40.85844], [-73.92698, 40.85861], [-73.92688, 40.85876], [-73.92677, 40.85891], [-73.92663, 40.85905], [-73.92647, 40.85918], [-73.9263, 40.85929], [-73.92611, 40.85938], [-73.92592, 40.8595], [-73.92574, 40.85964], [-73.92557, 40.85979], [-73.92542, 40.85995], [-73.92529, 40.86013], [-73.92518, 40.86031], [-73.92509, 40.8605], [-73.92502, 40.86069], [-73.92498, 40.86089], [-73.92496, 40.86109], [-73.92497, 40.86125], [-73.92497, 40.86128], [-73.925, 40.86146], [-73.92474, 40.86159], [-73.92468, 40.8615], [-73.92461, 40.8614], [-73.92412, 40.86065], [-73.92296, 40.85891], [-73.92295, 40.85885]]]}}, {"type": "Feature", "properties": {"zone_id": 122, "zone": "Hollis", "borough": "Queens", "demand": 5}, "geometry": {"type": "Polygon", "coordinates": [[[-73.75726, 40.71814], [-73.75589, 40.7163], [-73.7547, 40.71471], [-73.75408, 40.7139], [-73.75405, 40.71388], [-73.75401, 40.71383], [-73.75371, 40.71332], [-73.75361, 40.71307], [-73.75358, 40.71299], [-73.75318, 40.71205], [-73.75246, 40.71032], [-73.75184, 40.70882], [-73.7514, 40.70775], [-73.75121, 40.70731], [-73.75077, 40.70632], [-73.75047, 40.70564], [-73.75052, 40.70563], [-73.75205, 40.70523], [-73.75294, 40.705], [-73.75382, 40.70477], [-73.75471, 40.70454], [-73.75561, 40.7043], [-73.75652, 40.70406], [-73.75741, 40.70383], [-73.7583, 40.7036], [-73.75918, 40.70337], [-73.76007, 40.70314], [-73.76096, 40.70291], [-73.76126, 40.7036], [-73.76263, 40.70324], [-73.76278, 40.70321], [-73.76367, 40.70297], [-73.76455, 40.70274], [-73.76544, 40.70251], [-73.76613, 40.70233], [-73.76637, 40.70256], [-73.76657, 40.70275], [-73.76665, 40.70334], [-73.76679, 40.70401], [-73.76701, 40.70527], [-73.76705, 40.70547], [-73.76725, 40.70631], [-73.76734, 40.70664], [-73.76756, 40.70732], [-73.76776, 40.70799], [-73.76789, 40.70841], [-73.76826, 40.70953], [-73.76845, 40.70964], [-73.76866, 40.70974], [-73.76881, 40.70981], [-73.77084, 40.71017], [-73.77116, 40.7102], [-73.77148, 40.71022], [-73.77165, 40.71022], [-73.77169, 40.71026], [-73.77172, 40.71032], [-73.77159, 40.71035], [-73.77159, 40.71035], [-73.77159, 40.71035], [-73.77144, 40.7104], [-73.77144, 40.7104], [-73.77144, 40.7104], [-73.7713, 40.71045], [-73.7713, 40.71045], [-73.7713, 40.71045], [-73.77119, 40.7105], [-73.77103, 40.71058], [-73.77103, 40.71058], [-73.77102, 40.71058], [-73.77089, 40.71065], [-73.77077, 40.71073], [-73.77077, 40.71073], [-73.77077, 40.71073], [-73.77066, 40.71082], [-73.77007, 40.71135], [-73.76963, 40.71179], [-73.76944, 40.71198], [-73.76946, 40.71201], [-73.77039, 40.7134], [-73.77113, 40.7145], [-73.77192, 40.71568], [-73.7711, 40.71597], [-73.77008, 40.71633], [-73.76923, 40.71663], [-73.76914, 40.71666], [-73.76906, 40.71668], [-73.76818, 40.71699], [-73.76733, 40.71729], [-73.76664, 40.71765], [-73.76571, 40.71639], [-73.76437, 40.71697], [-73.76336, 40.71741], [-73.76248, 40.71778], [-73.76166, 40.71814], [-73.76085, 40.71849], [-73.76003, 40.71885], [-73.75922, 40.7192], [-73.75878, 40.71938], [-73.75839, 40.71955], [-73.75833, 40.71958], [-73.75726, 40.71814]]]}}, {"type": "Feature", "properties": {"zone_id": 123, "zone": "Homecrest", "borough": "Brooklyn", "demand": 3}, "geometry": {"type": "Polygon", "coordinates": [[[-73.96286, 40.61255], [-73.96238, 40.60999], [-73.96137, 40.6101], [-73.96044, 40.6102], [-73.95952, 40.6103], [-73.95859, 40.6104], [-73.95828, 40.60875], [-73.95772, 40.6058], [-73.95753, 40.60482], [-73.95728, 40.60347], [-73.95683, 40.60109], [-73.95776, 40.60099], [-73.95733, 40.59873], [-73.95693, 40.59661], [-73.95656, 40.59465], [-73.95608, 40.5921], [-73.957, 40.592], [-73.95672, 40.5905], [-73.95666, 40.5901], [-73.95659, 40.58988], [-73.95639, 40.58893], [-73.95623, 40.588], [-73.95619, 40.58776], [-73.95713, 40.58766], [-73.9582, 40.58754], [-73.95935, 40.58742], [-73.95978, 40.58737], [-73.96035, 40.58731], [-73.96041, 40.58803], [-73.96046, 40.58872], [-73.96052, 40.58945], [-73.96057, 40.59018], [-73.96062, 40.59086], [-73.96068, 40.5916], [-73.96284, 40.59136], [-73.96377, 40.59126], [-73.96484, 40.59114], [-73.96514, 40.5911], [-73.96529, 40.59109], [-73.96543, 40.59107], [-73.96652, 40.59095], [-73.96745, 40.59085], [-73.96788, 40.5908], [-73.96837, 40.59075], [-73.9693, 40.59065], [-73.97022, 40.59054], [-73.97115, 40.59044], [-73.97129, 40.59116], [-73.97142, 40.59184], [-73.97156, 40.59256], [-73.97178, 40.59376], [-73.9719, 40.59435], [-73.97177, 40.59511], [-73.9717, 40.59549], [-73.97153, 40.59637], [-73.97133, 40.59635], [-73.97148, 40.59717], [-73.97163, 40.59794], [-73.97176, 40.59865], [-73.97191, 40.59942], [-73.97291, 40.59932], [-73.97257, 40.60179], [-73.97245, 40.60262], [-73.97235, 40.60335], [-73.97218, 40.60419], [-73.9724, 40.60565], [-73.97259, 40.60667], [-73.97299, 40.60881], [-73.97191, 40.60894], [-73.9709, 40.60905], [-73.96997, 40.60915], [-73.96904, 40.60925], [-73.96792, 40.60939], [-73.96769, 40.60942], [-73.9674, 40.60946], [-73.9663, 40.60955], [-73.96522, 40.60967], [-73.9643, 40.60978], [-73.96478, 40.61233], [-73.96385, 40.61243], [-73.96286, 40.61255]]]}}, {"type": "Feature", "properties": {"zone_id": 131, "zone": "Jamaica Estates", "borough": "Queens", "demand": 9}, "geometry": {"type": "Polygon", "coordinates": [[[-73.77733, 40.72239], [-73.77728, 40.72235], [-73.77601, 40.7233], [-73.77584, 40.72343], [-73.77603, 40.72336], [-73.77606, 40.72336], [-73.77587, 40.72347], [-73.77548, 40.72372], [-73.77525, 40.72384], [-73.77497, 40.72399], [-73.77437, 40.72426], [-73.77424, 40.72432], [-73.77373, 40.72453], [-73.77349, 40.72462], [-73.77287, 40.72487], [-73.77225, 40.72508], [-73.77165, 40.72527], [-73.77163, 40.72527], [-73.7714, 40.72535], [-73.76991, 40.72575], [-73.76975, 40.72578], [-73.76924, 40.7259], [-73.76873, 40.72599], [-73.76872, 40.72599], [-73.76871, 40.72599], [-73.7687, 40.72598], [-73.76869, 40.72598], [-73.76868, 40.72597], [-73.76867, 40.72597], [-73.76866, 40.72596], [-73.76865, 40.72596], [-73.76864, 40.72595], [-73.76863, 40.72595], [-73.76862, 40.72594], [-73.76862, 40.72594], [-73.76861, 40.72593], [-73.7686, 40.72592], [-73.7686, 40.72592], [-73.76859, 40.72591], [-73.76859, 40.7259], [-73.76858, 40.7259], [-73.76858, 40.72589], [-73.76857, 40.72589], [-73.76857, 40.72588], [-73.76857, 40.72587], [-73.76857, 40.72587], [-73.76857, 40.72586], [-73.76857, 40.72585], [-73.76746, 40.72614], [-73.76718, 40.72618], [-73.76661, 40.72627], [-73.76629, 40.72632], [-73.76619, 40.72633], [-73.76611, 40.72634], [-73.76568, 40.72638], [-73.76547, 40.72638], [-73.76545, 40.72638], [-73.76476, 40.7264], [-73.76387, 40.72628], [-73.76377, 40.72627], [-73.76368, 40.72626], [-73.76242, 40.72609], [-73.76204, 40.72603], [-73.76182, 40.726], [-73.76103, 40.72589], [-73.76084, 40.72588], [-73.76017, 40.72581], [-73.75995, 40.7258], [-73.75956, 40.7258], [-73.75923, 40.72581], [-73.7588, 40.72584], [-73.75835, 40.72589], [-73.75796, 40.72595], [-73.75756, 40.72603], [-73.75722, 40.72611], [-73.75698, 40.72616], [-73.75683, 40.72619], [-73.75678, 40.72621], [-73.7567, 40.72623], [-73.75671, 40.72618], [-73.75603, 40.72559], [-73.75581, 40.72543], [-73.75567, 40.72532], [-73.75548, 40.72512], [-73.75524, 40.72478], [-73.75509, 40.72449], [-73.75497, 40.72416], [-73.75504, 40.72411], [-73.75577, 40.72364], [-73.75546, 40.72335], [-73.75491, 40.72284], [-73.75463, 40.72258], [-73.75433, 40.72231], [-73.75323, 40.72128], [-73.75301, 40.7211], [-73.75282, 40.7209], [-73.75264, 40.7207], [-73.75248, 40.72048], [-73.75233, 40.72026], [-73.75313, 40.71991], [-73.75393, 40.71957], [-73.75475, 40.71922], [-73.75557, 40.71887], [-73.75638, 40.71851], [-73.75721, 40.71816], [-73.75726, 40.71814], [-73.75833, 40.71958], [-73.75839, 40.71955], [-73.75878, 40.71938], [-73.75922, 40.7192], [-73.76003, 40.71885], [-73.76085, 40.71849], [-73.76166, 40.71814], [-73.76248, 40.71778], [-73.76336, 40.71741], [-73.76437, 40.71697], [-73.76571, 40.71639], [-73.76664, 40.71765], [-73.76733, 40.71729], [-73.76818, 40.71699], [-73.7687, 40.71681], [-73.76906, 40.71668], [-73.76914, 40.71666], [-73.76923, 40.71663], [-73.77008, 40.71633], [-73.7711, 40.71597], [-73.77192, 40.71568], [-73.77276, 40.7154], [-73.77357, 40.71512], [-73.77444, 40.7149], [-73.7753, 40.7147], [-73.77571, 40.7146], [-73.77619, 40.71448], [-73.77712, 40.71426], [-73.77731, 40.71421], [-73.778, 40.71405], [-73.77887, 40.71385], [-73.77973, 40.71363], [-73.77998, 40.71357], [-73.78042, 40.71347], [-73.78059, 40.71343], [-73.78178, 40.71314], [-73.78227, 40.71302], [-73.78237, 40.713], [-73.78247, 40.71298], [-73.78263, 40.71294], [-73.78356, 40.71271], [-73.78446, 40.71249], [-73.78535, 40.71228], [-73.78575, 40.71216], [-73.78616, 40.71206], [-73.78658, 40.71197], [-73.787, 40.7119], [-73.78742, 40.71185], [-73.78785, 40.71181], [-73.78844, 40.71198], [-73.78844, 40.71199], [-73.78845, 40.71199], [-73.78846, 40.71199], [-73.78847, 40.712], [-73.78848, 40.712], [-73.78849, 40.712], [-73.7885, 40.712], [-73.78851, 40.71201], [-73.78852, 40.71201], [-73.78853, 40.71201], [-73.78854, 40.71201], [-73.78855, 40.71202], [-73.78856, 40.71202], [-73.78857, 40.71202], [-73.78858, 40.71202], [-73.78859, 40.71203], [-73.7886, 40.71203], [-73.78861, 40.71203], [-73.78863, 40.71203], [-73.78864, 40.71203], [-73.78865, 40.71204], [-73.78866, 40.71204], [-73.78867, 40.71204], [-73.78868, 40.71204], [-73.78869, 40.71204], [-73.7887, 40.71205], [-73.78871, 40.71205], [-73.78872, 40.71205], [-73.78873, 40.71205], [-73.78874, 40.71205], [-73.78875, 40.71205], [-73.78876, 40.71205], [-73.78877, 40.71206], [-73.78878, 40.71206], [-73.78879, 40.71206], [-73.7888, 40.71206], [-73.78881, 40.71206], [-73.78882, 40.71206], [-73.78883, 40.71206], [-73.78884, 40.71206], [-73.78885, 40.71207], [-73.78886, 40.71207], [-73.78888, 40.71207], [-73.78889, 40.71207], [-73.7889, 40.71207], [-73.78891, 40.71207], [-73.78892, 40.71207], [-73.78893, 40.71207], [-73.78894, 40.71207], [-73.78895, 40.71207], [-73.78896, 40.71207], [-73.78897, 40.71207], [-73.78898, 40.71207], [-73.78899, 40.71207], [-73.789, 40.71207], [-73.78901, 40.71207], [-73.78915, 40.71206], [-73.78928, 40.71203], [-73.78941, 40.712], [-73.79022, 40.71172], [-73.79101, 40.71143], [-73.79203, 40.71107], [-73.79304, 40.71071], [-73.79301, 40.71155], [-73.79301, 40.71176], [-73.79303, 40.71198], [-73.79307, 40.7122], [-73.79313, 40.71241], [-73.79322, 40.71261], [-73.7935, 40.71321], [-73.79356, 40.71336], [-73.79361, 40.71351], [-73.79361, 40.71351], [-73.79361, 40.71351], [-73.79363, 40.71366], [-73.79364, 40.71382], [-73.79364, 40.71382], [-73.79364, 40.71382], [-73.79362, 40.71397], [-73.79359, 40.71413], [-73.79353, 40.71428], [-73.79353, 40.71428], [-73.79353, 40.71428], [-73.79346, 40.71442], [-73.79315, 40.71493], [-73.79269, 40.71568], [-73.7924, 40.71619], [-73.79234, 40.71646], [-73.79227, 40.71728], [-73.79224, 40.71743], [-73.79219, 40.71761], [-73.79211, 40.71779], [-73.79211, 40.71779], [-73.79201, 40.71797], [-73.7919, 40.71814], [-73.79173, 40.71832], [-73.79162, 40.71842], [-73.7915, 40.71852], [-73.79137, 40.71861], [-73.79124, 40.71869], [-73.7909, 40.71888], [-73.79077, 40.71913], [-73.79073, 40.71921], [-73.79071, 40.71927], [-73.79053, 40.71975], [-73.79051, 40.71981], [-73.79038, 40.7201], [-73.7903, 40.72089], [-73.79029, 40.72138], [-73.79036, 40.723], [-73.79045, 40.72355], [-73.79088, 40.72419], [-73.79137, 40.72495], [-73.79148, 40.72514], [-73.79157, 40.72533], [-73.79166, 40.72552], [-73.79173, 40.72572], [-73.79174, 40.72579], [-73.79169, 40.72579], [-73.79086, 40.72603], [-73.78998, 40.72632], [-73.78964, 40.72642], [-73.78911, 40.7266], [-73.78825, 40.72689], [-73.78738, 40.72717], [-73.78656, 40.72744], [-73.78619, 40.72756], [-73.78569, 40.72773], [-73.78483, 40.72801], [-73.78398, 40.72829], [-73.7836, 40.72841], [-73.78292, 40.72864], [-73.78206, 40.72892], [-73.78116, 40.72921], [-73.78025, 40.72946], [-73.77937, 40.7297], [-73.77849, 40.72994], [-73.77758, 40.73019], [-73.77755, 40.73014], [-73.77673, 40.72843], [-73.77596, 40.72681], [-73.77556, 40.72597], [-73.77523, 40.72524], [-73.77634, 40.72446], [-73.77643, 40.7243], [-73.77655, 40.72414], [-73.77668, 40.72399], [-73.77683, 40.72385], [-73.777, 40.72372], [-73.77719, 40.7236], [-73.77739, 40.7235], [-73.7776, 40.72341], [-73.77782, 40.72334], [-73.77804, 40.72328], [-73.77788, 40.72304], [-73.77775, 40.72284], [-73.77758, 40.72264], [-73.77738, 40.72245], [-73.77733, 40.72239]]]}}, {"type": "Feature", "properties": {"zone_id": 139, "zone": "Laurelton", "borough": "Queens", "demand": 4}, "geometry": {"type": "Polygon", "coordinates": [[[-73.74125, 40.68746], [-73.7376, 40.68636], [-73.73744, 40.6867], [-73.73732, 40.68666], [-73.73658, 40.68644], [-73.7357, 40.68617], [-73.73483, 40.68591], [-73.73451, 40.68581], [-73.73396, 40.68564], [-73.73362, 40.68553], [-73.73356, 40.68552], [-73.7335, 40.6855], [-73.73308, 40.68538], [-73.73222, 40.68512], [-73.73133, 40.68485], [-73.73046, 40.68459], [-73.72959, 40.68432], [-73.72872, 40.68406], [-73.72785, 40.6838], [-73.72718, 40.6836], [-73.7272, 40.68356], [-73.7281, 40.68176], [-73.7283, 40.68148], [-73.72852, 40.68121], [-73.72875, 40.68094], [-73.72899, 40.68068], [-73.72925, 40.68043], [-73.72951, 40.68005], [-73.73047, 40.67935], [-73.73106, 40.67831], [-73.73187, 40.67757], [-73.73303, 40.67649], [-73.73332, 40.67613], [-73.73384, 40.67546], [-73.73404, 40.67524], [-73.73503, 40.67403], [-73.73506, 40.67399], [-73.7351, 40.67392], [-73.73562, 40.67313], [-73.73597, 40.67257], [-73.73625, 40.67263], [-73.73593, 40.67243], [-73.73718, 40.67091], [-73.73736, 40.67062], [-73.73755, 40.67033], [-73.73776, 40.67006], [-73.73799, 40.66979], [-73.73824, 40.66953], [-73.7385, 40.66928], [-73.7387, 40.66907], [-73.739, 40.66875], [-73.73922, 40.66852], [-73.73993, 40.66776], [-73.7408, 40.66684], [-73.74118, 40.6664], [-73.74441, 40.6664], [-73.74537, 40.6664], [-73.74609, 40.6664], [-73.74866, 40.66638], [-73.75073, 40.6664], [-73.75176, 40.66639], [-73.75319, 40.6664], [-73.75337, 40.6664], [-73.75526, 40.66639], [-73.75551, 40.6664], [-73.75602, 40.66639], [-73.75756, 40.66645], [-73.75763, 40.66645], [-73.75732, 40.66704], [-73.757, 40.66774], [-73.75672, 40.66856], [-73.75668, 40.66876], [-73.75644, 40.66967], [-73.75641, 40.67037], [-73.75643, 40.67063], [-73.75646, 40.67109], [-73.75648, 40.67149], [-73.75646, 40.67168], [-73.75636, 40.67243], [-73.75644, 40.67244], [-73.75815, 40.67271], [-73.75857, 40.67264], [-73.7586, 40.67275], [-73.75881, 40.673], [-73.76031, 40.67511], [-73.75951, 40.67545], [-73.75801, 40.67608], [-73.7579, 40.67612], [-73.75692, 40.67653], [-73.75687, 40.67642], [-73.75681, 40.67631], [-73.75673, 40.67621], [-73.75663, 40.67612], [-73.75649, 40.67602], [-73.75576, 40.67589], [-73.75564, 40.67621], [-73.75562, 40.67626], [-73.75549, 40.67663], [-73.75523, 40.67729], [-73.75485, 40.67793], [-73.75418, 40.67884], [-73.75399, 40.67909], [-73.75373, 40.67946], [-73.75346, 40.67982], [-73.75329, 40.68005], [-73.75324, 40.68012], [-73.75321, 40.68015], [-73.75268, 40.68087], [-73.75247, 40.68118], [-73.75226, 40.68149], [-73.7518, 40.6824], [-73.75154, 40.68305], [-73.75126, 40.68373], [-73.75103, 40.68422], [-73.75026, 40.68561], [-73.75009, 40.68592], [-73.74945, 40.68667], [-73.74885, 40.68745], [-73.74857, 40.6878], [-73.74755, 40.68935], [-73.74747, 40.68932], [-73.74125, 40.68746]]]}}, {"type": "Feature", "properties": {"zone_id": 149, "zone": "Madison", "borough": "Brooklyn", "demand": 1}, "geometry": {"type": "Polygon", "coordinates": [[[-73.94406, 40.61199], [-73.9438, 40.61072], [-73.9437, 40.61021], [-73.94364, 40.60986], [-73.94355, 40.60935], [-73.94231, 40.60827], [-73.94187, 40.60856], [-73.94155, 40.60877], [-73.94083, 40.60923], [-73.94012, 40.60969], [-73.93935, 40.61019], [-73.93754, 40.60856], [-73.9383, 40.60806], [-73.93901, 40.6076], [-73.93934, 40.60739], [-73.93939, 40.60735], [-73.93973, 40.60713], [-73.93844, 40.60597], [-73.93792, 40.6055], [-73.93609, 40.60387], [-73.93426, 40.60223], [-73.93503, 40.60173], [-73.93447, 40.60123], [-73.93526, 40.60114], [-73.9362, 40.60105], [-73.93715, 40.60095], [-73.93811, 40.60084], [-73.93904, 40.60074], [-73.93953, 40.60069], [-73.93997, 40.60064], [-73.94089, 40.60054], [-73.94117, 40.60051], [-73.94189, 40.60043], [-73.94289, 40.60032], [-73.94284, 40.60005], [-73.94279, 40.59979], [-73.94248, 40.5982], [-73.94341, 40.5981], [-73.94388, 40.59805], [-73.94434, 40.59799], [-73.9448, 40.59794], [-73.94527, 40.59789], [-73.94623, 40.59779], [-73.94719, 40.59768], [-73.94812, 40.59758], [-73.94855, 40.59753], [-73.94905, 40.59748], [-73.94997, 40.59738], [-73.95101, 40.59726], [-73.9522, 40.59713], [-73.95315, 40.59703], [-73.95411, 40.59692], [-73.95508, 40.59682], [-73.95545, 40.59677], [-73.956, 40.59671], [-73.95693, 40.59661], [-73.95733, 40.59873], [-73.95776, 40.60099], [-73.95683, 40.60109], [-73.95728, 40.60347], [-73.95753, 40.60482], [-73.95772, 40.6058], [-73.95828, 40.60875], [-73.95859, 40.6104], [-73.95805, 40.61046], [-73.95767, 40.6105], [-73.9567, 40.61061], [-73.95574, 40.61071], [-73.9548, 40.61082], [-73.9536, 40.61095], [-73.95259, 40.61111], [-73.95257, 40.61099], [-73.95163, 40.61112], [-73.95071, 40.61125], [-73.94978, 40.61137], [-73.94993, 40.61214], [-73.94996, 40.61232], [-73.95, 40.61249], [-73.95027, 40.61392], [-73.94931, 40.61403], [-73.94835, 40.61414], [-73.94773, 40.61417], [-73.94743, 40.61422], [-73.94657, 40.61479], [-73.94574, 40.61536], [-73.94483, 40.61605], [-73.9448, 40.61589], [-73.94457, 40.6148], [-73.94431, 40.61341], [-73.94417, 40.61272], [-73.94406, 40.61199]]]}}, {"type": "Feature", "properties": {"zone_id": 153, "zone": "Marble Hill", "borough": "Manhattan", "demand": 10}, "geometry": {"type": "Polygon", "coordinates": [[[-73.90667, 40.87572], [-73.90692, 40.87503], [-73.90716, 40.87437], [-73.90746, 40.87355], [-73.90774, 40.87285], [-73.90846, 40.87262], [-73.90872, 40.87223], [-73.90893, 40.87216], [-73.90898, 40.87222], [-73.90902, 40.87229], [-73.90906, 40.87234], [-73.90909, 40.87237], [-73.9091, 40.87239], [-73.9091, 40.87241], [-73.90914, 40.87246], [-73.90917, 40.87248], [-73.90919, 40.87251], [-73.90921, 40.87256], [-73.90925, 40.8726], [-73.90927, 40.87263], [-73.90927, 40.87266], [-73.90936, 40.87277], [-73.90944, 40.87288], [-73.90951, 40.87298], [-73.90954, 40.87302], [-73.90958, 40.87306], [-73.90959, 40.87306], [-73.9096, 40.87309], [-73.90964, 40.87311], [-73.90965, 40.87312], [-73.90967, 40.87315], [-73.90971, 40.87318], [-73.90972, 40.8732], [-73.90975, 40.87322], [-73.90979, 40.87325], [-73.90985, 40.87331], [-73.90991, 40.87338], [-73.90996, 40.87343], [-73.91002, 40.87348], [-73.91008, 40.87354], [-73.91009, 40.87354], [-73.91011, 40.87355], [-73.9101, 40.87356], [-73.91017, 40.87362], [-73.91018, 40.87361], [-73.91018, 40.87363], [-73.91019, 40.87364], [-73.91027, 40.87371], [-73.91035, 40.87378], [-73.91045, 40.87384], [-73.91051, 40.87388], [-73.91065, 40.87398], [-73.91081, 40.87408], [-73.91085, 40.87411], [-73.91092, 40.87415], [-73.91099, 40.87418], [-73.91107, 40.87422], [-73.91111, 40.87424], [-73.91116, 40.87427], [-73.91119, 40.87428], [-73.91125, 40.87431], [-73.91126, 40.87432], [-73.91127, 40.87432], [-73.91128, 40.87433], [-73.91131, 40.87434], [-73.91148, 40.87442], [-73.91151, 40.87442], [-73.91155, 40.87443], [-73.91157, 40.87443], [-73.9116, 40.87444], [-73.9116, 40.87444], [-73.91162, 40.87445], [-73.91163, 40.87446], [-73.91164, 40.87446], [-73.91165, 40.87447], [-73.91167, 40.87448], [-73.91167, 40.87449], [-73.91169, 40.87449], [-73.91169, 40.87449], [-73.9117, 40.8745], [-73.91173, 40.8745], [-73.91174, 40.87451], [-73.91177, 40.87452], [-73.91179, 40.87452], [-73.91181, 40.87452], [-73.91184, 40.87453], [-73.91186, 40.87454], [-73.91188, 40.87455], [-73.9119, 40.87455], [-73.91192, 40.87456], [-73.91192, 40.87456], [-73.91193, 40.87456], [-73.91193, 40.87457], [-73.91194, 40.87457], [-73.91195, 40.87458], [-73.91195, 40.87458], [-73.91196, 40.87457], [-73.91197, 40.87457], [-73.91197, 40.87456], [-73.91203, 40.87458], [-73.91208, 40.8746], [-73.91215, 40.87461], [-73.91218, 40.87462], [-73.91221, 40.87463], [-73.91222, 40.87464], [-73.91223, 40.87465], [-73.91223, 40.87466], [-73.91224, 40.87465], [-73.91225, 40.87465], [-73.91228, 40.87465], [-73.91227, 40.87467], [-73.91228, 40.87467], [-73.91229, 40.87468], [-73.91231, 40.87467], [-73.91231, 40.87467], [-73.91232, 40.87468], [-73.91233, 40.87468], [-73.91234, 40.87468], [-73.91234, 40.87469], [-73.91234, 40.87469], [-73.91235, 40.87469], [-73.91236, 40.87469], [-73.91235, 40.8747], [-73.91236, 40.8747], [-73.91236, 40.8747], [-73.91237, 40.87471], [-73.91238, 40.8747], [-73.91239, 40.87471], [-73.91239, 40.87471], [-73.9124, 40.87471], [-73.91242, 40.87472], [-73.91243, 40.87471], [-73.91244, 40.87472], [-73.91245, 40.87472], [-73.91246, 40.87472], [-73.91248, 40.87473], [-73.91249, 40.87473], [-73.91249, 40.87474], [-73.9125, 40.87474], [-73.91251, 40.87473], [-73.91252, 40.87473], [-73.91253, 40.87474], [-73.91253, 40.87475], [-73.91255, 40.87475], [-73.91256, 40.87476], [-73.91259, 40.87476], [-73.91262, 40.87478], [-73.91264, 40.87478], [-73.91267, 40.87479], [-73.9127, 40.87479], [-73.91271, 40.8748], [-73.91272, 40.8748], [-73.91273, 40.8748], [-73.91274, 40.8748], [-73.91275, 40.87481], [-73.91277, 40.87481], [-73.91279, 40.87482], [-73.9128, 40.87482], [-73.91281, 40.87483], [-73.91282, 40.87483], [-73.91285, 40.87484], [-73.91286, 40.87485], [-73.91287, 40.87485], [-73.91288, 40.87485], [-73.91288, 40.87485], [-73.91289, 40.87485], [-73.9129, 40.87486], [-73.91292, 40.87486], [-73.91294, 40.87486], [-73.91294, 40.87485], [-73.9135, 40.87502], [-73.91349, 40.87504], [-73.9135, 40.87503], [-73.91351, 40.87503], [-73.91351, 40.87504], [-73.91353, 40.87505], [-73.91355, 40.87505], [-73.91357, 40.87505], [-73.91358, 40.87506], [-73.91359, 40.87507], [-73.9136, 40.87506], [-73.91362, 40.87507], [-73.91363, 40.87506], [-73.91364, 40.87506], [-73.91365, 40.87506], [-73.91377, 40.8751], [-73.91386, 40.87512], [-73.91387, 40.87512], [-73.91388, 40.87513], [-73.91407, 40.87518], [-73.91407, 40.87521], [-73.91535, 40.87559], [-73.91538, 40.87559], [-73.9154, 40.8756], [-73.91543, 40.87561], [-73.91546, 40.87562], [-73.91547, 40.87563], [-73.91549, 40.87564], [-73.91551, 40.87564], [-73.91553, 40.87565], [-73.91555, 40.87565], [-73.91558, 40.87566], [-73.91559, 40.87566], [-73.91562, 40.87568], [-73.91567, 40.87569], [-73.91571, 40.87569], [-73.91572, 40.87571], [-73.91574, 40.87571], [-73.91579, 40.87572], [-73.91574, 40.87576], [-73.91571, 40.8758], [-73.91487, 40.87664], [-73.91206, 40.87812], [-73.91149, 40.87902], [-73.91033, 40.87904], [-73.9095, 40.87878], [-73.90906, 40.87849], [-73.90836, 40.87792], [-73.90765, 40.87743], [-73.90704, 40.87689], [-73.90682, 40.87662], [-73.90667, 40.87572]]]}}, {"type": "Feature", "properties": {"zone_id": 155, "zone": "Marine Park/Mill Basin", "borough": "Brooklyn", "demand": 5}, "geometry": {"type": "Polygon", "coordinates": [[[-73.90464, 40.62513], [-73.90396, 40.62483], [-73.90386, 40.62494], [-73.90388, 40.62495], [-73.90387, 40.62497], [-73.9043, 40.62518], [-73.90501, 40.62554], [-73.90546, 40.62577], [-73.90545, 40.62579], [-73.90541, 40.62578], [-73.90533, 40.62586], [-73.90532, 40.62586], [-73.9054, 40.62577], [-73.90531, 40.62573], [-73.9053, 40.62572], [-73.90521, 40.62568], [-73.9052, 40.62567], [-73.90512, 40.62563], [-73.9051, 40.62562], [-73.90502, 40.62558], [-73.90501, 40.62557], [-73.90493, 40.62553], [-73.90491, 40.62553], [-73.90483, 40.62549], [-73.90482, 40.62548], [-73.90474, 40.62544], [-73.90472, 40.62543], [-73.90464, 40.62539], [-73.90463, 40.62538], [-73.90454, 40.62534], [-73.90453, 40.62533], [-73.90445, 40.62529], [-73.90443, 40.62528], [-73.90435, 40.62524], [-73.90433, 40.62523], [-73.90426, 40.62519], [-73.90424, 40.62519], [-73.90416, 40.62515], [-73.90414, 40.62514], [-73.90406, 40.6251], [-73.90405, 40.62509], [-73.90397, 40.62505], [-73.90396, 40.62504], [-73.90387, 40.625], [-73.90386, 40.62499], [-73.90378, 40.62495], [-73.90377, 40.62495], [-73.9037, 40.62491], [-73.90369, 40.62491], [-73.90362, 40.62487], [-73.9036, 40.62486], [-73.90354, 40.62483], [-73.90352, 40.62482], [-73.90345, 40.62479], [-73.90344, 40.62478], [-73.90342, 40.62477], [-73.90336, 40.62474], [-73.90329, 40.62471], [-73.90328, 40.6247], [-73.90321, 40.62466], [-73.90314, 40.62474], [-73.90312, 40.62474], [-73.90321, 40.62464], [-73.90315, 40.62461], [-73.90307, 40.62471], [-73.90305, 40.6247], [-73.90312, 40.62462], [-73.90304, 40.62457], [-73.90297, 40.62454], [-73.90293, 40.62452], [-73.90288, 40.6245], [-73.90287, 40.62449], [-73.9028, 40.62446], [-73.90278, 40.62445], [-73.90271, 40.62441], [-73.9027, 40.62441], [-73.90263, 40.62437], [-73.90256, 40.62445], [-73.90255, 40.62444], [-73.90263, 40.62435], [-73.90313, 40.6246], [-73.90317, 40.62456], [-73.9032, 40.62457], [-73.90327, 40.62448], [-73.90302, 40.62437], [-73.90289, 40.62431], [-73.90269, 40.62421], [-73.90283, 40.62405], [-73.90279, 40.62404], [-73.90276, 40.62407], [-73.90272, 40.62405], [-73.90242, 40.62446], [-73.90229, 40.62441], [-73.9023, 40.6244], [-73.9024, 40.62444], [-73.90271, 40.62402], [-73.90262, 40.62398], [-73.90262, 40.62398], [-73.90272, 40.62402], [-73.90275, 40.62398], [-73.90264, 40.62394], [-73.90264, 40.62392], [-73.9027, 40.62395], [-73.90271, 40.62394], [-73.90283, 40.62399], [-73.90283, 40.62399], [-73.90284, 40.62399], [-73.90284, 40.62399], [-73.90285, 40.62399], [-73.90288, 40.62396], [-73.90287, 40.62396], [-73.90287, 40.62396], [-73.90287, 40.62395], [-73.90287, 40.62395], [-73.90274, 40.6239], [-73.90275, 40.62388], [-73.90288, 40.62394], [-73.90292, 40.62395], [-73.90289, 40.62394], [-73.9029, 40.62393], [-73.90291, 40.62391], [-73.90293, 40.62389], [-73.90296, 40.62382], [-73.90295, 40.62379], [-73.90293, 40.62378], [-73.90292, 40.62377], [-73.90295, 40.62375], [-73.90294, 40.62371], [-73.90294, 40.62369], [-73.90294, 40.62364], [-73.90284, 40.62345], [-73.90281, 40.62346], [-73.90278, 40.62344], [-73.90276, 40.62341], [-73.90274, 40.62341], [-73.90272, 40.62344], [-73.90267, 40.62343], [-73.90263, 40.62342], [-73.90258, 40.62344], [-73.90258, 40.62347], [-73.90254, 40.62346], [-73.90252, 40.62345], [-73.90246, 40.62348], [-73.90236, 40.62347], [-73.90235, 40.62342], [-73.90235, 40.62338], [-73.90233, 40.62334], [-73.90232, 40.62331], [-73.90229, 40.62328], [-73.90227, 40.62325], [-73.90222, 40.62322], [-73.9022, 40.62317], [-73.90222, 40.62315], [-73.9022, 40.62313], [-73.90216, 40.62312], [-73.9021, 40.62306], [-73.90208, 40.62302], [-73.90206, 40.623], [-73.90209, 40.62299], [-73.90206, 40.62297], [-73.90203, 40.62296], [-73.902, 40.62296], [-73.90198, 40.62294], [-73.90197, 40.62291], [-73.90193, 40.62291], [-73.9019, 40.62289], [-73.90184, 40.6229], [-73.90182, 40.6229], [-73.90179, 40.62289], [-73.90177, 40.6229], [-73.90174, 40.62289], [-73.9017, 40.6229], [-73.90168, 40.62288], [-73.90165, 40.62288], [-73.90164, 40.62286], [-73.90161, 40.62286], [-73.90161, 40.62284], [-73.90158, 40.62284], [-73.90156, 40.62282], [-73.90152, 40.62279], [-73.90149, 40.62279], [-73.90147, 40.62281], [-73.90146, 40.6228], [-73.90143, 40.6228], [-73.9014, 40.62278], [-73.90135, 40.62278], [-73.901, 40.62256], [-73.90094, 40.62253], [-73.90094, 40.62242], [-73.90096, 40.62241], [-73.90096, 40.62237], [-73.90092, 40.62233], [-73.90092, 40.62232], [-73.90094, 40.62232], [-73.90094, 40.62229], [-73.90094, 40.62229], [-73.90093, 40.62229], [-73.9009, 40.62226], [-73.90084, 40.62224], [-73.90085, 40.62221], [-73.90082, 40.62215], [-73.90086, 40.62214], [-73.90087, 40.6221], [-73.90088, 40.62206], [-73.90089, 40.62204], [-73.90092, 40.622], [-73.90089, 40.62193], [-73.90082, 40.62189], [-73.90083, 40.62187], [-73.90075, 40.62178], [-73.90076, 40.62175], [-73.90072, 40.62163], [-73.90062, 40.62161], [-73.90057, 40.62164], [-73.90053, 40.62165], [-73.90051, 40.62163], [-73.90051, 40.62161], [-73.9005, 40.62157], [-73.90048, 40.6216], [-73.90046, 40.62159], [-73.90042, 40.62159], [-73.90041, 40.62155], [-73.90035, 40.62158], [-73.90032, 40.6216], [-73.90028, 40.62161], [-73.90027, 40.62164], [-73.90016, 40.62168], [-73.90012, 40.62169], [-73.90009, 40.62169], [-73.90007, 40.6217], [-73.90005, 40.62171], [-73.90002, 40.62172], [-73.89999, 40.62173], [-73.89997, 40.62174], [-73.89994, 40.62175], [-73.89991, 40.62175], [-73.89988, 40.62176], [-73.89986, 40.62177], [-73.89983, 40.62177], [-73.8998, 40.62178], [-73.89977, 40.62178], [-73.89974, 40.62179], [-73.89971, 40.62179], [-73.89969, 40.6218], [-73.89966, 40.6218], [-73.89963, 40.6218], [-73.8996, 40.6218], [-73.89957, 40.6218], [-73.89955, 40.6218], [-73.89954, 40.62179], [-73.89953, 40.62178], [-73.89951, 40.62178], [-73.8995, 40.62177], [-73.89948, 40.62177], [-73.89947, 40.62177], [-73.89945, 40.62176], [-73.89943, 40.62176], [-73.89942, 40.62176], [-73.8994, 40.62176], [-73.89939, 40.62175], [-73.89937, 40.62175], [-73.89935, 40.62175], [-73.89934, 40.62175], [-73.89932, 40.62176], [-73.8993, 40.62176], [-73.89929, 40.62176], [-73.89918, 40.62178], [-73.89908, 40.6218], [-73.89897, 40.62182], [-73.89896, 40.62182], [-73.89895, 40.62182], [-73.89893, 40.62181], [-73.89892, 40.62181], [-73.89891, 40.62181], [-73.89889, 40.62181], [-73.89888, 40.62181], [-73.89886, 40.62181], [-73.89885, 40.62181], [-73.89883, 40.62181], [-73.89882, 40.62181], [-73.89881, 40.62181], [-73.89879, 40.62182], [-73.89878, 40.62182], [-73.89876, 40.62182], [-73.89875, 40.62182], [-73.89873, 40.62182], [-73.89872, 40.62182], [-73.8987, 40.62182], [-73.89869, 40.62182], [-73.89867, 40.62182], [-73.89866, 40.62182], [-73.89865, 40.62181], [-73.89863, 40.62181], [-73.89862, 40.62181], [-73.89861, 40.6218], [-73.89861, 40.6218], [-73.89861, 40.62179], [-73.8986, 40.62179], [-73.8986, 40.62179], [-73.89859, 40.62179], [-73.89859, 40.62178], [-73.89858, 40.62178], [-73.89858, 40.62178], [-73.89857, 40.62178], [-73.89856, 40.62178], [-73.89856, 40.62178], [-73.89855, 40.62178], [-73.89855, 40.62178], [-73.89851, 40.6218], [-73.89846, 40.62181], [-73.89842, 40.62182], [-73.89838, 40.62183], [-73.89834, 40.62183], [-73.8983, 40.62183], [-73.89826, 40.62184], [-73.89822, 40.62184], [-73.89818, 40.62184], [-73.89812, 40.62185], [-73.89811, 40.62185], [-73.89804, 40.62184], [-73.89801, 40.62184], [-73.89796, 40.62183], [-73.89787, 40.62181], [-73.89772, 40.62178], [-73.89764, 40.62177], [-73.89762, 40.62176], [-73.89759, 40.62175], [-73.89758, 40.62175], [-73.89757, 40.62174], [-73.89757, 40.62174], [-73.8975, 40.6217], [-73.89748, 40.6217], [-73.89745, 40.62169], [-73.8974, 40.62168], [-73.89705, 40.62168], [-73.89699, 40.62167], [-73.89692, 40.62165], [-73.89684, 40.62162], [-73.8968, 40.62157], [-73.89675, 40.62151], [-73.89667, 40.62148], [-73.89662, 40.62146], [-73.89657, 40.62146], [-73.89651, 40.62144], [-73.89647, 40.62143], [-73.89646, 40.62142], [-73.89644, 40.62139], [-73.89637, 40.62123], [-73.8963, 40.62107], [-73.8963, 40.62101], [-73.89631, 40.621], [-73.89631, 40.62097], [-73.89632, 40.62091], [-73.89631, 40.62082], [-73.89631, 40.62078], [-73.8963, 40.62076], [-73.89629, 40.62074], [-73.89628, 40.62073], [-73.89628, 40.62074], [-73.89627, 40.62076], [-73.89627, 40.6208], [-73.89625, 40.62083], [-73.89623, 40.62084], [-73.89622, 40.62084], [-73.89621, 40.62083], [-73.8962, 40.6208], [-73.89613, 40.62064], [-73.8961, 40.62063], [-73.89608, 40.62061], [-73.89608, 40.62061], [-73.89608, 40.6206], [-73.89608, 40.62057], [-73.89608, 40.62053], [-73.89607, 40.62051], [-73.89605, 40.62049], [-73.89603, 40.62049], [-73.89602, 40.62049], [-73.896, 40.62049], [-73.89599, 40.62047], [-73.89597, 40.62044], [-73.89594, 40.62042], [-73.89591, 40.62041], [-73.89588, 40.6204], [-73.89585, 40.62039], [-73.89582, 40.62035], [-73.89573, 40.62024], [-73.89572, 40.62021], [-73.89572, 40.6202], [-73.89573, 40.62018], [-73.89574, 40.62015], [-73.89575, 40.62013], [-73.89574, 40.6201], [-73.89575, 40.62008], [-73.89577, 40.62007], [-73.89578, 40.62005], [-73.89578, 40.62002], [-73.89576, 40.61998], [-73.89574, 40.61996], [-73.89573, 40.61995], [-73.89571, 40.61994], [-73.8957, 40.61995], [-73.89568, 40.61995], [-73.89567, 40.61994], [-73.89568, 40.61992], [-73.8957, 40.61992], [-73.89571, 40.6199], [-73.89571, 40.61989], [-73.8957, 40.61988], [-73.89567, 40.61987], [-73.89566, 40.61986], [-73.89564, 40.61985], [-73.89561, 40.6198], [-73.89562, 40.61975], [-73.89565, 40.6197], [-73.89569, 40.6196], [-73.89571, 40.61956], [-73.89572, 40.61953], [-73.89572, 40.61952], [-73.89571, 40.6195], [-73.8957, 40.61948], [-73.89567, 40.61945], [-73.89564, 40.61943], [-73.89562, 40.61941], [-73.89561, 40.61937], [-73.89561, 40.61935], [-73.89563, 40.61933], [-73.89564, 40.61932], [-73.89568, 40.61932], [-73.8957, 40.61932], [-73.89572, 40.61931], [-73.89574, 40.61929], [-73.89576, 40.61926], [-73.8958, 40.61921], [-73.89583, 40.61918], [-73.89585, 40.61914], [-73.89587, 40.61911], [-73.89588, 40.61908], [-73.8959, 40.61903], [-73.8959, 40.619], [-73.89589, 40.61897], [-73.8959, 40.61895], [-73.89592, 40.61893], [-73.89595, 40.61892], [-73.89597, 40.61889], [-73.89599, 40.61885], [-73.896, 40.61882], [-73.89601, 40.61878], [-73.89601, 40.61876], [-73.89602, 40.61873], [-73.89601, 40.61869], [-73.89602, 40.61864], [-73.89604, 40.61858], [-73.89605, 40.61854], [-73.89606, 40.6185], [-73.89606, 40.61848], [-73.89606, 40.61845], [-73.89607, 40.61841], [-73.89608, 40.61838], [-73.89612, 40.61834], [-73.89616, 40.61829], [-73.8962, 40.61827], [-73.89626, 40.61823], [-73.8963, 40.61818], [-73.89632, 40.61818], [-73.89633, 40.61817], [-73.89634, 40.61816], [-73.89634, 40.61814], [-73.89635, 40.61811], [-73.89638, 40.61809], [-73.8964, 40.6181], [-73.89642, 40.6181], [-73.89644, 40.6181], [-73.89645, 40.61808], [-73.89645, 40.61806], [-73.89643, 40.61803], [-73.89641, 40.618], [-73.89641, 40.618], [-73.89642, 40.61797], [-73.8964, 40.61793], [-73.8964, 40.6179], [-73.8964, 40.61789], [-73.89643, 40.61786], [-73.89645, 40.61785], [-73.89648, 40.61784], [-73.89648, 40.61783], [-73.89647, 40.61781], [-73.89645, 40.61779], [-73.89644, 40.61777], [-73.89645, 40.61774], [-73.89648, 40.61772], [-73.8965, 40.61771], [-73.89654, 40.6177], [-73.89655, 40.61769], [-73.89653, 40.61767], [-73.89653, 40.61764], [-73.89655, 40.61761], [-73.89656, 40.61758], [-73.89658, 40.61754], [-73.89661, 40.61751], [-73.89662, 40.61749], [-73.89663, 40.61742], [-73.89664, 40.61735], [-73.89664, 40.61727], [-73.89664, 40.61721], [-73.89663, 40.61716], [-73.89662, 40.61713], [-73.8966, 40.61711], [-73.89657, 40.61708], [-73.89655, 40.61703], [-73.89652, 40.61696], [-73.89649, 40.61685], [-73.89647, 40.61681], [-73.89645, 40.61677], [-73.89645, 40.61673], [-73.89645, 40.61671], [-73.89646, 40.61667], [-73.89647, 40.61663], [-73.89647, 40.61659], [-73.89648, 40.61656], [-73.89648, 40.61652], [-73.89648, 40.61649], [-73.89647, 40.61646], [-73.89647, 40.61643], [-73.89647, 40.6164], [-73.89648, 40.61638], [-73.8965, 40.61637], [-73.89651, 40.61636], [-73.89651, 40.61635], [-73.8965, 40.61634], [-73.89648, 40.61632], [-73.89645, 40.6163], [-73.89644, 40.61626], [-73.89644, 40.61621], [-73.89645, 40.61617], [-73.89646, 40.61614], [-73.89646, 40.61613], [-73.89645, 40.61612], [-73.89641, 40.61609], [-73.89638, 40.61607], [-73.89636, 40.61605], [-73.89633, 40.61605], [-73.8963, 40.61605], [-73.89629, 40.61606], [-73.89628, 40.61608], [-73.89627, 40.61609], [-73.89626, 40.61609], [-73.89624, 40.61608], [-73.89623, 40.61606], [-73.8962, 40.61603], [-73.89617, 40.616], [-73.89617, 40.61597], [-73.89617, 40.61595], [-73.89621, 40.61592], [-73.89623, 40.61591], [-73.89624, 40.61589], [-73.89625, 40.61586], [-73.89624, 40.61585], [-73.89621, 40.61584], [-73.89618, 40.61583], [-73.89617, 40.61582], [-73.89615, 40.61579], [-73.89615, 40.61576], [-73.89617, 40.61572], [-73.89618, 40.61569], [-73.89617, 40.61565], [-73.89617, 40.61564], [-73.89614, 40.61563], [-73.89611, 40.61562], [-73.8961, 40.61563], [-73.89608, 40.61562], [-73.89607, 40.61559], [-73.89607, 40.61557], [-73.89608, 40.61555], [-73.89611, 40.61555], [-73.89609, 40.61553], [-73.89606, 40.61551], [-73.89603, 40.6155], [-73.89601, 40.61548], [-73.89599, 40.61545], [-73.89599, 40.61541], [-73.89599, 40.61538], [-73.896, 40.61533], [-73.89599, 40.6153], [-73.89598, 40.61527], [-73.89595, 40.61524], [-73.89593, 40.61522], [-73.8959, 40.6152], [-73.89589, 40.61517], [-73.89584, 40.61509], [-73.89581, 40.61504], [-73.8958, 40.615], [-73.89579, 40.61498], [-73.89579, 40.61496], [-73.89579, 40.61495], [-73.89575, 40.61491], [-73.89573, 40.61489], [-73.89574, 40.61487], [-73.89575, 40.61486], [-73.89578, 40.61484], [-73.89578, 40.61483], [-73.89579, 40.61482], [-73.89581, 40.61481], [-73.89583, 40.61481], [-73.89584, 40.61482], [-73.89585, 40.61483], [-73.89587, 40.61484], [-73.89589, 40.61485], [-73.89591, 40.61486], [-73.89595, 40.61487], [-73.89598, 40.61487], [-73.89599, 40.61486], [-73.896, 40.61485], [-73.89602, 40.61483], [-73.89603, 40.6148], [-73.89602, 40.61479], [-73.89601, 40.61476], [-73.89597, 40.61473], [-73.89594, 40.6147], [-73.89592, 40.61467], [-73.89591, 40.61463], [-73.89589, 40.6146], [-73.89587, 40.61457], [-73.89586, 40.61454], [-73.89586, 40.61452], [-73.89585, 40.6145], [-73.89582, 40.61449], [-73.89575, 40.61448], [-73.89572, 40.61447], [-73.89569, 40.61446], [-73.89562, 40.61445], [-73.89559, 40.61444], [-73.89558, 40.61442], [-73.89558, 40.61441], [-73.89558, 40.61439], [-73.89558, 40.61437], [-73.89557, 40.61436], [-73.89556, 40.61435], [-73.89554, 40.61436], [-73.89553, 40.61436], [-73.89552, 40.61437], [-73.89553, 40.61438], [-73.89553, 40.6144], [-73.89552, 40.61441], [-73.8955, 40.61442], [-73.89548, 40.61443], [-73.89546, 40.61443], [-73.89542, 40.61441], [-73.89535, 40.61438], [-73.89527, 40.61434], [-73.89518, 40.61428], [-73.89508, 40.61423], [-73.89495, 40.61416], [-73.89487, 40.61412], [-73.89479, 40.61407], [-73.89474, 40.61405], [-73.89465, 40.61401], [-73.8946, 40.61399], [-73.89453, 40.61396], [-73.89445, 40.61393], [-73.8944, 40.61392], [-73.89433, 40.6139], [-73.89428, 40.61388], [-73.89421, 40.61387], [-73.89416, 40.61386], [-73.89409, 40.61385], [-73.89402, 40.61384], [-73.89395, 40.61384], [-73.89392, 40.61385], [-73.89387, 40.61385], [-73.89382, 40.61385], [-73.89376, 40.61385], [-73.89371, 40.61385], [-73.89368, 40.61386], [-73.89364, 40.61386], [-73.89359, 40.61387], [-73.89357, 40.61386], [-73.89354, 40.61387], [-73.89348, 40.61388], [-73.89343, 40.61389], [-73.89337, 40.61388], [-73.89331, 40.61388], [-73.89326, 40.61388], [-73.89324, 40.61388], [-73.8932, 40.61388], [-73.89315, 40.61389], [-73.89307, 40.61388], [-73.893, 40.61387], [-73.89292, 40.61386], [-73.89283, 40.61384], [-73.89278, 40.61384], [-73.89271, 40.61382], [-73.89267, 40.61382], [-73.89261, 40.61381], [-73.89256, 40.6138], [-73.8925, 40.61379], [-73.89244, 40.61377], [-73.8923, 40.61372], [-73.89219, 40.61368], [-73.89208, 40.61364], [-73.89197, 40.6136], [-73.89189, 40.61356], [-73.89187, 40.61355], [-73.8918, 40.61351], [-73.89173, 40.61348], [-73.89166, 40.61344], [-73.89158, 40.61339], [-73.89149, 40.61334], [-73.89143, 40.6133], [-73.89138, 40.61328], [-73.89134, 40.61326], [-73.89132, 40.61324], [-73.89128, 40.6132], [-73.89123, 40.61317], [-73.89121, 40.61316], [-73.89121, 40.61315], [-73.8912, 40.61313], [-73.89119, 40.61309], [-73.89117, 40.61305], [-73.89114, 40.61301], [-73.89109, 40.61296], [-73.89104, 40.61291], [-73.89098, 40.61287], [-73.89095, 40.61283], [-73.89094, 40.61277], [-73.89095, 40.61272], [-73.89096, 40.6127], [-73.89098, 40.61268], [-73.89103, 40.61265], [-73.89104, 40.61262], [-73.89105, 40.6126], [-73.89105, 40.61257], [-73.89104, 40.61254], [-73.89104, 40.61251], [-73.89107, 40.61248], [-73.89109, 40.61247], [-73.89113, 40.61246], [-73.89117, 40.61245], [-73.89121, 40.61243], [-73.89123, 40.61239], [-73.89126, 40.61235], [-73.89127, 40.6123], [-73.89131, 40.61223], [-73.89134, 40.61219], [-73.89137, 40.61215], [-73.89138, 40.61215], [-73.89141, 40.61212], [-73.89146, 40.61212], [-73.8915, 40.61212], [-73.89154, 40.61211], [-73.89158, 40.61209], [-73.89162, 40.61208], [-73.89165, 40.61206], [-73.89166, 40.61205], [-73.89168, 40.61206], [-73.89168, 40.61208], [-73.89167, 40.6121], [-73.89168, 40.61212], [-73.89172, 40.61213], [-73.89174, 40.61213], [-73.89176, 40.61212], [-73.89178, 40.6121], [-73.8918, 40.61208], [-73.89181, 40.61207], [-73.89183, 40.61203], [-73.89186, 40.61202], [-73.892, 40.61199], [-73.89207, 40.61197], [-73.8921, 40.61196], [-73.89212, 40.61196], [-73.89213, 40.61197], [-73.89212, 40.61199], [-73.89211, 40.61201], [-73.8921, 40.61204], [-73.89209, 40.61206], [-73.8921, 40.61207], [-73.89212, 40.61208], [-73.89215, 40.61207], [-73.89218, 40.61206], [-73.8922, 40.61205], [-73.89223, 40.61202], [-73.89226, 40.61199], [-73.89232, 40.61196], [-73.8924, 40.61191], [-73.89247, 40.61187], [-73.89256, 40.61182], [-73.89264, 40.61178], [-73.89267, 40.61177], [-73.89271, 40.61174], [-73.89275, 40.61173], [-73.8928, 40.61173], [-73.89286, 40.61173], [-73.89293, 40.61173], [-73.89298, 40.61174], [-73.89301, 40.61175], [-73.89303, 40.61176], [-73.89308, 40.61176], [-73.89312, 40.61176], [-73.89315, 40.61175], [-73.89321, 40.61174], [-73.89326, 40.6117], [-73.89331, 40.61168], [-73.89336, 40.61167], [-73.89342, 40.61165], [-73.89348, 40.61162], [-73.89353, 40.61159], [-73.89359, 40.61156], [-73.89364, 40.61153], [-73.8937, 40.61152], [-73.89376, 40.61151], [-73.89384, 40.61153], [-73.89388, 40.61154], [-73.89393, 40.61154], [-73.89397, 40.61152], [-73.894, 40.6115], [-73.89403, 40.61146], [-73.89404, 40.61143], [-73.89404, 40.61141], [-73.89404, 40.61138], [-73.89403, 40.61135], [-73.89399, 40.61131], [-73.89397, 40.6113], [-73.89397, 40.61128], [-73.89396, 40.61125], [-73.89397, 40.61123], [-73.89396, 40.61121], [-73.89394, 40.61118], [-73.89392, 40.61117], [-73.89389, 40.61117], [-73.89388, 40.61117], [-73.89387, 40.6112], [-73.89385, 40.61122], [-73.89383, 40.61123], [-73.89379, 40.61123], [-73.89372, 40.61121], [-73.89365, 40.61119], [-73.89359, 40.61117], [-73.89358, 40.61117], [-73.89357, 40.61115], [-73.89358, 40.61112], [-73.89357, 40.61109], [-73.89357, 40.61107], [-73.89358, 40.61106], [-73.8936, 40.61105], [-73.89361, 40.61104], [-73.89361, 40.61104], [-73.8936, 40.61102], [-73.89358, 40.61101], [-73.89355, 40.611], [-73.89352, 40.61101], [-73.89348, 40.61102], [-73.89346, 40.61103], [-73.89344, 40.61105], [-73.89339, 40.61107], [-73.89336, 40.61109], [-73.89331, 40.61111], [-73.89325, 40.61113], [-73.8932, 40.61114], [-73.89316, 40.61116], [-73.89313, 40.61116], [-73.89312, 40.61117], [-73.89309, 40.61119], [-73.89304, 40.61121], [-73.89299, 40.61121], [-73.89294, 40.61121], [-73.89291, 40.61121], [-73.8929, 40.61123], [-73.89288, 40.61124], [-73.89286, 40.61127], [-73.89282, 40.61129], [-73.89278, 40.61132], [-73.89274, 40.61135], [-73.89269, 40.61136], [-73.89266, 40.61138], [-73.89262, 40.61139], [-73.89258, 40.6114], [-73.89248, 40.61141], [-73.89243, 40.61141], [-73.89237, 40.61143], [-73.89226, 40.61147], [-73.89217, 40.61151], [-73.89211, 40.61154], [-73.89204, 40.61155], [-73.89202, 40.61156], [-73.892, 40.61156], [-73.89198, 40.61154], [-73.89194, 40.61154], [-73.89191, 40.61153], [-73.89189, 40.61153], [-73.89187, 40.61155], [-73.89186, 40.61157], [-73.89186, 40.61158], [-73.89185, 40.6116], [-73.89182, 40.61159], [-73.89179, 40.61159], [-73.89177, 40.61159], [-73.89176, 40.61162], [-73.89175, 40.61164], [-73.89176, 40.61165], [-73.89177, 40.61167], [-73.89177, 40.61169], [-73.89173, 40.61171], [-73.89169, 40.61175], [-73.89162, 40.61179], [-73.89158, 40.61181], [-73.89153, 40.61182], [-73.89149, 40.61181], [-73.89146, 40.61182], [-73.89144, 40.61183], [-73.89142, 40.61186], [-73.89137, 40.61191], [-73.89135, 40.61193], [-73.89132, 40.61193], [-73.89128, 40.61193], [-73.89126, 40.61195], [-73.89123, 40.61196], [-73.89119, 40.61196], [-73.89115, 40.61198], [-73.89112, 40.612], [-73.89109, 40.61203], [-73.89102, 40.61205], [-73.891, 40.61205], [-73.89099, 40.61207], [-73.891, 40.61208], [-73.89103, 40.6121], [-73.89107, 40.61212], [-73.89114, 40.61215], [-73.89115, 40.61216], [-73.89116, 40.61218], [-73.89116, 40.61219], [-73.89115, 40.61221], [-73.89114, 40.61224], [-73.89112, 40.61226], [-73.8911, 40.61227], [-73.89108, 40.61228], [-73.89102, 40.61226], [-73.89098, 40.61224], [-73.89088, 40.61219], [-73.89083, 40.61218], [-73.89075, 40.61217], [-73.8907, 40.61216], [-73.89064, 40.61215], [-73.89059, 40.61213], [-73.89055, 40.61212], [-73.89049, 40.61209], [-73.89045, 40.61206], [-73.89037, 40.61203], [-73.89033, 40.61201], [-73.89033, 40.61199], [-73.8903, 40.61196], [-73.89026, 40.61193], [-73.89019, 40.61189], [-73.89014, 40.61185], [-73.89006, 40.61181], [-73.88999, 40.61177], [-73.88993, 40.61174], [-73.88987, 40.61172], [-73.88982, 40.6117], [-73.88979, 40.61169], [-73.88977, 40.61166], [-73.88974, 40.61162], [-73.88972, 40.6116], [-73.8897, 40.61156], [-73.8897, 40.61151], [-73.8897, 40.61145], [-73.88971, 40.6114], [-73.88972, 40.61133], [-73.88974, 40.61128], [-73.88975, 40.61122], [-73.88976, 40.61118], [-73.88975, 40.61113], [-73.88974, 40.6111], [-73.88975, 40.61107], [-73.88975, 40.61104], [-73.88977, 40.611], [-73.88978, 40.61095], [-73.8898, 40.61093], [-73.88985, 40.61087], [-73.88988, 40.61084], [-73.88994, 40.61078], [-73.88999, 40.61071], [-73.89003, 40.61066], [-73.89007, 40.61061], [-73.89011, 40.61057], [-73.89012, 40.61053], [-73.89016, 40.61047], [-73.89022, 40.6104], [-73.8903, 40.61032], [-73.89042, 40.61022], [-73.89052, 40.61014], [-73.89059, 40.61007], [-73.89066, 40.61002], [-73.89071, 40.60999], [-73.89079, 40.60996], [-73.89086, 40.60992], [-73.89093, 40.60988], [-73.89099, 40.60984], [-73.89103, 40.60982], [-73.89108, 40.60978], [-73.89116, 40.60972], [-73.89126, 40.60965], [-73.89137, 40.60958], [-73.89148, 40.60951], [-73.89156, 40.60944], [-73.8917, 40.60933], [-73.89182, 40.60922], [-73.8919, 40.60914], [-73.89194, 40.6091], [-73.89197, 40.60909], [-73.89198, 40.60909], [-73.89199, 40.6091], [-73.89199, 40.6091], [-73.89198, 40.60912], [-73.89197, 40.60914], [-73.89195, 40.60917], [-73.89195, 40.60918], [-73.89195, 40.60919], [-73.89191, 40.60923], [-73.8919, 40.60925], [-73.89188, 40.60927], [-73.89187, 40.6093], [-73.89187, 40.60932], [-73.89188, 40.60934], [-73.89191, 40.60935], [-73.89195, 40.60936], [-73.89197, 40.60937], [-73.89198, 40.60938], [-73.89198, 40.60938], [-73.89198, 40.60939], [-73.89195, 40.60939], [-73.89192, 40.60938], [-73.8919, 40.60938], [-73.89184, 40.60938], [-73.89181, 40.60938], [-73.89179, 40.60939], [-73.89177, 40.60942], [-73.89174, 40.60946], [-73.89175, 40.60948], [-73.89175, 40.60948], [-73.89176, 40.60947], [-73.89177, 40.60946], [-73.89179, 40.60946], [-73.89179, 40.60947], [-73.8918, 40.60947], [-73.89179, 40.60949], [-73.89177, 40.60949], [-73.89176, 40.60951], [-73.89177, 40.60952], [-73.89179, 40.60952], [-73.89183, 40.60951], [-73.89186, 40.6095], [-73.89192, 40.60947], [-73.89195, 40.60945], [-73.89199, 40.60942], [-73.892, 40.60939], [-73.89201, 40.60938], [-73.89204, 40.60935], [-73.89207, 40.60932], [-73.89209, 40.6093], [-73.8921, 40.60926], [-73.89211, 40.60924], [-73.89215, 40.60921], [-73.89219, 40.6092], [-73.89225, 40.60918], [-73.89227, 40.60916], [-73.89226, 40.60916], [-73.89224, 40.60915], [-73.89224, 40.60914], [-73.89223, 40.6091], [-73.89227, 40.60902], [-73.89229, 40.60894], [-73.89231, 40.60885], [-73.89232, 40.60882], [-73.89233, 40.6088], [-73.89235, 40.60877], [-73.89237, 40.60876], [-73.89237, 40.60873], [-73.89237, 40.60871], [-73.89235, 40.60869], [-73.89232, 40.60868], [-73.89227, 40.60866], [-73.89223, 40.60864], [-73.89223, 40.60864], [-73.89222, 40.60863], [-73.89224, 40.60862], [-73.89227, 40.60862], [-73.89231, 40.60863], [-73.89234, 40.60863], [-73.89237, 40.60862], [-73.89241, 40.6086], [-73.89242, 40.60858], [-73.89242, 40.60856], [-73.89242, 40.60855], [-73.8924, 40.60854], [-73.89237, 40.60852], [-73.89235, 40.6085], [-73.89232, 40.60849], [-73.89231, 40.60849], [-73.89229, 40.6085], [-73.89227, 40.60852], [-73.89225, 40.60854], [-73.89223, 40.60856], [-73.8922, 40.60856], [-73.89218, 40.60856], [-73.89217, 40.60855], [-73.89217, 40.60854], [-73.89219, 40.6085], [-73.8922, 40.60849], [-73.89221, 40.60847], [-73.89222, 40.60844], [-73.89224, 40.60841], [-73.89225, 40.60836], [-73.89226, 40.60834], [-73.89227, 40.60832], [-73.89227, 40.60829], [-73.89228, 40.60826], [-73.89229, 40.60824], [-73.89233, 40.60823], [-73.89234, 40.60821], [-73.89236, 40.6082], [-73.89243, 40.6082], [-73.89246, 40.60819], [-73.89247, 40.60818], [-73.89248, 40.60815], [-73.8925, 40.60811], [-73.8925, 40.60804], [-73.89251, 40.60798], [-73.89251, 40.60792], [-73.89252, 40.60783], [-73.89253, 40.60777], [-73.89253, 40.60774], [-73.89255, 40.60773], [-73.89257, 40.6077], [-73.89258, 40.60768], [-73.89258, 40.60765], [-73.89259, 40.6076], [-73.89259, 40.60756], [-73.8926, 40.60753], [-73.89263, 40.60748], [-73.89265, 40.60744], [-73.89266, 40.60741], [-73.89266, 40.60739], [-73.89267, 40.60736], [-73.89268, 40.60735], [-73.8927, 40.60731], [-73.89271, 40.60727], [-73.89273, 40.60723], [-73.89275, 40.60719], [-73.89277, 40.60717], [-73.89282, 40.60714], [-73.89286, 40.60713], [-73.89292, 40.60712], [-73.89296, 40.6071], [-73.89302, 40.60709], [-73.89305, 40.60708], [-73.89308, 40.60707], [-73.89311, 40.60705], [-73.89313, 40.60702], [-73.89315, 40.607], [-73.89316, 40.60696], [-73.8932, 40.60689], [-73.89321, 40.60686], [-73.89324, 40.60683], [-73.89326, 40.60681], [-73.89331, 40.60678], [-73.89333, 40.60676], [-73.89335, 40.60674], [-73.89336, 40.60674], [-73.89337, 40.60675], [-73.8934, 40.60674], [-73.89343, 40.60672], [-73.89346, 40.60671], [-73.8935, 40.60669], [-73.89353, 40.60669], [-73.89356, 40.60668], [-73.89357, 40.60667], [-73.89357, 40.60666], [-73.89361, 40.60665], [-73.89364, 40.60664], [-73.89367, 40.60663], [-73.8937, 40.60661], [-73.89372, 40.60659], [-73.89375, 40.60659], [-73.89377, 40.60658], [-73.89379, 40.60658], [-73.89381, 40.60658], [-73.89382, 40.60658], [-73.89385, 40.60657], [-73.89388, 40.60657], [-73.8939, 40.60655], [-73.89393, 40.60654], [-73.89395, 40.60653], [-73.894, 40.60652], [-73.89404, 40.60651], [-73.89407, 40.60651], [-73.89412, 40.60649], [-73.89418, 40.60647], [-73.89423, 40.60645], [-73.89427, 40.60644], [-73.89433, 40.60643], [-73.89437, 40.60643], [-73.89439, 40.60643], [-73.89444, 40.60643], [-73.89448, 40.60644], [-73.89453, 40.60643], [-73.89455, 40.60644], [-73.89458, 40.60645], [-73.89462, 40.60645], [-73.89467, 40.60645], [-73.89471, 40.60645], [-73.89476, 40.60643], [-73.8948, 40.60642], [-73.89483, 40.60641], [-73.89486, 40.6064], [-73.89489, 40.60639], [-73.89493, 40.60637], [-73.89496, 40.60635], [-73.89499, 40.60633], [-73.89502, 40.60633], [-73.89506, 40.60631], [-73.89509, 40.60629], [-73.89513, 40.60626], [-73.89517, 40.60623], [-73.89519, 40.60621], [-73.89524, 40.60619], [-73.89528, 40.60618], [-73.89531, 40.60615], [-73.89535, 40.60612], [-73.89541, 40.60607], [-73.89545, 40.60604], [-73.8955, 40.60601], [-73.89558, 40.60597], [-73.89563, 40.60595], [-73.89569, 40.60593], [-73.89575, 40.60591], [-73.89582, 40.60588], [-73.89588, 40.60585], [-73.89591, 40.60584], [-73.89597, 40.60583], [-73.89601, 40.60582], [-73.89605, 40.60582], [-73.89609, 40.60582], [-73.89611, 40.60583], [-73.89613, 40.60583], [-73.89616, 40.60583], [-73.89619, 40.60582], [-73.89623, 40.60581], [-73.89625, 40.60579], [-73.89628, 40.60578], [-73.89631, 40.60577], [-73.89634, 40.60576], [-73.89637, 40.60576], [-73.89641, 40.60576], [-73.89647, 40.60574], [-73.89651, 40.60573], [-73.89655, 40.60571], [-73.89662, 40.60569], [-73.89667, 40.60566], [-73.8967, 40.60565], [-73.89673, 40.60564], [-73.89676, 40.60563], [-73.89682, 40.60563], [-73.89689, 40.60562], [-73.89695, 40.60562], [-73.897, 40.60562], [-73.89702, 40.60562], [-73.89705, 40.60561], [-73.8971, 40.60559], [-73.89715, 40.60558], [-73.89718, 40.60556], [-73.89723, 40.60556], [-73.89727, 40.60556], [-73.89731, 40.60555], [-73.89734, 40.60556], [-73.89736, 40.60557], [-73.89737, 40.60558], [-73.89741, 40.60558], [-73.89747, 40.60557], [-73.89753, 40.60555], [-73.89761, 40.60553], [-73.89768, 40.60551], [-73.89774, 40.6055], [-73.89777, 40.60549], [-73.8978, 40.60548], [-73.89783, 40.60546], [-73.89787, 40.60545], [-73.89791, 40.60544], [-73.89795, 40.60544], [-73.89799, 40.60545], [-73.89802, 40.60546], [-73.89806, 40.60545], [-73.89811, 40.60545], [-73.89814, 40.60543], [-73.8982, 40.60541], [-73.89823, 40.60539], [-73.89824, 40.60538], [-73.89826, 40.60536], [-73.89826, 40.60535], [-73.89829, 40.60533], [-73.89832, 40.60531], [-73.89834, 40.6053], [-73.8985, 40.6053], [-73.89855, 40.60529], [-73.89865, 40.6053], [-73.89868, 40.60532], [-73.89871, 40.60535], [-73.89892, 40.60544], [-73.89898, 40.60546], [-73.89902, 40.60546], [-73.89903, 40.60546], [-73.89904, 40.60547], [-73.89906, 40.60549], [-73.89908, 40.60549], [-73.89912, 40.60552], [-73.89916, 40.60553], [-73.8992, 40.60553], [-73.89923, 40.60552], [-73.89927, 40.60551], [-73.89931, 40.60548], [-73.89934, 40.60547], [-73.89938, 40.60546], [-73.89945, 40.60547], [-73.89952, 40.60549], [-73.89954, 40.6055], [-73.89955, 40.60551], [-73.89956, 40.60552], [-73.89959, 40.60553], [-73.89966, 40.60554], [-73.89972, 40.60554], [-73.89976, 40.60553], [-73.89978, 40.60552], [-73.89981, 40.60551], [-73.89983, 40.6055], [-73.89984, 40.60551], [-73.89985, 40.60552], [-73.89986, 40.60552], [-73.89987, 40.60552], [-73.89987, 40.60554], [-73.89988, 40.60555], [-73.89989, 40.60556], [-73.89991, 40.60558], [-73.89991, 40.6056], [-73.89991, 40.6056], [-73.8999, 40.60561], [-73.89989, 40.60561], [-73.8999, 40.60562], [-73.89991, 40.60563], [-73.89993, 40.60565], [-73.89997, 40.60567], [-73.89998, 40.60568], [-73.9, 40.60569], [-73.90001, 40.60571], [-73.90004, 40.60575], [-73.90007, 40.6058], [-73.90011, 40.60584], [-73.90015, 40.60587], [-73.9002, 40.60595], [-73.90026, 40.60603], [-73.90033, 40.60614], [-73.90038, 40.60619], [-73.90048, 40.60625], [-73.90052, 40.60628], [-73.9006, 40.60641], [-73.90064, 40.60648], [-73.90071, 40.60663], [-73.90076, 40.60671], [-73.90083, 40.60684], [-73.90087, 40.60692], [-73.90088, 40.60698], [-73.90087, 40.60702], [-73.90084, 40.60707], [-73.90081, 40.60711], [-73.90072, 40.6072], [-73.90061, 40.60738], [-73.90057, 40.60747], [-73.90056, 40.60755], [-73.90056, 40.6076], [-73.90057, 40.60763], [-73.90053, 40.60779], [-73.90053, 40.60788], [-73.90052, 40.60801], [-73.9005, 40.60812], [-73.90049, 40.60817], [-73.9005, 40.60821], [-73.90051, 40.60828], [-73.90051, 40.60834], [-73.90048, 40.60843], [-73.90046, 40.6085], [-73.90044, 40.60857], [-73.90045, 40.60861], [-73.90047, 40.60865], [-73.90049, 40.60871], [-73.90048, 40.60877], [-73.90045, 40.60884], [-73.90045, 40.60889], [-73.90047, 40.60893], [-73.90049, 40.60898], [-73.90049, 40.60906], [-73.90048, 40.60917], [-73.90048, 40.60922], [-73.90047, 40.60923], [-73.90044, 40.60925], [-73.90043, 40.60926], [-73.90041, 40.60931], [-73.9004, 40.60937], [-73.90037, 40.60941], [-73.90034, 40.60944], [-73.9003, 40.60945], [-73.90028, 40.60946], [-73.90025, 40.60952], [-73.90023, 40.60962], [-73.90022, 40.60988], [-73.90022, 40.60999], [-73.9002, 40.61002], [-73.90017, 40.61004], [-73.90016, 40.61008], [-73.90016, 40.6101], [-73.90018, 40.61012], [-73.9002, 40.61012], [-73.90023, 40.61012], [-73.90025, 40.61012], [-73.90028, 40.61012], [-73.90034, 40.61016], [-73.90041, 40.61021], [-73.90044, 40.61024], [-73.90045, 40.61028], [-73.90045, 40.6103], [-73.90043, 40.61033], [-73.90041, 40.61037], [-73.90042, 40.61041], [-73.90045, 40.61044], [-73.90053, 40.61049], [-73.90067, 40.61054], [-73.90071, 40.61057], [-73.90076, 40.61061], [-73.90085, 40.6107], [-73.90091, 40.61076], [-73.90092, 40.61078], [-73.90093, 40.61079], [-73.90098, 40.6108], [-73.90103, 40.61082], [-73.90107, 40.61086], [-73.9011, 40.61089], [-73.9011, 40.61091], [-73.90109, 40.61092], [-73.90108, 40.61094], [-73.90109, 40.61097], [-73.90111, 40.61099], [-73.90116, 40.61102], [-73.90121, 40.61103], [-73.90122, 40.61103], [-73.90125, 40.61103], [-73.9013, 40.61105], [-73.90135, 40.61109], [-73.90139, 40.61115], [-73.90143, 40.61123], [-73.90144, 40.61132], [-73.90143, 40.61138], [-73.90143, 40.61138], [-73.90142, 40.61139], [-73.9014, 40.6114], [-73.9014, 40.6114], [-73.90138, 40.61138], [-73.90136, 40.61137], [-73.90133, 40.61138], [-73.90131, 40.61143], [-73.90131, 40.61157], [-73.90131, 40.61167], [-73.90133, 40.61172], [-73.9014, 40.61175], [-73.90146, 40.61176], [-73.90153, 40.6118], [-73.90155, 40.61182], [-73.90156, 40.61184], [-73.90159, 40.61186], [-73.90161, 40.61186], [-73.9017, 40.61184], [-73.9017, 40.61183], [-73.90171, 40.61183], [-73.90189, 40.61177], [-73.90195, 40.61174], [-73.90199, 40.61174], [-73.90202, 40.61176], [-73.90218, 40.61187], [-73.90222, 40.6119], [-73.90229, 40.61196], [-73.90231, 40.61195], [-73.90232, 40.61195], [-73.90233, 40.61196], [-73.90245, 40.61189], [-73.90249, 40.61186], [-73.90246, 40.61184], [-73.90249, 40.61181], [-73.90122, 40.61057], [-73.90121, 40.61058], [-73.90119, 40.61056], [-73.90121, 40.61055], [-73.90124, 40.61054], [-73.90125, 40.61053], [-73.90128, 40.61051], [-73.90129, 40.6105], [-73.90131, 40.61049], [-73.90133, 40.61048], [-73.90135, 40.6105], [-73.9013, 40.61052], [-73.90131, 40.61053], [-73.90125, 40.61056], [-73.90125, 40.61058], [-73.90131, 40.61064], [-73.90254, 40.61183], [-73.90256, 40.61183], [-73.90264, 40.61177], [-73.90265, 40.61178], [-73.9025, 40.61188], [-73.9025, 40.61187], [-73.90247, 40.6119], [-73.90247, 40.61191], [-73.90236, 40.61198], [-73.90241, 40.61202], [-73.90251, 40.61194], [-73.90252, 40.61194], [-73.90256, 40.61192], [-73.90257, 40.61192], [-73.90272, 40.61183], [-73.90273, 40.61184], [-73.90264, 40.61189], [-73.90264, 40.61191], [-73.90267, 40.61193], [-73.90268, 40.61194], [-73.90271, 40.61197], [-73.90273, 40.61198], [-73.90276, 40.61201], [-73.90277, 40.61202], [-73.90281, 40.61205], [-73.90282, 40.61207], [-73.90284, 40.61209], [-73.90293, 40.61216], [-73.90303, 40.61208], [-73.90304, 40.61209], [-73.90292, 40.61219], [-73.9029, 40.61217], [-73.90291, 40.61217], [-73.90281, 40.61208], [-73.90271, 40.61199], [-73.90263, 40.61193], [-73.9026, 40.61195], [-73.90258, 40.61194], [-73.90253, 40.61196], [-73.90242, 40.61203], [-73.90256, 40.61216], [-73.90271, 40.61225], [-73.90418, 40.61355], [-73.90418, 40.61355], [-73.90419, 40.61356], [-73.90587, 40.61506], [-73.90591, 40.61504], [-73.90587, 40.61501], [-73.90573, 40.61488], [-73.90575, 40.61487], [-73.90578, 40.6149], [-73.90579, 40.61491], [-73.90581, 40.61493], [-73.90582, 40.61494], [-73.90584, 40.61496], [-73.90589, 40.615], [-73.906, 40.61493], [-73.90601, 40.61493], [-73.90603, 40.61495], [-73.90599, 40.61499], [-73.90596, 40.61497], [-73.90593, 40.61499], [-73.90597, 40.61502], [-73.90592, 40.61505], [-73.90592, 40.61505], [-73.90588, 40.61508], [-73.90596, 40.61515], [-73.90596, 40.61515], [-73.90697, 40.61606], [-73.90696, 40.61611], [-73.90715, 40.616], [-73.90717, 40.61601], [-73.90699, 40.61614], [-73.90674, 40.6163], [-73.90681, 40.61636], [-73.90706, 40.6162], [-73.90726, 40.61609], [-73.90727, 40.6161], [-73.90708, 40.61622], [-73.90723, 40.61635], [-73.90741, 40.61623], [-73.90744, 40.61626], [-73.90726, 40.61638], [-73.90702, 40.61653], [-73.90711, 40.61661], [-73.90736, 40.61644], [-73.90753, 40.61634], [-73.90754, 40.61636], [-73.90738, 40.61646], [-73.90724, 40.61655], [-73.9073, 40.61661], [-73.90734, 40.61659], [-73.90748, 40.61671], [-73.90759, 40.61663], [-73.90768, 40.6167], [-73.90755, 40.61678], [-73.90765, 40.61692], [-73.90769, 40.61695], [-73.90772, 40.61693], [-73.90779, 40.61689], [-73.90797, 40.61705], [-73.90797, 40.61705], [-73.90797, 40.61708], [-73.90776, 40.61722], [-73.90781, 40.61726], [-73.90775, 40.61732], [-73.90781, 40.61737], [-73.90815, 40.61716], [-73.90839, 40.61739], [-73.90852, 40.61732], [-73.9086, 40.61727], [-73.90879, 40.61744], [-73.90887, 40.61739], [-73.90881, 40.61733], [-73.90863, 40.61717], [-73.90866, 40.61715], [-73.90884, 40.61731], [-73.90907, 40.61716], [-73.90835, 40.61653], [-73.90837, 40.61652], [-73.90879, 40.61687], [-73.90914, 40.61663], [-73.90914, 40.61653], [-73.9086, 40.61608], [-73.90848, 40.61598], [-73.90811, 40.61567], [-73.90799, 40.61575], [-73.90797, 40.61574], [-73.90816, 40.6156], [-73.90817, 40.61561], [-73.90812, 40.61565], [-73.90851, 40.61597], [-73.90863, 40.61606], [-73.90918, 40.61652], [-73.90917, 40.61665], [-73.90881, 40.61689], [-73.90896, 40.61699], [-73.90911, 40.61687], [-73.90943, 40.61667], [-73.90945, 40.61669], [-73.90964, 40.61657], [-73.90964, 40.61657], [-73.9096, 40.61639], [-73.90903, 40.6158], [-73.90902, 40.61579], [-73.90901, 40.61577], [-73.90865, 40.61548], [-73.90857, 40.61544], [-73.90841, 40.61544], [-73.90834, 40.61537], [-73.90786, 40.61521], [-73.90741, 40.61475], [-73.9073, 40.61481], [-73.90687, 40.61426], [-73.90674, 40.6143], [-73.90544, 40.61301], [-73.90536, 40.61307], [-73.90521, 40.61299], [-73.90505, 40.6129], [-73.90509, 40.61287], [-73.9051, 40.61286], [-73.90508, 40.61286], [-73.90496, 40.61279], [-73.90491, 40.61282], [-73.90424, 40.61236], [-73.90437, 40.61222], [-73.90432, 40.61219], [-73.90429, 40.61216], [-73.90427, 40.6121], [-73.90429, 40.61203], [-73.90429, 40.61201], [-73.90421, 40.61195], [-73.90411, 40.61204], [-73.90404, 40.612], [-73.90407, 40.61198], [-73.90412, 40.61201], [-73.90416, 40.61197], [-73.9041, 40.61193], [-73.90414, 40.6119], [-73.90385, 40.61169], [-73.90351, 40.61141], [-73.9034, 40.61148], [-73.90341, 40.61149], [-73.90331, 40.61155], [-73.90328, 40.61152], [-73.90337, 40.61147], [-73.90338, 40.61147], [-73.90349, 40.61139], [-73.90346, 40.61135], [-73.90342, 40.61131], [-73.90334, 40.61127], [-73.90314, 40.61097], [-73.90287, 40.61088], [-73.90275, 40.61093], [-73.90263, 40.61081], [-73.90268, 40.61075], [-73.90239, 40.61048], [-73.90232, 40.6105], [-73.90226, 40.61042], [-73.90221, 40.61034], [-73.90223, 40.61026], [-73.90227, 40.61025], [-73.90221, 40.60955], [-73.90208, 40.60955], [-73.90215, 40.60904], [-73.9021, 40.60904], [-73.90196, 40.60862], [-73.90196, 40.6084], [-73.90199, 40.60838], [-73.90201, 40.60835], [-73.902, 40.60831], [-73.902, 40.60831], [-73.902, 40.6083], [-73.90198, 40.60829], [-73.90197, 40.60829], [-73.90197, 40.60828], [-73.90195, 40.60806], [-73.90192, 40.60806], [-73.90188, 40.60781], [-73.90191, 40.60781], [-73.90191, 40.60779], [-73.90189, 40.60751], [-73.90188, 40.60734], [-73.90191, 40.60734], [-73.9019, 40.60723], [-73.90187, 40.60723], [-73.90172, 40.60635], [-73.90171, 40.60626], [-73.9017, 40.60622], [-73.90168, 40.60609], [-73.90169, 40.60609], [-73.90171, 40.6061], [-73.9017, 40.60587], [-73.90166, 40.60586], [-73.90165, 40.6058], [-73.90164, 40.60576], [-73.90178, 40.60567], [-73.90181, 40.60567], [-73.90185, 40.60571], [-73.90187, 40.6057], [-73.90188, 40.60571], [-73.9019, 40.60573], [-73.90292, 40.60548], [-73.90381, 40.60525], [-73.90471, 40.60503], [-73.90521, 40.60491], [-73.90524, 40.60491], [-73.90529, 40.60493], [-73.90539, 40.60523], [-73.90534, 40.60532], [-73.90542, 40.60554], [-73.90561, 40.6059], [-73.9057, 40.60601], [-73.90575, 40.60612], [-73.90589, 40.6063], [-73.90597, 40.60638], [-73.90623, 40.60635], [-73.90696, 40.60636], [-73.9071, 40.60637], [-73.90725, 40.60638], [-73.90739, 40.60638], [-73.90754, 40.60637], [-73.90768, 40.60635], [-73.90783, 40.60633], [-73.90797, 40.60631], [-73.90811, 40.60627], [-73.90819, 40.60635], [-73.90822, 40.60637], [-73.90829, 40.6064], [-73.90837, 40.6064], [-73.90841, 40.60653], [-73.90845, 40.60662], [-73.90848, 40.60663], [-73.90857, 40.60665], [-73.90861, 40.60666], [-73.90864, 40.60666], [-73.90871, 40.60665], [-73.90875, 40.60661], [-73.90883, 40.60656], [-73.90882, 40.60654], [-73.90881, 40.60652], [-73.90879, 40.60646], [-73.90881, 40.60646], [-73.90877, 40.60638], [-73.90874, 40.60631], [-73.90871, 40.60624], [-73.90868, 40.60619], [-73.90866, 40.60613], [-73.90862, 40.60604], [-73.90859, 40.606], [-73.90857, 40.60601], [-73.90857, 40.606], [-73.90855, 40.60597], [-73.90853, 40.60592], [-73.90851, 40.60589], [-73.90851, 40.60588], [-73.90853, 40.60588], [-73.90849, 40.60577], [-73.90847, 40.60578], [-73.90843, 40.60573], [-73.90846, 40.60572], [-73.90844, 40.60569], [-73.90842, 40.6057], [-73.90842, 40.60569], [-73.9084, 40.60566], [-73.90839, 40.60565], [-73.90842, 40.60565], [-73.9084, 40.60561], [-73.90839, 40.60562], [-73.90839, 40.60561], [-73.90838, 40.6056], [-73.90836, 40.60557], [-73.90836, 40.60556], [-73.90838, 40.60555], [-73.90837, 40.60552], [-73.90836, 40.60551], [-73.90835, 40.60549], [-73.90833, 40.60548], [-73.90831, 40.60549], [-73.90828, 40.60544], [-73.90827, 40.60541], [-73.90826, 40.60541], [-73.90828, 40.6054], [-73.90826, 40.60537], [-73.90826, 40.60537], [-73.90826, 40.60536], [-73.90824, 40.60532], [-73.90805, 40.60538], [-73.90803, 40.60536], [-73.9084, 40.60524], [-73.90842, 40.60527], [-73.9083, 40.60531], [-73.90831, 40.60534], [-73.90833, 40.60533], [-73.90835, 40.60538], [-73.90837, 40.60542], [-73.90838, 40.60543], [-73.90839, 40.60546], [-73.9084, 40.60547], [-73.90841, 40.6055], [-73.90841, 40.60551], [-73.90839, 40.60552], [-73.9084, 40.60555], [-73.90843, 40.60554], [-73.90843, 40.60555], [-73.90845, 40.60558], [-73.90845, 40.60559], [-73.90847, 40.60563], [-73.90849, 40.60563], [-73.90851, 40.60568], [-73.90849, 40.60568], [-73.9086, 40.60591], [-73.9086, 40.60592], [-73.90862, 40.60596], [-73.90867, 40.60605], [-73.90867, 40.60605], [-73.90868, 40.60606], [-73.90866, 40.60606], [-73.90868, 40.60611], [-73.90871, 40.6061], [-73.90871, 40.60611], [-73.90873, 40.60614], [-73.90873, 40.60615], [-73.90872, 40.60616], [-73.90873, 40.60619], [-73.90874, 40.6062], [-73.90875, 40.60624], [-73.90877, 40.60629], [-73.90879, 40.60632], [-73.90879, 40.60633], [-73.90877, 40.60633], [-73.90878, 40.60636], [-73.90882, 40.60643], [-73.90882, 40.60643], [-73.90883, 40.60645], [-73.90884, 40.60646], [-73.90887, 40.60647], [-73.90892, 40.60646], [-73.90893, 40.60647], [-73.90887, 40.60648], [-73.90887, 40.60649], [-73.90886, 40.60649], [-73.90889, 40.60654], [-73.90906, 40.60647], [-73.90909, 40.60647], [-73.90913, 40.60648], [-73.90919, 40.60649], [-73.90923, 40.60648], [-73.90927, 40.60645], [-73.90934, 40.60648], [-73.90985, 40.60617], [-73.90981, 40.60608], [-73.90986, 40.60603], [-73.90985, 40.606], [-73.90978, 40.60582], [-73.90961, 40.60566], [-73.90959, 40.60566], [-73.90915, 40.60529], [-73.90899, 40.60515], [-73.90895, 40.60505], [-73.90886, 40.60506], [-73.90872, 40.60474], [-73.90874, 40.60473], [-73.90861, 40.60452], [-73.90858, 40.60453], [-73.90854, 40.60445], [-73.90846, 40.60446], [-73.90831, 40.60413], [-73.90833, 40.60407], [-73.9089, 40.60391], [-73.90893, 40.60398], [-73.90913, 40.60393], [-73.90913, 40.60394], [-73.91092, 40.60351], [-73.91247, 40.60375], [-73.91307, 40.60385], [-73.91329, 40.60388], [-73.91353, 40.60393], [-73.91365, 40.60398], [-73.91363, 40.60402], [-73.91378, 40.60421], [-73.91384, 40.60416], [-73.91498, 40.6052], [-73.91491, 40.60524], [-73.915, 40.60532], [-73.91504, 40.60536], [-73.9151, 40.60532], [-73.91567, 40.60584], [-73.91592, 40.60606], [-73.91595, 40.6061], [-73.91627, 40.60644], [-73.91635, 40.60646], [-73.91674, 40.60681], [-73.9167, 40.60684], [-73.91676, 40.60691], [-73.91669, 40.60694], [-73.91672, 40.60699], [-73.9166, 40.60709], [-73.91671, 40.60716], [-73.91661, 40.6072], [-73.91667, 40.60732], [-73.91672, 40.60762], [-73.91664, 40.60783], [-73.91632, 40.60868], [-73.91669, 40.60875], [-73.91678, 40.60877], [-73.91657, 40.60942], [-73.91663, 40.60944], [-73.91684, 40.60876], [-73.91649, 40.6087], [-73.91651, 40.60863], [-73.91689, 40.60871], [-73.91686, 40.60876], [-73.91687, 40.60876], [-73.91683, 40.60891], [-73.917, 40.60894], [-73.91705, 40.60881], [-73.91709, 40.60882], [-73.91703, 40.60897], [-73.91682, 40.60893], [-73.91666, 40.60944], [-73.91681, 40.60947], [-73.9168, 40.60949], [-73.9167, 40.60947], [-73.91668, 40.60955], [-73.91664, 40.60955], [-73.91666, 40.60946], [-73.91657, 40.60944], [-73.91639, 40.61009], [-73.91628, 40.61011], [-73.91624, 40.61019], [-73.91619, 40.61026], [-73.91614, 40.61034], [-73.91608, 40.61041], [-73.91606, 40.61043], [-73.91616, 40.61052], [-73.91563, 40.61088], [-73.91555, 40.61093], [-73.91492, 40.61127], [-73.915, 40.61134], [-73.91489, 40.61139], [-73.91482, 40.61134], [-73.91465, 40.61145], [-73.91456, 40.61157], [-73.9145, 40.61165], [-73.91458, 40.61189], [-73.91474, 40.61271], [-73.91486, 40.6133], [-73.91483, 40.61332], [-73.91476, 40.61337], [-73.91479, 40.61353], [-73.91486, 40.6135], [-73.91487, 40.61349], [-73.91493, 40.61396], [-73.91488, 40.61399], [-73.91416, 40.61445], [-73.91386, 40.61464], [-73.91408, 40.61489], [-73.91418, 40.6148], [-73.91416, 40.61479], [-73.91418, 40.61478], [-73.91423, 40.6148], [-73.91411, 40.6149], [-73.91417, 40.61492], [-73.91422, 40.61493], [-73.91428, 40.61494], [-73.91434, 40.61494], [-73.9144, 40.61492], [-73.91445, 40.61489], [-73.9145, 40.61486], [-73.91455, 40.61483], [-73.91458, 40.61481], [-73.9146, 40.61478], [-73.9146, 40.61477], [-73.91462, 40.61472], [-73.91467, 40.61467], [-73.91476, 40.61468], [-73.91478, 40.61468], [-73.91509, 40.61447], [-73.91527, 40.61435], [-73.9158, 40.614], [-73.91596, 40.61389], [-73.91642, 40.61357], [-73.9164, 40.61355], [-73.91615, 40.61373], [-73.91593, 40.61386], [-73.91591, 40.61384], [-73.91596, 40.61382], [-73.91573, 40.61362], [-73.91577, 40.61354], [-73.91575, 40.61362], [-73.91597, 40.61381], [-73.91625, 40.61363], [-73.91589, 40.61333], [-73.91577, 40.6134], [-73.91575, 40.61338], [-73.91597, 40.61324], [-73.91598, 40.61325], [-73.91589, 40.61331], [-73.91626, 40.61361], [-73.91639, 40.61353], [-73.91634, 40.61348], [-73.9164, 40.61345], [-73.91599, 40.61288], [-73.91588, 40.61292], [-73.91587, 40.61291], [-73.916, 40.61286], [-73.91642, 40.61345], [-73.91646, 40.61342], [-73.91651, 40.61347], [-73.91647, 40.61349], [-73.9165, 40.61352], [-73.91663, 40.61344], [-73.91573, 40.61183], [-73.91675, 40.61118], [-73.91669, 40.61113], [-73.91667, 40.61114], [-73.91659, 40.61109], [-73.91662, 40.61107], [-73.91665, 40.61109], [-73.91672, 40.61104], [-73.91667, 40.61101], [-73.91669, 40.611], [-73.91679, 40.61106], [-73.91678, 40.61107], [-73.91683, 40.61112], [-73.91805, 40.61027], [-73.91811, 40.61021], [-73.9181, 40.61012], [-73.91774, 40.60981], [-73.91774, 40.60979], [-73.91773, 40.60978], [-73.91773, 40.60977], [-73.91773, 40.60976], [-73.91787, 40.60933], [-73.91782, 40.60932], [-73.9177, 40.60967], [-73.91768, 40.60966], [-73.91796, 40.60879], [-73.91798, 40.60879], [-73.91782, 40.6093], [-73.91787, 40.60931], [-73.91802, 40.60887], [-73.91802, 40.60886], [-73.91803, 40.60885], [-73.91804, 40.60884], [-73.91805, 40.60883], [-73.91806, 40.60882], [-73.91856, 40.6085], [-73.9181, 40.60809], [-73.91801, 40.60815], [-73.91819, 40.60802], [-73.91812, 40.60808], [-73.91857, 40.60849], [-73.91888, 40.6083], [-73.91889, 40.60829], [-73.9189, 40.60829], [-73.91891, 40.60829], [-73.91892, 40.60828], [-73.91893, 40.60828], [-73.91894, 40.60828], [-73.91901, 40.60827], [-73.91825, 40.60759], [-73.91815, 40.60765], [-73.91814, 40.60764], [-73.91836, 40.6075], [-73.91841, 40.60754], [-73.91831, 40.60761], [-73.91902, 40.60826], [-73.91935, 40.60804], [-73.91838, 40.60717], [-73.91827, 40.60724], [-73.91825, 40.60723], [-73.9185, 40.60707], [-73.91852, 40.60708], [-73.9184, 40.60715], [-73.91937, 40.60803], [-73.91942, 40.608], [-73.91948, 40.60798], [-73.9195, 40.60797], [-73.9195, 40.60792], [-73.91952, 40.60774], [-73.91924, 40.60739], [-73.91905, 40.60722], [-73.91888, 40.60711], [-73.91868, 40.60697], [-73.91858, 40.60679], [-73.91858, 40.60677], [-73.91795, 40.60621], [-73.91848, 40.60615], [-73.91853, 40.60611], [-73.91971, 40.6073], [-73.91985, 40.60722], [-73.92066, 40.60675], [-73.92158, 40.60764], [-73.9223, 40.60718], [-73.92301, 40.60672], [-73.92373, 40.60625], [-73.92444, 40.60579], [-73.92625, 40.60741], [-73.92696, 40.60696], [-73.92769, 40.60648], [-73.92844, 40.606], [-73.92916, 40.60553], [-73.9295, 40.60531], [-73.92987, 40.60507], [-73.9317, 40.60671], [-73.93201, 40.607], [-73.93351, 40.60834], [-73.93423, 40.6079], [-73.93531, 40.60886], [-73.93572, 40.60923], [-73.93605, 40.60951], [-73.93676, 40.60905], [-73.93709, 40.60884], [-73.93754, 40.60856], [-73.93935, 40.61019], [-73.94012, 40.60969], [-73.94083, 40.60923], [-73.94155, 40.60877], [-73.94187, 40.60856], [-73.94231, 40.60827], [-73.94355, 40.60935], [-73.94364, 40.60986], [-73.9437, 40.61021], [-73.9438, 40.61072], [-73.94406, 40.61199], [-73.94417, 40.61272], [-73.94431, 40.61341], [-73.94457, 40.6148], [-73.9448, 40.61589], [-73.94483, 40.61605], [-73.94468, 40.61616], [-73.94396, 40.61682], [-73.94347, 40.61738], [-73.94325, 40.61741], [-73.94315, 40.61743], [-73.94221, 40.61753], [-73.94139, 40.61762], [-73.94128, 40.61763], [-73.94079, 40.6177], [-73.94045, 40.61793], [-73.94037, 40.61799], [-73.93972, 40.61841], [-73.93949, 40.61855], [-73.939, 40.61887], [-73.93865, 40.6191], [-73.93829, 40.61933], [-73.93781, 40.61965], [-73.93758, 40.6198], [-73.93696, 40.6202], [-73.93687, 40.62025], [-73.93502, 40.6186], [-73.9332, 40.61697], [-73.93249, 40.61743], [-73.93173, 40.61793], [-73.9306, 40.61692], [-73.9299, 40.61629], [-73.92946, 40.6159], [-73.92843, 40.61497], [-73.92809, 40.61467], [-73.92776, 40.61437], [-73.92769, 40.61431], [-73.9274, 40.61405], [-73.9263, 40.61312], [-73.9263, 40.61319], [-73.92632, 40.61344], [-73.9264, 40.61448], [-73.9254, 40.61454], [-73.92447, 40.6146], [-73.9235, 40.61466], [-73.92253, 40.61472], [-73.92159, 40.61478], [-73.92062, 40.61484], [-73.92053, 40.61394], [-73.92011, 40.61421], [-73.91961, 40.61453], [-73.91937, 40.61469], [-73.91893, 40.61497], [-73.91863, 40.61517], [-73.91789, 40.61565], [-73.91739, 40.61597], [-73.9172, 40.61609], [-73.9169, 40.61627], [-73.91698, 40.61693], [-73.91701, 40.6172], [-73.91712, 40.61792], [-73.91717, 40.61839], [-73.91717, 40.61871], [-73.91726, 40.61955], [-73.91741, 40.62096], [-73.91747, 40.62151], [-73.91752, 40.62194], [-73.91771, 40.62372], [-73.91775, 40.62416], [-73.91799, 40.62646], [-73.91816, 40.628], [-73.91824, 40.62877], [-73.91836, 40.62979], [-73.91861, 40.63209], [-73.91716, 40.63173], [-73.91722, 40.63171], [-73.91728, 40.63169], [-73.91734, 40.63166], [-73.91738, 40.63162], [-73.91743, 40.63158], [-73.91746, 40.63154], [-73.91749, 40.63149], [-73.91751, 40.63144], [-73.91752, 40.63139], [-73.91752, 40.63134], [-73.91732, 40.63101], [-73.91535, 40.62999], [-73.9148, 40.62974], [-73.90918, 40.6272], [-73.90826, 40.62678], [-73.90464, 40.62513]]]}}, {"type": "Feature", "properties": {"zone_id": 171, "zone": "Murray Hill-Queens", "borough": "Queens", "demand": 3}, "geometry": {"type": "Polygon", "coordinates": [[[-73.79318, 40.7704], [-73.79321, 40.77034], [-73.79342, 40.7686], [-73.79361, 40.76722], [-73.79396, 40.76469], [-73.79303, 40.76462], [-73.79323, 40.76314], [-73.79335, 40.76229], [-73.79344, 40.7616], [-73.79344, 40.76151], [-73.79344, 40.76118], [-73.79344, 40.76082], [-73.79344, 40.76076], [-73.79255, 40.76084], [-73.79165, 40.76091], [-73.79076, 40.76098], [-73.79053, 40.75937], [-73.79032, 40.75782], [-73.79122, 40.7578], [-73.79201, 40.75778], [-73.79212, 40.75778], [-73.79303, 40.75776], [-73.79402, 40.75774], [-73.79493, 40.7578], [-73.7958, 40.75809], [-73.79622, 40.75824], [-73.7967, 40.75842], [-73.7976, 40.75874], [-73.7985, 40.75907], [-73.7994, 40.7594], [-73.8003, 40.7597], [-73.80125, 40.75983], [-73.80215, 40.75999], [-73.80307, 40.76013], [-73.804, 40.76027], [-73.80492, 40.76044], [-73.80584, 40.76061], [-73.80676, 40.76079], [-73.80768, 40.76096], [-73.80859, 40.76113], [-73.80951, 40.7613], [-73.81044, 40.76138], [-73.81105, 40.76142], [-73.81227, 40.76113], [-73.81313, 40.7609], [-73.814, 40.76066], [-73.81509, 40.76037], [-73.81729, 40.75977], [-73.82064, 40.75887], [-73.82081, 40.75894], [-73.82116, 40.75969], [-73.82156, 40.76053], [-73.82177, 40.76098], [-73.82181, 40.76107], [-73.82207, 40.76162], [-73.8226, 40.76276], [-73.82303, 40.76367], [-73.82348, 40.76465], [-73.82373, 40.76582], [-73.82395, 40.76689], [-73.82421, 40.76817], [-73.82444, 40.76928], [-73.82467, 40.77041], [-73.82556, 40.77028], [-73.82605, 40.77021], [-73.82656, 40.77014], [-73.82657, 40.77064], [-73.82658, 40.77163], [-73.82657, 40.77234], [-73.82648, 40.77312], [-73.82625, 40.77452], [-73.82583, 40.77591], [-73.82487, 40.77654], [-73.82433, 40.77674], [-73.82428, 40.77699], [-73.82422, 40.77723], [-73.82414, 40.77748], [-73.82405, 40.77772], [-73.82382, 40.77836], [-73.82376, 40.7785], [-73.82355, 40.77903], [-73.82331, 40.77958], [-73.82224, 40.77949], [-73.82132, 40.77941], [-73.82032, 40.77933], [-73.81981, 40.7793], [-73.81931, 40.77926], [-73.81728, 40.7791], [-73.81453, 40.77889], [-73.81466, 40.7779], [-73.81476, 40.7772], [-73.81479, 40.777], [-73.81486, 40.77649], [-73.81269, 40.77631], [-73.80945, 40.77606], [-73.80659, 40.77583], [-73.80379, 40.77561], [-73.80099, 40.77539], [-73.79865, 40.7752], [-73.79853, 40.77519], [-73.79823, 40.77485], [-73.79785, 40.77441], [-73.79772, 40.77427], [-73.79758, 40.77414], [-73.79742, 40.77401], [-73.79742, 40.77401], [-73.79742, 40.77401], [-73.7973, 40.77393], [-73.79724, 40.77389], [-73.79673, 40.77361], [-73.79653, 40.7735], [-73.79572, 40.77307], [-73.79566, 40.77304], [-73.79522, 40.77267], [-73.79507, 40.77254], [-73.79494, 40.7724], [-73.79481, 40.77226], [-73.79416, 40.77152], [-73.79395, 40.77127], [-73.79324, 40.77047], [-73.79318, 40.7704]]]}}, {"type": "Feature", "properties": {"zone_id": 175, "zone": "Oakland Gardens", "borough": "Queens", "demand": 2}, "geometry": {"type": "Polygon", "coordinates": [[[-73.75626, 40.75843], [-73.75584, 40.75774], [-73.75557, 40.75828], [-73.75552, 40.75832], [-73.75539, 40.75839], [-73.75526, 40.75844], [-73.75512, 40.75848], [-73.75498, 40.7585], [-73.75423, 40.75852], [-73.75405, 40.75851], [-73.75387, 40.75848], [-73.75369, 40.75844], [-73.75352, 40.75839], [-73.75336, 40.75832], [-73.75321, 40.75824], [-73.75277, 40.75887], [-73.7523, 40.75945], [-73.75116, 40.75907], [-73.75058, 40.75801], [-73.75005, 40.7584], [-73.7481, 40.7559], [-73.74711, 40.75417], [-73.74774, 40.75385], [-73.74761, 40.75351], [-73.74738, 40.75296], [-73.7471, 40.75235], [-73.74687, 40.75209], [-73.74684, 40.75206], [-73.74681, 40.75203], [-73.74667, 40.75193], [-73.74653, 40.75184], [-73.74638, 40.75176], [-73.74622, 40.75169], [-73.74578, 40.75156], [-73.74508, 40.75027], [-73.7441, 40.74821], [-73.74384, 40.74769], [-73.74626, 40.74671], [-73.74593, 40.74571], [-73.74478, 40.74328], [-73.74568, 40.74303], [-73.74672, 40.74312], [-73.74785, 40.7433], [-73.74888, 40.74329], [-73.7498, 40.74314], [-73.75073, 40.743], [-73.75163, 40.74281], [-73.75253, 40.74261], [-73.75347, 40.7424], [-73.75139, 40.74019], [-73.75126, 40.74012], [-73.75126, 40.74012], [-73.75126, 40.74012], [-73.75113, 40.74007], [-73.75113, 40.74007], [-73.75113, 40.74007], [-73.75098, 40.74002], [-73.75098, 40.74002], [-73.75098, 40.74002], [-73.75083, 40.73999], [-73.75083, 40.73999], [-73.75083, 40.73999], [-73.75068, 40.73997], [-73.75053, 40.73995], [-73.75053, 40.73995], [-73.75053, 40.73995], [-73.75037, 40.73992], [-73.75037, 40.73992], [-73.75037, 40.73992], [-73.75023, 40.73988], [-73.75023, 40.73988], [-73.75009, 40.73982], [-73.75009, 40.73982], [-73.75009, 40.73982], [-73.74997, 40.73974], [-73.74658, 40.74035], [-73.74396, 40.74079], [-73.74385, 40.74009], [-73.74372, 40.73938], [-73.7436, 40.73901], [-73.74347, 40.73887], [-73.74307, 40.73844], [-73.74223, 40.73861], [-73.74155, 40.73876], [-73.74142, 40.73878], [-73.74128, 40.73879], [-73.74114, 40.73877], [-73.74101, 40.73874], [-73.74101, 40.73874], [-73.74101, 40.73874], [-73.74088, 40.7387], [-73.74077, 40.73863], [-73.74056, 40.73859], [-73.74029, 40.73852], [-73.74017, 40.73848], [-73.74145, 40.73694], [-73.74152, 40.73686], [-73.74159, 40.73678], [-73.74228, 40.73609], [-73.74295, 40.73546], [-73.74472, 40.73401], [-73.74555, 40.7334], [-73.74616, 40.73293], [-73.74672, 40.73248], [-73.74705, 40.73219], [-73.74733, 40.73194], [-73.7475, 40.73179], [-73.74793, 40.7314], [-73.74917, 40.7303], [-73.74981, 40.72975], [-73.75048, 40.72922], [-73.75081, 40.72899], [-73.75107, 40.72882], [-73.75184, 40.72833], [-73.75222, 40.72811], [-73.75259, 40.72791], [-73.75297, 40.7277], [-73.75363, 40.72739], [-73.75381, 40.72731], [-73.75406, 40.7272], [-73.75442, 40.72704], [-73.75528, 40.72671], [-73.75613, 40.72643], [-73.75655, 40.72627], [-73.75664, 40.72625], [-73.7567, 40.72623], [-73.75675, 40.72627], [-73.75678, 40.7263], [-73.75685, 40.72635], [-73.75787, 40.72711], [-73.75832, 40.72736], [-73.75994, 40.72816], [-73.76024, 40.72831], [-73.76114, 40.72879], [-73.76161, 40.72905], [-73.76234, 40.72954], [-73.76328, 40.73024], [-73.76382, 40.73068], [-73.76435, 40.73115], [-73.76487, 40.73167], [-73.76529, 40.73211], [-73.76559, 40.73247], [-73.76564, 40.73253], [-73.76555, 40.73254], [-73.76492, 40.73265], [-73.76434, 40.73275], [-73.7637, 40.73286], [-73.76374, 40.73291], [-73.76471, 40.73408], [-73.76503, 40.73447], [-73.76511, 40.73456], [-73.76504, 40.73457], [-73.76429, 40.7348], [-73.76389, 40.73493], [-73.76318, 40.73514], [-73.76311, 40.73516], [-73.76273, 40.73526], [-73.76253, 40.736], [-73.76249, 40.73618], [-73.76246, 40.73636], [-73.76246, 40.73655], [-73.76249, 40.73673], [-73.76253, 40.73691], [-73.7626, 40.73709], [-73.76268, 40.73726], [-73.76317, 40.73826], [-73.76361, 40.73917], [-73.76432, 40.74067], [-73.76515, 40.74244], [-73.76557, 40.74326], [-73.76618, 40.74357], [-73.76634, 40.74365], [-73.76649, 40.74375], [-73.76663, 40.74385], [-73.76676, 40.74397], [-73.76688, 40.74409], [-73.76698, 40.74422], [-73.76762, 40.74553], [-73.76771, 40.74572], [-73.76773, 40.74578], [-73.76729, 40.7459], [-73.76682, 40.74603], [-73.76636, 40.74615], [-73.76589, 40.74628], [-73.76502, 40.74652], [-73.76414, 40.74676], [-73.76298, 40.74708], [-73.7624, 40.74724], [-73.76152, 40.74749], [-73.76146, 40.74751], [-73.76138, 40.74753], [-73.76074, 40.74774], [-73.75973, 40.74819], [-73.75886, 40.74858], [-73.75846, 40.74876], [-73.75806, 40.74894], [-73.75803, 40.74896], [-73.75774, 40.74906], [-73.75744, 40.74916], [-73.75714, 40.74924], [-73.75684, 40.74932], [-73.75687, 40.74936], [-73.75699, 40.74957], [-73.75738, 40.75023], [-73.75783, 40.75076], [-73.7591, 40.75225], [-73.75948, 40.75243], [-73.75957, 40.75247], [-73.75957, 40.75247], [-73.75957, 40.75247], [-73.75972, 40.75256], [-73.75972, 40.75256], [-73.75972, 40.75256], [-73.75985, 40.75266], [-73.75985, 40.75266], [-73.75985, 40.75266], [-73.75996, 40.75278], [-73.75996, 40.75278], [-73.75996, 40.75278], [-73.76006, 40.7529], [-73.76006, 40.7529], [-73.76006, 40.7529], [-73.76013, 40.75303], [-73.76013, 40.75303], [-73.76013, 40.75303], [-73.76019, 40.75316], [-73.76049, 40.75384], [-73.7608, 40.75455], [-73.7609, 40.75468], [-73.76102, 40.75482], [-73.76115, 40.75494], [-73.76129, 40.75505], [-73.76145, 40.75515], [-73.76157, 40.75523], [-73.76168, 40.75532], [-73.76177, 40.75543], [-73.76184, 40.75554], [-73.7619, 40.75565], [-73.76193, 40.75577], [-73.76186, 40.75652], [-73.76177, 40.75728], [-73.762, 40.7581], [-73.7624, 40.7595], [-73.76126, 40.75971], [-73.76032, 40.7599], [-73.75988, 40.75999], [-73.758, 40.76038], [-73.75682, 40.75973], [-73.75626, 40.75843]]]}}, {"type": "Feature", "properties": {"zone_id": 178, "zone": "Ocean Parkway South", "borough": "Brooklyn", "demand": 2}, "geometry": {"type": "Polygon", "coordinates": [[[-73.9708, 40.62593], [-73.97047, 40.62417], [-73.97019, 40.6242], [-73.9691, 40.62433], [-73.96865, 40.62194], [-73.96757, 40.62206], [-73.96665, 40.62216], [-73.96572, 40.62226], [-73.96472, 40.62237], [-73.96427, 40.61998], [-73.96389, 40.618], [-73.96381, 40.61759], [-73.96375, 40.6173], [-73.96362, 40.61659], [-73.96356, 40.61624], [-73.96336, 40.6152], [-73.96286, 40.61255], [-73.96385, 40.61243], [-73.96478, 40.61233], [-73.9643, 40.60978], [-73.96522, 40.60967], [-73.9663, 40.60955], [-73.9674, 40.60946], [-73.96769, 40.60942], [-73.96792, 40.60939], [-73.96904, 40.60925], [-73.96997, 40.60915], [-73.9709, 40.60905], [-73.97191, 40.60894], [-73.97299, 40.60881], [-73.97317, 40.6088], [-73.97403, 40.6087], [-73.97418, 40.60946], [-73.97439, 40.61058], [-73.97452, 40.61126], [-73.97458, 40.61161], [-73.97478, 40.61264], [-73.97489, 40.61319], [-73.97497, 40.61367], [-73.97517, 40.61472], [-73.97399, 40.61403], [-73.9729, 40.61415], [-73.97336, 40.61654], [-73.97444, 40.61642], [-73.97548, 40.61631], [-73.97544, 40.61611], [-73.97537, 40.61575], [-73.97563, 40.61595], [-73.97785, 40.61729], [-73.97752, 40.61768], [-73.97682, 40.61868], [-73.97539, 40.62077], [-73.97705, 40.62153], [-73.97695, 40.62163], [-73.97657, 40.62199], [-73.97675, 40.62301], [-73.97683, 40.62348], [-73.97694, 40.62405], [-73.97711, 40.62495], [-73.9772, 40.6251], [-73.97726, 40.62585], [-73.97623, 40.62598], [-73.97564, 40.62603], [-73.97508, 40.62611], [-73.97415, 40.62621], [-73.97322, 40.62632], [-73.9723, 40.62643], [-73.97119, 40.62654], [-73.97108, 40.62655], [-73.97092, 40.62657], [-73.97086, 40.62624], [-73.9708, 40.62593]]]}}, {"type": "Feature", "properties": {"zone_id": 180, "zone": "Ozone Park", "borough": "Queens", "demand": 5}, "geometry": {"type": "Polygon", "coordinates": [[[-73.8412, 40.68335], [-73.84013, 40.68115], [-73.83952, 40.67996], [-73.83794, 40.67679], [-73.83812, 40.67663], [-73.83784, 40.67608], [-73.8375, 40.67541], [-73.83714, 40.67466], [-73.83681, 40.67396], [-73.83641, 40.67311], [-73.83601, 40.67227], [-73.83527, 40.6708], [-73.83335, 40.66677], [-73.83465, 40.66711], [-73.83488, 40.66721], [-73.83529, 40.66724], [-73.8357, 40.66726], [-73.83668, 40.66759], [-73.8373, 40.66771], [-73.83745, 40.6678], [-73.83834, 40.66799], [-73.83928, 40.6682], [-73.84009, 40.66844], [-73.84014, 40.66827], [-73.84117, 40.66851], [-73.84216, 40.6687], [-73.84227, 40.66874], [-73.8423, 40.66881], [-73.84244, 40.66929], [-73.84258, 40.66928], [-73.84271, 40.66928], [-73.84289, 40.66928], [-73.84306, 40.66931], [-73.84322, 40.66934], [-73.84557, 40.67008], [-73.84594, 40.67018], [-73.84741, 40.67063], [-73.84787, 40.67078], [-73.84848, 40.67092], [-73.85096, 40.67172], [-73.85163, 40.67193], [-73.85284, 40.67228], [-73.85649, 40.67338], [-73.85711, 40.67357], [-73.85825, 40.67413], [-73.85928, 40.67445], [-73.85959, 40.67456], [-73.8603, 40.67477], [-73.86132, 40.67502], [-73.8614, 40.67534], [-73.86171, 40.67661], [-73.86203, 40.67789], [-73.86226, 40.67882], [-73.86235, 40.67916], [-73.86296, 40.67911], [-73.86329, 40.67908], [-73.86331, 40.67917], [-73.86335, 40.67935], [-73.8623, 40.67963], [-73.86156, 40.67984], [-73.86142, 40.67988], [-73.86066, 40.6801], [-73.86053, 40.68013], [-73.85977, 40.68035], [-73.85966, 40.68038], [-73.8593, 40.68049], [-73.85879, 40.68063], [-73.8582, 40.67943], [-73.85779, 40.67946], [-73.85721, 40.67949], [-73.85683, 40.67951], [-73.85653, 40.67953], [-73.85439, 40.67966], [-73.85392, 40.67969], [-73.85268, 40.68008], [-73.85223, 40.68021], [-73.85168, 40.68037], [-73.85099, 40.68057], [-73.85132, 40.68124], [-73.85164, 40.68189], [-73.85198, 40.68256], [-73.85087, 40.68226], [-73.8506, 40.68219], [-73.84976, 40.68199], [-73.84922, 40.68184], [-73.84863, 40.68168], [-73.84787, 40.68149], [-73.84758, 40.68158], [-73.84671, 40.68186], [-73.84583, 40.68211], [-73.84529, 40.68223], [-73.8452, 40.68225], [-73.84513, 40.68227], [-73.84506, 40.68228], [-73.84496, 40.68231], [-73.84451, 40.68241], [-73.84409, 40.68253], [-73.84323, 40.68277], [-73.84237, 40.68302], [-73.84151, 40.68326], [-73.84134, 40.68331], [-73.8412, 40.68335]]]}}, {"type": "Feature", "properties": {"zone_id": 183, "zone": "Pelham Bay", "borough": "Bronx", "demand": 6}, "geometry": {"type": "Polygon", "coordinates": [[[-73.83677, 40.84339], [-73.83689, 40.84337], [-73.83677, 40.84354], [-73.83653, 40.84462], [-73.8362, 40.84583], [-73.83615, 40.84613], [-73.83607, 40.84716], [-73.83593, 40.84841], [-73.8358, 40.84968], [-73.83556, 40.85196], [-73.83546, 40.85226], [-73.83534, 40.85255], [-73.8352, 40.85284], [-73.83504, 40.85313], [-73.8348, 40.8535], [-73.83473, 40.85366], [-73.83464, 40.85382], [-73.83453, 40.85397], [-73.8344, 40.85411], [-73.83425, 40.85424], [-73.83408, 40.85436], [-73.83391, 40.85447], [-73.8335, 40.85468], [-73.83296, 40.85492], [-73.83262, 40.85506], [-73.83228, 40.85518], [-73.83193, 40.85528], [-73.83157, 40.85538], [-73.83129, 40.85543], [-73.83057, 40.85551], [-73.82957, 40.85562], [-73.82908, 40.85568], [-73.8286, 40.85572], [-73.82801, 40.85472], [-73.82723, 40.85335], [-73.82722, 40.85325], [-73.82738, 40.85282], [-73.82713, 40.85187], [-73.82718, 40.85171], [-73.82742, 40.85099], [-73.82766, 40.85027], [-73.82777, 40.85001], [-73.82785, 40.84974], [-73.82792, 40.84946], [-73.82797, 40.84918], [-73.82799, 40.8489], [-73.828, 40.84862], [-73.82768, 40.84813], [-73.82688, 40.8469], [-73.82672, 40.8467], [-73.82658, 40.84648], [-73.82645, 40.84626], [-73.82635, 40.84606], [-73.82634, 40.84604], [-73.82625, 40.84581], [-73.82617, 40.84557], [-73.82611, 40.84534], [-73.82611, 40.84534], [-73.82675, 40.84508], [-73.82758, 40.84473], [-73.82845, 40.84445], [-73.82871, 40.84437], [-73.82932, 40.84419], [-73.82966, 40.84409], [-73.83043, 40.84386], [-73.83108, 40.84374], [-73.83201, 40.84363], [-73.83294, 40.84352], [-73.83383, 40.84352], [-73.83475, 40.8435], [-73.83583, 40.84347], [-73.83677, 40.84339]]]}}, {"type": "Feature", "properties": {"zone_id": 195, "zone": "Red Hook", "borough": "Brooklyn", "demand": 9}, "geometry": {"type": "Polygon", "coordinates": [[[-74.00717, 40.68636], [-74.0055, 40.68585], [-74.00485, 40.68567], [-74.00518, 40.685], [-74.0055, 40.68433], [-74.00582, 40.68366], [-74.00596, 40.68336], [-74.00567, 40.68293], [-74.0056, 40.68282], [-74.00504, 40.68191], [-74.00457, 40.68115], [-74.00447, 40.68099], [-74.00378, 40.68009], [-74.00372, 40.68002], [-74.00345, 40.67979], [-74.00339, 40.67972], [-74.00329, 40.67964], [-74.00311, 40.67933], [-74.00255, 40.67866], [-74.00222, 40.67826], [-74.00216, 40.67818], [-74.00153, 40.67727], [-74.00103, 40.67641], [-74.00067, 40.67556], [-74.00083, 40.67561], [-74.0009, 40.67564], [-74.00112, 40.6757], [-74.00106, 40.67556], [-74.00078, 40.67529], [-74.00045, 40.67477], [-73.99995, 40.67393], [-73.99991, 40.67387], [-73.99983, 40.67376], [-73.99935, 40.67301], [-73.99904, 40.67251], [-73.99898, 40.67241], [-73.99862, 40.67183], [-73.99868, 40.67174], [-73.99877, 40.6716], [-73.99893, 40.67141], [-73.99931, 40.67077], [-73.99962, 40.67013], [-73.99963, 40.67011], [-73.99991, 40.6695], [-74.0003, 40.66872], [-74.00106, 40.66895], [-74.00142, 40.66836], [-74.00222, 40.66858], [-74.00289, 40.66735], [-74.00319, 40.66726], [-74.00369, 40.66743], [-74.00363, 40.66757], [-74.00399, 40.66767], [-74.0044, 40.66778], [-74.0051, 40.66797], [-74.0051, 40.66798], [-74.00547, 40.66795], [-74.00553, 40.6679], [-74.00586, 40.66799], [-74.00598, 40.66788], [-74.00601, 40.66789], [-74.00613, 40.66761], [-74.00626, 40.66733], [-74.00623, 40.66733], [-74.00631, 40.66714], [-74.00656, 40.66664], [-74.0066, 40.66656], [-74.00677, 40.66619], [-74.00683, 40.66621], [-74.00687, 40.66613], [-74.00686, 40.66613], [-74.00685, 40.66612], [-74.00684, 40.66611], [-74.00683, 40.66611], [-74.00683, 40.6661], [-74.00682, 40.66609], [-74.00682, 40.66608], [-74.00682, 40.66607], [-74.00683, 40.66606], [-74.00683, 40.66605], [-74.00684, 40.66604], [-74.00685, 40.66603], [-74.00686, 40.66603], [-74.00687, 40.66602], [-74.00688, 40.66602], [-74.00689, 40.66602], [-74.00691, 40.66602], [-74.00692, 40.66602], [-74.00693, 40.66602], [-74.00694, 40.66603], [-74.00695, 40.66604], [-74.00696, 40.66604], [-74.00697, 40.66605], [-74.00697, 40.66606], [-74.00697, 40.66607], [-74.00697, 40.66608], [-74.00697, 40.66609], [-74.00697, 40.6661], [-74.00696, 40.66611], [-74.00695, 40.66612], [-74.00694, 40.66612], [-74.00693, 40.66613], [-74.00692, 40.66613], [-74.00691, 40.66613], [-74.0069, 40.66613], [-74.0069, 40.66613], [-74.00688, 40.66613], [-74.00687, 40.66616], [-74.00684, 40.66621], [-74.0069, 40.66622], [-74.00675, 40.66654], [-74.00631, 40.6675], [-74.00626, 40.6676], [-74.00605, 40.66805], [-74.00532, 40.66955], [-74.00475, 40.67072], [-74.00544, 40.67092], [-74.00603, 40.66978], [-74.00663, 40.66863], [-74.0068, 40.66859], [-74.00755, 40.66705], [-74.0078, 40.66716], [-74.00709, 40.66859], [-74.00985, 40.66852], [-74.01154, 40.66509], [-74.01575, 40.66457], [-74.0169, 40.66485], [-74.01744, 40.66527], [-74.01789, 40.66585], [-74.01858, 40.67039], [-74.01876, 40.67108], [-74.01934, 40.67162], [-74.01888, 40.6716], [-74.01751, 40.67103], [-74.01669, 40.66544], [-74.01658, 40.66504], [-74.01649, 40.66493], [-74.01603, 40.66486], [-74.01594, 40.66547], [-74.01228, 40.66573], [-74.01088, 40.6686], [-74.01036, 40.66864], [-74.01034, 40.66908], [-74.01056, 40.66919], [-74.01091, 40.66919], [-74.01087, 40.66971], [-74.01154, 40.66978], [-74.01162, 40.67011], [-74.01151, 40.67041], [-74.01163, 40.67058], [-74.01406, 40.66971], [-74.01425, 40.66973], [-74.01424, 40.66981], [-74.01175, 40.67066], [-74.01177, 40.6707], [-74.0118, 40.67075], [-74.01183, 40.67079], [-74.01187, 40.67082], [-74.01191, 40.67086], [-74.01196, 40.67089], [-74.01202, 40.67091], [-74.01208, 40.67093], [-74.01214, 40.67095], [-74.0122, 40.67096], [-74.01227, 40.67096], [-74.01233, 40.67095], [-74.0124, 40.67094], [-74.01246, 40.67092], [-74.01252, 40.6709], [-74.01257, 40.67087], [-74.01262, 40.67084], [-74.01355, 40.67126], [-74.0136, 40.67123], [-74.01365, 40.6712], [-74.01371, 40.67118], [-74.01376, 40.67117], [-74.01382, 40.67117], [-74.01388, 40.67117], [-74.01394, 40.67118], [-74.01399, 40.67119], [-74.01427, 40.67138], [-74.01508, 40.67069], [-74.0152, 40.67075], [-74.01437, 40.67145], [-74.01412, 40.67167], [-74.01387, 40.67188], [-74.01423, 40.67213], [-74.0156, 40.67097], [-74.01569, 40.67104], [-74.01429, 40.67224], [-74.01423, 40.67221], [-74.01298, 40.67333], [-74.01336, 40.67359], [-74.01395, 40.67311], [-74.01512, 40.67216], [-74.01632, 40.67291], [-74.01458, 40.67441], [-74.01496, 40.67468], [-74.01544, 40.67427], [-74.01671, 40.67319], [-74.01817, 40.67194], [-74.0188, 40.67225], [-74.01727, 40.67361], [-74.01729, 40.67363], [-74.01775, 40.67405], [-74.0178, 40.67402], [-74.01782, 40.67403], [-74.01789, 40.67396], [-74.01788, 40.67396], [-74.01794, 40.67388], [-74.01801, 40.67391], [-74.01796, 40.67399], [-74.01792, 40.67398], [-74.01784, 40.67404], [-74.01786, 40.67406], [-74.0178, 40.6741], [-74.01812, 40.67434], [-74.01814, 40.67436], [-74.01815, 40.67438], [-74.01817, 40.6744], [-74.01817, 40.67442], [-74.01818, 40.67444], [-74.01818, 40.67446], [-74.01805, 40.67477], [-74.01802, 40.67485], [-74.01803, 40.67492], [-74.01804, 40.67496], [-74.01801, 40.67499], [-74.01802, 40.67501], [-74.01792, 40.67508], [-74.01799, 40.67512], [-74.01783, 40.67526], [-74.01815, 40.67547], [-74.0182, 40.67544], [-74.01823, 40.67546], [-74.0183, 40.67546], [-74.01841, 40.67537], [-74.01832, 40.6753], [-74.01827, 40.67535], [-74.01818, 40.67529], [-74.01839, 40.67511], [-74.01848, 40.67516], [-74.01843, 40.67521], [-74.01852, 40.67527], [-74.01876, 40.67506], [-74.01877, 40.67506], [-74.01878, 40.67506], [-74.01879, 40.67506], [-74.0188, 40.67506], [-74.01881, 40.67506], [-74.01882, 40.67506], [-74.01883, 40.67507], [-74.01884, 40.67507], [-74.01885, 40.67508], [-74.01885, 40.67509], [-74.01886, 40.67509], [-74.01886, 40.6751], [-74.01886, 40.67511], [-74.01886, 40.67512], [-74.01885, 40.67513], [-74.01841, 40.67552], [-74.01842, 40.67554], [-74.01843, 40.67556], [-74.01844, 40.67558], [-74.01846, 40.67559], [-74.01848, 40.6756], [-74.01854, 40.67577], [-74.01853, 40.67579], [-74.01853, 40.67581], [-74.01852, 40.67583], [-74.0185, 40.67584], [-74.01849, 40.67585], [-74.01847, 40.67587], [-74.01844, 40.67587], [-74.01842, 40.67588], [-74.0184, 40.67588], [-74.01802, 40.67589], [-74.01798, 40.67595], [-74.01794, 40.67602], [-74.01791, 40.67609], [-74.01789, 40.67616], [-74.01788, 40.67623], [-74.01788, 40.6763], [-74.01788, 40.67637], [-74.01789, 40.67644], [-74.01791, 40.67651], [-74.01798, 40.67652], [-74.01798, 40.67657], [-74.01911, 40.67655], [-74.01912, 40.67662], [-74.01977, 40.67661], [-74.01995, 40.6771], [-74.01908, 40.67714], [-74.01914, 40.67772], [-74.01919, 40.67774], [-74.01919, 40.67774], [-74.01922, 40.67778], [-74.01918, 40.67783], [-74.01909, 40.67783], [-74.01908, 40.67783], [-74.01907, 40.67785], [-74.01904, 40.67788], [-74.01903, 40.67788], [-74.01843, 40.67791], [-74.01843, 40.67793], [-74.01841, 40.67841], [-74.01859, 40.6784], [-74.01863, 40.67837], [-74.01863, 40.67837], [-74.01863, 40.67837], [-74.01865, 40.67838], [-74.01866, 40.67839], [-74.01895, 40.67838], [-74.01898, 40.67835], [-74.01899, 40.67835], [-74.01902, 40.67838], [-74.01947, 40.67836], [-74.01954, 40.6783], [-74.01966, 40.67839], [-74.01966, 40.67839], [-74.01955, 40.67848], [-74.01952, 40.67846], [-74.01943, 40.6784], [-74.01943, 40.6784], [-74.01936, 40.6784], [-74.01928, 40.6784], [-74.01928, 40.67841], [-74.01927, 40.67841], [-74.01925, 40.67843], [-74.01924, 40.67843], [-74.01921, 40.67841], [-74.01912, 40.67841], [-74.01906, 40.67842], [-74.01903, 40.67844], [-74.01903, 40.67844], [-74.01903, 40.67844], [-74.01899, 40.67842], [-74.01899, 40.67842], [-74.01899, 40.67842], [-74.01885, 40.67842], [-74.01885, 40.67843], [-74.01882, 40.67844], [-74.01882, 40.67845], [-74.01881, 40.67845], [-74.01878, 40.67843], [-74.01877, 40.67843], [-74.01872, 40.67843], [-74.01863, 40.67843], [-74.01863, 40.67843], [-74.0186, 40.67846], [-74.0186, 40.67846], [-74.01859, 40.67846], [-74.01856, 40.67844], [-74.01851, 40.67844], [-74.01841, 40.67844], [-74.01842, 40.67855], [-74.01825, 40.67855], [-74.01828, 40.67873], [-74.01832, 40.67872], [-74.01838, 40.67874], [-74.01858, 40.67898], [-74.01879, 40.67898], [-74.01921, 40.67896], [-74.01944, 40.67893], [-74.01946, 40.67893], [-74.01947, 40.67893], [-74.01949, 40.67894], [-74.0195, 40.67894], [-74.01952, 40.67895], [-74.01953, 40.67896], [-74.01954, 40.67897], [-74.01955, 40.67898], [-74.01955, 40.67899], [-74.01956, 40.679], [-74.01956, 40.67902], [-74.01955, 40.67903], [-74.01928, 40.67965], [-74.01907, 40.67976], [-74.01893, 40.67984], [-74.01899, 40.6799], [-74.01773, 40.68066], [-74.01765, 40.6806], [-74.01757, 40.68065], [-74.01747, 40.68061], [-74.01685, 40.68099], [-74.01679, 40.68102], [-74.0152, 40.68198], [-74.01532, 40.68211], [-74.01508, 40.68225], [-74.01487, 40.68238], [-74.01282, 40.68362], [-74.01262, 40.68347], [-74.01212, 40.68296], [-74.01213, 40.68291], [-74.01411, 40.68171], [-74.01361, 40.68122], [-74.01387, 40.68101], [-74.01374, 40.68092], [-74.01302, 40.68041], [-74.01186, 40.6814], [-74.01061, 40.68247], [-74.00967, 40.68327], [-74.01009, 40.68366], [-74.01077, 40.68436], [-74.01178, 40.68376], [-74.01193, 40.68389], [-74.01093, 40.68449], [-74.0086, 40.68591], [-74.00851, 40.68596], [-74.00843, 40.68602], [-74.00816, 40.68617], [-74.00816, 40.68617], [-74.00798, 40.68627], [-74.00793, 40.68628], [-74.00789, 40.68624], [-74.00783, 40.68624], [-74.00777, 40.68625], [-74.00772, 40.68626], [-74.00753, 40.68607], [-74.00717, 40.68636]]]}}, {"type": "Feature", "properties": {"zone_id": 200, "zone": "Riverdale/North Riverdale/Fieldston", "borough": "Bronx", "demand": 7}, "geometry": {"type": "Polygon", "coordinates": [[[-73.89641, 40.9045], [-73.89636, 40.9032], [-73.89641, 40.90296], [-73.89661, 40.9022], [-73.89688, 40.90104], [-73.89697, 40.90061], [-73.89703, 40.90031], [-73.89703, 40.90028], [-73.89705, 40.90022], [-73.89707, 40.90008], [-73.89714, 40.89962], [-73.89716, 40.89937], [-73.89709, 40.89859], [-73.89699, 40.89788], [-73.89671, 40.8958], [-73.89643, 40.89365], [-73.89676, 40.89264], [-73.89706, 40.89214], [-73.89728, 40.89171], [-73.89732, 40.89162], [-73.8977, 40.89068], [-73.89777, 40.89051], [-73.89788, 40.89028], [-73.89802, 40.89031], [-73.8982, 40.89042], [-73.89825, 40.89043], [-73.89829, 40.89044], [-73.89835, 40.89044], [-73.89843, 40.89043], [-73.89854, 40.89039], [-73.89959, 40.88982], [-73.89988, 40.88955], [-73.90006, 40.88946], [-73.90024, 40.88936], [-73.90041, 40.88924], [-73.90056, 40.88912], [-73.9007, 40.88899], [-73.90079, 40.88894], [-73.9009, 40.88891], [-73.90102, 40.88889], [-73.90114, 40.8889], [-73.90126, 40.88892], [-73.90137, 40.88896], [-73.90146, 40.88901], [-73.90156, 40.88907], [-73.90168, 40.88911], [-73.90181, 40.88914], [-73.90194, 40.88916], [-73.90207, 40.88915], [-73.9022, 40.88913], [-73.90233, 40.88911], [-73.90246, 40.8891], [-73.9026, 40.88911], [-73.90273, 40.88913], [-73.90286, 40.88916], [-73.90301, 40.88881], [-73.90318, 40.88847], [-73.90337, 40.88813], [-73.90359, 40.8878], [-73.90382, 40.88748], [-73.90414, 40.88708], [-73.90534, 40.88735], [-73.90626, 40.88757], [-73.90739, 40.88782], [-73.9076, 40.8882], [-73.90796, 40.88886], [-73.90832, 40.88912], [-73.90837, 40.88912], [-73.90843, 40.88912], [-73.90849, 40.88914], [-73.90853, 40.88917], [-73.90856, 40.88929], [-73.90878, 40.88937], [-73.90882, 40.88939], [-73.90887, 40.88942], [-73.90901, 40.8895], [-73.90929, 40.88928], [-73.90976, 40.88925], [-73.90982, 40.889], [-73.91075, 40.88849], [-73.91115, 40.88828], [-73.91131, 40.88824], [-73.91173, 40.88822], [-73.91184, 40.88794], [-73.91196, 40.88766], [-73.91211, 40.88738], [-73.91227, 40.88711], [-73.91244, 40.88687], [-73.91262, 40.88663], [-73.91281, 40.88639], [-73.91302, 40.88617], [-73.91347, 40.88577], [-73.91387, 40.88544], [-73.91394, 40.88538], [-73.91441, 40.885], [-73.91489, 40.88462], [-73.91587, 40.88486], [-73.9163, 40.88491], [-73.91876, 40.88557], [-73.91871, 40.88579], [-73.91867, 40.886], [-73.91865, 40.88622], [-73.91865, 40.88645], [-73.91867, 40.88667], [-73.9187, 40.88688], [-73.9204, 40.88713], [-73.92059, 40.88718], [-73.92039, 40.88765], [-73.91978, 40.88929], [-73.91916, 40.89089], [-73.91888, 40.89161], [-73.91854, 40.89255], [-73.91816, 40.89357], [-73.918, 40.89401], [-73.91782, 40.89442], [-73.91782, 40.89454], [-73.91787, 40.89461], [-73.91791, 40.89468], [-73.91763, 40.89494], [-73.91694, 40.89664], [-73.91685, 40.89693], [-73.91671, 40.89738], [-73.91672, 40.89741], [-73.91673, 40.89743], [-73.91673, 40.89746], [-73.91672, 40.89749], [-73.91667, 40.89753], [-73.91518, 40.90158], [-73.91523, 40.9017], [-73.91543, 40.90181], [-73.91501, 40.90308], [-73.91459, 40.90412], [-73.91429, 40.90409], [-73.91418, 40.90414], [-73.91387, 40.90496], [-73.91287, 40.90753], [-73.91287, 40.90756], [-73.91289, 40.90759], [-73.9129, 40.90761], [-73.91293, 40.90763], [-73.91295, 40.90765], [-73.913, 40.90768], [-73.91304, 40.90771], [-73.91308, 40.90774], [-73.91311, 40.90778], [-73.91311, 40.90779], [-73.91312, 40.9078], [-73.91312, 40.90782], [-73.91311, 40.90783], [-73.91311, 40.90784], [-73.9131, 40.90786], [-73.91309, 40.90787], [-73.91308, 40.90788], [-73.913, 40.90792], [-73.91291, 40.90795], [-73.91282, 40.90797], [-73.91273, 40.90799], [-73.91265, 40.90807], [-73.91234, 40.90906], [-73.91236, 40.90914], [-73.91232, 40.90919], [-73.91228, 40.90919], [-73.91227, 40.90923], [-73.91228, 40.90926], [-73.91182, 40.91115], [-73.91177, 40.91125], [-73.91158, 40.91214], [-73.9115, 40.91217], [-73.91149, 40.91223], [-73.91154, 40.9123], [-73.91145, 40.91275], [-73.91143, 40.91282], [-73.91147, 40.91291], [-73.9115, 40.91297], [-73.91155, 40.91307], [-73.91165, 40.91342], [-73.9116, 40.91352], [-73.91155, 40.91363], [-73.91149, 40.91373], [-73.91142, 40.91383], [-73.91137, 40.91387], [-73.91132, 40.91391], [-73.91127, 40.91395], [-73.91124, 40.914], [-73.91121, 40.91405], [-73.91122, 40.9141], [-73.91122, 40.91414], [-73.91122, 40.91419], [-73.91118, 40.91426], [-73.91113, 40.91433], [-73.91108, 40.9144], [-73.91102, 40.91447], [-73.91096, 40.91453], [-73.91089, 40.91459], [-73.91083, 40.91462], [-73.91078, 40.91466], [-73.91074, 40.9147], [-73.9107, 40.91475], [-73.91067, 40.9148], [-73.91033, 40.91553], [-73.91011, 40.9154], [-73.90851, 40.915], [-73.90246, 40.91296], [-73.90066, 40.91246], [-73.89992, 40.91237], [-73.8981, 40.91179], [-73.89725, 40.91166], [-73.89663, 40.91142], [-73.89663, 40.9113], [-73.89663, 40.9113], [-73.89661, 40.9102], [-73.8966, 40.90963], [-73.89656, 40.90829], [-73.89655, 40.90751], [-73.89649, 40.90634], [-73.89643, 40.90509], [-73.89641, 40.9045]]]}}, {"type": "Feature", "properties": {"zone_id": 203, "zone": "Rosedale", "borough": "Queens", "demand": 3}, "geometry": {"type": "Polygon", "coordinates": [[[-73.72754, 40.67393], [-73.72779, 40.67145], [-73.72788, 40.6708], [-73.72793, 40.6701], [-73.72799, 40.66943], [-73.72813, 40.66871], [-73.72826, 40.66807], [-73.72822, 40.66731], [-73.72827, 40.66661], [-73.72827, 40.66643], [-73.72822, 40.66591], [-73.72814, 40.66551], [-73.72811, 40.66534], [-73.72788, 40.66469], [-73.72783, 40.66398], [-73.72781, 40.66322], [-73.72808, 40.66307], [-73.72833, 40.66304], [-73.72815, 40.66245], [-73.72793, 40.66175], [-73.72759, 40.66109], [-73.72721, 40.66042], [-73.72681, 40.65979], [-73.72644, 40.65916], [-73.72621, 40.65848], [-73.72603, 40.658], [-73.72593, 40.65773], [-73.7258, 40.65719], [-73.72576, 40.657], [-73.7257, 40.65646], [-73.72555, 40.65504], [-73.72533, 40.65431], [-73.72506, 40.65351], [-73.7251, 40.65234], [-73.72523, 40.652], [-73.7265, 40.65166], [-73.73029, 40.65037], [-73.73051, 40.65031], [-73.73207, 40.65009], [-73.73398, 40.64985], [-73.73514, 40.64973], [-73.73674, 40.6491], [-73.73905, 40.6482], [-73.74144, 40.64689], [-73.74144, 40.64634], [-73.74144, 40.64608], [-73.74145, 40.64594], [-73.74147, 40.64556], [-73.74149, 40.64525], [-73.74162, 40.64272], [-73.74166, 40.6422], [-73.74205, 40.64147], [-73.74142, 40.6405], [-73.74227, 40.64012], [-73.74126, 40.6389], [-73.74033, 40.63726], [-73.73956, 40.63586], [-73.73947, 40.63571], [-73.73987, 40.63525], [-73.73996, 40.63514], [-73.74001, 40.63534], [-73.7402, 40.63526], [-73.74066, 40.6352], [-73.74067, 40.6352], [-73.74066, 40.63518], [-73.74077, 40.63516], [-73.74076, 40.63513], [-73.74074, 40.63513], [-73.74075, 40.63516], [-73.74073, 40.63516], [-73.74066, 40.63517], [-73.74066, 40.63518], [-73.74053, 40.6352], [-73.74053, 40.63517], [-73.74044, 40.63518], [-73.74042, 40.63518], [-73.74042, 40.63514], [-73.74044, 40.63514], [-73.74044, 40.63515], [-73.74074, 40.6351], [-73.74092, 40.63506], [-73.74091, 40.63506], [-73.74097, 40.63505], [-73.74098, 40.63506], [-73.74098, 40.63506], [-73.74099, 40.63508], [-73.74098, 40.63508], [-73.74099, 40.6351], [-73.74092, 40.63511], [-73.74092, 40.63509], [-73.7409, 40.63509], [-73.74091, 40.63512], [-73.74081, 40.63515], [-73.74079, 40.63512], [-73.74077, 40.63512], [-73.74079, 40.63516], [-73.74102, 40.63516], [-73.74134, 40.63511], [-73.74165, 40.63505], [-73.74165, 40.63505], [-73.74164, 40.63501], [-73.7417, 40.635], [-73.74168, 40.63496], [-73.74163, 40.63496], [-73.74163, 40.63495], [-73.74145, 40.63498], [-73.74144, 40.63496], [-73.74171, 40.63493], [-73.74171, 40.63494], [-73.74177, 40.63493], [-73.74177, 40.63494], [-73.74171, 40.63495], [-73.74172, 40.635], [-73.74177, 40.63499], [-73.74179, 40.63502], [-73.74179, 40.63502], [-73.74192, 40.635], [-73.742, 40.63498], [-73.74221, 40.63502], [-73.74231, 40.63504], [-73.74247, 40.63512], [-73.7425, 40.63517], [-73.74253, 40.63522], [-73.74255, 40.63527], [-73.74255, 40.63528], [-73.74255, 40.63529], [-73.74255, 40.6353], [-73.74255, 40.63531], [-73.74254, 40.63531], [-73.74253, 40.63532], [-73.74253, 40.63533], [-73.74252, 40.63533], [-73.74251, 40.63533], [-73.7425, 40.63533], [-73.74248, 40.63534], [-73.74247, 40.63534], [-73.74246, 40.63535], [-73.74245, 40.63536], [-73.74244, 40.63537], [-73.74239, 40.6355], [-73.74237, 40.63555], [-73.74242, 40.63557], [-73.74239, 40.63563], [-73.74243, 40.63564], [-73.74244, 40.63564], [-73.74255, 40.63544], [-73.74259, 40.63545], [-73.74244, 40.63571], [-73.7424, 40.6357], [-73.7424, 40.6357], [-73.74241, 40.63568], [-73.74243, 40.63565], [-73.74242, 40.63565], [-73.74238, 40.63564], [-73.74237, 40.6357], [-73.74231, 40.63569], [-73.74224, 40.63582], [-73.74217, 40.63596], [-73.74208, 40.6361], [-73.74194, 40.63626], [-73.74191, 40.63629], [-73.74176, 40.63644], [-73.74173, 40.63643], [-73.74149, 40.63665], [-73.74146, 40.63669], [-73.74144, 40.6367], [-73.74124, 40.63693], [-73.74118, 40.63706], [-73.74113, 40.63715], [-73.74097, 40.6373], [-73.74109, 40.63765], [-73.74113, 40.63771], [-73.74115, 40.63774], [-73.74117, 40.63776], [-73.74119, 40.63778], [-73.7412, 40.6378], [-73.74122, 40.63781], [-73.74123, 40.63783], [-73.74125, 40.63785], [-73.74129, 40.63789], [-73.7413, 40.6379], [-73.74131, 40.6379], [-73.74132, 40.63791], [-73.74134, 40.63792], [-73.74135, 40.63793], [-73.74135, 40.63793], [-73.74136, 40.63793], [-73.74137, 40.63794], [-73.74137, 40.63794], [-73.74138, 40.63794], [-73.74138, 40.63794], [-73.74139, 40.63794], [-73.7414, 40.63794], [-73.7414, 40.63794], [-73.7414, 40.63794], [-73.74141, 40.63794], [-73.74142, 40.63793], [-73.74142, 40.63793], [-73.74142, 40.63793], [-73.74143, 40.63793], [-73.74145, 40.63793], [-73.74145, 40.63794], [-73.74146, 40.63794], [-73.74149, 40.63794], [-73.74151, 40.63795], [-73.74158, 40.63799], [-73.74161, 40.63801], [-73.74172, 40.63806], [-73.74188, 40.63812], [-73.74189, 40.63812], [-73.74194, 40.63813], [-73.74203, 40.63814], [-73.74211, 40.63815], [-73.7422, 40.63816], [-73.74228, 40.63817], [-73.74239, 40.63819], [-73.74249, 40.63821], [-73.7426, 40.63824], [-73.74272, 40.63827], [-73.74273, 40.63827], [-73.74276, 40.63826], [-73.74289, 40.63823], [-73.74302, 40.63821], [-73.7431, 40.6382], [-73.74318, 40.63819], [-73.74326, 40.63818], [-73.74334, 40.63817], [-73.74351, 40.63808], [-73.74374, 40.63797], [-73.74397, 40.63788], [-73.74404, 40.63799], [-73.74379, 40.63843], [-73.74366, 40.63865], [-73.74352, 40.63889], [-73.74352, 40.63889], [-73.74356, 40.63894], [-73.74365, 40.63899], [-73.74367, 40.639], [-73.74373, 40.63902], [-73.74377, 40.63902], [-73.74379, 40.639], [-73.74383, 40.63896], [-73.74385, 40.63895], [-73.74402, 40.63866], [-73.74403, 40.63866], [-73.74403, 40.63865], [-73.74403, 40.63865], [-73.74402, 40.63865], [-73.74397, 40.63863], [-73.74396, 40.63863], [-73.74396, 40.63862], [-73.74398, 40.63856], [-73.74404, 40.63844], [-73.74404, 40.63843], [-73.74405, 40.63843], [-73.74406, 40.63843], [-73.74408, 40.63843], [-73.74408, 40.63843], [-73.74409, 40.63843], [-73.74411, 40.63838], [-73.74413, 40.63835], [-73.74418, 40.63819], [-73.74417, 40.63819], [-73.74416, 40.63818], [-73.74416, 40.63818], [-73.74422, 40.63802], [-73.74426, 40.63795], [-73.74446, 40.63765], [-73.74451, 40.63758], [-73.74453, 40.63758], [-73.74455, 40.63757], [-73.74457, 40.63756], [-73.74458, 40.63756], [-73.74459, 40.63755], [-73.7446, 40.63754], [-73.74462, 40.63753], [-73.74465, 40.63749], [-73.74469, 40.63743], [-73.74473, 40.63738], [-73.74473, 40.63738], [-73.74473, 40.63738], [-73.74473, 40.63737], [-73.74473, 40.63736], [-73.74473, 40.63734], [-73.74473, 40.63733], [-73.74468, 40.63731], [-73.74469, 40.63729], [-73.7447, 40.6373], [-73.7447, 40.63729], [-73.74467, 40.63728], [-73.74471, 40.63723], [-73.74471, 40.63723], [-73.7448, 40.63707], [-73.74484, 40.63709], [-73.74471, 40.63731], [-73.74473, 40.63731], [-73.74474, 40.63729], [-73.74476, 40.63726], [-73.74478, 40.63724], [-73.7448, 40.63721], [-73.74481, 40.6372], [-73.74482, 40.6372], [-73.74484, 40.63719], [-73.74487, 40.63718], [-73.74489, 40.63717], [-73.74493, 40.63716], [-73.74497, 40.63716], [-73.745, 40.63716], [-73.74503, 40.63716], [-73.74504, 40.63717], [-73.74506, 40.63717], [-73.74508, 40.63718], [-73.74508, 40.63718], [-73.7451, 40.63719], [-73.74512, 40.6372], [-73.74513, 40.6372], [-73.74514, 40.6372], [-73.74515, 40.6372], [-73.74515, 40.6372], [-73.74515, 40.6372], [-73.74516, 40.6372], [-73.74517, 40.6372], [-73.7452, 40.63719], [-73.74523, 40.63716], [-73.74529, 40.63713], [-73.74531, 40.63712], [-73.74532, 40.63711], [-73.74533, 40.63711], [-73.74534, 40.6371], [-73.74539, 40.63708], [-73.7454, 40.63708], [-73.74541, 40.63707], [-73.74553, 40.637], [-73.74563, 40.63695], [-73.74567, 40.63693], [-73.74574, 40.63688], [-73.74576, 40.63687], [-73.74587, 40.6368], [-73.74592, 40.63677], [-73.74598, 40.63673], [-73.74601, 40.6367], [-73.74603, 40.63668], [-73.74606, 40.63665], [-73.74607, 40.63663], [-73.74607, 40.63663], [-73.7461, 40.6366], [-73.74612, 40.63658], [-73.74614, 40.63655], [-73.74617, 40.63653], [-73.74619, 40.63651], [-73.74621, 40.63648], [-73.74624, 40.63646], [-73.74626, 40.63644], [-73.74629, 40.63644], [-73.74636, 40.63646], [-73.74643, 40.63648], [-73.7465, 40.63651], [-73.74656, 40.63654], [-73.74661, 40.63658], [-73.74668, 40.63665], [-73.74674, 40.63672], [-73.74676, 40.63673], [-73.74678, 40.63675], [-73.74679, 40.63678], [-73.7468, 40.6368], [-73.7468, 40.63683], [-73.74679, 40.63685], [-73.74678, 40.63687], [-73.74677, 40.63689], [-73.74665, 40.63703], [-73.74659, 40.63711], [-73.74648, 40.6372], [-73.74646, 40.63723], [-73.74645, 40.63726], [-73.74635, 40.63733], [-73.74621, 40.6374], [-73.7462, 40.6374], [-73.74614, 40.63743], [-73.74615, 40.63745], [-73.74604, 40.63752], [-73.74599, 40.63754], [-73.74597, 40.63752], [-73.74572, 40.63765], [-73.74554, 40.63777], [-73.74549, 40.6378], [-73.74546, 40.6378], [-73.74527, 40.63792], [-73.74527, 40.63794], [-73.74524, 40.63796], [-73.74524, 40.63798], [-73.74525, 40.63799], [-73.74519, 40.63801], [-73.74517, 40.63804], [-73.74516, 40.63808], [-73.74516, 40.63811], [-73.74519, 40.63814], [-73.74522, 40.63817], [-73.74524, 40.6382], [-73.74525, 40.63824], [-73.74525, 40.63827], [-73.74525, 40.63827], [-73.74526, 40.63828], [-73.74526, 40.63829], [-73.74526, 40.6383], [-73.74527, 40.63831], [-73.74528, 40.63832], [-73.74529, 40.63832], [-73.7453, 40.63833], [-73.74533, 40.63837], [-73.74538, 40.63829], [-73.74567, 40.63812], [-73.74551, 40.63794], [-73.74567, 40.63784], [-73.74572, 40.63782], [-73.74602, 40.63764], [-73.74614, 40.63758], [-73.74616, 40.63758], [-73.74617, 40.63758], [-73.74619, 40.63758], [-73.7462, 40.63757], [-73.74621, 40.63757], [-73.74622, 40.63756], [-73.74629, 40.63753], [-73.74635, 40.63749], [-73.74636, 40.63748], [-73.74638, 40.63746], [-73.74641, 40.63744], [-73.74644, 40.63743], [-73.74645, 40.63742], [-73.74645, 40.63742], [-73.74646, 40.63741], [-73.74646, 40.6374], [-73.74648, 40.63737], [-73.74651, 40.63734], [-73.74654, 40.63732], [-73.74657, 40.63727], [-73.74661, 40.63723], [-73.74665, 40.63719], [-73.74668, 40.63716], [-73.74673, 40.63711], [-73.74678, 40.63705], [-73.74684, 40.63699], [-73.74689, 40.63694], [-73.7469, 40.63693], [-73.74691, 40.63691], [-73.74693, 40.63691], [-73.74694, 40.6369], [-73.74696, 40.63689], [-73.74698, 40.63689], [-73.747, 40.63689], [-73.74701, 40.6369], [-73.74702, 40.63691], [-73.74703, 40.63692], [-73.74704, 40.63693], [-73.74705, 40.63694], [-73.74705, 40.63696], [-73.74705, 40.63697], [-73.74705, 40.63701], [-73.74704, 40.63705], [-73.74703, 40.63709], [-73.747, 40.63713], [-73.74699, 40.63715], [-73.747, 40.63735], [-73.74694, 40.63753], [-73.74694, 40.63756], [-73.74692, 40.63757], [-73.74691, 40.63758], [-73.7469, 40.6376], [-73.7469, 40.63761], [-73.7469, 40.63763], [-73.74688, 40.63772], [-73.74688, 40.63773], [-73.74687, 40.63774], [-73.74686, 40.63774], [-73.74684, 40.63777], [-73.74681, 40.6378], [-73.74678, 40.63783], [-73.74678, 40.63785], [-73.74676, 40.63785], [-73.74677, 40.63788], [-73.7468, 40.6379], [-73.74682, 40.63792], [-73.74684, 40.63794], [-73.74685, 40.63797], [-73.74686, 40.63799], [-73.74686, 40.63802], [-73.74685, 40.63804], [-73.74684, 40.63807], [-73.74683, 40.63809], [-73.7468, 40.63814], [-73.74677, 40.6382], [-73.74674, 40.63825], [-73.74671, 40.63827], [-73.74669, 40.63828], [-73.74666, 40.63829], [-73.74663, 40.6383], [-73.74661, 40.63833], [-73.74659, 40.63836], [-73.74658, 40.63839], [-73.74658, 40.63842], [-73.74654, 40.6387], [-73.74654, 40.63871], [-73.74654, 40.63876], [-73.74653, 40.63881], [-73.74652, 40.63885], [-73.74651, 40.6389], [-73.7465, 40.63892], [-73.74646, 40.63894], [-73.74643, 40.63897], [-73.74641, 40.639], [-73.7464, 40.63904], [-73.74639, 40.63907], [-73.74639, 40.63908], [-73.7464, 40.6391], [-73.7464, 40.63911], [-73.7464, 40.63912], [-73.74639, 40.63913], [-73.74638, 40.63915], [-73.74637, 40.63916], [-73.74637, 40.63918], [-73.74637, 40.6392], [-73.74637, 40.63922], [-73.74638, 40.63924], [-73.74638, 40.63925], [-73.74637, 40.63926], [-73.74637, 40.63927], [-73.74636, 40.63928], [-73.74635, 40.63929], [-73.74634, 40.6393], [-73.74633, 40.63931], [-73.74632, 40.63933], [-73.74632, 40.63935], [-73.74632, 40.63937], [-73.74633, 40.63939], [-73.74634, 40.63941], [-73.74635, 40.63943], [-73.74635, 40.63943], [-73.74635, 40.63943], [-73.74636, 40.63943], [-73.74636, 40.63943], [-73.74636, 40.63944], [-73.74636, 40.63944], [-73.74636, 40.63944], [-73.74636, 40.63944], [-73.74636, 40.63944], [-73.74636, 40.63944], [-73.74636, 40.63944], [-73.74635, 40.63945], [-73.74635, 40.63945], [-73.74634, 40.63948], [-73.74633, 40.63951], [-73.74633, 40.63952], [-73.74633, 40.63953], [-73.74633, 40.63954], [-73.74633, 40.63955], [-73.74634, 40.63956], [-73.74633, 40.63968], [-73.74634, 40.63979], [-73.74634, 40.63988], [-73.74616, 40.64042], [-73.74617, 40.64043], [-73.74618, 40.64044], [-73.74623, 40.64049], [-73.74627, 40.64054], [-73.74631, 40.64059], [-73.74634, 40.64065], [-73.74636, 40.6407], [-73.74636, 40.64073], [-73.74635, 40.64077], [-73.74634, 40.6408], [-73.74632, 40.64083], [-73.7463, 40.64086], [-73.74628, 40.64089], [-73.74628, 40.64092], [-73.74628, 40.64094], [-73.74628, 40.64097], [-73.74629, 40.641], [-73.74631, 40.64102], [-73.74633, 40.64104], [-73.74635, 40.64109], [-73.74636, 40.64114], [-73.74637, 40.64119], [-73.74637, 40.64124], [-73.74636, 40.64129], [-73.74635, 40.6413], [-73.74635, 40.6413], [-73.74634, 40.64131], [-73.74634, 40.64131], [-73.74634, 40.64132], [-73.74633, 40.64132], [-73.74634, 40.64132], [-73.74634, 40.64132], [-73.74634, 40.64133], [-73.74634, 40.64133], [-73.74634, 40.64133], [-73.74633, 40.64133], [-73.74633, 40.64133], [-73.74633, 40.64133], [-73.74633, 40.64134], [-73.74633, 40.64134], [-73.74632, 40.64135], [-73.74632, 40.64137], [-73.74632, 40.64139], [-73.74633, 40.6414], [-73.74634, 40.6414], [-73.74635, 40.64141], [-73.74635, 40.64142], [-73.74635, 40.64144], [-73.74634, 40.64145], [-73.74635, 40.64149], [-73.74637, 40.64152], [-73.7464, 40.64155], [-73.74643, 40.64158], [-73.74651, 40.64164], [-73.74654, 40.64169], [-73.74658, 40.64182], [-73.74664, 40.64199], [-73.74668, 40.64206], [-73.74671, 40.64214], [-73.74672, 40.64221], [-73.74674, 40.64228], [-73.74675, 40.64231], [-73.74677, 40.64233], [-73.7468, 40.64235], [-73.74682, 40.64237], [-73.74685, 40.64239], [-73.74686, 40.64239], [-73.74687, 40.64239], [-73.74688, 40.6424], [-73.74688, 40.64241], [-73.74689, 40.64241], [-73.74689, 40.64242], [-73.74689, 40.64243], [-73.74689, 40.64244], [-73.74689, 40.64244], [-73.74688, 40.64245], [-73.74688, 40.64248], [-73.74688, 40.64251], [-73.7469, 40.64255], [-73.74691, 40.64256], [-73.74692, 40.64258], [-73.74694, 40.64259], [-73.74696, 40.6426], [-73.74698, 40.64261], [-73.74699, 40.64261], [-73.747, 40.64262], [-73.74701, 40.64262], [-73.74702, 40.64263], [-73.74703, 40.64264], [-73.74719, 40.64288], [-73.74719, 40.64294], [-73.7472, 40.64301], [-73.74722, 40.64307], [-73.74725, 40.64313], [-73.74729, 40.64319], [-73.74734, 40.64324], [-73.74739, 40.64329], [-73.7474, 40.6433], [-73.7474, 40.6433], [-73.74741, 40.64331], [-73.74741, 40.64331], [-73.74743, 40.64331], [-73.74745, 40.64332], [-73.74747, 40.64332], [-73.74748, 40.64333], [-73.74749, 40.64334], [-73.7475, 40.64335], [-73.74751, 40.64337], [-73.74752, 40.64338], [-73.74752, 40.64339], [-73.74752, 40.6434], [-73.74752, 40.64341], [-73.74752, 40.64342], [-73.74752, 40.64343], [-73.74753, 40.64343], [-73.74753, 40.64344], [-73.74754, 40.64345], [-73.74755, 40.64345], [-73.74756, 40.64345], [-73.74756, 40.64345], [-73.74757, 40.64345], [-73.74757, 40.64346], [-73.74758, 40.64346], [-73.74758, 40.64346], [-73.74759, 40.64347], [-73.74759, 40.64347], [-73.74759, 40.64348], [-73.74759, 40.64348], [-73.74759, 40.64349], [-73.74761, 40.64353], [-73.74764, 40.64357], [-73.74768, 40.6436], [-73.74772, 40.64363], [-73.74776, 40.64366], [-73.74777, 40.64366], [-73.74778, 40.64366], [-73.74778, 40.64366], [-73.74779, 40.64367], [-73.74781, 40.64369], [-73.74783, 40.64371], [-73.74785, 40.64373], [-73.74786, 40.64376], [-73.74787, 40.64379], [-73.74788, 40.64381], [-73.74789, 40.64383], [-73.7479, 40.64385], [-73.74792, 40.64387], [-73.74794, 40.64389], [-73.74797, 40.6439], [-73.748, 40.6439], [-73.74802, 40.64391], [-73.74803, 40.64391], [-73.74805, 40.64392], [-73.74806, 40.64393], [-73.74807, 40.64394], [-73.74808, 40.64395], [-73.74809, 40.64396], [-73.74809, 40.64399], [-73.74809, 40.64401], [-73.7481, 40.64403], [-73.74812, 40.64405], [-73.74814, 40.64407], [-73.74816, 40.64409], [-73.74818, 40.6441], [-73.74821, 40.64411], [-73.74822, 40.64411], [-73.74824, 40.64412], [-73.74825, 40.64413], [-73.74826, 40.64414], [-73.74827, 40.64415], [-73.74828, 40.64416], [-73.7483, 40.64417], [-73.74832, 40.64418], [-73.74835, 40.64419], [-73.7484, 40.64421], [-73.74843, 40.64423], [-73.74845, 40.64425], [-73.74847, 40.64428], [-73.74853, 40.64432], [-73.74855, 40.64432], [-73.74875, 40.64447], [-73.74877, 40.64452], [-73.74877, 40.64456], [-73.74877, 40.6446], [-73.74874, 40.64467], [-73.74871, 40.64473], [-73.7487, 40.64479], [-73.74869, 40.64485], [-73.74869, 40.6449], [-73.7487, 40.64496], [-73.74872, 40.64501], [-73.74874, 40.64507], [-73.74878, 40.64512], [-73.7488, 40.6451], [-73.74887, 40.64514], [-73.74885, 40.64517], [-73.74889, 40.64516], [-73.74892, 40.64517], [-73.74895, 40.64517], [-73.74896, 40.64517], [-73.74897, 40.64517], [-73.74899, 40.64517], [-73.749, 40.64517], [-73.74901, 40.64516], [-73.74903, 40.64516], [-73.74905, 40.64515], [-73.74907, 40.64514], [-73.74909, 40.64512], [-73.74911, 40.64511], [-73.74912, 40.64509], [-73.74912, 40.64507], [-73.74917, 40.64505], [-73.74921, 40.64503], [-73.74928, 40.64495], [-73.74931, 40.64494], [-73.74933, 40.64493], [-73.74936, 40.64493], [-73.74939, 40.64492], [-73.74942, 40.64493], [-73.74943, 40.64493], [-73.74944, 40.64493], [-73.74945, 40.64493], [-73.74946, 40.64494], [-73.74947, 40.64494], [-73.74947, 40.64495], [-73.74948, 40.64496], [-73.74948, 40.64497], [-73.74949, 40.64498], [-73.7495, 40.64502], [-73.74953, 40.64505], [-73.74956, 40.64509], [-73.7496, 40.64512], [-73.74965, 40.64514], [-73.7497, 40.64516], [-73.74972, 40.64516], [-73.74973, 40.64516], [-73.74975, 40.64517], [-73.74976, 40.64517], [-73.74977, 40.64518], [-73.74978, 40.64519], [-73.74979, 40.6452], [-73.7498, 40.64521], [-73.74991, 40.64533], [-73.75007, 40.64544], [-73.75011, 40.64545], [-73.75023, 40.64553], [-73.75039, 40.64563], [-73.75048, 40.64566], [-73.75053, 40.64567], [-73.75054, 40.6457], [-73.75063, 40.64576], [-73.75067, 40.64577], [-73.75107, 40.64604], [-73.75115, 40.64607], [-73.75125, 40.64617], [-73.75134, 40.64623], [-73.75136, 40.64626], [-73.75139, 40.64627], [-73.75142, 40.64629], [-73.75146, 40.6463], [-73.75148, 40.64633], [-73.75155, 40.64637], [-73.75161, 40.6464], [-73.75167, 40.64642], [-73.75168, 40.64647], [-73.75171, 40.6465], [-73.75186, 40.64658], [-73.75197, 40.6466], [-73.75221, 40.64675], [-73.75253, 40.64693], [-73.75278, 40.64704], [-73.75303, 40.64721], [-73.75308, 40.64723], [-73.75327, 40.64733], [-73.7534, 40.64716], [-73.75321, 40.64707], [-73.75323, 40.64705], [-73.75354, 40.6472], [-73.75353, 40.64721], [-73.75342, 40.64717], [-73.75329, 40.64734], [-73.75335, 40.64736], [-73.75341, 40.64738], [-73.75346, 40.6474], [-73.7535, 40.64743], [-73.75354, 40.64747], [-73.75356, 40.64748], [-73.75358, 40.64749], [-73.7536, 40.6475], [-73.75362, 40.6475], [-73.75364, 40.64751], [-73.75366, 40.64751], [-73.75372, 40.64751], [-73.75378, 40.64752], [-73.75384, 40.64753], [-73.75389, 40.64755], [-73.75406, 40.64776], [-73.75428, 40.64788], [-73.75439, 40.64788], [-73.75451, 40.64793], [-73.75475, 40.64781], [-73.75488, 40.64768], [-73.75492, 40.64757], [-73.7546, 40.6472], [-73.75522, 40.64744], [-73.75502, 40.64781], [-73.75484, 40.64807], [-73.75455, 40.64835], [-73.75416, 40.64865], [-73.75411, 40.6487], [-73.75466, 40.64901], [-73.75794, 40.65085], [-73.76406, 40.65436], [-73.76404, 40.65439], [-73.76319, 40.6559], [-73.76299, 40.65593], [-73.7628, 40.65597], [-73.76261, 40.65603], [-73.76243, 40.65611], [-73.76226, 40.6562], [-73.76211, 40.6563], [-73.76197, 40.65642], [-73.76184, 40.65654], [-73.76178, 40.65687], [-73.76178, 40.65687], [-73.76178, 40.65687], [-73.76172, 40.65721], [-73.76172, 40.65721], [-73.76172, 40.65721], [-73.76169, 40.65755], [-73.76169, 40.65755], [-73.76169, 40.65755], [-73.76166, 40.6579], [-73.76166, 40.6579], [-73.76166, 40.6579], [-73.76166, 40.65824], [-73.76004, 40.65807], [-73.75923, 40.6579], [-73.75845, 40.65765], [-73.75819, 40.65755], [-73.75763, 40.65736], [-73.75681, 40.65709], [-73.75607, 40.65649], [-73.75372, 40.65536], [-73.75295, 40.65488], [-73.75209, 40.65452], [-73.7515, 40.65434], [-73.75109, 40.65421], [-73.74937, 40.65303], [-73.74921, 40.65293], [-73.74867, 40.65268], [-73.74655, 40.65255], [-73.74333, 40.65254], [-73.74332, 40.65328], [-73.74331, 40.65399], [-73.74331, 40.65471], [-73.7433, 40.65542], [-73.74329, 40.65613], [-73.74377, 40.65614], [-73.74487, 40.65614], [-73.74492, 40.65648], [-73.74506, 40.65741], [-73.74618, 40.65744], [-73.7468, 40.65747], [-73.74705, 40.65749], [-73.74807, 40.65755], [-73.74853, 40.65757], [-73.7478, 40.65852], [-73.74733, 40.65912], [-73.74679, 40.65891], [-73.74685, 40.66079], [-73.74614, 40.66172], [-73.74451, 40.66382], [-73.74405, 40.66366], [-73.74375, 40.66409], [-73.74341, 40.6644], [-73.74282, 40.6653], [-73.73955, 40.66526], [-73.73937, 40.66545], [-73.73921, 40.66563], [-73.73891, 40.66595], [-73.73857, 40.6664], [-73.73993, 40.6664], [-73.7401, 40.6664], [-73.74022, 40.6664], [-73.74042, 40.6664], [-73.74118, 40.6664], [-73.7408, 40.66684], [-73.73993, 40.66776], [-73.73922, 40.66852], [-73.739, 40.66875], [-73.7387, 40.66907], [-73.7385, 40.66928], [-73.73824, 40.66953], [-73.73799, 40.66979], [-73.73776, 40.67006], [-73.73755, 40.67033], [-73.73736, 40.67062], [-73.73718, 40.67091], [-73.73593, 40.67243], [-73.73625, 40.67263], [-73.73597, 40.67257], [-73.73562, 40.67313], [-73.7351, 40.67392], [-73.73506, 40.67399], [-73.73503, 40.67403], [-73.73404, 40.67524], [-73.73384, 40.67546], [-73.73332, 40.67613], [-73.73303, 40.67649], [-73.73187, 40.67757], [-73.73106, 40.67831], [-73.73047, 40.67935], [-73.72951, 40.68005], [-73.72925, 40.68043], [-73.72899, 40.68068], [-73.72875, 40.68094], [-73.72852, 40.68121], [-73.7283, 40.68148], [-73.7281, 40.68176], [-73.7272, 40.68356], [-73.72718, 40.6836], [-73.72675, 40.68346], [-73.72666, 40.68344], [-73.72658, 40.68341], [-73.72586, 40.68324], [-73.72591, 40.68266], [-73.72582, 40.68163], [-73.72575, 40.68095], [-73.72569, 40.68025], [-73.72563, 40.67959], [-73.72601, 40.67808], [-73.7262, 40.67738], [-73.72654, 40.67649], [-73.72714, 40.6751], [-73.72744, 40.67443], [-73.72753, 40.67421], [-73.72756, 40.67416], [-73.72754, 40.67393]]]}}, {"type": "Feature", "properties": {"zone_id": 206, "zone": "Saint George/New Brighton", "borough": "Staten Island", "demand": 1}, "geometry": {"type": "Polygon", "coordinates": [[[-74.08221, 40.64828], [-74.08212, 40.64828], [-74.08205, 40.64831], [-74.08187, 40.64837], [-74.08165, 40.64842], [-74.08142, 40.6485], [-74.08136, 40.64849], [-74.08096, 40.64835], [-74.08073, 40.64827], [-74.08052, 40.64825], [-74.07981, 40.64838], [-74.07923, 40.64819], [-74.079, 40.64814], [-74.07709, 40.6472], [-74.07699, 40.64721], [-74.07683, 40.64708], [-74.07651, 40.64697], [-74.07621, 40.64672], [-74.07599, 40.64655], [-74.07531, 40.64591], [-74.07445, 40.64507], [-74.07408, 40.64508], [-74.07396, 40.64519], [-74.07387, 40.64515], [-74.07359, 40.645], [-74.0735, 40.64508], [-74.07376, 40.64531], [-74.0738, 40.64529], [-74.07383, 40.64531], [-74.07378, 40.64536], [-74.07383, 40.64541], [-74.07386, 40.64542], [-74.07382, 40.64544], [-74.07334, 40.64578], [-74.07325, 40.6457], [-74.07349, 40.64555], [-74.07342, 40.64549], [-74.07369, 40.64531], [-74.07346, 40.64511], [-74.07333, 40.64503], [-74.07335, 40.64502], [-74.07324, 40.64496], [-74.07306, 40.64514], [-74.07303, 40.64513], [-74.0732, 40.64494], [-74.07301, 40.64484], [-74.07306, 40.64481], [-74.07341, 40.64502], [-74.07343, 40.645], [-74.07327, 40.64492], [-74.07335, 40.64485], [-74.07312, 40.64471], [-74.07293, 40.64486], [-74.07288, 40.64484], [-74.0728, 40.64491], [-74.07259, 40.64479], [-74.0727, 40.64465], [-74.07269, 40.64464], [-74.0726, 40.64474], [-74.07256, 40.64472], [-74.07261, 40.64468], [-74.0726, 40.64467], [-74.07257, 40.64469], [-74.07253, 40.64467], [-74.07258, 40.64462], [-74.07263, 40.64464], [-74.07262, 40.64465], [-74.07262, 40.64465], [-74.07267, 40.64462], [-74.07255, 40.64456], [-74.07254, 40.64456], [-74.07253, 40.64456], [-74.07259, 40.64453], [-74.0726, 40.64454], [-74.07258, 40.64455], [-74.07272, 40.64462], [-74.07279, 40.64455], [-74.07275, 40.64452], [-74.07278, 40.64449], [-74.0727, 40.64444], [-74.07233, 40.6446], [-74.07171, 40.64502], [-74.07172, 40.64503], [-74.07169, 40.64505], [-74.07166, 40.64503], [-74.07168, 40.645], [-74.07169, 40.64501], [-74.07231, 40.64458], [-74.07226, 40.64455], [-74.07216, 40.64458], [-74.07202, 40.64441], [-74.07211, 40.64436], [-74.0721, 40.64434], [-74.07223, 40.64429], [-74.07229, 40.64427], [-74.07218, 40.64411], [-74.07198, 40.64418], [-74.07196, 40.64417], [-74.07186, 40.6442], [-74.07176, 40.64401], [-74.07187, 40.64397], [-74.07186, 40.64396], [-74.07194, 40.64393], [-74.07195, 40.64394], [-74.07206, 40.6439], [-74.072, 40.64378], [-74.07191, 40.6438], [-74.07179, 40.64382], [-74.07177, 40.64377], [-74.07165, 40.64379], [-74.07159, 40.64359], [-74.07163, 40.64358], [-74.0716, 40.64346], [-74.07136, 40.6435], [-74.07134, 40.64346], [-74.07149, 40.64343], [-74.07147, 40.64336], [-74.0715, 40.64335], [-74.07148, 40.64329], [-74.07125, 40.64333], [-74.07126, 40.64334], [-74.07098, 40.64339], [-74.07097, 40.64336], [-74.07095, 40.64337], [-74.07094, 40.64335], [-74.07097, 40.64333], [-74.07096, 40.64331], [-74.07126, 40.64326], [-74.07127, 40.6433], [-74.07144, 40.64327], [-74.07142, 40.64319], [-74.0713, 40.64321], [-74.07131, 40.64322], [-74.07114, 40.64325], [-74.07113, 40.64321], [-74.0715, 40.64313], [-74.07148, 40.64281], [-74.07165, 40.6428], [-74.07165, 40.64268], [-74.0717, 40.64268], [-74.0717, 40.6428], [-74.07218, 40.64271], [-74.07211, 40.64246], [-74.07037, 40.64269], [-74.07033, 40.64253], [-74.07324, 40.64218], [-74.07314, 40.64185], [-74.07025, 40.64221], [-74.07019, 40.64201], [-74.07309, 40.64164], [-74.07289, 40.64092], [-74.07196, 40.641], [-74.07198, 40.64101], [-74.07181, 40.64103], [-74.07181, 40.64112], [-74.07002, 40.64128], [-74.06998, 40.64107], [-74.07178, 40.64093], [-74.07178, 40.64092], [-74.07178, 40.64091], [-74.07178, 40.64091], [-74.07178, 40.6409], [-74.07179, 40.6409], [-74.07179, 40.6409], [-74.0718, 40.64089], [-74.07181, 40.64089], [-74.07181, 40.64089], [-74.07182, 40.64089], [-74.07183, 40.64089], [-74.07184, 40.64089], [-74.07184, 40.6409], [-74.07285, 40.6408], [-74.07278, 40.64053], [-74.07308, 40.64051], [-74.07309, 40.63862], [-74.07303, 40.63859], [-74.07293, 40.63859], [-74.07293, 40.63844], [-74.07302, 40.63843], [-74.07301, 40.63841], [-74.07293, 40.63841], [-74.07292, 40.63838], [-74.07287, 40.63838], [-74.07279, 40.63839], [-74.07272, 40.63839], [-74.07267, 40.63838], [-74.07261, 40.63834], [-74.07259, 40.6383], [-74.07258, 40.63826], [-74.07261, 40.63823], [-74.07239, 40.63825], [-74.07238, 40.63816], [-74.07261, 40.63814], [-74.07258, 40.63794], [-74.0733, 40.6379], [-74.07374, 40.63786], [-74.07469, 40.6378], [-74.07487, 40.63779], [-74.07493, 40.63778], [-74.07496, 40.63777], [-74.07506, 40.63775], [-74.07513, 40.63773], [-74.07531, 40.63773], [-74.07602, 40.63775], [-74.07684, 40.63775], [-74.07698, 40.6378], [-74.0779, 40.63809], [-74.07813, 40.63817], [-74.07818, 40.63821], [-74.07824, 40.63824], [-74.0783, 40.63827], [-74.07837, 40.63829], [-74.07844, 40.6383], [-74.07851, 40.63831], [-74.07858, 40.63831], [-74.07865, 40.6383], [-74.07872, 40.63829], [-74.07879, 40.63827], [-74.08055, 40.63732], [-74.08178, 40.63662], [-74.08302, 40.63602], [-74.08373, 40.63574], [-74.08513, 40.63636], [-74.08569, 40.63661], [-74.08588, 40.63669], [-74.08691, 40.63586], [-74.0876, 40.63626], [-74.08871, 40.63685], [-74.08892, 40.63653], [-74.0891, 40.63625], [-74.08916, 40.63617], [-74.08922, 40.63609], [-74.08929, 40.63601], [-74.08936, 40.63594], [-74.08944, 40.63587], [-74.08952, 40.6358], [-74.08961, 40.63574], [-74.0897, 40.63568], [-74.09028, 40.6355], [-74.09091, 40.63549], [-74.09182, 40.63556], [-74.09243, 40.63558], [-74.09339, 40.6366], [-74.09363, 40.63728], [-74.09386, 40.63802], [-74.09409, 40.63927], [-74.09571, 40.6391], [-74.09638, 40.63904], [-74.09686, 40.63901], [-74.09767, 40.63896], [-74.09788, 40.64036], [-74.09929, 40.6402], [-74.0999, 40.64016], [-74.10042, 40.64004], [-74.1013, 40.63983], [-74.10217, 40.63962], [-74.10305, 40.6394], [-74.10394, 40.63919], [-74.10481, 40.63898], [-74.10542, 40.6389], [-74.10691, 40.63873], [-74.10697, 40.63872], [-74.10703, 40.63871], [-74.10709, 40.63869], [-74.10715, 40.63867], [-74.1072, 40.63864], [-74.10725, 40.63861], [-74.1073, 40.63858], [-74.10734, 40.63854], [-74.10746, 40.63844], [-74.10823, 40.63831], [-74.10869, 40.63824], [-74.10887, 40.63822], [-74.10887, 40.63822], [-74.10887, 40.63822], [-74.10905, 40.63818], [-74.10905, 40.63818], [-74.10905, 40.63818], [-74.10923, 40.63813], [-74.10923, 40.63813], [-74.10923, 40.63813], [-74.10939, 40.63807], [-74.10939, 40.63807], [-74.10939, 40.63807], [-74.10954, 40.63799], [-74.10975, 40.63787], [-74.11081, 40.63775], [-74.11175, 40.63764], [-74.11198, 40.63762], [-74.11279, 40.63753], [-74.11374, 40.63743], [-74.115, 40.63729], [-74.11519, 40.63835], [-74.11588, 40.63826], [-74.11641, 40.6382], [-74.11709, 40.63813], [-74.11766, 40.63806], [-74.11755, 40.63695], [-74.11753, 40.63675], [-74.11753, 40.63666], [-74.11752, 40.63653], [-74.11751, 40.63644], [-74.1175, 40.63631], [-74.11749, 40.63622], [-74.11749, 40.63611], [-74.11748, 40.63603], [-74.11747, 40.63594], [-74.11747, 40.63588], [-74.11746, 40.63577], [-74.11738, 40.6354], [-74.1172, 40.63457], [-74.11708, 40.63401], [-74.11704, 40.63382], [-74.11696, 40.63335], [-74.11684, 40.63267], [-74.11667, 40.63171], [-74.11651, 40.63076], [-74.11635, 40.62983], [-74.11619, 40.62894], [-74.11614, 40.6287], [-74.11595, 40.62823], [-74.11589, 40.62809], [-74.11561, 40.62755], [-74.11545, 40.62722], [-74.11528, 40.62689], [-74.11526, 40.62686], [-74.11524, 40.62683], [-74.11503, 40.62642], [-74.11476, 40.62589], [-74.11474, 40.62586], [-74.11471, 40.62581], [-74.11407, 40.62458], [-74.11393, 40.62433], [-74.11358, 40.6237], [-74.11326, 40.62305], [-74.11542, 40.62391], [-74.11627, 40.62424], [-74.11701, 40.62452], [-74.11725, 40.62459], [-74.11748, 40.62467], [-74.1177, 40.62477], [-74.11791, 40.62488], [-74.1181, 40.625], [-74.11829, 40.62513], [-74.11846, 40.62527], [-74.11916, 40.62582], [-74.11967, 40.62619], [-74.12013, 40.62654], [-74.12057, 40.62699], [-74.12126, 40.62782], [-74.12216, 40.62748], [-74.12271, 40.62741], [-74.12365, 40.62729], [-74.12425, 40.62721], [-74.12513, 40.6271], [-74.12666, 40.62689], [-74.12826, 40.62667], [-74.1292, 40.62654], [-74.13008, 40.62642], [-74.1307, 40.62634], [-74.13131, 40.62633], [-74.13099, 40.62737], [-74.13069, 40.62834], [-74.13056, 40.62871], [-74.13033, 40.62938], [-74.13025, 40.62961], [-74.13014, 40.62997], [-74.13047, 40.63089], [-74.1306, 40.63136], [-74.13047, 40.63168], [-74.13017, 40.63237], [-74.13006, 40.63264], [-74.12993, 40.63291], [-74.12979, 40.63317], [-74.12962, 40.63342], [-74.12944, 40.63367], [-74.129, 40.63433], [-74.12893, 40.63458], [-74.12888, 40.63482], [-74.12885, 40.63507], [-74.12884, 40.63532], [-74.12886, 40.63557], [-74.12885, 40.63644], [-74.12886, 40.63657], [-74.12886, 40.6367], [-74.12883, 40.63684], [-74.12879, 40.63696], [-74.12872, 40.63709], [-74.12867, 40.63735], [-74.12785, 40.63728], [-74.12689, 40.63721], [-74.12708, 40.63812], [-74.12705, 40.6382], [-74.12701, 40.63833], [-74.12699, 40.63837], [-74.12698, 40.6384], [-74.12698, 40.63843], [-74.12698, 40.63861], [-74.12699, 40.63911], [-74.12702, 40.63927], [-74.12703, 40.63932], [-74.12706, 40.63951], [-74.12708, 40.63958], [-74.1271, 40.63963], [-74.1271, 40.63968], [-74.1271, 40.63972], [-74.1271, 40.63977], [-74.12712, 40.63986], [-74.1271, 40.63998], [-74.12709, 40.64004], [-74.12708, 40.64016], [-74.12705, 40.64024], [-74.12652, 40.64037], [-74.12607, 40.64025], [-74.126, 40.64023], [-74.12593, 40.64021], [-74.12581, 40.64018], [-74.1257, 40.64016], [-74.12558, 40.64015], [-74.12546, 40.64015], [-74.12533, 40.64018], [-74.1252, 40.64019], [-74.12488, 40.64024], [-74.1247, 40.64024], [-74.12462, 40.64022], [-74.12453, 40.64021], [-74.12448, 40.64018], [-74.12438, 40.64017], [-74.12426, 40.64015], [-74.12416, 40.64013], [-74.12395, 40.64023], [-74.12384, 40.64027], [-74.12375, 40.6403], [-74.12364, 40.64034], [-74.12358, 40.64038], [-74.12354, 40.64041], [-74.12354, 40.64045], [-74.12355, 40.64049], [-74.12351, 40.64052], [-74.12341, 40.64059], [-74.12318, 40.64067], [-74.12286, 40.64082], [-74.12278, 40.64077], [-74.12265, 40.64063], [-74.1226, 40.6406], [-74.12257, 40.64062], [-74.12274, 40.64084], [-74.1228, 40.6409], [-74.12288, 40.64096], [-74.12291, 40.64102], [-74.12291, 40.64107], [-74.12286, 40.64114], [-74.12287, 40.64119], [-74.12286, 40.64123], [-74.12283, 40.64129], [-74.12283, 40.64129], [-74.12282, 40.6413], [-74.1228, 40.64132], [-74.12277, 40.64134], [-74.12272, 40.64135], [-74.1227, 40.64135], [-74.12196, 40.64145], [-74.12194, 40.64144], [-74.1219, 40.6414], [-74.12184, 40.64141], [-74.12181, 40.64141], [-74.12176, 40.64142], [-74.12172, 40.64143], [-74.12145, 40.6415], [-74.12139, 40.64149], [-74.12137, 40.64148], [-74.12131, 40.64145], [-74.12128, 40.64143], [-74.12121, 40.6414], [-74.12118, 40.64138], [-74.12071, 40.64105], [-74.12065, 40.64104], [-74.12057, 40.64106], [-74.12053, 40.64106], [-74.12017, 40.64114], [-74.11993, 40.6412], [-74.11997, 40.64131], [-74.11961, 40.64138], [-74.11963, 40.64144], [-74.11996, 40.64221], [-74.11985, 40.64224], [-74.11953, 40.64147], [-74.11947, 40.64148], [-74.11945, 40.64143], [-74.11943, 40.64142], [-74.11932, 40.64144], [-74.1191, 40.64147], [-74.11948, 40.64235], [-74.1194, 40.64238], [-74.119, 40.64146], [-74.11862, 40.64153], [-74.1186, 40.64156], [-74.11869, 40.6418], [-74.11865, 40.64181], [-74.11888, 40.64239], [-74.1189, 40.64238], [-74.11896, 40.6425], [-74.11884, 40.64254], [-74.11864, 40.64204], [-74.11858, 40.642], [-74.11842, 40.64158], [-74.1184, 40.64153], [-74.11816, 40.64159], [-74.11821, 40.64175], [-74.11801, 40.64181], [-74.11816, 40.64213], [-74.11805, 40.64216], [-74.11792, 40.64183], [-74.11786, 40.64184], [-74.1178, 40.64181], [-74.11773, 40.6418], [-74.11763, 40.64162], [-74.11746, 40.64164], [-74.1174, 40.64163], [-74.11735, 40.64162], [-74.1173, 40.64161], [-74.11729, 40.64159], [-74.11717, 40.64162], [-74.11711, 40.64166], [-74.11713, 40.6417], [-74.11722, 40.64187], [-74.11751, 40.64242], [-74.11742, 40.64245], [-74.11714, 40.6419], [-74.11672, 40.64203], [-74.11674, 40.64206], [-74.11688, 40.64237], [-74.11703, 40.64265], [-74.11722, 40.64303], [-74.11715, 40.64305], [-74.11706, 40.64284], [-74.11696, 40.64265], [-74.11684, 40.64245], [-74.11674, 40.64228], [-74.11667, 40.64211], [-74.11661, 40.64213], [-74.1166, 40.64211], [-74.1163, 40.6422], [-74.11633, 40.64227], [-74.1163, 40.64228], [-74.11675, 40.64316], [-74.11667, 40.64319], [-74.11625, 40.64235], [-74.11622, 40.64235], [-74.11616, 40.64224], [-74.11614, 40.64222], [-74.116, 40.64226], [-74.11572, 40.64235], [-74.11623, 40.64331], [-74.11615, 40.64333], [-74.11565, 40.64237], [-74.11535, 40.64247], [-74.11512, 40.64278], [-74.11481, 40.64298], [-74.11478, 40.64296], [-74.1143, 40.64328], [-74.1138, 40.64361], [-74.11404, 40.64404], [-74.11395, 40.64414], [-74.11289, 40.64453], [-74.11283, 40.64446], [-74.11379, 40.64408], [-74.1138, 40.64404], [-74.11385, 40.64404], [-74.11389, 40.64399], [-74.11382, 40.6439], [-74.11377, 40.64389], [-74.11369, 40.64392], [-74.11364, 40.64391], [-74.11354, 40.64395], [-74.11333, 40.64372], [-74.1123, 40.64432], [-74.11181, 40.64461], [-74.1119, 40.64471], [-74.11116, 40.6451], [-74.11112, 40.64505], [-74.11177, 40.64471], [-74.11173, 40.64466], [-74.11168, 40.64469], [-74.1115, 40.64478], [-74.11101, 40.64505], [-74.10974, 40.64546], [-74.10954, 40.6455], [-74.10886, 40.64558], [-74.1087, 40.64557], [-74.10824, 40.64556], [-74.1078, 40.64556], [-74.1068, 40.64556], [-74.10472, 40.64556], [-74.10465, 40.64563], [-74.1044, 40.64567], [-74.10434, 40.64572], [-74.10412, 40.64574], [-74.10406, 40.64567], [-74.10402, 40.64564], [-74.10399, 40.64562], [-74.10391, 40.64561], [-74.10384, 40.64561], [-74.10376, 40.64561], [-74.10373, 40.64562], [-74.1037, 40.64564], [-74.10365, 40.64565], [-74.10307, 40.64564], [-74.10232, 40.64554], [-74.10168, 40.64541], [-74.10168, 40.64542], [-74.10166, 40.64542], [-74.10163, 40.64549], [-74.10171, 40.64552], [-74.1017, 40.64554], [-74.10163, 40.64551], [-74.10162, 40.64553], [-74.10158, 40.64551], [-74.10164, 40.64541], [-74.10164, 40.64541], [-74.10164, 40.6454], [-74.10061, 40.64513], [-74.1001, 40.64506], [-74.09971, 40.64506], [-74.0988, 40.64505], [-74.0985, 40.64537], [-74.09605, 40.64537], [-74.09469, 40.64556], [-74.09363, 40.64584], [-74.09304, 40.64596], [-74.09299, 40.64597], [-74.09301, 40.64608], [-74.09136, 40.6467], [-74.09096, 40.64682], [-74.08992, 40.64718], [-74.0894, 40.64731], [-74.08846, 40.64784], [-74.08836, 40.64791], [-74.08827, 40.64792], [-74.08824, 40.6479], [-74.08794, 40.64808], [-74.08767, 40.64824], [-74.08634, 40.6487], [-74.08571, 40.64888], [-74.08523, 40.64893], [-74.08484, 40.64889], [-74.08483, 40.64889], [-74.08476, 40.64887], [-74.08469, 40.64886], [-74.08463, 40.64883], [-74.08457, 40.6488], [-74.08447, 40.64875], [-74.08436, 40.64871], [-74.08425, 40.64867], [-74.08414, 40.64863], [-74.08402, 40.6486], [-74.0839, 40.64858], [-74.08257, 40.64832], [-74.08221, 40.64828]]]}}, {"type": "Feature", "properties": {"zone_id": 207, "zone": "Saint Michaels Cemetery/Woodside", "borough": "Queens", "demand": 1}, "geometry": {"type": "Polygon", "coordinates": [[[-73.90138, 40.75964], [-73.90147, 40.75963], [-73.90175, 40.76077], [-73.90225, 40.76264], [-73.90277, 40.76388], [-73.90299, 40.76441], [-73.90331, 40.76517], [-73.90357, 40.76578], [-73.90351, 40.76585], [-73.90342, 40.76596], [-73.90256, 40.76694], [-73.90218, 40.76732], [-73.90203, 40.76742], [-73.90066, 40.76721], [-73.89596, 40.76643], [-73.89432, 40.76615], [-73.8935, 40.76595], [-73.89378, 40.76587], [-73.89384, 40.76584], [-73.8939, 40.76582], [-73.89404, 40.76576], [-73.89415, 40.76569], [-73.89428, 40.76561], [-73.89438, 40.76553], [-73.89446, 40.76545], [-73.89454, 40.76536], [-73.89462, 40.76526], [-73.89471, 40.76507], [-73.89477, 40.76489], [-73.89484, 40.76465], [-73.89499, 40.76445], [-73.89506, 40.76435], [-73.89507, 40.76433], [-73.89517, 40.7642], [-73.89527, 40.76408], [-73.89542, 40.76395], [-73.89558, 40.76383], [-73.89586, 40.76363], [-73.89598, 40.76354], [-73.89608, 40.76347], [-73.89625, 40.76333], [-73.89641, 40.76315], [-73.89668, 40.76278], [-73.89701, 40.76235], [-73.8972, 40.76207], [-73.89723, 40.76203], [-73.89736, 40.76185], [-73.8979, 40.76104], [-73.89791, 40.76102], [-73.89825, 40.76051], [-73.89866, 40.75992], [-73.89877, 40.75991], [-73.89887, 40.7599], [-73.89902, 40.75989], [-73.90127, 40.75965], [-73.90138, 40.75964]]]}}, {"type": "Feature", "properties": {"zone_id": 208, "zone": "Schuylerville/Edgewater Park", "borough": "Bronx", "demand": 10}, "geometry": {"type": "MultiPolygon", "coordinates": [[[[-73.82599, 40.84068], [-73.82597, 40.84033], [-73.82596, 40.83998], [-73.82591, 40.83874], [-73.82589, 40.83812], [-73.82585, 40.83706], [-73.8258, 40.83685], [-73.82574, 40.83664], [-73.82565, 40.83644], [-73.82556, 40.83624], [-73.82549, 40.8361], [-73.82544, 40.83596], [-73.82541, 40.83581], [-73.8254, 40.83566], [-73.82542, 40.83551], [-73.82545, 40.83536], [-73.8255, 40.83522], [-73.8256, 40.83503], [-73.82573, 40.83485], [-73.82588, 40.83467], [-73.82604, 40.83451], [-73.82622, 40.83435], [-73.82612, 40.83421], [-73.82601, 40.83402], [-73.82516, 40.83461], [-73.82489, 40.83423], [-73.82463, 40.83386], [-73.82379, 40.8343], [-73.82368, 40.83432], [-73.82328, 40.83439], [-73.82319, 40.8344], [-73.82309, 40.83442], [-73.82266, 40.83447], [-73.82258, 40.83448], [-73.82223, 40.83456], [-73.82151, 40.83473], [-73.82063, 40.83492], [-73.81978, 40.83513], [-73.8189, 40.83534], [-73.81805, 40.83554], [-73.8172, 40.83574], [-73.81606, 40.83603], [-73.81598, 40.836], [-73.81592, 40.83595], [-73.81589, 40.83592], [-73.81585, 40.8359], [-73.81579, 40.83592], [-73.81571, 40.83593], [-73.81566, 40.83594], [-73.81562, 40.83596], [-73.81557, 40.83598], [-73.81553, 40.83598], [-73.8155, 40.83595], [-73.8155, 40.83592], [-73.81554, 40.8359], [-73.81561, 40.83589], [-73.81568, 40.83589], [-73.81572, 40.83587], [-73.81579, 40.83585], [-73.81591, 40.83583], [-73.81599, 40.83581], [-73.81605, 40.83578], [-73.81606, 40.83577], [-73.81608, 40.83571], [-73.81608, 40.83565], [-73.81607, 40.83559], [-73.81605, 40.83555], [-73.81604, 40.83554], [-73.81601, 40.83551], [-73.81598, 40.8355], [-73.81593, 40.8355], [-73.81588, 40.83551], [-73.81579, 40.83551], [-73.81572, 40.83551], [-73.81568, 40.83553], [-73.81564, 40.83553], [-73.8156, 40.83553], [-73.81557, 40.83552], [-73.81558, 40.8355], [-73.81561, 40.83548], [-73.8157, 40.83548], [-73.81576, 40.83547], [-73.81585, 40.83546], [-73.81596, 40.83543], [-73.81603, 40.8354], [-73.81604, 40.83539], [-73.81608, 40.83536], [-73.81609, 40.83528], [-73.81611, 40.83521], [-73.8161, 40.83512], [-73.81609, 40.83506], [-73.81604, 40.83502], [-73.81603, 40.83501], [-73.816, 40.83498], [-73.816, 40.83492], [-73.81602, 40.83487], [-73.81602, 40.83487], [-73.81606, 40.83482], [-73.81607, 40.83475], [-73.81609, 40.83468], [-73.81608, 40.83459], [-73.81604, 40.83452], [-73.81601, 40.83448], [-73.81601, 40.83448], [-73.81597, 40.83447], [-73.81592, 40.83447], [-73.81583, 40.83448], [-73.81577, 40.83449], [-73.81571, 40.83451], [-73.81568, 40.83451], [-73.81566, 40.83449], [-73.81566, 40.83448], [-73.8157, 40.83446], [-73.81577, 40.83444], [-73.81589, 40.83442], [-73.81599, 40.8344], [-73.81601, 40.83438], [-73.81603, 40.83435], [-73.81603, 40.83431], [-73.81604, 40.83422], [-73.81604, 40.83417], [-73.81602, 40.83409], [-73.81601, 40.83403], [-73.81601, 40.83398], [-73.81599, 40.83392], [-73.81589, 40.83394], [-73.81589, 40.83392], [-73.81599, 40.8339], [-73.81594, 40.83368], [-73.81589, 40.83361], [-73.81587, 40.83357], [-73.81585, 40.83353], [-73.81583, 40.8335], [-73.81581, 40.83348], [-73.81578, 40.83347], [-73.81576, 40.83349], [-73.81573, 40.8335], [-73.81571, 40.83349], [-73.8157, 40.83346], [-73.81571, 40.83345], [-73.81574, 40.83344], [-73.81578, 40.83341], [-73.8158, 40.83337], [-73.81581, 40.83335], [-73.81582, 40.8333], [-73.81581, 40.83324], [-73.81581, 40.83317], [-73.81579, 40.83309], [-73.81576, 40.83302], [-73.81576, 40.83297], [-73.81574, 40.83292], [-73.8157, 40.83286], [-73.81566, 40.83282], [-73.81564, 40.8328], [-73.81564, 40.83278], [-73.81566, 40.83274], [-73.81561, 40.83267], [-73.81559, 40.83259], [-73.81553, 40.83244], [-73.81552, 40.83242], [-73.81551, 40.83239], [-73.8155, 40.83234], [-73.81549, 40.8323], [-73.81545, 40.83225], [-73.81542, 40.83222], [-73.81538, 40.83221], [-73.81537, 40.8322], [-73.81536, 40.83218], [-73.81535, 40.83216], [-73.81534, 40.83212], [-73.81535, 40.83208], [-73.81534, 40.83203], [-73.81532, 40.83196], [-73.81529, 40.83188], [-73.81524, 40.83182], [-73.8152, 40.83178], [-73.81515, 40.83175], [-73.81513, 40.83173], [-73.81512, 40.83171], [-73.8151, 40.83171], [-73.81507, 40.83171], [-73.81504, 40.8317], [-73.81503, 40.83168], [-73.81503, 40.83167], [-73.81505, 40.83166], [-73.81506, 40.83165], [-73.81508, 40.83164], [-73.81509, 40.83164], [-73.81511, 40.83163], [-73.81512, 40.83161], [-73.81511, 40.83159], [-73.8151, 40.83156], [-73.81508, 40.83153], [-73.81507, 40.83149], [-73.81505, 40.83146], [-73.81502, 40.83144], [-73.81501, 40.83144], [-73.81499, 40.83143], [-73.81498, 40.83143], [-73.81498, 40.83142], [-73.81497, 40.8314], [-73.81497, 40.83138], [-73.81496, 40.8313], [-73.81495, 40.83124], [-73.81495, 40.83119], [-73.81491, 40.8311], [-73.81488, 40.83103], [-73.81485, 40.83101], [-73.81449, 40.83117], [-73.81447, 40.83114], [-73.81484, 40.83099], [-73.81476, 40.83082], [-73.81471, 40.83079], [-73.81468, 40.83076], [-73.81465, 40.83074], [-73.81461, 40.83071], [-73.81458, 40.83067], [-73.81454, 40.83064], [-73.81452, 40.83062], [-73.8141, 40.83082], [-73.81411, 40.83083], [-73.81391, 40.83092], [-73.8139, 40.83091], [-73.81409, 40.83081], [-73.8141, 40.83082], [-73.81451, 40.83061], [-73.8145, 40.8306], [-73.81447, 40.83057], [-73.81445, 40.83053], [-73.81441, 40.83049], [-73.81438, 40.8305], [-73.81436, 40.83051], [-73.81434, 40.83051], [-73.81431, 40.83051], [-73.81429, 40.8305], [-73.81429, 40.83048], [-73.81429, 40.83045], [-73.8143, 40.83044], [-73.81432, 40.83041], [-73.81432, 40.83039], [-73.81431, 40.83036], [-73.81387, 40.83057], [-73.81386, 40.83056], [-73.8143, 40.83035], [-73.81427, 40.83032], [-73.81423, 40.83027], [-73.81416, 40.83021], [-73.8141, 40.83017], [-73.81405, 40.83014], [-73.814, 40.83012], [-73.81397, 40.83011], [-73.81394, 40.8301], [-73.8139, 40.83007], [-73.81388, 40.83003], [-73.81387, 40.83], [-73.81385, 40.82999], [-73.81382, 40.82997], [-73.81382, 40.82994], [-73.81383, 40.8299], [-73.81387, 40.82986], [-73.8137, 40.82993], [-73.81367, 40.82989], [-73.81373, 40.82986], [-73.81374, 40.82989], [-73.81389, 40.82982], [-73.81389, 40.82978], [-73.81386, 40.82969], [-73.81383, 40.82964], [-73.81376, 40.82962], [-73.81371, 40.82958], [-73.8137, 40.82955], [-73.81359, 40.82961], [-73.81357, 40.82959], [-73.81369, 40.82953], [-73.81369, 40.82953], [-73.81367, 40.82949], [-73.81366, 40.82944], [-73.81363, 40.8294], [-73.81361, 40.82938], [-73.81358, 40.82936], [-73.81355, 40.82934], [-73.81351, 40.82936], [-73.8135, 40.82937], [-73.81346, 40.82939], [-73.81341, 40.8294], [-73.81338, 40.82939], [-73.81337, 40.82936], [-73.81337, 40.82935], [-73.81339, 40.82932], [-73.81343, 40.82931], [-73.81346, 40.82929], [-73.81349, 40.82926], [-73.8135, 40.82922], [-73.8135, 40.82919], [-73.81348, 40.82916], [-73.81345, 40.8291], [-73.81339, 40.82902], [-73.81334, 40.82898], [-73.81329, 40.82896], [-73.81324, 40.82894], [-73.8132, 40.82893], [-73.81314, 40.82893], [-73.8131, 40.82894], [-73.81305, 40.82897], [-73.81299, 40.82898], [-73.81298, 40.82898], [-73.81295, 40.82898], [-73.81293, 40.82898], [-73.8129, 40.82895], [-73.81293, 40.82892], [-73.81297, 40.8289], [-73.81299, 40.82888], [-73.81304, 40.82886], [-73.81308, 40.82884], [-73.81312, 40.82884], [-73.81316, 40.82883], [-73.81318, 40.8288], [-73.81317, 40.82878], [-73.81316, 40.82878], [-73.81313, 40.82878], [-73.8131, 40.82878], [-73.81308, 40.8288], [-73.81305, 40.8288], [-73.81305, 40.82878], [-73.81306, 40.82876], [-73.81312, 40.82874], [-73.81315, 40.82872], [-73.81313, 40.82869], [-73.81309, 40.82867], [-73.81304, 40.82867], [-73.81298, 40.82869], [-73.81294, 40.8287], [-73.81288, 40.82869], [-73.81287, 40.82867], [-73.81284, 40.82865], [-73.8128, 40.82859], [-73.81281, 40.82854], [-73.81282, 40.82851], [-73.81282, 40.8285], [-73.81284, 40.82848], [-73.81286, 40.82844], [-73.81288, 40.82841], [-73.81287, 40.82837], [-73.81284, 40.82834], [-73.8128, 40.8283], [-73.81275, 40.82825], [-73.81242, 40.82827], [-73.81208, 40.82828], [-73.81174, 40.82829], [-73.8114, 40.82829], [-73.81107, 40.82829], [-73.81073, 40.82829], [-73.81039, 40.82827], [-73.81005, 40.82825], [-73.81003, 40.82825], [-73.81002, 40.82825], [-73.81, 40.82825], [-73.80998, 40.82825], [-73.80997, 40.82824], [-73.80995, 40.82823], [-73.80994, 40.82822], [-73.80993, 40.82821], [-73.80993, 40.82819], [-73.80993, 40.82818], [-73.80993, 40.82817], [-73.80993, 40.8281], [-73.80994, 40.82804], [-73.80996, 40.82798], [-73.80996, 40.82796], [-73.80997, 40.82793], [-73.80998, 40.82791], [-73.80999, 40.82788], [-73.81001, 40.82786], [-73.81004, 40.82785], [-73.81007, 40.82783], [-73.8101, 40.82782], [-73.81015, 40.82784], [-73.81019, 40.82787], [-73.81024, 40.82791], [-73.81027, 40.82795], [-73.8103, 40.82799], [-73.81039, 40.828], [-73.81049, 40.82801], [-73.81059, 40.82801], [-73.81069, 40.82801], [-73.81079, 40.828], [-73.81092, 40.82799], [-73.81106, 40.82798], [-73.81104, 40.82784], [-73.81025, 40.82783], [-73.81025, 40.8278], [-73.81004, 40.8278], [-73.81004, 40.82778], [-73.81006, 40.82778], [-73.81015, 40.82778], [-73.81017, 40.82778], [-73.81025, 40.82778], [-73.81028, 40.82778], [-73.81028, 40.82782], [-73.81087, 40.82782], [-73.81097, 40.82782], [-73.81098, 40.82782], [-73.81107, 40.82782], [-73.81109, 40.82782], [-73.81118, 40.82782], [-73.8112, 40.82782], [-73.81128, 40.82782], [-73.8113, 40.82782], [-73.81139, 40.82782], [-73.8114, 40.82782], [-73.81149, 40.82782], [-73.81151, 40.82782], [-73.8116, 40.82782], [-73.81162, 40.82782], [-73.81171, 40.82782], [-73.81172, 40.82782], [-73.81181, 40.82782], [-73.81182, 40.82782], [-73.81182, 40.82784], [-73.81106, 40.82784], [-73.81107, 40.82798], [-73.81123, 40.82798], [-73.81139, 40.82798], [-73.81155, 40.82799], [-73.81171, 40.82801], [-73.81193, 40.82796], [-73.81215, 40.8279], [-73.81221, 40.82788], [-73.81227, 40.82787], [-73.81233, 40.82786], [-73.8124, 40.82785], [-73.81246, 40.82785], [-73.8125, 40.82785], [-73.81253, 40.82785], [-73.81257, 40.82784], [-73.8126, 40.82783], [-73.81263, 40.82782], [-73.81266, 40.8278], [-73.81269, 40.82778], [-73.8127, 40.82776], [-73.81272, 40.82773], [-73.81272, 40.8277], [-73.81271, 40.82766], [-73.8127, 40.82763], [-73.81268, 40.82759], [-73.81265, 40.82756], [-73.8128, 40.82749], [-73.81294, 40.82741], [-73.81308, 40.82733], [-73.81322, 40.82725], [-73.81328, 40.82722], [-73.81333, 40.82719], [-73.81337, 40.82715], [-73.81342, 40.8271], [-73.81345, 40.82705], [-73.81347, 40.82702], [-73.81351, 40.82698], [-73.81355, 40.82694], [-73.8136, 40.82691], [-73.81365, 40.82688], [-73.81371, 40.82686], [-73.81377, 40.82685], [-73.8138, 40.82684], [-73.81383, 40.82682], [-73.81385, 40.8268], [-73.81387, 40.82678], [-73.81388, 40.82676], [-73.81389, 40.82674], [-73.8139, 40.82671], [-73.8139, 40.82668], [-73.81389, 40.82666], [-73.81388, 40.82664], [-73.81386, 40.82661], [-73.81384, 40.82659], [-73.81381, 40.82658], [-73.81378, 40.82656], [-73.81375, 40.82654], [-73.81372, 40.82652], [-73.8137, 40.82649], [-73.81369, 40.82646], [-73.81368, 40.82643], [-73.81368, 40.8264], [-73.81369, 40.82637], [-73.8137, 40.82634], [-73.81371, 40.8263], [-73.81372, 40.82627], [-73.81328, 40.82632], [-73.81328, 40.82633], [-73.81292, 40.82638], [-73.81292, 40.82635], [-73.81327, 40.8263], [-73.81328, 40.82631], [-73.81373, 40.82626], [-73.81375, 40.82622], [-73.81378, 40.82619], [-73.81382, 40.82616], [-73.81386, 40.82614], [-73.8139, 40.82613], [-73.81393, 40.82611], [-73.81396, 40.82609], [-73.81399, 40.82607], [-73.81401, 40.82604], [-73.81403, 40.82602], [-73.81404, 40.82599], [-73.81404, 40.82596], [-73.81404, 40.82593], [-73.81402, 40.82587], [-73.814, 40.82582], [-73.81398, 40.82578], [-73.81395, 40.82573], [-73.81343, 40.82593], [-73.81342, 40.82592], [-73.81394, 40.82572], [-73.81391, 40.82568], [-73.81388, 40.82566], [-73.81385, 40.82565], [-73.81383, 40.82563], [-73.81381, 40.8256], [-73.8138, 40.82558], [-73.81379, 40.82555], [-73.81379, 40.82552], [-73.81379, 40.82549], [-73.8138, 40.82547], [-73.81383, 40.82542], [-73.81384, 40.82539], [-73.81383, 40.82535], [-73.8138, 40.8253], [-73.81374, 40.82526], [-73.81367, 40.82525], [-73.81364, 40.82525], [-73.81357, 40.82524], [-73.81349, 40.82522], [-73.81343, 40.8252], [-73.81334, 40.82517], [-73.81303, 40.82526], [-73.81303, 40.82527], [-73.81297, 40.82529], [-73.81296, 40.82527], [-73.81213, 40.82557], [-73.81211, 40.82555], [-73.81288, 40.82527], [-73.81289, 40.82527], [-73.81295, 40.82525], [-73.81294, 40.82523], [-73.813, 40.82522], [-73.81301, 40.82523], [-73.81328, 40.82516], [-73.81324, 40.82515], [-73.81321, 40.82514], [-73.81318, 40.82512], [-73.81315, 40.82509], [-73.81312, 40.82507], [-73.8131, 40.82504], [-73.81309, 40.82501], [-73.81308, 40.82498], [-73.81308, 40.82494], [-73.81311, 40.82491], [-73.81315, 40.82487], [-73.81319, 40.82484], [-73.81324, 40.82481], [-73.81336, 40.82475], [-73.81349, 40.82469], [-73.81362, 40.82463], [-73.81383, 40.82456], [-73.81404, 40.82448], [-73.81404, 40.82442], [-73.81404, 40.82436], [-73.81402, 40.8243], [-73.814, 40.82425], [-73.81397, 40.82419], [-73.81393, 40.82414], [-73.81389, 40.82409], [-73.81384, 40.82404], [-73.81378, 40.824], [-73.81327, 40.82397], [-73.81319, 40.82414], [-73.81308, 40.82416], [-73.81304, 40.82419], [-73.813, 40.82422], [-73.81296, 40.82424], [-73.81291, 40.82426], [-73.81286, 40.82428], [-73.81283, 40.82431], [-73.81281, 40.82434], [-73.81279, 40.82437], [-73.81279, 40.82441], [-73.81278, 40.82444], [-73.81279, 40.82448], [-73.8128, 40.82451], [-73.81282, 40.82457], [-73.81282, 40.82462], [-73.81282, 40.82468], [-73.81281, 40.82473], [-73.81281, 40.82474], [-73.8128, 40.82475], [-73.81279, 40.82476], [-73.81278, 40.82477], [-73.81276, 40.82477], [-73.81275, 40.82478], [-73.81273, 40.82478], [-73.81272, 40.82478], [-73.81268, 40.82475], [-73.81264, 40.82471], [-73.81261, 40.82468], [-73.81259, 40.82464], [-73.81255, 40.82458], [-73.8125, 40.82453], [-73.81245, 40.82449], [-73.81239, 40.82445], [-73.81232, 40.82441], [-73.81225, 40.82438], [-73.81218, 40.82436], [-73.8121, 40.82434], [-73.81202, 40.82433], [-73.81196, 40.82433], [-73.8119, 40.82434], [-73.81183, 40.82434], [-73.81177, 40.82434], [-73.81174, 40.82435], [-73.81171, 40.82437], [-73.81169, 40.8244], [-73.81167, 40.82442], [-73.81166, 40.82445], [-73.81159, 40.82449], [-73.81164, 40.8246], [-73.81161, 40.82461], [-73.81156, 40.82451], [-73.81145, 40.82455], [-73.81139, 40.82455], [-73.81133, 40.82455], [-73.81126, 40.82457], [-73.81122, 40.82459], [-73.81119, 40.82461], [-73.81119, 40.82463], [-73.81119, 40.82465], [-73.81121, 40.82469], [-73.81121, 40.82473], [-73.81121, 40.82477], [-73.8112, 40.82478], [-73.8112, 40.82479], [-73.81117, 40.82479], [-73.81117, 40.82479], [-73.81114, 40.82478], [-73.81112, 40.82475], [-73.8111, 40.82472], [-73.81106, 40.8247], [-73.81103, 40.82471], [-73.81102, 40.82474], [-73.81098, 40.8248], [-73.81092, 40.82484], [-73.81085, 40.82487], [-73.81088, 40.82511], [-73.81078, 40.82511], [-73.81076, 40.8249], [-73.81069, 40.82492], [-73.81064, 40.82494], [-73.81053, 40.82498], [-73.81047, 40.82499], [-73.81041, 40.82502], [-73.81037, 40.82505], [-73.81033, 40.8251], [-73.81032, 40.82514], [-73.8103, 40.82516], [-73.81025, 40.82517], [-73.81021, 40.82516], [-73.81016, 40.82515], [-73.81006, 40.82514], [-73.80991, 40.82518], [-73.80981, 40.82522], [-73.80968, 40.82526], [-73.80965, 40.82527], [-73.80957, 40.82538], [-73.80944, 40.82549], [-73.80935, 40.82554], [-73.8093, 40.82559], [-73.80925, 40.82563], [-73.80922, 40.82572], [-73.8092, 40.82581], [-73.80917, 40.82584], [-73.80909, 40.82587], [-73.80899, 40.82585], [-73.80889, 40.82581], [-73.80879, 40.8258], [-73.80871, 40.82582], [-73.80859, 40.82585], [-73.80853, 40.82585], [-73.80847, 40.82586], [-73.80843, 40.82584], [-73.80838, 40.82582], [-73.80828, 40.8258], [-73.80816, 40.8258], [-73.80808, 40.8258], [-73.808, 40.82579], [-73.80798, 40.82583], [-73.80795, 40.82582], [-73.80796, 40.82578], [-73.80789, 40.82577], [-73.80783, 40.82577], [-73.80776, 40.82579], [-73.80773, 40.82584], [-73.80771, 40.82589], [-73.80767, 40.8259], [-73.80765, 40.82587], [-73.80764, 40.82583], [-73.80757, 40.8258], [-73.80752, 40.82576], [-73.80746, 40.82572], [-73.80742, 40.82567], [-73.80735, 40.82563], [-73.80731, 40.82556], [-73.80728, 40.8255], [-73.80723, 40.82545], [-73.80716, 40.82545], [-73.8071, 40.82543], [-73.80702, 40.82542], [-73.80698, 40.82539], [-73.80698, 40.82536], [-73.807, 40.82532], [-73.80697, 40.82524], [-73.80692, 40.82518], [-73.80687, 40.82509], [-73.80682, 40.825], [-73.80681, 40.82494], [-73.80681, 40.82492], [-73.80681, 40.82489], [-73.80679, 40.82482], [-73.80676, 40.82474], [-73.80673, 40.82468], [-73.80669, 40.82464], [-73.80666, 40.82463], [-73.80665, 40.82463], [-73.8066, 40.82463], [-73.80656, 40.82461], [-73.80657, 40.82458], [-73.80663, 40.82455], [-73.80664, 40.82455], [-73.80672, 40.82454], [-73.80675, 40.8245], [-73.80678, 40.82445], [-73.80678, 40.82438], [-73.80675, 40.82431], [-73.80671, 40.82426], [-73.80665, 40.82424], [-73.80659, 40.82423], [-73.80654, 40.82423], [-73.80654, 40.82423], [-73.80652, 40.82421], [-73.80652, 40.8242], [-73.80653, 40.82417], [-73.80659, 40.82417], [-73.8067, 40.82416], [-73.80673, 40.82413], [-73.80674, 40.82413], [-73.80677, 40.82407], [-73.80679, 40.82399], [-73.80677, 40.8239], [-73.80675, 40.82383], [-73.80671, 40.8238], [-73.80665, 40.82381], [-73.8066, 40.82382], [-73.80654, 40.82382], [-73.80648, 40.82382], [-73.80646, 40.8238], [-73.80646, 40.82378], [-73.80651, 40.82376], [-73.80658, 40.82374], [-73.8066, 40.82374], [-73.80666, 40.82373], [-73.80669, 40.82368], [-73.8067, 40.82362], [-73.80668, 40.82351], [-73.80666, 40.82342], [-73.8066, 40.82334], [-73.80656, 40.82332], [-73.80651, 40.82329], [-73.80643, 40.82331], [-73.80634, 40.82333], [-73.80626, 40.82334], [-73.80624, 40.82331], [-73.8063, 40.82328], [-73.80638, 40.82326], [-73.80646, 40.82322], [-73.80651, 40.82315], [-73.80651, 40.82314], [-73.80649, 40.82309], [-73.80645, 40.823], [-73.80638, 40.82289], [-73.8063, 40.82284], [-73.80623, 40.82286], [-73.80613, 40.8229], [-73.80605, 40.82291], [-73.80597, 40.82291], [-73.80595, 40.82288], [-73.80601, 40.82286], [-73.80608, 40.82283], [-73.80615, 40.82282], [-73.8062, 40.82278], [-73.80622, 40.82274], [-73.80622, 40.82266], [-73.80621, 40.82261], [-73.80605, 40.82227], [-73.80586, 40.8219], [-73.80582, 40.82177], [-73.80582, 40.82167], [-73.80585, 40.82155], [-73.80591, 40.82148], [-73.80596, 40.82143], [-73.80599, 40.82083], [-73.80599, 40.82082], [-73.80573, 40.82018], [-73.80571, 40.82016], [-73.80547, 40.81991], [-73.80524, 40.81966], [-73.80507, 40.81949], [-73.80462, 40.81903], [-73.80452, 40.81893], [-73.80441, 40.81883], [-73.8043, 40.81874], [-73.80418, 40.81865], [-73.80405, 40.81857], [-73.80392, 40.81849], [-73.80379, 40.81842], [-73.80365, 40.81835], [-73.80351, 40.81828], [-73.80348, 40.81828], [-73.80337, 40.81825], [-73.80325, 40.81824], [-73.80313, 40.81824], [-73.80301, 40.81823], [-73.80288, 40.81823], [-73.80276, 40.81823], [-73.80267, 40.81824], [-73.80262, 40.81827], [-73.80259, 40.81834], [-73.80259, 40.81839], [-73.80259, 40.81842], [-73.80257, 40.81845], [-73.80256, 40.81848], [-73.80252, 40.81853], [-73.80247, 40.81854], [-73.80241, 40.81852], [-73.80233, 40.81849], [-73.8023, 40.81848], [-73.80227, 40.8185], [-73.80225, 40.81851], [-73.8022, 40.81854], [-73.80208, 40.81856], [-73.80205, 40.81854], [-73.80204, 40.81847], [-73.80197, 40.81841], [-73.80193, 40.81839], [-73.80188, 40.81836], [-73.80181, 40.81834], [-73.80171, 40.8183], [-73.80161, 40.81827], [-73.8015, 40.81824], [-73.80139, 40.81822], [-73.80129, 40.81818], [-73.80119, 40.81813], [-73.80112, 40.81811], [-73.80105, 40.8181], [-73.80102, 40.8181], [-73.80093, 40.81811], [-73.80081, 40.81809], [-73.80071, 40.81804], [-73.80062, 40.81796], [-73.80059, 40.81793], [-73.80058, 40.81791], [-73.80057, 40.81785], [-73.80057, 40.81777], [-73.80057, 40.8177], [-73.80051, 40.81767], [-73.80042, 40.81761], [-73.80032, 40.81756], [-73.80022, 40.81752], [-73.80012, 40.81748], [-73.80001, 40.81744], [-73.7999, 40.8174], [-73.7998, 40.81737], [-73.79969, 40.81733], [-73.79957, 40.8173], [-73.79945, 40.81726], [-73.79935, 40.81722], [-73.7985, 40.81691], [-73.79841, 40.81688], [-73.79833, 40.81686], [-73.79824, 40.81684], [-73.7982, 40.81684], [-73.79816, 40.81683], [-73.79813, 40.81681], [-73.79809, 40.8168], [-73.79807, 40.81677], [-73.79798, 40.81665], [-73.79795, 40.81662], [-73.79787, 40.81659], [-73.79776, 40.81656], [-73.79765, 40.81653], [-73.79759, 40.81651], [-73.79741, 40.81585], [-73.79738, 40.81576], [-73.79744, 40.81572], [-73.79771, 40.81551], [-73.79812, 40.8157], [-73.79864, 40.81546], [-73.79903, 40.81554], [-73.79995, 40.81445], [-73.80011, 40.81402], [-73.80049, 40.81387], [-73.80092, 40.81376], [-73.80111, 40.81354], [-73.80132, 40.81326], [-73.80146, 40.81294], [-73.80175, 40.81286], [-73.80152, 40.81255], [-73.80143, 40.81242], [-73.80137, 40.81244], [-73.80134, 40.81239], [-73.80139, 40.81237], [-73.80139, 40.81237], [-73.8014, 40.81236], [-73.80155, 40.81257], [-73.80176, 40.81286], [-73.80196, 40.81281], [-73.80201, 40.8128], [-73.80207, 40.81279], [-73.80212, 40.81278], [-73.80217, 40.81276], [-73.80221, 40.81273], [-73.80225, 40.8127], [-73.80229, 40.81267], [-73.80235, 40.81262], [-73.80243, 40.81258], [-73.80251, 40.81254], [-73.80259, 40.81251], [-73.80268, 40.81248], [-73.80277, 40.81246], [-73.80286, 40.81245], [-73.80295, 40.81245], [-73.80305, 40.81245], [-73.80314, 40.81246], [-73.80323, 40.81247], [-73.80332, 40.81249], [-73.80341, 40.81252], [-73.80343, 40.81254], [-73.80346, 40.81255], [-73.80347, 40.81256], [-73.80351, 40.81256], [-73.80353, 40.81255], [-73.80355, 40.81253], [-73.80356, 40.81253], [-73.80358, 40.81252], [-73.80361, 40.81252], [-73.80363, 40.81254], [-73.80365, 40.81256], [-73.80365, 40.81258], [-73.80365, 40.81261], [-73.80364, 40.81263], [-73.80355, 40.81286], [-73.80352, 40.81292], [-73.80362, 40.81296], [-73.80374, 40.81279], [-73.80378, 40.81281], [-73.80361, 40.81304], [-73.80369, 40.81311], [-73.8037, 40.81313], [-73.80377, 40.81319], [-73.80379, 40.81321], [-73.80386, 40.81328], [-73.80388, 40.8133], [-73.80395, 40.81336], [-73.80398, 40.8134], [-73.80399, 40.81341], [-73.80417, 40.81359], [-73.80424, 40.81365], [-73.80425, 40.81365], [-73.80434, 40.8136], [-73.80436, 40.81361], [-73.80432, 40.81363], [-73.80419, 40.81371], [-73.80415, 40.81373], [-73.80414, 40.81372], [-73.80423, 40.81366], [-73.80416, 40.8136], [-73.80395, 40.8134], [-73.80394, 40.81339], [-73.8039, 40.81335], [-73.80387, 40.81332], [-73.80385, 40.8133], [-73.8038, 40.81325], [-73.80378, 40.81323], [-73.80373, 40.81318], [-73.80371, 40.81316], [-73.8036, 40.81306], [-73.80356, 40.81304], [-73.80361, 40.81297], [-73.80351, 40.81293], [-73.80346, 40.81305], [-73.80339, 40.81313], [-73.8033, 40.81316], [-73.80325, 40.8132], [-73.80324, 40.8133], [-73.80334, 40.81332], [-73.80335, 40.8133], [-73.80346, 40.81333], [-73.80345, 40.81335], [-73.80337, 40.81333], [-73.80336, 40.81334], [-73.80323, 40.81332], [-73.80322, 40.81336], [-73.80329, 40.81338], [-73.80336, 40.81339], [-73.80336, 40.81338], [-73.80346, 40.8134], [-73.80345, 40.81341], [-73.80352, 40.81348], [-73.80353, 40.81349], [-73.80356, 40.81353], [-73.80358, 40.81355], [-73.80363, 40.81361], [-73.80364, 40.81361], [-73.8037, 40.81367], [-73.8037, 40.81368], [-73.80397, 40.81397], [-73.80404, 40.81394], [-73.80405, 40.81395], [-73.80407, 40.81397], [-73.80409, 40.81395], [-73.80418, 40.81403], [-73.80417, 40.81404], [-73.80419, 40.81405], [-73.80418, 40.81406], [-73.80419, 40.81407], [-73.80421, 40.81409], [-73.80425, 40.81413], [-73.80437, 40.81424], [-73.80443, 40.81429], [-73.80445, 40.81429], [-73.80452, 40.81425], [-73.80453, 40.81425], [-73.80443, 40.81432], [-73.80426, 40.81416], [-73.80424, 40.81414], [-73.8042, 40.81411], [-73.80417, 40.81408], [-73.80412, 40.81404], [-73.80409, 40.81401], [-73.80404, 40.81396], [-73.80396, 40.81399], [-73.80393, 40.81395], [-73.80387, 40.81389], [-73.80384, 40.81386], [-73.80384, 40.81386], [-73.8038, 40.81382], [-73.8038, 40.81381], [-73.80376, 40.81377], [-73.80376, 40.81377], [-73.80372, 40.81373], [-73.80371, 40.81372], [-73.80367, 40.81368], [-73.80367, 40.81368], [-73.80363, 40.81364], [-73.80363, 40.81363], [-73.80359, 40.81359], [-73.80358, 40.81359], [-73.80355, 40.81355], [-73.80354, 40.81354], [-73.8035, 40.8135], [-73.8035, 40.8135], [-73.80346, 40.81346], [-73.80346, 40.81345], [-73.80343, 40.81342], [-73.80335, 40.81341], [-73.80336, 40.8134], [-73.80329, 40.81339], [-73.80322, 40.81337], [-73.8032, 40.8135], [-73.80352, 40.81395], [-73.80357, 40.814], [-73.80389, 40.81431], [-73.80418, 40.81459], [-73.80431, 40.81459], [-73.80436, 40.81457], [-73.80435, 40.81456], [-73.80439, 40.81454], [-73.80443, 40.81458], [-73.80439, 40.8146], [-73.80437, 40.81459], [-73.80433, 40.8146], [-73.80435, 40.81462], [-73.80436, 40.8147], [-73.80441, 40.81477], [-73.80447, 40.81489], [-73.8046, 40.81504], [-73.80462, 40.81506], [-73.80465, 40.81512], [-73.80469, 40.81519], [-73.80472, 40.81523], [-73.80476, 40.81527], [-73.80481, 40.81531], [-73.80486, 40.81534], [-73.80489, 40.81538], [-73.80492, 40.81542], [-73.80495, 40.81545], [-73.805, 40.81549], [-73.80502, 40.8155], [-73.80503, 40.81551], [-73.80505, 40.81553], [-73.80506, 40.81554], [-73.80506, 40.81556], [-73.80509, 40.8156], [-73.80511, 40.81564], [-73.80515, 40.81567], [-73.80519, 40.81569], [-73.80524, 40.81572], [-73.80529, 40.81573], [-73.80585, 40.81601], [-73.80596, 40.81604], [-73.8062, 40.81629], [-73.80628, 40.81627], [-73.80642, 40.81651], [-73.80655, 40.81661], [-73.80657, 40.81661], [-73.80657, 40.8166], [-73.80658, 40.81659], [-73.80655, 40.81653], [-73.80654, 40.81653], [-73.80631, 40.81615], [-73.80623, 40.81607], [-73.80615, 40.81599], [-73.80612, 40.81595], [-73.80609, 40.81593], [-73.80602, 40.81589], [-73.80599, 40.81587], [-73.80598, 40.81586], [-73.80594, 40.81583], [-73.80593, 40.81582], [-73.80589, 40.81579], [-73.80587, 40.81578], [-73.80583, 40.81576], [-73.80582, 40.81575], [-73.8058, 40.81573], [-73.80579, 40.81572], [-73.80574, 40.81569], [-73.80572, 40.81568], [-73.80568, 40.81565], [-73.80567, 40.81564], [-73.80561, 40.81561], [-73.80559, 40.81559], [-73.80556, 40.81557], [-73.80555, 40.81556], [-73.80551, 40.81554], [-73.80545, 40.8155], [-73.80543, 40.8155], [-73.80541, 40.8155], [-73.80538, 40.81548], [-73.80528, 40.81541], [-73.80508, 40.8152], [-73.80507, 40.81518], [-73.80505, 40.81516], [-73.80498, 40.81509], [-73.80495, 40.81506], [-73.80494, 40.81504], [-73.80489, 40.81499], [-73.80487, 40.81497], [-73.80484, 40.81493], [-73.80483, 40.81492], [-73.80464, 40.81472], [-73.80455, 40.81463], [-73.80456, 40.81463], [-73.80454, 40.81461], [-73.80466, 40.81454], [-73.80468, 40.81457], [-73.80459, 40.81462], [-73.80464, 40.81468], [-73.80465, 40.81469], [-73.80469, 40.81473], [-73.8047, 40.81475], [-73.80474, 40.81479], [-73.80475, 40.81481], [-73.8048, 40.81486], [-73.80481, 40.81488], [-73.80499, 40.81507], [-73.80504, 40.81512], [-73.80505, 40.81513], [-73.8051, 40.81519], [-73.80511, 40.8152], [-73.80516, 40.81525], [-73.80517, 40.81527], [-73.80522, 40.81532], [-73.80524, 40.81534], [-73.80528, 40.81538], [-73.8053, 40.81539], [-73.80536, 40.81544], [-73.80538, 40.81546], [-73.8054, 40.81547], [-73.80544, 40.81546], [-73.80555, 40.81553], [-73.80556, 40.81555], [-73.80562, 40.81559], [-73.80564, 40.8156], [-73.8057, 40.81564], [-73.80572, 40.81565], [-73.80575, 40.81567], [-73.80588, 40.81577], [-73.80589, 40.81577], [-73.80592, 40.81579], [-73.80606, 40.81589], [-73.8061, 40.81592], [-73.80622, 40.81603], [-73.80633, 40.81614], [-73.8064, 40.81624], [-73.80642, 40.81628], [-73.80643, 40.81629], [-73.80645, 40.81633], [-73.80646, 40.81634], [-73.80648, 40.81637], [-73.80649, 40.81638], [-73.80651, 40.81641], [-73.80652, 40.81642], [-73.80654, 40.81645], [-73.80655, 40.81647], [-73.80657, 40.81651], [-73.80658, 40.81652], [-73.80661, 40.81658], [-73.80671, 40.81655], [-73.80672, 40.81657], [-73.80659, 40.81662], [-73.80658, 40.81662], [-73.80658, 40.81662], [-73.80661, 40.81666], [-73.80693, 40.81657], [-73.80689, 40.81649], [-73.80685, 40.81643], [-73.8068, 40.81633], [-73.80679, 40.81632], [-73.80679, 40.81632], [-73.80676, 40.81627], [-73.80676, 40.81626], [-73.80673, 40.81622], [-73.80673, 40.81621], [-73.8067, 40.81617], [-73.8067, 40.81616], [-73.80667, 40.81611], [-73.8066, 40.816], [-73.80659, 40.81598], [-73.80657, 40.81594], [-73.80654, 40.81589], [-73.80655, 40.81589], [-73.80672, 40.81616], [-73.8069, 40.81648], [-73.80694, 40.81656], [-73.80694, 40.81656], [-73.80696, 40.81656], [-73.80705, 40.81653], [-73.80695, 40.81621], [-73.8068, 40.81602], [-73.80679, 40.81601], [-73.80677, 40.81597], [-73.80663, 40.81568], [-73.80659, 40.8157], [-73.80658, 40.81573], [-73.8064, 40.8157], [-73.80641, 40.81566], [-73.80656, 40.81569], [-73.80662, 40.81567], [-73.80659, 40.81562], [-73.80635, 40.81553], [-73.80568, 40.81521], [-73.80532, 40.81478], [-73.80523, 40.81421], [-73.80519, 40.81392], [-73.80517, 40.81368], [-73.80518, 40.81333], [-73.80518, 40.81324], [-73.80519, 40.81314], [-73.80505, 40.81289], [-73.8048, 40.81273], [-73.80455, 40.81243], [-73.80439, 40.81223], [-73.80422, 40.81216], [-73.8039, 40.81214], [-73.80361, 40.81194], [-73.80335, 40.81163], [-73.80333, 40.8116], [-73.80317, 40.81127], [-73.80295, 40.81096], [-73.80273, 40.81063], [-73.80253, 40.81048], [-73.80224, 40.8102], [-73.80205, 40.81016], [-73.80148, 40.81061], [-73.80136, 40.81071], [-73.80116, 40.81059], [-73.80101, 40.81071], [-73.801, 40.81071], [-73.80124, 40.81048], [-73.80147, 40.81014], [-73.80011, 40.80971], [-73.79854, 40.80959], [-73.79576, 40.80834], [-73.79376, 40.80745], [-73.79368, 40.80742], [-73.79361, 40.80739], [-73.79229, 40.80685], [-73.79172, 40.80688], [-73.79166, 40.80688], [-73.7916, 40.80689], [-73.79155, 40.80691], [-73.79149, 40.80693], [-73.79144, 40.80696], [-73.7914, 40.807], [-73.79136, 40.80704], [-73.79134, 40.80705], [-73.79132, 40.80707], [-73.79131, 40.8071], [-73.7913, 40.80712], [-73.7913, 40.80715], [-73.7913, 40.80717], [-73.79131, 40.80719], [-73.79132, 40.80722], [-73.79134, 40.80724], [-73.79136, 40.80725], [-73.79138, 40.80727], [-73.79141, 40.80728], [-73.79144, 40.80729], [-73.79149, 40.80732], [-73.79153, 40.80735], [-73.79156, 40.80738], [-73.79159, 40.80741], [-73.79159, 40.80743], [-73.79158, 40.80744], [-73.79157, 40.80746], [-73.79156, 40.80747], [-73.79154, 40.80748], [-73.79152, 40.80749], [-73.7915, 40.80749], [-73.79148, 40.8075], [-73.79146, 40.8075], [-73.79144, 40.8075], [-73.7913, 40.80745], [-73.79116, 40.80741], [-73.79101, 40.80737], [-73.79086, 40.80734], [-73.79082, 40.80725], [-73.79079, 40.80716], [-73.79076, 40.80706], [-73.79074, 40.80697], [-73.79073, 40.80688], [-73.79072, 40.80678], [-73.79072, 40.80668], [-73.79073, 40.80659], [-73.79043, 40.80633], [-73.79025, 40.80602], [-73.79012, 40.80577], [-73.79008, 40.80552], [-73.79006, 40.80541], [-73.79015, 40.80508], [-73.79028, 40.80482], [-73.79057, 40.80456], [-73.79066, 40.80449], [-73.79104, 40.80426], [-73.7916, 40.80414], [-73.79169, 40.80412], [-73.79177, 40.80413], [-73.79184, 40.80413], [-73.79192, 40.80412], [-73.79199, 40.80411], [-73.79206, 40.8041], [-73.79216, 40.80405], [-73.79225, 40.804], [-73.79236, 40.80404], [-73.79248, 40.80408], [-73.7926, 40.80411], [-73.79272, 40.80414], [-73.79285, 40.80417], [-73.79298, 40.80419], [-73.79312, 40.8042], [-73.79325, 40.8042], [-73.79339, 40.8042], [-73.79351, 40.80426], [-73.79359, 40.80437], [-73.79366, 40.80439], [-73.79373, 40.80444], [-73.79401, 40.80464], [-73.79401, 40.80483], [-73.79452, 40.805], [-73.7948, 40.80536], [-73.79492, 40.80548], [-73.79505, 40.80561], [-73.79518, 40.80573], [-73.79532, 40.80584], [-73.79547, 40.80595], [-73.79562, 40.80606], [-73.79578, 40.80616], [-73.79584, 40.80617], [-73.79601, 40.80592], [-73.79619, 40.806], [-73.79621, 40.80597], [-73.7965, 40.8061], [-73.79637, 40.80628], [-73.79652, 40.80629], [-73.79703, 40.80634], [-73.79715, 40.80639], [-73.79792, 40.80669], [-73.79886, 40.80714], [-73.80058, 40.80831], [-73.80136, 40.80867], [-73.8015, 40.80876], [-73.80167, 40.80888], [-73.80176, 40.80893], [-73.80186, 40.80897], [-73.80195, 40.809], [-73.80205, 40.80903], [-73.80216, 40.80905], [-73.80226, 40.80907], [-73.80236, 40.80909], [-73.8025, 40.80911], [-73.80266, 40.80912], [-73.80281, 40.8091], [-73.80296, 40.80908], [-73.80306, 40.80904], [-73.8032, 40.80896], [-73.80333, 40.80889], [-73.80344, 40.80883], [-73.80352, 40.8088], [-73.80359, 40.80876], [-73.80362, 40.80872], [-73.80365, 40.80865], [-73.80366, 40.80861], [-73.80368, 40.80858], [-73.80369, 40.80857], [-73.80371, 40.80855], [-73.80373, 40.80853], [-73.80376, 40.80852], [-73.80378, 40.80851], [-73.80381, 40.80851], [-73.80384, 40.80851], [-73.80387, 40.80851], [-73.8039, 40.80852], [-73.80393, 40.80853], [-73.80397, 40.80858], [-73.80401, 40.80863], [-73.80403, 40.80869], [-73.80405, 40.80875], [-73.80414, 40.80882], [-73.80432, 40.80897], [-73.80452, 40.80911], [-73.80468, 40.80923], [-73.80484, 40.80934], [-73.80502, 40.80944], [-73.80503, 40.80942], [-73.80502, 40.80941], [-73.80506, 40.80936], [-73.80512, 40.8094], [-73.80508, 40.80944], [-73.80506, 40.80943], [-73.80504, 40.80945], [-73.80521, 40.80956], [-73.80536, 40.80964], [-73.80551, 40.80972], [-73.80567, 40.8098], [-73.80585, 40.80989], [-73.80603, 40.80997], [-73.80621, 40.81005], [-73.80661, 40.81031], [-73.80714, 40.81066], [-73.80724, 40.81081], [-73.80735, 40.81097], [-73.80747, 40.81112], [-73.80759, 40.81127], [-73.80773, 40.81142], [-73.80788, 40.81157], [-73.80799, 40.81168], [-73.80811, 40.81179], [-73.80823, 40.81189], [-73.8084, 40.81203], [-73.80857, 40.81216], [-73.80875, 40.81229], [-73.80894, 40.81241], [-73.80913, 40.81253], [-73.80933, 40.81264], [-73.80954, 40.81275], [-73.80973, 40.81284], [-73.80992, 40.81293], [-73.80998, 40.81295], [-73.81006, 40.81297], [-73.81016, 40.81299], [-73.81027, 40.813], [-73.81035, 40.81299], [-73.81042, 40.81298], [-73.8105, 40.81296], [-73.8106, 40.81294], [-73.81067, 40.81276], [-73.81078, 40.81277], [-73.81079, 40.81279], [-73.8108, 40.81281], [-73.81081, 40.81283], [-73.81083, 40.81285], [-73.81085, 40.81287], [-73.81088, 40.81288], [-73.81091, 40.81289], [-73.81093, 40.81289], [-73.81096, 40.8129], [-73.81099, 40.81289], [-73.81102, 40.81288], [-73.81105, 40.81288], [-73.81108, 40.81288], [-73.81111, 40.8129], [-73.81114, 40.81291], [-73.81117, 40.81294], [-73.81119, 40.81296], [-73.81121, 40.81298], [-73.81125, 40.81299], [-73.81133, 40.81301], [-73.81142, 40.81303], [-73.81148, 40.81304], [-73.81155, 40.81305], [-73.81157, 40.81305], [-73.81167, 40.81306], [-73.8117, 40.81306], [-73.81173, 40.81306], [-73.81177, 40.81304], [-73.8118, 40.81301], [-73.81182, 40.81297], [-73.81183, 40.81294], [-73.81185, 40.81294], [-73.81188, 40.81295], [-73.81189, 40.81297], [-73.81192, 40.81301], [-73.81194, 40.81303], [-73.812, 40.81305], [-73.81207, 40.81306], [-73.81216, 40.81307], [-73.81226, 40.81308], [-73.81234, 40.81308], [-73.81241, 40.81309], [-73.81248, 40.81311], [-73.81255, 40.81313], [-73.81261, 40.81314], [-73.81269, 40.81315], [-73.81277, 40.81316], [-73.81283, 40.8132], [-73.8129, 40.81324], [-73.81297, 40.81327], [-73.81304, 40.8133], [-73.81313, 40.81333], [-73.81347, 40.81339], [-73.81348, 40.81338], [-73.81349, 40.81336], [-73.81358, 40.81332], [-73.8136, 40.81334], [-73.81358, 40.81336], [-73.81359, 40.81339], [-73.81358, 40.8134], [-73.81355, 40.81343], [-73.8136, 40.81347], [-73.81365, 40.8135], [-73.8137, 40.81353], [-73.81376, 40.81355], [-73.81383, 40.81357], [-73.81389, 40.81359], [-73.81398, 40.81356], [-73.81407, 40.81354], [-73.81416, 40.81352], [-73.81425, 40.81351], [-73.81434, 40.81351], [-73.81443, 40.81352], [-73.81446, 40.81296], [-73.81437, 40.81296], [-73.81437, 40.81294], [-73.81444, 40.81294], [-73.81447, 40.81291], [-73.81447, 40.81291], [-73.8145, 40.81291], [-73.8145, 40.81292], [-73.81453, 40.81294], [-73.81462, 40.81295], [-73.81462, 40.81297], [-73.8145, 40.81296], [-73.81448, 40.81352], [-73.81469, 40.81352], [-73.81471, 40.81352], [-73.81486, 40.81354], [-73.81489, 40.81354], [-73.81502, 40.81354], [-73.81533, 40.81352], [-73.81551, 40.8135], [-73.81566, 40.81351], [-73.81576, 40.81357], [-73.81588, 40.81377], [-73.8162, 40.81385], [-73.81648, 40.81385], [-73.81668, 40.8138], [-73.81675, 40.81371], [-73.81686, 40.81369], [-73.81725, 40.81361], [-73.81735, 40.81358], [-73.81737, 40.81357], [-73.81736, 40.81338], [-73.81738, 40.81338], [-73.81739, 40.81357], [-73.81745, 40.81356], [-73.81759, 40.81355], [-73.8176, 40.81355], [-73.81777, 40.81355], [-73.8179, 40.81355], [-73.81792, 40.81354], [-73.81793, 40.8134], [-73.81794, 40.81339], [-73.81794, 40.81336], [-73.81793, 40.81335], [-73.81794, 40.8133], [-73.81798, 40.8133], [-73.81797, 40.81336], [-73.81796, 40.81336], [-73.81796, 40.8134], [-73.81796, 40.8134], [-73.81796, 40.81354], [-73.81804, 40.81353], [-73.81808, 40.81352], [-73.81808, 40.81349], [-73.81808, 40.81347], [-73.81812, 40.81347], [-73.81815, 40.81347], [-73.8182, 40.81349], [-73.81845, 40.81346], [-73.81854, 40.81345], [-73.81874, 40.81343], [-73.81893, 40.81338], [-73.81917, 40.81333], [-73.81938, 40.81327], [-73.81947, 40.81324], [-73.81956, 40.81322], [-73.81968, 40.81321], [-73.81982, 40.81318], [-73.8199, 40.81314], [-73.82001, 40.81309], [-73.82007, 40.81304], [-73.8201, 40.81297], [-73.82011, 40.81286], [-73.82039, 40.81284], [-73.82041, 40.81297], [-73.82048, 40.81302], [-73.82056, 40.81302], [-73.82049, 40.81284], [-73.82045, 40.81284], [-73.8204, 40.81277], [-73.82046, 40.81276], [-73.82044, 40.81271], [-73.82042, 40.81271], [-73.82029, 40.81245], [-73.82026, 40.81245], [-73.82024, 40.81243], [-73.82107, 40.8122], [-73.82108, 40.81223], [-73.82032, 40.81244], [-73.82042, 40.81264], [-73.82113, 40.81245], [-73.82114, 40.81247], [-73.82044, 40.81266], [-73.82046, 40.8127], [-73.82048, 40.81275], [-73.82053, 40.81274], [-73.82056, 40.81281], [-73.82053, 40.81283], [-73.82059, 40.81302], [-73.82084, 40.813], [-73.82096, 40.81299], [-73.82106, 40.81298], [-73.82113, 40.81296], [-73.82118, 40.81295], [-73.82124, 40.81293], [-73.82125, 40.8129], [-73.82125, 40.8129], [-73.82125, 40.81288], [-73.82123, 40.81288], [-73.82122, 40.81287], [-73.82122, 40.81286], [-73.82122, 40.81285], [-73.82125, 40.81285], [-73.82127, 40.81285], [-73.8213, 40.81285], [-73.82133, 40.81286], [-73.82137, 40.81287], [-73.82141, 40.81287], [-73.82139, 40.81284], [-73.82146, 40.81282], [-73.8214, 40.81271], [-73.82142, 40.8127], [-73.82152, 40.81285], [-73.82162, 40.81283], [-73.82169, 40.81277], [-73.8217, 40.81275], [-73.82166, 40.81267], [-73.8217, 40.81266], [-73.82176, 40.81277], [-73.82197, 40.81275], [-73.82211, 40.8127], [-73.82209, 40.81263], [-73.82213, 40.81262], [-73.82218, 40.81268], [-73.82228, 40.81266], [-73.82213, 40.81237], [-73.82217, 40.81235], [-73.82227, 40.81254], [-73.82225, 40.81255], [-73.82231, 40.81266], [-73.82264, 40.81258], [-73.82273, 40.8125], [-73.82285, 40.81249], [-73.82291, 40.81248], [-73.82299, 40.81246], [-73.82308, 40.81245], [-73.82318, 40.81242], [-73.82325, 40.8124], [-73.82333, 40.81238], [-73.82339, 40.81236], [-73.82345, 40.81232], [-73.82346, 40.81231], [-73.82346, 40.81229], [-73.82346, 40.81225], [-73.82346, 40.81222], [-73.82346, 40.8122], [-73.82347, 40.81219], [-73.8235, 40.81219], [-73.82352, 40.81222], [-73.82356, 40.81228], [-73.82357, 40.81228], [-73.82362, 40.81228], [-73.82372, 40.81226], [-73.82382, 40.81224], [-73.82387, 40.81222], [-73.82406, 40.81217], [-73.82422, 40.81212], [-73.82436, 40.81206], [-73.82454, 40.81199], [-73.82457, 40.81194], [-73.82459, 40.8119], [-73.82458, 40.81182], [-73.8246, 40.81177], [-73.82464, 40.81174], [-73.82471, 40.8117], [-73.82477, 40.8117], [-73.82479, 40.81172], [-73.82482, 40.81175], [-73.82483, 40.81181], [-73.82487, 40.81185], [-73.82494, 40.81186], [-73.82502, 40.81184], [-73.82506, 40.81183], [-73.82481, 40.81144], [-73.82483, 40.81143], [-73.82488, 40.81151], [-73.82493, 40.81154], [-73.82492, 40.81157], [-73.82508, 40.81182], [-73.82516, 40.81179], [-73.82524, 40.81176], [-73.82493, 40.81134], [-73.82492, 40.81134], [-73.82488, 40.81127], [-73.82492, 40.81126], [-73.82496, 40.81132], [-73.82495, 40.81133], [-73.82527, 40.81175], [-73.8254, 40.8117], [-73.82549, 40.81166], [-73.82521, 40.81122], [-73.82523, 40.81121], [-73.82551, 40.81165], [-73.82559, 40.81161], [-73.82565, 40.81159], [-73.82541, 40.81116], [-73.8254, 40.81117], [-73.82533, 40.81104], [-73.82536, 40.81103], [-73.82567, 40.81158], [-73.82573, 40.81157], [-73.82577, 40.81155], [-73.8256, 40.81124], [-73.82563, 40.81123], [-73.82559, 40.81117], [-73.82557, 40.81117], [-73.8255, 40.81103], [-73.82554, 40.81101], [-73.82562, 40.81115], [-73.82561, 40.81116], [-73.82564, 40.81122], [-73.82565, 40.81121], [-73.82572, 40.81133], [-73.82569, 40.81134], [-73.82581, 40.81153], [-73.82593, 40.81149], [-73.82577, 40.81122], [-73.8258, 40.8112], [-73.82596, 40.81147], [-73.826, 40.81146], [-73.82604, 40.81145], [-73.82608, 40.81143], [-73.82611, 40.81141], [-73.82618, 40.81129], [-73.82619, 40.81129], [-73.8262, 40.81128], [-73.82621, 40.81128], [-73.82622, 40.81128], [-73.82624, 40.81128], [-73.8264, 40.81129], [-73.82654, 40.81132], [-73.82668, 40.81135], [-73.82687, 40.81138], [-73.82706, 40.81141], [-73.82725, 40.81143], [-73.82744, 40.81144], [-73.82764, 40.81145], [-73.82783, 40.81145], [-73.82803, 40.81144], [-73.82822, 40.81142], [-73.82841, 40.8114], [-73.8286, 40.81137], [-73.82879, 40.81134], [-73.82897, 40.8113], [-73.82916, 40.81125], [-73.82934, 40.8112], [-73.82952, 40.81114], [-73.82969, 40.81107], [-73.82986, 40.811], [-73.83002, 40.81092], [-73.83018, 40.81083], [-73.83033, 40.81074], [-73.83048, 40.81065], [-73.83064, 40.81054], [-73.8308, 40.81042], [-73.83095, 40.8103], [-73.83109, 40.81018], [-73.83123, 40.81005], [-73.83135, 40.80991], [-73.83147, 40.80977], [-73.83159, 40.80963], [-73.83169, 40.80949], [-73.83179, 40.80934], [-73.83188, 40.80919], [-73.83196, 40.80903], [-73.83203, 40.80888], [-73.83208, 40.80875], [-73.83213, 40.80863], [-73.83217, 40.8085], [-73.83219, 40.80837], [-73.83221, 40.80824], [-73.83223, 40.80811], [-73.83223, 40.80798], [-73.83222, 40.80785], [-73.83221, 40.80772], [-73.83219, 40.80759], [-73.83216, 40.80747], [-73.83212, 40.80734], [-73.83207, 40.80721], [-73.83201, 40.80709], [-73.83195, 40.80697], [-73.83188, 40.80685], [-73.8318, 40.80674], [-73.83178, 40.80674], [-73.83176, 40.80674], [-73.83174, 40.80674], [-73.83171, 40.80673], [-73.83169, 40.80672], [-73.83167, 40.80671], [-73.83166, 40.8067], [-73.83164, 40.80668], [-73.83163, 40.80666], [-73.83162, 40.80665], [-73.83162, 40.80663], [-73.83162, 40.80661], [-73.83163, 40.80659], [-73.83164, 40.80657], [-73.83165, 40.80656], [-73.83166, 40.80654], [-73.83168, 40.80653], [-73.8317, 40.80652], [-73.83173, 40.80651], [-73.83177, 40.80652], [-73.83182, 40.80651], [-73.83187, 40.80651], [-73.83191, 40.80649], [-73.83195, 40.80647], [-73.83199, 40.80645], [-73.83202, 40.80642], [-73.83204, 40.80639], [-73.83206, 40.80636], [-73.83205, 40.80625], [-73.83203, 40.80613], [-73.832, 40.80602], [-73.83196, 40.80592], [-73.83192, 40.80581], [-73.83187, 40.8057], [-73.83181, 40.8056], [-73.83174, 40.8055], [-73.83167, 40.8054], [-73.83164, 40.80531], [-73.83162, 40.80522], [-73.83161, 40.80513], [-73.83161, 40.80503], [-73.83162, 40.80494], [-73.83169, 40.80495], [-73.83195, 40.80494], [-73.83222, 40.80494], [-73.83248, 40.80494], [-73.83275, 40.80495], [-73.83301, 40.80497], [-73.83328, 40.80499], [-73.83354, 40.80503], [-73.8338, 40.80506], [-73.83406, 40.80511], [-73.83432, 40.80516], [-73.83457, 40.80522], [-73.83482, 40.80529], [-73.83507, 40.80536], [-73.83531, 40.80544], [-73.83589, 40.80566], [-73.83643, 40.80582], [-73.83667, 40.80587], [-73.83691, 40.80593], [-73.83704, 40.80598], [-73.83716, 40.80604], [-73.83727, 40.8061], [-73.83735, 40.80615], [-73.83744, 40.8062], [-73.838, 40.80696], [-73.83803, 40.80698], [-73.83805, 40.80701], [-73.83806, 40.80704], [-73.83807, 40.80707], [-73.83807, 40.80709], [-73.83807, 40.80712], [-73.83806, 40.80715], [-73.83804, 40.80717], [-73.83804, 40.8073], [-73.83804, 40.80743], [-73.83805, 40.80756], [-73.83807, 40.80768], [-73.8381, 40.80781], [-73.83814, 40.80793], [-73.83819, 40.80806], [-73.83824, 40.80818], [-73.83831, 40.80829], [-73.83838, 40.80841], [-73.83848, 40.80849], [-73.83852, 40.80859], [-73.83853, 40.80865], [-73.83854, 40.8087], [-73.83862, 40.80886], [-73.83868, 40.80897], [-73.83874, 40.80908], [-73.83882, 40.80921], [-73.83889, 40.80932], [-73.83892, 40.80942], [-73.83897, 40.80951], [-73.83908, 40.80961], [-73.83919, 40.80974], [-73.8393, 40.80995], [-73.83939, 40.81011], [-73.83945, 40.81024], [-73.83957, 40.81037], [-73.83967, 40.81054], [-73.83976, 40.8107], [-73.83986, 40.81085], [-73.83997, 40.81101], [-73.84, 40.81111], [-73.84009, 40.81127], [-73.84018, 40.81134], [-73.84026, 40.81144], [-73.8403, 40.81157], [-73.8403, 40.8117], [-73.84029, 40.81184], [-73.84026, 40.81203], [-73.84029, 40.81218], [-73.84033, 40.81231], [-73.8404, 40.8124], [-73.84042, 40.81248], [-73.84043, 40.81254], [-73.8404, 40.81263], [-73.84039, 40.81266], [-73.84034, 40.81275], [-73.84029, 40.81286], [-73.84029, 40.81295], [-73.84031, 40.81303], [-73.84031, 40.81305], [-73.84033, 40.81314], [-73.84027, 40.81328], [-73.84017, 40.81341], [-73.84014, 40.81345], [-73.84002, 40.81362], [-73.83994, 40.81369], [-73.83989, 40.81376], [-73.83987, 40.81378], [-73.83985, 40.81379], [-73.83975, 40.81386], [-73.83966, 40.81392], [-73.83963, 40.81401], [-73.83965, 40.81408], [-73.83966, 40.81412], [-73.83965, 40.81422], [-73.83959, 40.81433], [-73.83957, 40.81449], [-73.83953, 40.81518], [-73.83962, 40.81538], [-73.8396, 40.8156], [-73.83954, 40.81582], [-73.83959, 40.81599], [-73.83964, 40.81604], [-73.83968, 40.8161], [-73.83971, 40.81616], [-73.83973, 40.81623], [-73.83975, 40.81629], [-73.83975, 40.81636], [-73.83975, 40.81638], [-73.83974, 40.81641], [-73.83896, 40.81637], [-73.83696, 40.81634], [-73.83668, 40.81759], [-73.83666, 40.81797], [-73.8365, 40.81871], [-73.8364, 40.81889], [-73.83614, 40.8192], [-73.83613, 40.82034], [-73.83613, 40.82096], [-73.83613, 40.82168], [-73.83613, 40.82241], [-73.83613, 40.8235], [-73.83619, 40.8242], [-73.83626, 40.82497], [-73.8365, 40.8264], [-73.83662, 40.82711], [-73.83664, 40.82721], [-73.83679, 40.82788], [-73.83685, 40.82816], [-73.83686, 40.8282], [-73.83692, 40.82845], [-73.83703, 40.82881], [-73.83707, 40.82892], [-73.83709, 40.82897], [-73.83715, 40.82896], [-73.83748, 40.82893], [-73.84032, 40.82882], [-73.84058, 40.82881], [-73.84102, 40.82877], [-73.84123, 40.82876], [-73.84144, 40.82874], [-73.8416, 40.82873], [-73.84223, 40.82865], [-73.84228, 40.82865], [-73.84229, 40.8287], [-73.84231, 40.8288], [-73.84231, 40.82892], [-73.84233, 40.82907], [-73.84223, 40.82983], [-73.84192, 40.83063], [-73.84189, 40.83071], [-73.84085, 40.83175], [-73.84075, 40.83178], [-73.84024, 40.8322], [-73.83943, 40.83298], [-73.83918, 40.83316], [-73.839, 40.83338], [-73.83888, 40.8336], [-73.83885, 40.83369], [-73.83883, 40.83381], [-73.83881, 40.83396], [-73.83883, 40.83411], [-73.83888, 40.83428], [-73.83893, 40.83443], [-73.83894, 40.83459], [-73.83894, 40.83472], [-73.83895, 40.83487], [-73.83897, 40.83501], [-73.839, 40.83514], [-73.83904, 40.83529], [-73.83906, 40.83544], [-73.83905, 40.83558], [-73.83909, 40.83572], [-73.83911, 40.83592], [-73.83921, 40.83657], [-73.83923, 40.83674], [-73.83919, 40.83711], [-73.83926, 40.8372], [-73.83922, 40.83739], [-73.83925, 40.83759], [-73.83929, 40.83783], [-73.83929, 40.83804], [-73.83921, 40.83825], [-73.8392, 40.83828], [-73.83916, 40.83846], [-73.83919, 40.83871], [-73.83936, 40.8388], [-73.83959, 40.8388], [-73.83972, 40.83956], [-73.83957, 40.84055], [-73.83936, 40.84088], [-73.83881, 40.84077], [-73.83849, 40.8407], [-73.83839, 40.84068], [-73.83831, 40.84064], [-73.83821, 40.8406], [-73.83812, 40.84057], [-73.83771, 40.84041], [-73.83769, 40.84081], [-73.83767, 40.84112], [-73.83737, 40.84204], [-73.83715, 40.84273], [-73.83689, 40.84337], [-73.83677, 40.84339], [-73.83583, 40.84347], [-73.83475, 40.8435], [-73.83383, 40.84352], [-73.83294, 40.84352], [-73.83201, 40.84363], [-73.83108, 40.84374], [-73.83043, 40.84386], [-73.82966, 40.84409], [-73.82932, 40.84419], [-73.82871, 40.84437], [-73.82845, 40.84445], [-73.82758, 40.84473], [-73.82675, 40.84508], [-73.82611, 40.84534], [-73.8262, 40.84382], [-73.82624, 40.84299], [-73.82608, 40.84137], [-73.82603, 40.84102], [-73.82599, 40.84068]]], [[[-73.8396, 40.83567], [-73.83962, 40.83567], [-73.83963, 40.8357], [-73.83961, 40.83571], [-73.8396, 40.83567]]], [[[-73.83979, 40.83562], [-73.83967, 40.8356], [-73.83961, 40.83561], [-73.83961, 40.83559], [-73.8397, 40.83557], [-73.83969, 40.83551], [-73.8396, 40.83552], [-73.8396, 40.8355], [-73.83967, 40.83549], [-73.83966, 40.83546], [-73.83958, 40.83547], [-73.83958, 40.83545], [-73.83967, 40.83544], [-73.83965, 40.83538], [-73.83957, 40.8354], [-73.83956, 40.83538], [-73.83964, 40.83536], [-73.83963, 40.83532], [-73.83955, 40.83532], [-73.83954, 40.83531], [-73.83962, 40.8353], [-73.8396, 40.83524], [-73.83953, 40.83526], [-73.83953, 40.83524], [-73.83962, 40.83523], [-73.83961, 40.83518], [-73.83952, 40.83518], [-73.83951, 40.83517], [-73.8396, 40.83516], [-73.83959, 40.8351], [-73.83951, 40.83511], [-73.83951, 40.8351], [-73.83959, 40.83509], [-73.83958, 40.83503], [-73.8395, 40.83504], [-73.8395, 40.83503], [-73.83946, 40.83503], [-73.83946, 40.83501], [-73.8395, 40.83501], [-73.8395, 40.83499], [-73.83957, 40.83498], [-73.83956, 40.83493], [-73.83948, 40.83493], [-73.83948, 40.83492], [-73.83955, 40.83491], [-73.83955, 40.83486], [-73.83948, 40.83487], [-73.83946, 40.83485], [-73.83962, 40.83483], [-73.83962, 40.8348], [-73.83948, 40.83482], [-73.83947, 40.8348], [-73.83961, 40.83478], [-73.8396, 40.83475], [-73.83947, 40.83476], [-73.83946, 40.83475], [-73.8396, 40.83473], [-73.8396, 40.8347], [-73.83946, 40.83472], [-73.83944, 40.83465], [-73.83942, 40.83465], [-73.83941, 40.8346], [-73.83949, 40.83459], [-73.83948, 40.83457], [-73.83959, 40.83456], [-73.83965, 40.83484], [-73.83965, 40.83484], [-73.83963, 40.83488], [-73.83962, 40.83493], [-73.83964, 40.83498], [-73.83963, 40.83509], [-73.83965, 40.83517], [-73.83968, 40.83531], [-73.83971, 40.83539], [-73.83972, 40.83548], [-73.83975, 40.83556], [-73.83979, 40.83562]]]]}}, {"type": "Feature", "properties": {"zone_id": 210, "zone": "Sheepshead Bay", "borough": "Brooklyn", "demand": 2}, "geometry": {"type": "Polygon", "coordinates": [[[-73.9276, 40.59506], [-73.92653, 40.5941], [-73.92547, 40.59315], [-73.9244, 40.59218], [-73.92406, 40.59187], [-73.92364, 40.5915], [-73.92332, 40.59121], [-73.92231, 40.59031], [-73.92096, 40.5891], [-73.91973, 40.58799], [-73.91819, 40.58661], [-73.91809, 40.58657], [-73.91813, 40.58651], [-73.91806, 40.58644], [-73.91808, 40.58643], [-73.91812, 40.58645], [-73.91814, 40.58645], [-73.91817, 40.58642], [-73.91818, 40.58639], [-73.9182, 40.58639], [-73.91824, 40.58641], [-73.91826, 40.5864], [-73.91832, 40.58639], [-73.91839, 40.58635], [-73.91844, 40.58632], [-73.91849, 40.58631], [-73.91855, 40.5863], [-73.91858, 40.58626], [-73.91863, 40.58624], [-73.91871, 40.58619], [-73.91877, 40.58617], [-73.91881, 40.58616], [-73.91885, 40.58615], [-73.91889, 40.58613], [-73.91894, 40.58611], [-73.91897, 40.5861], [-73.919, 40.58608], [-73.91905, 40.58606], [-73.91919, 40.58596], [-73.91923, 40.58601], [-73.91928, 40.58601], [-73.91933, 40.58601], [-73.9194, 40.58608], [-73.91944, 40.58611], [-73.91951, 40.58613], [-73.91951, 40.58611], [-73.91961, 40.58617], [-73.91973, 40.58614], [-73.91983, 40.5861], [-73.91989, 40.58609], [-73.91998, 40.58606], [-73.92005, 40.58605], [-73.92014, 40.58606], [-73.92014, 40.58602], [-73.92018, 40.58602], [-73.92018, 40.58602], [-73.92019, 40.58602], [-73.92019, 40.58599], [-73.92005, 40.58601], [-73.92005, 40.58599], [-73.92018, 40.58597], [-73.92017, 40.58594], [-73.92021, 40.58594], [-73.92021, 40.58596], [-73.92025, 40.58596], [-73.92026, 40.58598], [-73.9202, 40.58598], [-73.92021, 40.58602], [-73.92022, 40.58602], [-73.92022, 40.58603], [-73.92028, 40.58603], [-73.92028, 40.58606], [-73.9203, 40.58606], [-73.92036, 40.58607], [-73.92041, 40.58609], [-73.92047, 40.58603], [-73.92055, 40.58601], [-73.92063, 40.586], [-73.92072, 40.58598], [-73.92082, 40.586], [-73.92082, 40.58596], [-73.92087, 40.58592], [-73.92076, 40.58581], [-73.92077, 40.58581], [-73.92073, 40.58578], [-73.9207, 40.5858], [-73.92067, 40.58577], [-73.92074, 40.58573], [-73.92076, 40.58575], [-73.92074, 40.58577], [-73.92078, 40.5858], [-73.92078, 40.5858], [-73.92089, 40.5859], [-73.92093, 40.58587], [-73.9209, 40.58583], [-73.92098, 40.58578], [-73.92099, 40.58577], [-73.92091, 40.58565], [-73.92088, 40.5856], [-73.92091, 40.58559], [-73.92094, 40.58565], [-73.92101, 40.58575], [-73.92101, 40.58575], [-73.92104, 40.58574], [-73.92108, 40.58573], [-73.9211, 40.58574], [-73.92118, 40.58575], [-73.92128, 40.58575], [-73.92147, 40.58575], [-73.92151, 40.58578], [-73.92153, 40.58577], [-73.92176, 40.5858], [-73.92178, 40.58578], [-73.92176, 40.58577], [-73.92178, 40.58573], [-73.92181, 40.58575], [-73.92181, 40.58576], [-73.92184, 40.58578], [-73.9219, 40.58569], [-73.92195, 40.58571], [-73.92185, 40.58584], [-73.92187, 40.58583], [-73.9219, 40.58584], [-73.92189, 40.58582], [-73.92212, 40.58581], [-73.92216, 40.58586], [-73.9223, 40.58599], [-73.9223, 40.58602], [-73.92235, 40.58602], [-73.92246, 40.58602], [-73.92255, 40.58601], [-73.92256, 40.58601], [-73.92263, 40.586], [-73.92272, 40.586], [-73.92282, 40.58595], [-73.92285, 40.58596], [-73.92296, 40.58589], [-73.92302, 40.58593], [-73.92313, 40.58596], [-73.92334, 40.58599], [-73.92354, 40.58598], [-73.9237, 40.58594], [-73.92386, 40.58586], [-73.9239, 40.5858], [-73.92393, 40.5858], [-73.92397, 40.58584], [-73.92402, 40.58589], [-73.92404, 40.5859], [-73.92406, 40.58589], [-73.92407, 40.58588], [-73.92405, 40.58585], [-73.92401, 40.5858], [-73.92401, 40.58578], [-73.92402, 40.58577], [-73.9243, 40.58568], [-73.92432, 40.58571], [-73.92457, 40.58565], [-73.92468, 40.58564], [-73.92476, 40.58563], [-73.92481, 40.58565], [-73.92484, 40.58568], [-73.92486, 40.58571], [-73.92494, 40.5857], [-73.92499, 40.58571], [-73.92508, 40.58576], [-73.9252, 40.58581], [-73.92523, 40.58584], [-73.92522, 40.58588], [-73.92528, 40.5859], [-73.92547, 40.58609], [-73.92542, 40.5862], [-73.92554, 40.58619], [-73.92559, 40.58625], [-73.92565, 40.58633], [-73.92571, 40.5864], [-73.92571, 40.58647], [-73.92579, 40.58646], [-73.92593, 40.58657], [-73.926, 40.58663], [-73.92598, 40.58668], [-73.92608, 40.58668], [-73.92613, 40.58672], [-73.92621, 40.58678], [-73.92629, 40.58684], [-73.92628, 40.58689], [-73.9263, 40.5869], [-73.92637, 40.58687], [-73.92647, 40.58696], [-73.92657, 40.58705], [-73.9265, 40.5871], [-73.92653, 40.58712], [-73.92659, 40.58713], [-73.9267, 40.5872], [-73.92674, 40.58719], [-73.92684, 40.58729], [-73.92678, 40.58733], [-73.92683, 40.58737], [-73.92688, 40.58741], [-73.92696, 40.58745], [-73.927, 40.5875], [-73.92707, 40.58757], [-73.92709, 40.58756], [-73.92709, 40.58756], [-73.92713, 40.58754], [-73.92694, 40.58737], [-73.92697, 40.58735], [-73.92719, 40.58756], [-73.92717, 40.58757], [-73.92714, 40.58755], [-73.92711, 40.58757], [-73.92712, 40.58758], [-73.9271, 40.58759], [-73.92711, 40.58762], [-73.92716, 40.58766], [-73.92721, 40.58772], [-73.92726, 40.58771], [-73.92729, 40.58769], [-73.92734, 40.58766], [-73.92739, 40.58763], [-73.92741, 40.58762], [-73.92744, 40.5876], [-73.92747, 40.58758], [-73.9275, 40.58756], [-73.92753, 40.58754], [-73.92756, 40.58752], [-73.92757, 40.58752], [-73.92762, 40.58749], [-73.92765, 40.58747], [-73.92767, 40.58736], [-73.92768, 40.58736], [-73.92767, 40.58747], [-73.92761, 40.58751], [-73.92739, 40.58765], [-73.92737, 40.58766], [-73.92735, 40.58767], [-73.92734, 40.58768], [-73.92733, 40.58769], [-73.9273, 40.5877], [-73.92728, 40.58774], [-73.92725, 40.58775], [-73.92724, 40.58777], [-73.92732, 40.58785], [-73.92727, 40.58788], [-73.92728, 40.58791], [-73.92736, 40.58802], [-73.92739, 40.588], [-73.92746, 40.58795], [-73.92749, 40.58794], [-73.92751, 40.58793], [-73.92757, 40.58789], [-73.92758, 40.58788], [-73.92765, 40.58784], [-73.92766, 40.58784], [-73.92773, 40.58779], [-73.92773, 40.58779], [-73.9278, 40.58775], [-73.92795, 40.58766], [-73.92787, 40.58759], [-73.92787, 40.58758], [-73.92792, 40.58755], [-73.92808, 40.5877], [-73.92803, 40.58773], [-73.92796, 40.58767], [-73.92785, 40.58773], [-73.92782, 40.58775], [-73.92768, 40.58784], [-73.92768, 40.58784], [-73.92761, 40.58789], [-73.92759, 40.58789], [-73.92747, 40.58797], [-73.92748, 40.58798], [-73.92737, 40.58804], [-73.92744, 40.58815], [-73.92739, 40.58818], [-73.9274, 40.58821], [-73.92743, 40.58822], [-73.92745, 40.58821], [-73.9275, 40.58822], [-73.92764, 40.58814], [-73.92777, 40.58806], [-73.92791, 40.58798], [-73.92789, 40.58796], [-73.9279, 40.58795], [-73.92802, 40.58807], [-73.92801, 40.58808], [-73.92792, 40.588], [-73.92786, 40.58803], [-73.92785, 40.58804], [-73.92779, 40.58807], [-73.92778, 40.58808], [-73.92777, 40.58809], [-73.9277, 40.58813], [-73.92768, 40.58814], [-73.92764, 40.58816], [-73.92756, 40.58821], [-73.92757, 40.58823], [-73.92756, 40.58824], [-73.92755, 40.58823], [-73.92754, 40.58823], [-73.92753, 40.58822], [-73.92752, 40.58823], [-73.92752, 40.58823], [-73.92752, 40.58824], [-73.92753, 40.58825], [-73.9275, 40.58827], [-73.92747, 40.58829], [-73.92745, 40.5883], [-73.92749, 40.58832], [-73.92744, 40.58837], [-73.92754, 40.58849], [-73.92755, 40.58851], [-73.92763, 40.58846], [-73.92776, 40.58866], [-73.92711, 40.58908], [-73.92695, 40.58918], [-73.92665, 40.58937], [-73.92663, 40.58938], [-73.92665, 40.58941], [-73.92636, 40.58959], [-73.92606, 40.58978], [-73.92575, 40.58997], [-73.92544, 40.59016], [-73.92514, 40.59035], [-73.92483, 40.59055], [-73.92455, 40.59074], [-73.92425, 40.59094], [-73.92395, 40.59114], [-73.92395, 40.59114], [-73.92407, 40.59125], [-73.9242, 40.59136], [-73.92426, 40.59132], [-73.92428, 40.59134], [-73.92435, 40.59129], [-73.92436, 40.5913], [-73.92443, 40.59126], [-73.92445, 40.59127], [-73.92452, 40.59123], [-73.92453, 40.59124], [-73.9246, 40.5912], [-73.92466, 40.59116], [-73.92464, 40.59114], [-73.92477, 40.59106], [-73.92476, 40.59104], [-73.92491, 40.59095], [-73.92492, 40.59096], [-73.92497, 40.59093], [-73.92496, 40.59091], [-73.92509, 40.59083], [-73.92509, 40.59084], [-73.92536, 40.59067], [-73.92589, 40.59035], [-73.92588, 40.59034], [-73.92603, 40.59024], [-73.92616, 40.59017], [-73.92636, 40.59004], [-73.92665, 40.58985], [-73.92696, 40.58964], [-73.92726, 40.58945], [-73.92778, 40.5891], [-73.92776, 40.58908], [-73.92816, 40.58882], [-73.92836, 40.58897], [-73.92837, 40.58897], [-73.92842, 40.58893], [-73.92841, 40.58893], [-73.9284, 40.58894], [-73.92837, 40.58892], [-73.9284, 40.5889], [-73.92838, 40.58889], [-73.92836, 40.58888], [-73.92836, 40.58889], [-73.92822, 40.58878], [-73.92823, 40.58878], [-73.92834, 40.58886], [-73.92836, 40.58887], [-73.92843, 40.58881], [-73.92847, 40.58878], [-73.9285, 40.58876], [-73.92852, 40.58874], [-73.92854, 40.58873], [-73.92856, 40.58871], [-73.92861, 40.58868], [-73.92867, 40.58863], [-73.92868, 40.58863], [-73.92862, 40.58858], [-73.92863, 40.58857], [-73.92873, 40.58865], [-73.92875, 40.58867], [-73.92876, 40.58867], [-73.92875, 40.58868], [-73.9287, 40.58864], [-73.92865, 40.58867], [-73.92863, 40.58869], [-73.9286, 40.58871], [-73.92856, 40.58874], [-73.92854, 40.58876], [-73.92851, 40.58877], [-73.9285, 40.58878], [-73.92845, 40.58882], [-73.92839, 40.58886], [-73.9284, 40.58888], [-73.92847, 40.58893], [-73.92844, 40.58895], [-73.92843, 40.58894], [-73.92838, 40.58898], [-73.92838, 40.58898], [-73.92844, 40.58903], [-73.92862, 40.58912], [-73.92865, 40.5891], [-73.92865, 40.5891], [-73.92876, 40.58902], [-73.92878, 40.58901], [-73.9288, 40.58899], [-73.92883, 40.58898], [-73.92885, 40.58896], [-73.92891, 40.58892], [-73.92891, 40.58891], [-73.92886, 40.58887], [-73.92888, 40.58885], [-73.92895, 40.58891], [-73.92881, 40.589], [-73.92879, 40.58902], [-73.92863, 40.58913], [-73.92867, 40.58914], [-73.92869, 40.58913], [-73.92873, 40.58915], [-73.92887, 40.58906], [-73.92913, 40.58888], [-73.92926, 40.58893], [-73.92924, 40.58895], [-73.92913, 40.5889], [-73.92888, 40.58907], [-73.92885, 40.58909], [-73.92886, 40.5891], [-73.92882, 40.58913], [-73.92884, 40.58915], [-73.92882, 40.58916], [-73.92879, 40.58913], [-73.92876, 40.58915], [-73.92888, 40.58921], [-73.92885, 40.58923], [-73.92889, 40.58925], [-73.92892, 40.58926], [-73.92906, 40.5893], [-73.92908, 40.58926], [-73.92922, 40.58929], [-73.92935, 40.5893], [-73.92965, 40.58936], [-73.92977, 40.5894], [-73.9299, 40.58946], [-73.92998, 40.58952], [-73.93001, 40.58946], [-73.92998, 40.58944], [-73.92986, 40.58937], [-73.92976, 40.58934], [-73.92975, 40.58932], [-73.92961, 40.58931], [-73.92936, 40.58925], [-73.92937, 40.58922], [-73.92957, 40.58927], [-73.92977, 40.58929], [-73.93003, 40.58943], [-73.93016, 40.58952], [-73.93033, 40.58966], [-73.9304, 40.58973], [-73.93042, 40.58978], [-73.93044, 40.58978], [-73.93058, 40.58989], [-73.93055, 40.58991], [-73.93039, 40.58977], [-73.93034, 40.58981], [-73.93023, 40.58969], [-73.93027, 40.58965], [-73.93016, 40.58956], [-73.9301, 40.58961], [-73.93018, 40.58968], [-73.93031, 40.58982], [-73.93038, 40.58994], [-73.9303, 40.59003], [-73.93032, 40.59005], [-73.93044, 40.59002], [-73.93046, 40.59004], [-73.93057, 40.59002], [-73.93055, 40.58996], [-73.93059, 40.58995], [-73.93063, 40.59025], [-73.93059, 40.59025], [-73.93057, 40.59004], [-73.93047, 40.59006], [-73.93054, 40.59026], [-73.93053, 40.59031], [-73.93063, 40.59031], [-73.93063, 40.59029], [-73.93065, 40.59029], [-73.93067, 40.59059], [-73.93063, 40.59059], [-73.93063, 40.59033], [-73.93053, 40.59033], [-73.93048, 40.59062], [-73.93047, 40.59074], [-73.93047, 40.59086], [-73.93048, 40.59091], [-73.93048, 40.59092], [-73.9305, 40.59092], [-73.9305, 40.59093], [-73.93052, 40.59093], [-73.93053, 40.59092], [-73.93062, 40.59092], [-73.93063, 40.59062], [-73.93065, 40.59062], [-73.93064, 40.59094], [-73.93052, 40.59095], [-73.93053, 40.59094], [-73.93049, 40.59095], [-73.9305, 40.59096], [-73.93047, 40.59096], [-73.93046, 40.591], [-73.93069, 40.591], [-73.9307, 40.59102], [-73.93046, 40.59103], [-73.93045, 40.59108], [-73.93045, 40.59108], [-73.93073, 40.59107], [-73.93073, 40.59109], [-73.93051, 40.59109], [-73.93051, 40.59111], [-73.93045, 40.59112], [-73.93037, 40.59121], [-73.93043, 40.59125], [-73.93053, 40.59119], [-73.93052, 40.59121], [-73.93057, 40.59121], [-73.93057, 40.59119], [-73.9306, 40.59119], [-73.9306, 40.59148], [-73.93056, 40.59149], [-73.93058, 40.59123], [-73.93053, 40.59123], [-73.93052, 40.59124], [-73.93047, 40.59127], [-73.9305, 40.5913], [-73.93048, 40.59146], [-73.93047, 40.59146], [-73.93041, 40.59173], [-73.93046, 40.59172], [-73.93057, 40.59153], [-73.93061, 40.59154], [-73.93051, 40.59172], [-73.93047, 40.59175], [-73.93046, 40.59198], [-73.93045, 40.59213], [-73.93045, 40.59224], [-73.93043, 40.59225], [-73.93043, 40.59212], [-73.93043, 40.59193], [-73.93044, 40.59175], [-73.9304, 40.59176], [-73.93038, 40.59183], [-73.93036, 40.59203], [-73.93035, 40.5921], [-73.93033, 40.59213], [-73.93031, 40.59219], [-73.9303, 40.5923], [-73.93034, 40.5923], [-73.93034, 40.5923], [-73.93036, 40.5923], [-73.93037, 40.59224], [-73.93039, 40.59225], [-73.93039, 40.59226], [-73.93039, 40.59227], [-73.93038, 40.5923], [-73.93038, 40.59232], [-73.93038, 40.59237], [-73.93038, 40.59238], [-73.93037, 40.59239], [-73.93037, 40.59243], [-73.93037, 40.59244], [-73.93037, 40.59247], [-73.93036, 40.59248], [-73.93034, 40.59246], [-73.93036, 40.59231], [-73.9303, 40.59231], [-73.93031, 40.59236], [-73.93029, 40.59245], [-73.9302, 40.59238], [-73.93018, 40.59241], [-73.93022, 40.59244], [-73.9302, 40.59245], [-73.93021, 40.59245], [-73.93027, 40.59249], [-73.93027, 40.59249], [-73.93035, 40.59255], [-73.93034, 40.59256], [-73.93031, 40.59258], [-73.9303, 40.59259], [-73.93028, 40.59261], [-73.93027, 40.59262], [-73.93025, 40.59261], [-73.93033, 40.59255], [-73.93028, 40.59252], [-73.93027, 40.59251], [-73.93023, 40.59249], [-73.93024, 40.59248], [-73.93022, 40.59247], [-73.93021, 40.59247], [-73.93019, 40.59245], [-73.93013, 40.59255], [-73.93011, 40.59257], [-73.93002, 40.59268], [-73.93003, 40.59268], [-73.93003, 40.59269], [-73.93003, 40.59269], [-73.93003, 40.59269], [-73.93012, 40.59273], [-73.93009, 40.59275], [-73.93009, 40.59275], [-73.93009, 40.59275], [-73.9301, 40.59276], [-73.93019, 40.59267], [-73.93021, 40.59268], [-73.93018, 40.59272], [-73.93016, 40.59274], [-73.93015, 40.59276], [-73.93013, 40.59278], [-73.93012, 40.59279], [-73.93011, 40.5928], [-73.93008, 40.59279], [-73.93009, 40.59278], [-73.93008, 40.59277], [-73.93, 40.59273], [-73.93, 40.59273], [-73.93, 40.59273], [-73.93, 40.59273], [-73.92999, 40.59273], [-73.92996, 40.59282], [-73.92991, 40.59285], [-73.92992, 40.59285], [-73.92992, 40.59286], [-73.92993, 40.59286], [-73.92999, 40.59287], [-73.92999, 40.59288], [-73.93005, 40.5929], [-73.93007, 40.5929], [-73.93008, 40.59289], [-73.93009, 40.59287], [-73.9301, 40.59287], [-73.9301, 40.59288], [-73.93009, 40.59288], [-73.93008, 40.59292], [-73.93007, 40.59295], [-73.93006, 40.59296], [-73.93005, 40.593], [-73.93003, 40.593], [-73.93005, 40.59296], [-73.93006, 40.59292], [-73.93001, 40.5929], [-73.93001, 40.5929], [-73.92999, 40.59289], [-73.92999, 40.5929], [-73.92996, 40.59289], [-73.92996, 40.59289], [-73.92991, 40.59287], [-73.9299, 40.59287], [-73.9299, 40.59287], [-73.92989, 40.59287], [-73.92983, 40.5929], [-73.92971, 40.59312], [-73.92974, 40.59312], [-73.92975, 40.59312], [-73.92976, 40.59313], [-73.9298, 40.59313], [-73.9298, 40.59314], [-73.92989, 40.59315], [-73.92989, 40.59314], [-73.92998, 40.59316], [-73.93002, 40.59305], [-73.93004, 40.59306], [-73.93003, 40.59309], [-73.93002, 40.59311], [-73.92998, 40.59324], [-73.92998, 40.59325], [-73.92996, 40.59331], [-73.92994, 40.5933], [-73.92998, 40.59317], [-73.92989, 40.59316], [-73.9298, 40.59314], [-73.92974, 40.59314], [-73.92977, 40.59319], [-73.92978, 40.59325], [-73.92981, 40.5933], [-73.92982, 40.59337], [-73.92989, 40.59337], [-73.9299, 40.59336], [-73.93004, 40.59335], [-73.93004, 40.59337], [-73.9299, 40.59338], [-73.9298, 40.59339], [-73.92978, 40.59344], [-73.92985, 40.59352], [-73.92986, 40.59358], [-73.92984, 40.59365], [-73.92985, 40.5937], [-73.92986, 40.59378], [-73.92992, 40.59388], [-73.92994, 40.59393], [-73.92996, 40.59401], [-73.93002, 40.59409], [-73.93022, 40.59397], [-73.9302, 40.59394], [-73.93019, 40.59394], [-73.93019, 40.59393], [-73.93017, 40.59388], [-73.93016, 40.59388], [-73.93015, 40.59383], [-73.93012, 40.59377], [-73.93011, 40.59374], [-73.93011, 40.59373], [-73.93009, 40.5937], [-73.93008, 40.59367], [-73.93007, 40.59367], [-73.93005, 40.5936], [-73.93008, 40.5936], [-73.93014, 40.59371], [-73.93014, 40.59372], [-73.93017, 40.59378], [-73.93018, 40.59383], [-73.93019, 40.59384], [-73.93023, 40.59393], [-73.93029, 40.59391], [-73.93029, 40.59391], [-73.93031, 40.5939], [-73.93046, 40.59381], [-73.93053, 40.59388], [-73.93038, 40.59396], [-73.93036, 40.59398], [-73.93044, 40.59406], [-73.93054, 40.59416], [-73.93057, 40.59419], [-73.93055, 40.5942], [-73.93053, 40.59418], [-73.93052, 40.59417], [-73.93049, 40.59414], [-73.93048, 40.59413], [-73.93044, 40.59409], [-73.93043, 40.59409], [-73.93042, 40.59407], [-73.93037, 40.59402], [-73.93035, 40.594], [-73.93034, 40.59399], [-73.93034, 40.59399], [-73.93034, 40.59398], [-73.93033, 40.59397], [-73.9303, 40.59394], [-73.93004, 40.5941], [-73.9301, 40.59416], [-73.9302, 40.59424], [-73.93028, 40.5943], [-73.93043, 40.5944], [-73.93053, 40.59445], [-73.93058, 40.59447], [-73.93061, 40.59448], [-73.93075, 40.59439], [-73.93076, 40.59438], [-73.93075, 40.59437], [-73.93071, 40.59433], [-73.9307, 40.59432], [-73.93066, 40.59428], [-73.93061, 40.59423], [-73.9306, 40.59422], [-73.93062, 40.5942], [-73.93064, 40.59422], [-73.93065, 40.59423], [-73.93069, 40.59427], [-73.9307, 40.59428], [-73.93074, 40.59432], [-73.93075, 40.59433], [-73.93079, 40.59437], [-73.9308, 40.59437], [-73.93083, 40.59441], [-73.93081, 40.59443], [-73.93077, 40.59439], [-73.93066, 40.59446], [-73.93071, 40.59448], [-73.93077, 40.59449], [-73.93083, 40.59445], [-73.93082, 40.59444], [-73.93083, 40.59443], [-73.93094, 40.59446], [-73.93096, 40.59444], [-73.93099, 40.59442], [-73.93103, 40.59439], [-73.93104, 40.59439], [-73.9311, 40.59434], [-73.93119, 40.59429], [-73.93126, 40.59424], [-73.93121, 40.59419], [-73.93122, 40.59418], [-73.93123, 40.59419], [-73.93127, 40.59423], [-73.93131, 40.59427], [-73.93133, 40.59428], [-73.93132, 40.59428], [-73.93128, 40.59426], [-73.93124, 40.59428], [-73.9312, 40.5943], [-73.93113, 40.59435], [-73.93112, 40.59436], [-73.93105, 40.5944], [-73.93104, 40.59441], [-73.931, 40.59444], [-73.93097, 40.59445], [-73.93095, 40.59447], [-73.93101, 40.59448], [-73.93111, 40.59449], [-73.93117, 40.5945], [-73.93117, 40.5945], [-73.93117, 40.5945], [-73.93118, 40.59451], [-73.93125, 40.59451], [-73.93126, 40.59451], [-73.93133, 40.59452], [-73.93134, 40.59452], [-73.93137, 40.59453], [-73.93142, 40.59452], [-73.93143, 40.59452], [-73.93151, 40.59451], [-73.93159, 40.59449], [-73.93162, 40.59437], [-73.93174, 40.59437], [-73.93174, 40.5943], [-73.93174, 40.59428], [-73.93176, 40.59428], [-73.93176, 40.59437], [-73.93176, 40.59438], [-73.93163, 40.59438], [-73.93162, 40.59443], [-73.93161, 40.5945], [-73.93153, 40.59452], [-73.93146, 40.59453], [-73.93137, 40.59455], [-73.93117, 40.59452], [-73.93103, 40.5945], [-73.93099, 40.59449], [-73.93085, 40.59445], [-73.93078, 40.5945], [-73.93081, 40.59452], [-73.93082, 40.59453], [-73.93085, 40.59454], [-73.93088, 40.59455], [-73.93102, 40.59462], [-73.93114, 40.59464], [-73.9313, 40.59465], [-73.93143, 40.59469], [-73.93156, 40.5947], [-73.9317, 40.59471], [-73.93188, 40.59469], [-73.93191, 40.59469], [-73.93193, 40.59469], [-73.932, 40.59473], [-73.93209, 40.59479], [-73.93213, 40.59483], [-73.93217, 40.59486], [-73.93222, 40.59489], [-73.93225, 40.5949], [-73.93231, 40.59492], [-73.93235, 40.59492], [-73.9324, 40.59491], [-73.93245, 40.59491], [-73.93241, 40.59484], [-73.9324, 40.59485], [-73.93237, 40.5948], [-73.93239, 40.5948], [-73.93241, 40.59482], [-73.93256, 40.59476], [-73.93258, 40.59479], [-73.93244, 40.59484], [-73.93248, 40.59492], [-73.93256, 40.59491], [-73.9326, 40.59493], [-73.93267, 40.59491], [-73.9328, 40.59484], [-73.93283, 40.5948], [-73.93282, 40.59472], [-73.93281, 40.59467], [-73.9328, 40.59464], [-73.93278, 40.59456], [-73.93271, 40.59433], [-73.93268, 40.59424], [-73.9326, 40.59411], [-73.93253, 40.59404], [-73.93245, 40.59396], [-73.93235, 40.59387], [-73.93217, 40.59356], [-73.932, 40.59329], [-73.93191, 40.59309], [-73.93183, 40.59299], [-73.93176, 40.59283], [-73.93174, 40.59283], [-73.93167, 40.59285], [-73.93175, 40.59301], [-73.93176, 40.59304], [-73.93173, 40.59304], [-73.93171, 40.59305], [-73.93169, 40.59301], [-73.93169, 40.593], [-73.93154, 40.59269], [-73.93155, 40.59269], [-73.93163, 40.59283], [-73.93167, 40.59282], [-73.93173, 40.5928], [-73.93174, 40.59279], [-73.93169, 40.59269], [-73.93168, 40.59266], [-73.93167, 40.59264], [-73.93162, 40.5926], [-73.93156, 40.59255], [-73.93153, 40.59248], [-73.93149, 40.5923], [-73.93147, 40.59226], [-73.93147, 40.59226], [-73.93145, 40.59224], [-73.93143, 40.59223], [-73.93144, 40.59217], [-73.93131, 40.59216], [-73.93127, 40.59213], [-73.93122, 40.59208], [-73.93116, 40.59203], [-73.93114, 40.59201], [-73.9312, 40.59199], [-73.93126, 40.59196], [-73.93132, 40.59195], [-73.93136, 40.59193], [-73.9314, 40.5918], [-73.93101, 40.59193], [-73.931, 40.59183], [-73.931, 40.59183], [-73.93099, 40.59182], [-73.93106, 40.59181], [-73.93106, 40.59183], [-73.93115, 40.59183], [-73.93115, 40.59185], [-73.93116, 40.59185], [-73.93135, 40.59179], [-73.9313, 40.59169], [-73.93136, 40.59167], [-73.93139, 40.59165], [-73.93141, 40.59164], [-73.93143, 40.5916], [-73.93124, 40.59165], [-73.93124, 40.59166], [-73.9312, 40.59168], [-73.93119, 40.59167], [-73.93107, 40.59171], [-73.93107, 40.59173], [-73.93105, 40.59173], [-73.93108, 40.5916], [-73.9311, 40.5916], [-73.93108, 40.59169], [-73.93123, 40.59164], [-73.93123, 40.59163], [-73.93128, 40.59136], [-73.93131, 40.59136], [-73.93125, 40.59164], [-73.93142, 40.59159], [-73.93145, 40.59157], [-73.93142, 40.59151], [-73.93149, 40.59148], [-73.93148, 40.59143], [-73.93151, 40.59141], [-73.93154, 40.59135], [-73.93148, 40.59135], [-73.93149, 40.5914], [-73.93147, 40.5914], [-73.93143, 40.59124], [-73.93146, 40.59124], [-73.93148, 40.59133], [-73.93148, 40.59134], [-73.93155, 40.59134], [-73.93156, 40.59129], [-73.93155, 40.5912], [-73.93149, 40.59117], [-73.93143, 40.59114], [-73.9314, 40.59081], [-73.93141, 40.5907], [-73.93142, 40.59061], [-73.93134, 40.59062], [-73.93132, 40.59053], [-73.93113, 40.58955], [-73.93121, 40.58953], [-73.93109, 40.58933], [-73.93105, 40.58933], [-73.93101, 40.58931], [-73.93093, 40.58926], [-73.93089, 40.58921], [-73.9308, 40.58908], [-73.93071, 40.58894], [-73.93069, 40.58882], [-73.93062, 40.58885], [-73.93057, 40.58878], [-73.9301, 40.58897], [-73.93009, 40.58899], [-73.93007, 40.58895], [-73.93054, 40.58876], [-73.93054, 40.58877], [-73.93059, 40.58875], [-73.93053, 40.58868], [-73.93065, 40.58867], [-73.93064, 40.58862], [-73.93055, 40.58863], [-73.93051, 40.58859], [-73.93044, 40.58851], [-73.9304, 40.58847], [-73.93038, 40.58847], [-73.93038, 40.58848], [-73.92974, 40.58864], [-73.92973, 40.58861], [-73.93037, 40.58844], [-73.93037, 40.58845], [-73.93039, 40.58844], [-73.93036, 40.5884], [-73.93037, 40.58836], [-73.93037, 40.58832], [-73.93036, 40.58828], [-73.93034, 40.58826], [-73.93029, 40.58824], [-73.93026, 40.58823], [-73.9297, 40.58761], [-73.92972, 40.58756], [-73.9299, 40.58753], [-73.93022, 40.58748], [-73.93073, 40.58741], [-73.93135, 40.58733], [-73.93137, 40.58717], [-73.93135, 40.58712], [-73.93132, 40.58707], [-73.9313, 40.58705], [-73.93128, 40.58689], [-73.93125, 40.58685], [-73.93118, 40.5868], [-73.93105, 40.58681], [-73.93106, 40.58691], [-73.93081, 40.58692], [-73.93081, 40.5869], [-73.93056, 40.58692], [-73.92964, 40.58703], [-73.92964, 40.58701], [-73.93055, 40.58691], [-73.93082, 40.58688], [-73.93083, 40.58691], [-73.93091, 40.5869], [-73.93091, 40.58689], [-73.93096, 40.58688], [-73.93095, 40.58689], [-73.93102, 40.58689], [-73.93101, 40.58683], [-73.93053, 40.58686], [-73.92967, 40.58695], [-73.92962, 40.58698], [-73.92956, 40.58704], [-73.92929, 40.58705], [-73.92919, 40.58709], [-73.92909, 40.58709], [-73.92889, 40.58708], [-73.92879, 40.58709], [-73.92869, 40.58708], [-73.92857, 40.58706], [-73.9285, 40.58703], [-73.92843, 40.587], [-73.92837, 40.58696], [-73.9283, 40.58692], [-73.92825, 40.58688], [-73.92819, 40.58682], [-73.92814, 40.58678], [-73.92811, 40.5867], [-73.92808, 40.5867], [-73.92806, 40.58657], [-73.92808, 40.58648], [-73.92809, 40.58644], [-73.9281, 40.5864], [-73.92811, 40.58636], [-73.92812, 40.58633], [-73.92809, 40.58633], [-73.92804, 40.58632], [-73.92804, 40.58629], [-73.9281, 40.5863], [-73.92811, 40.58629], [-73.92815, 40.58618], [-73.92814, 40.58616], [-73.92792, 40.58614], [-73.92793, 40.58609], [-73.92816, 40.58611], [-73.92816, 40.58615], [-73.92817, 40.58617], [-73.9282, 40.58613], [-73.92828, 40.58611], [-73.92816, 40.58586], [-73.92802, 40.58587], [-73.92786, 40.58592], [-73.92774, 40.58605], [-73.92764, 40.58604], [-73.92751, 40.58602], [-73.92744, 40.58602], [-73.92741, 40.58599], [-73.92739, 40.58602], [-73.92737, 40.58601], [-73.92734, 40.58604], [-73.92753, 40.58626], [-73.92759, 40.58625], [-73.9276, 40.5864], [-73.92752, 40.5864], [-73.92751, 40.58627], [-73.92734, 40.5861], [-73.92728, 40.58604], [-73.92731, 40.58602], [-73.92732, 40.58603], [-73.92735, 40.586], [-73.92734, 40.58599], [-73.92737, 40.58596], [-73.92736, 40.58592], [-73.92732, 40.58589], [-73.9273, 40.58587], [-73.92721, 40.58581], [-73.92714, 40.58581], [-73.92711, 40.5858], [-73.92697, 40.58572], [-73.92686, 40.58566], [-73.92676, 40.5856], [-73.92669, 40.58555], [-73.92666, 40.5855], [-73.92666, 40.58547], [-73.92657, 40.58542], [-73.92638, 40.5853], [-73.92631, 40.58536], [-73.92634, 40.58538], [-73.9266, 40.58553], [-73.92657, 40.58556], [-73.92655, 40.58557], [-73.9261, 40.58534], [-73.92559, 40.58507], [-73.92549, 40.58502], [-73.92553, 40.58498], [-73.92565, 40.58504], [-73.92628, 40.58535], [-73.92635, 40.58528], [-73.92628, 40.58524], [-73.92623, 40.58521], [-73.92618, 40.58518], [-73.92621, 40.58515], [-73.92604, 40.58507], [-73.92583, 40.58495], [-73.92678, 40.58486], [-73.92712, 40.58488], [-73.92763, 40.58503], [-73.92841, 40.58526], [-73.92859, 40.58521], [-73.92943, 40.58549], [-73.93131, 40.58605], [-73.9314, 40.58608], [-73.93146, 40.5861], [-73.93211, 40.58629], [-73.93245, 40.58636], [-73.93344, 40.58654], [-73.93445, 40.58665], [-73.93477, 40.58664], [-73.93541, 40.58659], [-73.93589, 40.58653], [-73.93634, 40.58648], [-73.93678, 40.5864], [-73.93725, 40.58631], [-73.93817, 40.58615], [-73.93909, 40.58599], [-73.93915, 40.58598], [-73.93921, 40.58597], [-73.94106, 40.58566], [-73.94192, 40.58552], [-73.94291, 40.58541], [-73.94387, 40.5853], [-73.94493, 40.58517], [-73.94555, 40.58514], [-73.94669, 40.58507], [-73.94764, 40.585], [-73.94866, 40.58489], [-73.94987, 40.58486], [-73.95124, 40.58492], [-73.95288, 40.5852], [-73.9529, 40.5853], [-73.95301, 40.58527], [-73.95312, 40.58526], [-73.95324, 40.58526], [-73.95336, 40.58527], [-73.95347, 40.58529], [-73.95357, 40.58531], [-73.95367, 40.58535], [-73.95376, 40.58541], [-73.95383, 40.58548], [-73.95387, 40.58556], [-73.95389, 40.58564], [-73.95388, 40.58572], [-73.95398, 40.58571], [-73.9544, 40.58568], [-73.95486, 40.58562], [-73.95576, 40.5855], [-73.95627, 40.58547], [-73.95642, 40.5854], [-73.95657, 40.58534], [-73.95674, 40.5853], [-73.95691, 40.58528], [-73.95758, 40.5852], [-73.95762, 40.5852], [-73.95765, 40.58519], [-73.95778, 40.58518], [-73.9588, 40.58519], [-73.95917, 40.58514], [-73.96007, 40.58505], [-73.96022, 40.58504], [-73.96026, 40.58503], [-73.96033, 40.58581], [-73.96034, 40.58597], [-73.96035, 40.58612], [-73.96034, 40.58628], [-73.96032, 40.58644], [-73.96032, 40.58651], [-73.96035, 40.58731], [-73.95978, 40.58737], [-73.95935, 40.58742], [-73.9582, 40.58754], [-73.95713, 40.58766], [-73.95619, 40.58776], [-73.95623, 40.588], [-73.95639, 40.58893], [-73.95659, 40.58988], [-73.95666, 40.5901], [-73.95672, 40.5905], [-73.957, 40.592], [-73.95608, 40.5921], [-73.95656, 40.59465], [-73.95693, 40.59661], [-73.956, 40.59671], [-73.95545, 40.59677], [-73.95508, 40.59682], [-73.95411, 40.59692], [-73.95315, 40.59703], [-73.9522, 40.59713], [-73.95101, 40.59726], [-73.94997, 40.59738], [-73.94905, 40.59748], [-73.94855, 40.59753], [-73.94812, 40.59758], [-73.94719, 40.59768], [-73.94623, 40.59779], [-73.94527, 40.59789], [-73.9448, 40.59794], [-73.94434, 40.59799], [-73.94388, 40.59805], [-73.94341, 40.5981], [-73.94248, 40.5982], [-73.94279, 40.59979], [-73.94284, 40.60005], [-73.94289, 40.60032], [-73.94189, 40.60043], [-73.94117, 40.60051], [-73.94089, 40.60054], [-73.93997, 40.60064], [-73.93953, 40.60069], [-73.93904, 40.60074], [-73.93811, 40.60084], [-73.93715, 40.60095], [-73.9362, 40.60105], [-73.93526, 40.60114], [-73.93447, 40.60123], [-73.93503, 40.60173], [-73.93426, 40.60223], [-73.93355, 40.60269], [-73.93173, 40.60106], [-73.92992, 40.59944], [-73.92813, 40.59778], [-73.92879, 40.59732], [-73.92912, 40.59711], [-73.92957, 40.59682], [-73.92867, 40.59602], [-73.9276, 40.59506]]]}}, {"type": "Feature", "properties": {"zone_id": 218, "zone": "Springfield Gardens North", "borough": "Queens", "demand": 5}, "geometry": {"type": "Polygon", "coordinates": [[[-73.76562, 40.67478], [-73.76381, 40.67377], [-73.76372, 40.67432], [-73.76368, 40.67474], [-73.7636, 40.67475], [-73.76352, 40.67474], [-73.76345, 40.67472], [-73.76339, 40.67468], [-73.76249, 40.67419], [-73.76115, 40.67476], [-73.76031, 40.67511], [-73.75881, 40.673], [-73.7586, 40.67275], [-73.75857, 40.67264], [-73.75815, 40.67271], [-73.75644, 40.67244], [-73.75636, 40.67243], [-73.75646, 40.67168], [-73.75648, 40.67149], [-73.75646, 40.67109], [-73.75643, 40.67063], [-73.75641, 40.67037], [-73.75644, 40.66967], [-73.75668, 40.66876], [-73.75672, 40.66856], [-73.757, 40.66774], [-73.75732, 40.66704], [-73.75763, 40.66645], [-73.75773, 40.66646], [-73.7608, 40.66677], [-73.76182, 40.66688], [-73.76271, 40.66699], [-73.76376, 40.66709], [-73.76493, 40.66723], [-73.76675, 40.66743], [-73.77154, 40.66796], [-73.77342, 40.66803], [-73.77431, 40.66798], [-73.77522, 40.66791], [-73.77612, 40.66784], [-73.77701, 40.66778], [-73.77791, 40.66771], [-73.77971, 40.66759], [-73.78063, 40.66752], [-73.7818, 40.66744], [-73.78265, 40.66737], [-73.7833, 40.66731], [-73.78502, 40.66723], [-73.78566, 40.66719], [-73.78697, 40.66708], [-73.78941, 40.66684], [-73.78916, 40.66834], [-73.78883, 40.66982], [-73.78848, 40.67133], [-73.78809, 40.67301], [-73.78687, 40.67282], [-73.78574, 40.67238], [-73.78532, 40.67312], [-73.78511, 40.67348], [-73.78484, 40.6739], [-73.78435, 40.6747], [-73.78417, 40.67491], [-73.78397, 40.67512], [-73.78397, 40.67512], [-73.78397, 40.67512], [-73.78376, 40.67531], [-73.78376, 40.67531], [-73.78376, 40.67531], [-73.78354, 40.6755], [-73.7833, 40.67568], [-73.78304, 40.67584], [-73.78222, 40.67644], [-73.78157, 40.6769], [-73.78128, 40.67711], [-73.78095, 40.67735], [-73.78026, 40.67784], [-73.77948, 40.67836], [-73.77931, 40.67844], [-73.77842, 40.67903], [-73.77821, 40.67918], [-73.77798, 40.67932], [-73.77774, 40.67945], [-73.77749, 40.67956], [-73.77723, 40.67965], [-73.77636, 40.67994], [-73.7755, 40.68022], [-73.77475, 40.68047], [-73.7747, 40.68049], [-73.77347, 40.67972], [-73.77178, 40.67867], [-73.7711, 40.67824], [-73.7703, 40.67775], [-73.76933, 40.67714], [-73.76837, 40.67655], [-73.76562, 40.67478]]]}}, {"type": "Feature", "properties": {"zone_id": 219, "zone": "Springfield Gardens South", "borough": "Queens", "demand": 5}, "geometry": {"type": "Polygon", "coordinates": [[[-73.76182, 40.66688], [-73.7608, 40.66677], [-73.75773, 40.66646], [-73.75763, 40.66645], [-73.75756, 40.66645], [-73.75602, 40.66639], [-73.75551, 40.6664], [-73.75526, 40.66639], [-73.75337, 40.6664], [-73.75319, 40.6664], [-73.75176, 40.66639], [-73.75073, 40.6664], [-73.74866, 40.66638], [-73.74609, 40.6664], [-73.74537, 40.6664], [-73.74441, 40.6664], [-73.74118, 40.6664], [-73.74042, 40.6664], [-73.74022, 40.6664], [-73.7401, 40.6664], [-73.73993, 40.6664], [-73.73857, 40.6664], [-73.73891, 40.66595], [-73.73921, 40.66563], [-73.73937, 40.66545], [-73.73955, 40.66526], [-73.74282, 40.6653], [-73.74341, 40.6644], [-73.74375, 40.66409], [-73.74405, 40.66366], [-73.74451, 40.66382], [-73.74614, 40.66172], [-73.74685, 40.66079], [-73.74679, 40.65891], [-73.74733, 40.65912], [-73.7478, 40.65852], [-73.74853, 40.65757], [-73.74807, 40.65755], [-73.74705, 40.65749], [-73.7468, 40.65747], [-73.74618, 40.65744], [-73.74506, 40.65741], [-73.74492, 40.65648], [-73.74487, 40.65614], [-73.74377, 40.65614], [-73.74329, 40.65613], [-73.7433, 40.65542], [-73.74331, 40.65471], [-73.74331, 40.65399], [-73.74332, 40.65328], [-73.74333, 40.65254], [-73.74655, 40.65255], [-73.74867, 40.65268], [-73.74921, 40.65293], [-73.74937, 40.65303], [-73.75109, 40.65421], [-73.7515, 40.65434], [-73.75209, 40.65452], [-73.75295, 40.65488], [-73.75372, 40.65536], [-73.75607, 40.65649], [-73.75681, 40.65709], [-73.75763, 40.65736], [-73.75819, 40.65755], [-73.75845, 40.65765], [-73.75923, 40.6579], [-73.76004, 40.65807], [-73.76166, 40.65824], [-73.76166, 40.6579], [-73.76166, 40.6579], [-73.76166, 40.6579], [-73.76169, 40.65755], [-73.76169, 40.65755], [-73.76169, 40.65755], [-73.76172, 40.65721], [-73.76172, 40.65721], [-73.76172, 40.65721], [-73.76178, 40.65687], [-73.76178, 40.65687], [-73.76178, 40.65687], [-73.76184, 40.65654], [-73.76197, 40.65642], [-73.76211, 40.6563], [-73.76226, 40.6562], [-73.76243, 40.65611], [-73.76261, 40.65603], [-73.7628, 40.65597], [-73.76299, 40.65593], [-73.76319, 40.6559], [-73.76404, 40.65439], [-73.76406, 40.65436], [-73.76418, 40.65442], [-73.76475, 40.65475], [-73.76567, 40.65525], [-73.76628, 40.65558], [-73.7667, 40.6558], [-73.76683, 40.65588], [-73.76729, 40.65612], [-73.76735, 40.65616], [-73.76741, 40.65619], [-73.76771, 40.65636], [-73.76786, 40.65644], [-73.76807, 40.65655], [-73.76873, 40.65692], [-73.76878, 40.65694], [-73.76976, 40.65748], [-73.7705, 40.65788], [-73.77292, 40.65913], [-73.77306, 40.6592], [-73.77331, 40.65935], [-73.77378, 40.65962], [-73.77383, 40.65965], [-73.77388, 40.65968], [-73.77419, 40.65986], [-73.77435, 40.65993], [-73.77452, 40.66001], [-73.77485, 40.66015], [-73.77552, 40.66036], [-73.77561, 40.66039], [-73.77644, 40.66063], [-73.77671, 40.66071], [-73.77679, 40.66074], [-73.77849, 40.66151], [-73.77864, 40.66157], [-73.77872, 40.66159], [-73.77877, 40.66162], [-73.77933, 40.66184], [-73.78076, 40.66241], [-73.78128, 40.66258], [-73.7814, 40.66262], [-73.78211, 40.66283], [-73.78322, 40.66317], [-73.78435, 40.6634], [-73.78481, 40.6635], [-73.78503, 40.66342], [-73.78618, 40.66361], [-73.78751, 40.66382], [-73.78812, 40.66391], [-73.78984, 40.66414], [-73.78991, 40.66414], [-73.78997, 40.66415], [-73.79006, 40.66417], [-73.79058, 40.66424], [-73.79119, 40.66433], [-73.79199, 40.66444], [-73.79256, 40.66451], [-73.79394, 40.6647], [-73.79523, 40.66488], [-73.79582, 40.66495], [-73.7959, 40.66496], [-73.79642, 40.66502], [-73.79702, 40.66507], [-73.79763, 40.6651], [-73.79786, 40.66511], [-73.79983, 40.66522], [-73.80073, 40.66527], [-73.8018, 40.66525], [-73.80189, 40.66525], [-73.80203, 40.66525], [-73.80184, 40.66588], [-73.8017, 40.66626], [-73.80168, 40.66632], [-73.80167, 40.66637], [-73.80156, 40.66675], [-73.80148, 40.66675], [-73.80139, 40.66675], [-73.80102, 40.66673], [-73.80027, 40.66667], [-73.79968, 40.66656], [-73.79942, 40.66652], [-73.79919, 40.66652], [-73.79896, 40.66653], [-73.79873, 40.66655], [-73.79851, 40.66659], [-73.79829, 40.66665], [-73.79807, 40.66671], [-73.7974, 40.66694], [-73.79711, 40.66695], [-73.79658, 40.66694], [-73.79605, 40.66694], [-73.79552, 40.66695], [-73.79499, 40.66696], [-73.79446, 40.66698], [-73.79393, 40.66701], [-73.7932, 40.66706], [-73.79307, 40.66707], [-73.79218, 40.66704], [-73.7913, 40.66697], [-73.7904, 40.66689], [-73.78941, 40.66684], [-73.78697, 40.66708], [-73.78566, 40.66719], [-73.78502, 40.66723], [-73.7833, 40.66731], [-73.78265, 40.66737], [-73.7818, 40.66744], [-73.78063, 40.66752], [-73.77971, 40.66759], [-73.77791, 40.66771], [-73.77701, 40.66778], [-73.77612, 40.66784], [-73.77522, 40.66791], [-73.77431, 40.66798], [-73.77342, 40.66803], [-73.77154, 40.66796], [-73.76675, 40.66743], [-73.76493, 40.66723], [-73.76376, 40.66709], [-73.76271, 40.66699], [-73.76182, 40.66688]]]}}, {"type": "Feature", "properties": {"zone_id": 221, "zone": "Stapleton", "borough": "Staten Island", "demand": 1}, "geometry": {"type": "Polygon", "coordinates": [[[-74.07531, 40.63773], [-74.07513, 40.63773], [-74.07506, 40.63775], [-74.07496, 40.63777], [-74.07493, 40.63778], [-74.07487, 40.63779], [-74.07469, 40.6378], [-74.07374, 40.63786], [-74.0733, 40.6379], [-74.07258, 40.63794], [-74.07257, 40.63787], [-74.07348, 40.63779], [-74.07346, 40.63765], [-74.07353, 40.63764], [-74.07349, 40.63723], [-74.07054, 40.63747], [-74.07049, 40.63716], [-74.07053, 40.63713], [-74.07342, 40.63689], [-74.07337, 40.63661], [-74.07324, 40.63662], [-74.07324, 40.63663], [-74.07251, 40.63669], [-74.0725, 40.63668], [-74.0724, 40.63668], [-74.0724, 40.6367], [-74.0721, 40.63673], [-74.07209, 40.63665], [-74.07241, 40.63662], [-74.07241, 40.63663], [-74.07251, 40.63663], [-74.0725, 40.63661], [-74.07282, 40.63658], [-74.07283, 40.6366], [-74.0729, 40.63659], [-74.0729, 40.63657], [-74.07322, 40.63655], [-74.07323, 40.63657], [-74.07332, 40.63656], [-74.07336, 40.63654], [-74.07304, 40.6348], [-74.07283, 40.63367], [-74.07333, 40.63206], [-74.07306, 40.63069], [-74.07298, 40.63031], [-74.07278, 40.63025], [-74.06802, 40.62879], [-74.06813, 40.62854], [-74.07291, 40.63], [-74.07293, 40.62996], [-74.07251, 40.62777], [-74.0725, 40.62775], [-74.07246, 40.62771], [-74.07245, 40.62768], [-74.07246, 40.62764], [-74.0724, 40.62763], [-74.07229, 40.62715], [-74.07271, 40.6271], [-74.07278, 40.62705], [-74.07278, 40.62693], [-74.07271, 40.62687], [-74.07257, 40.62622], [-74.07226, 40.62461], [-74.07123, 40.62309], [-74.07122, 40.62306], [-74.07115, 40.62292], [-74.07106, 40.62279], [-74.07099, 40.62271], [-74.07092, 40.62266], [-74.07082, 40.62262], [-74.07079, 40.62261], [-74.07076, 40.6226], [-74.07072, 40.62258], [-74.07059, 40.62238], [-74.07057, 40.62233], [-74.07057, 40.62231], [-74.07057, 40.62228], [-74.07055, 40.62225], [-74.07051, 40.6222], [-74.0705, 40.62218], [-74.07045, 40.62209], [-74.07039, 40.62205], [-74.07037, 40.62202], [-74.07034, 40.62198], [-74.07028, 40.62188], [-74.07028, 40.62187], [-74.07024, 40.62179], [-74.07022, 40.62177], [-74.07017, 40.62172], [-74.07009, 40.62161], [-74.07008, 40.62159], [-74.07008, 40.62156], [-74.07006, 40.62151], [-74.07003, 40.62145], [-74.06998, 40.62142], [-74.06996, 40.62142], [-74.06994, 40.62142], [-74.06992, 40.62143], [-74.0699, 40.62144], [-74.06988, 40.62141], [-74.06988, 40.6214], [-74.06989, 40.62139], [-74.06991, 40.62139], [-74.0699, 40.62135], [-74.06988, 40.62135], [-74.06986, 40.62132], [-74.06984, 40.62132], [-74.06977, 40.62127], [-74.06978, 40.62125], [-74.06976, 40.62121], [-74.06946, 40.62109], [-74.06921, 40.6209], [-74.06922, 40.62089], [-74.06876, 40.62056], [-74.06839, 40.62029], [-74.06837, 40.62029], [-74.06721, 40.61946], [-74.06669, 40.61909], [-74.06666, 40.61902], [-74.06649, 40.6189], [-74.06642, 40.61896], [-74.06642, 40.61896], [-74.06641, 40.61896], [-74.06596, 40.61936], [-74.06591, 40.61932], [-74.06638, 40.61889], [-74.06641, 40.61886], [-74.0662, 40.61872], [-74.06557, 40.61927], [-74.06545, 40.6192], [-74.06608, 40.61862], [-74.06668, 40.61807], [-74.06642, 40.61787], [-74.06605, 40.6182], [-74.0657, 40.61796], [-74.06547, 40.61811], [-74.06514, 40.61789], [-74.06513, 40.6179], [-74.06496, 40.61777], [-74.06436, 40.61825], [-74.06426, 40.61817], [-74.0651, 40.61751], [-74.06444, 40.61706], [-74.06401, 40.6174], [-74.06391, 40.61733], [-74.06433, 40.61699], [-74.0642, 40.6169], [-74.06391, 40.61687], [-74.06387, 40.61686], [-74.06383, 40.61684], [-74.06379, 40.61682], [-74.06376, 40.6168], [-74.06374, 40.61677], [-74.06373, 40.61673], [-74.06373, 40.61669], [-74.06375, 40.61664], [-74.06377, 40.6166], [-74.06369, 40.61654], [-74.06356, 40.61644], [-74.06289, 40.61575], [-74.06288, 40.61574], [-74.06183, 40.61479], [-74.06131, 40.61419], [-74.06118, 40.61386], [-74.06104, 40.61359], [-74.06081, 40.61303], [-74.06074, 40.61305], [-74.06065, 40.61281], [-74.06067, 40.61258], [-74.06061, 40.61231], [-74.0605, 40.6121], [-74.06034, 40.6119], [-74.06024, 40.61195], [-74.06009, 40.61201], [-74.06008, 40.612], [-74.06, 40.61203], [-74.06001, 40.61204], [-74.05985, 40.6121], [-74.05987, 40.61214], [-74.05989, 40.61221], [-74.05991, 40.61229], [-74.05992, 40.61232], [-74.05995, 40.61242], [-74.05996, 40.61245], [-74.05999, 40.61254], [-74.06, 40.61257], [-74.06002, 40.61263], [-74.06004, 40.6127], [-74.06005, 40.61272], [-74.06, 40.61273], [-74.06002, 40.61276], [-74.0602, 40.61279], [-74.0602, 40.6128], [-74.06, 40.61278], [-74.05977, 40.61206], [-74.06003, 40.61194], [-74.06002, 40.61193], [-74.06027, 40.61182], [-74.06008, 40.61183], [-74.0599, 40.61175], [-74.05953, 40.61171], [-74.0595, 40.6117], [-74.05948, 40.61169], [-74.05945, 40.61167], [-74.05943, 40.61165], [-74.05941, 40.61163], [-74.05934, 40.61156], [-74.05927, 40.61149], [-74.05921, 40.61142], [-74.05916, 40.61134], [-74.05911, 40.61126], [-74.05902, 40.61115], [-74.05892, 40.61106], [-74.0589, 40.611], [-74.05893, 40.61094], [-74.05905, 40.61089], [-74.05912, 40.61082], [-74.05912, 40.61074], [-74.05909, 40.61063], [-74.05858, 40.61005], [-74.05848, 40.61001], [-74.05848, 40.60993], [-74.05833, 40.60977], [-74.05776, 40.60933], [-74.05738, 40.60896], [-74.05716, 40.60874], [-74.05713, 40.60864], [-74.05703, 40.60847], [-74.057, 40.60837], [-74.05697, 40.60827], [-74.05686, 40.60806], [-74.05789, 40.60758], [-74.05779, 40.60745], [-74.05801, 40.60737], [-74.06043, 40.60635], [-74.06046, 40.60641], [-74.06517, 40.60421], [-74.06383, 40.60259], [-74.06351, 40.60215], [-74.06367, 40.6022], [-74.06422, 40.60235], [-74.06473, 40.6025], [-74.06551, 40.60272], [-74.06571, 40.60279], [-74.06898, 40.60398], [-74.06914, 40.60404], [-74.07173, 40.60506], [-74.07207, 40.60519], [-74.07243, 40.6053], [-74.07269, 40.60538], [-74.07298, 40.60547], [-74.07335, 40.60556], [-74.07358, 40.60562], [-74.074, 40.60573], [-74.07479, 40.60587], [-74.07543, 40.60599], [-74.07552, 40.606], [-74.07607, 40.60606], [-74.07657, 40.60612], [-74.07778, 40.60617], [-74.08155, 40.60629], [-74.08148, 40.60638], [-74.08137, 40.60653], [-74.0813, 40.60662], [-74.0807, 40.60739], [-74.08011, 40.60814], [-74.07986, 40.60845], [-74.07962, 40.60876], [-74.07939, 40.60908], [-74.07915, 40.60949], [-74.07842, 40.6107], [-74.07784, 40.61166], [-74.07756, 40.61214], [-74.07722, 40.61271], [-74.07681, 40.6134], [-74.07661, 40.61373], [-74.0762, 40.61442], [-74.07538, 40.61581], [-74.07528, 40.61598], [-74.07503, 40.61638], [-74.07455, 40.61694], [-74.07437, 40.61713], [-74.07418, 40.6173], [-74.07398, 40.61747], [-74.07376, 40.61763], [-74.07353, 40.61778], [-74.07329, 40.61792], [-74.07302, 40.61805], [-74.07275, 40.61819], [-74.07255, 40.61832], [-74.0725, 40.61835], [-74.07226, 40.61852], [-74.07204, 40.61871], [-74.07198, 40.61876], [-74.07183, 40.6189], [-74.07165, 40.6191], [-74.07152, 40.61926], [-74.07141, 40.61943], [-74.07131, 40.61961], [-74.07126, 40.61973], [-74.07124, 40.61979], [-74.07118, 40.61998], [-74.07116, 40.62012], [-74.07115, 40.62017], [-74.07113, 40.62036], [-74.07114, 40.62055], [-74.07117, 40.6207], [-74.07127, 40.62084], [-74.07175, 40.62146], [-74.07206, 40.62186], [-74.07254, 40.62246], [-74.07381, 40.6218], [-74.0745, 40.62144], [-74.07462, 40.62138], [-74.07558, 40.62088], [-74.07592, 40.6207], [-74.07627, 40.62052], [-74.07696, 40.62016], [-74.07769, 40.61978], [-74.07805, 40.61959], [-74.07939, 40.61889], [-74.08, 40.61855], [-74.0811, 40.61779], [-74.08174, 40.61731], [-74.08274, 40.61658], [-74.08323, 40.61622], [-74.08331, 40.61616], [-74.08379, 40.61581], [-74.08405, 40.61563], [-74.08465, 40.6152], [-74.08476, 40.6151], [-74.08546, 40.61458], [-74.08618, 40.61406], [-74.08628, 40.61398], [-74.08693, 40.6135], [-74.08721, 40.61331], [-74.08743, 40.61442], [-74.08747, 40.61456], [-74.08754, 40.6147], [-74.08762, 40.61483], [-74.08772, 40.61496], [-74.08778, 40.61502], [-74.08778, 40.61502], [-74.08778, 40.61502], [-74.08782, 40.61509], [-74.08782, 40.61509], [-74.08782, 40.61509], [-74.08785, 40.61516], [-74.08785, 40.61516], [-74.08785, 40.61516], [-74.08785, 40.61524], [-74.08785, 40.61524], [-74.08785, 40.61524], [-74.08783, 40.61532], [-74.08769, 40.61553], [-74.08741, 40.61593], [-74.08699, 40.61653], [-74.08657, 40.61717], [-74.08627, 40.61783], [-74.08608, 40.61852], [-74.08604, 40.61882], [-74.08601, 40.61909], [-74.0859, 40.61991], [-74.08581, 40.62038], [-74.08561, 40.62114], [-74.08559, 40.62119], [-74.08549, 40.62165], [-74.08537, 40.62221], [-74.08525, 40.6228], [-74.08496, 40.62463], [-74.08415, 40.62627], [-74.08405, 40.62644], [-74.08392, 40.62661], [-74.08378, 40.62677], [-74.08362, 40.62692], [-74.08345, 40.62706], [-74.08326, 40.62719], [-74.08306, 40.62731], [-74.08299, 40.62735], [-74.08281, 40.6274], [-74.08262, 40.62743], [-74.08242, 40.62745], [-74.08222, 40.62745], [-74.08202, 40.62743], [-74.08183, 40.6274], [-74.08165, 40.62735], [-74.081, 40.62734], [-74.08084, 40.62738], [-74.08076, 40.62745], [-74.0807, 40.62754], [-74.08065, 40.62763], [-74.08062, 40.62772], [-74.08061, 40.62782], [-74.0806, 40.62792], [-74.08056, 40.62801], [-74.08052, 40.6281], [-74.08045, 40.62818], [-74.08038, 40.62826], [-74.07972, 40.62895], [-74.08076, 40.62949], [-74.08173, 40.63001], [-74.08141, 40.6303], [-74.08201, 40.63089], [-74.0826, 40.63146], [-74.08344, 40.63228], [-74.08491, 40.63364], [-74.0852, 40.63376], [-74.08575, 40.63396], [-74.08444, 40.63541], [-74.08395, 40.63565], [-74.08373, 40.63574], [-74.08302, 40.63602], [-74.08178, 40.63662], [-74.08055, 40.63732], [-74.07879, 40.63827], [-74.07872, 40.63829], [-74.07865, 40.6383], [-74.07858, 40.63831], [-74.07851, 40.63831], [-74.07844, 40.6383], [-74.07837, 40.63829], [-74.0783, 40.63827], [-74.07824, 40.63824], [-74.07818, 40.63821], [-74.07813, 40.63817], [-74.0779, 40.63809], [-74.07698, 40.6378], [-74.07684, 40.63775], [-74.07602, 40.63775], [-74.07531, 40.63773]]]}}, {"type": "Feature", "properties": {"zone_id": 227, "zone": "Sunset Park East", "borough": "Brooklyn", "demand": 4}, "geometry": {"type": "Polygon", "coordinates": [[[-73.99193, 40.6422], [-73.99264, 40.64173], [-73.99336, 40.64125], [-73.99408, 40.64077], [-73.99433, 40.6406], [-73.9948, 40.64029], [-73.99551, 40.63981], [-73.99697, 40.64069], [-73.99918, 40.64203], [-73.99976, 40.64147], [-74.00034, 40.6409], [-74.00066, 40.6406], [-74.00093, 40.64035], [-74.00151, 40.63978], [-74.00209, 40.63922], [-74.00237, 40.63896], [-74.00267, 40.63867], [-74.00325, 40.6381], [-74.00384, 40.63755], [-74.00411, 40.63728], [-74.00442, 40.63698], [-74.005, 40.63642], [-74.00559, 40.63587], [-74.00617, 40.6353], [-74.00642, 40.63506], [-74.00675, 40.63474], [-74.00736, 40.63416], [-74.00556, 40.63308], [-74.00631, 40.63258], [-74.00662, 40.63238], [-74.00681, 40.63225], [-74.00702, 40.63211], [-74.00774, 40.63163], [-74.00846, 40.63115], [-74.00922, 40.63063], [-74.01, 40.63011], [-74.01097, 40.63068], [-74.01318, 40.63201], [-74.01515, 40.63322], [-74.0156, 40.63352], [-74.01591, 40.63337], [-74.01602, 40.63332], [-74.016, 40.63352], [-74.016, 40.63373], [-74.01603, 40.63394], [-74.01607, 40.63415], [-74.01614, 40.63436], [-74.01623, 40.63456], [-74.01627, 40.63463], [-74.01634, 40.63476], [-74.01647, 40.63494], [-74.01651, 40.63499], [-74.01661, 40.63512], [-74.01668, 40.63519], [-74.01684, 40.63536], [-74.01678, 40.6354], [-74.01669, 40.63552], [-74.01631, 40.6359], [-74.01607, 40.63614], [-74.01591, 40.63629], [-74.01574, 40.63645], [-74.01515, 40.63701], [-74.01457, 40.63757], [-74.01396, 40.63815], [-74.01617, 40.63948], [-74.01556, 40.64007], [-74.01498, 40.64063], [-74.0144, 40.64119], [-74.01381, 40.64174], [-74.01323, 40.6423], [-74.01265, 40.64287], [-74.01207, 40.64342], [-74.01148, 40.64399], [-74.0109, 40.64455], [-74.01032, 40.64511], [-74.00974, 40.64567], [-74.00915, 40.64623], [-74.00857, 40.64679], [-74.00799, 40.64734], [-74.00741, 40.6479], [-74.00682, 40.64846], [-74.00624, 40.64902], [-74.00566, 40.64958], [-74.00507, 40.65015], [-74.00449, 40.65071], [-74.00391, 40.65127], [-74.00333, 40.65183], [-74.00317, 40.65198], [-74.00275, 40.65238], [-74.00214, 40.65296], [-73.99779, 40.65029], [-73.99831, 40.64974], [-73.99605, 40.64834], [-73.99393, 40.64707], [-73.99181, 40.64578], [-73.98906, 40.64412], [-73.98978, 40.64364], [-73.9905, 40.64316], [-73.99121, 40.64269], [-73.99193, 40.6422]]]}}, {"type": "Feature", "properties": {"zone_id": 240, "zone": "Van Cortlandt Park", "borough": "Bronx", "demand": 6}, "geometry": {"type": "Polygon", "coordinates": [[[-73.87644, 40.89687], [-73.87712, 40.89547], [-73.87572, 40.89562], [-73.87481, 40.89573], [-73.87241, 40.89624], [-73.87049, 40.89664], [-73.87007, 40.89659], [-73.86692, 40.89608], [-73.86492, 40.89575], [-73.86402, 40.89552], [-73.86356, 40.89538], [-73.86331, 40.89529], [-73.86288, 40.89515], [-73.86219, 40.89493], [-73.86214, 40.89492], [-73.86209, 40.8949], [-73.8619, 40.89484], [-73.86183, 40.89481], [-73.86176, 40.89479], [-73.86136, 40.89466], [-73.86141, 40.89454], [-73.86149, 40.89428], [-73.86193, 40.89329], [-73.86198, 40.89316], [-73.86216, 40.89283], [-73.86225, 40.89267], [-73.86275, 40.89184], [-73.8628, 40.89172], [-73.86276, 40.89162], [-73.86304, 40.89112], [-73.86381, 40.88972], [-73.8646, 40.8883], [-73.86538, 40.88688], [-73.86621, 40.88538], [-73.86625, 40.88527], [-73.86625, 40.88527], [-73.86625, 40.88526], [-73.86627, 40.88515], [-73.86627, 40.88503], [-73.86627, 40.88503], [-73.86627, 40.88503], [-73.86625, 40.88491], [-73.86622, 40.88479], [-73.86616, 40.88468], [-73.86616, 40.88468], [-73.86616, 40.88468], [-73.8661, 40.88457], [-73.86606, 40.88451], [-73.86606, 40.88451], [-73.86606, 40.88451], [-73.86604, 40.88443], [-73.86604, 40.88443], [-73.86604, 40.88443], [-73.86604, 40.88436], [-73.86604, 40.88436], [-73.86604, 40.88436], [-73.86605, 40.88429], [-73.86705, 40.88225], [-73.86812, 40.88006], [-73.86885, 40.87859], [-73.86894, 40.87859], [-73.86903, 40.87858], [-73.86911, 40.87855], [-73.86919, 40.8785], [-73.86922, 40.87846], [-73.86925, 40.87843], [-73.86943, 40.87813], [-73.8695, 40.87815], [-73.86978, 40.87821], [-73.86997, 40.87826], [-73.87006, 40.87829], [-73.87015, 40.87831], [-73.87034, 40.87835], [-73.87094, 40.87851], [-73.87024, 40.88023], [-73.87084, 40.88044], [-73.87187, 40.88033], [-73.87192, 40.88024], [-73.87307, 40.88013], [-73.87407, 40.88004], [-73.87495, 40.87995], [-73.87479, 40.88007], [-73.87468, 40.88156], [-73.87534, 40.88167], [-73.87626, 40.88183], [-73.87717, 40.88199], [-73.87813, 40.88215], [-73.87773, 40.88345], [-73.87761, 40.88452], [-73.87783, 40.88677], [-73.87799, 40.88705], [-73.87804, 40.88712], [-73.87813, 40.88691], [-73.87815, 40.88687], [-73.87876, 40.88604], [-73.87936, 40.88522], [-73.87996, 40.88439], [-73.88124, 40.88271], [-73.88209, 40.88313], [-73.88275, 40.8834], [-73.88319, 40.88328], [-73.88334, 40.88323], [-73.88334, 40.88323], [-73.88334, 40.88323], [-73.88351, 40.88318], [-73.88351, 40.88318], [-73.88351, 40.88318], [-73.88368, 40.88316], [-73.88368, 40.88316], [-73.88368, 40.88316], [-73.88386, 40.88315], [-73.88386, 40.88315], [-73.88386, 40.88315], [-73.88404, 40.88316], [-73.88404, 40.88316], [-73.88404, 40.88316], [-73.88422, 40.8832], [-73.88422, 40.8832], [-73.88422, 40.8832], [-73.88438, 40.88325], [-73.88438, 40.88325], [-73.88438, 40.88325], [-73.88453, 40.88331], [-73.88516, 40.88363], [-73.88662, 40.88427], [-73.88683, 40.88434], [-73.88693, 40.88436], [-73.88705, 40.88435], [-73.88759, 40.88426], [-73.8884, 40.88442], [-73.8889, 40.8845], [-73.88985, 40.88469], [-73.89081, 40.88487], [-73.89177, 40.88505], [-73.89289, 40.88526], [-73.89468, 40.88553], [-73.89508, 40.88564], [-73.89596, 40.88583], [-73.89652, 40.88594], [-73.89662, 40.88595], [-73.89668, 40.88596], [-73.89688, 40.886], [-73.89716, 40.88604], [-73.89738, 40.88609], [-73.89893, 40.88638], [-73.89973, 40.88651], [-73.89965, 40.88666], [-73.89936, 40.88725], [-73.89922, 40.88753], [-73.89827, 40.88946], [-73.89788, 40.89028], [-73.89777, 40.89051], [-73.8977, 40.89068], [-73.89732, 40.89162], [-73.89728, 40.89171], [-73.89706, 40.89214], [-73.89676, 40.89264], [-73.89643, 40.89365], [-73.89671, 40.8958], [-73.89699, 40.89788], [-73.89709, 40.89859], [-73.89716, 40.89937], [-73.89714, 40.89962], [-73.89707, 40.90008], [-73.89705, 40.90022], [-73.89703, 40.90028], [-73.89703, 40.90031], [-73.89697, 40.90061], [-73.89688, 40.90104], [-73.89661, 40.9022], [-73.89641, 40.90296], [-73.89636, 40.9032], [-73.89641, 40.9045], [-73.89643, 40.90509], [-73.89649, 40.90634], [-73.89655, 40.90751], [-73.8966, 40.90963], [-73.89661, 40.9102], [-73.89663, 40.9113], [-73.89663, 40.9113], [-73.89663, 40.91142], [-73.89247, 40.91017], [-73.88611, 40.90833], [-73.88606, 40.90831], [-73.886, 40.9083], [-73.88562, 40.90818], [-73.8848, 40.90793], [-73.8847, 40.9079], [-73.88405, 40.9077], [-73.88303, 40.90733], [-73.88148, 40.90689], [-73.87836, 40.906], [-73.87817, 40.90596], [-73.87811, 40.90594], [-73.87807, 40.90593], [-73.87804, 40.90593], [-73.87787, 40.90587], [-73.87737, 40.90571], [-73.87647, 40.90544], [-73.87563, 40.90521], [-73.87483, 40.90494], [-73.87416, 40.90478], [-73.87295, 40.90444], [-73.87095, 40.90385], [-73.86789, 40.90299], [-73.86817, 40.90245], [-73.8682, 40.90235], [-73.869, 40.90156], [-73.8701, 40.90074], [-73.87136, 40.90004], [-73.87302, 40.89935], [-73.87389, 40.89897], [-73.87482, 40.89844], [-73.87589, 40.89756], [-73.87644, 40.89687]]]}}, {"type": "Feature", "properties": {"zone_id": 242, "zone": "Van Nest/Morris Park", "borough": "Bronx", "demand": 4}, "geometry": {"type": "Polygon", "coordinates": [[[-73.83593, 40.84841], [-73.83607, 40.84716], [-73.83615, 40.84613], [-73.8362, 40.84583], [-73.83653, 40.84462], [-73.83677, 40.84354], [-73.83689, 40.84337], [-73.83715, 40.84273], [-73.83737, 40.84204], [-73.83767, 40.84112], [-73.83769, 40.84081], [-73.83771, 40.84041], [-73.83812, 40.84057], [-73.83821, 40.8406], [-73.83831, 40.84064], [-73.83839, 40.84068], [-73.83849, 40.8407], [-73.83881, 40.84077], [-73.83936, 40.84088], [-73.84125, 40.84062], [-73.84141, 40.8406], [-73.84157, 40.84059], [-73.84173, 40.8406], [-73.84173, 40.8406], [-73.84173, 40.8406], [-73.84189, 40.84062], [-73.84189, 40.84062], [-73.84189, 40.84062], [-73.84204, 40.84065], [-73.8424, 40.84035], [-73.84261, 40.84017], [-73.84306, 40.8398], [-73.84361, 40.83935], [-73.84392, 40.83909], [-73.84458, 40.83853], [-73.84553, 40.83917], [-73.84648, 40.83981], [-73.84716, 40.84026], [-73.8478, 40.8407], [-73.84796, 40.84083], [-73.84899, 40.8416], [-73.85052, 40.84279], [-73.85089, 40.84275], [-73.85121, 40.84271], [-73.8518, 40.84265], [-73.85231, 40.84259], [-73.85334, 40.84247], [-73.8535, 40.84245], [-73.85421, 40.84237], [-73.8552, 40.84226], [-73.85554, 40.84222], [-73.85618, 40.84215], [-73.85719, 40.84203], [-73.85836, 40.8419], [-73.8592, 40.8418], [-73.85972, 40.84174], [-73.86018, 40.84169], [-73.86046, 40.84166], [-73.86163, 40.84153], [-73.86176, 40.84151], [-73.86347, 40.84131], [-73.86358, 40.84128], [-73.86364, 40.84126], [-73.86437, 40.84111], [-73.86448, 40.84109], [-73.86546, 40.84086], [-73.86636, 40.84059], [-73.86725, 40.84034], [-73.8674, 40.84029], [-73.86782, 40.84017], [-73.86831, 40.83999], [-73.86874, 40.83982], [-73.86921, 40.8396], [-73.86956, 40.8396], [-73.87021, 40.83962], [-73.87121, 40.83967], [-73.87273, 40.83975], [-73.87277, 40.83975], [-73.87283, 40.83975], [-73.8736, 40.8398], [-73.87327, 40.84022], [-73.87281, 40.84087], [-73.87245, 40.84134], [-73.87236, 40.84148], [-73.8723, 40.84158], [-73.87223, 40.84164], [-73.87153, 40.84251], [-73.871, 40.84311], [-73.8703, 40.84355], [-73.8696, 40.84398], [-73.86889, 40.84441], [-73.86804, 40.84481], [-73.86864, 40.84531], [-73.86874, 40.84561], [-73.86869, 40.84577], [-73.86866, 40.84593], [-73.86866, 40.84593], [-73.86866, 40.84593], [-73.86865, 40.84609], [-73.86865, 40.84609], [-73.86865, 40.84609], [-73.86866, 40.84626], [-73.86866, 40.84626], [-73.86866, 40.84626], [-73.8687, 40.84642], [-73.8687, 40.84642], [-73.8687, 40.84642], [-73.86875, 40.84658], [-73.86875, 40.84658], [-73.86875, 40.84658], [-73.86883, 40.84674], [-73.86893, 40.84688], [-73.86844, 40.84705], [-73.86835, 40.84708], [-73.86801, 40.8483], [-73.86786, 40.84886], [-73.86837, 40.84897], [-73.86921, 40.84924], [-73.86823, 40.85091], [-73.86835, 40.8512], [-73.86844, 40.85149], [-73.86853, 40.85178], [-73.86861, 40.85207], [-73.8678, 40.85159], [-73.8668, 40.85095], [-73.86612, 40.85053], [-73.86554, 40.85029], [-73.86519, 40.85016], [-73.86473, 40.85027], [-73.86304, 40.85061], [-73.86279, 40.84924], [-73.86251, 40.84836], [-73.8616, 40.84855], [-73.86119, 40.8486], [-73.86094, 40.84867], [-73.86069, 40.84875], [-73.86046, 40.84885], [-73.86023, 40.84896], [-73.85943, 40.84932], [-73.85862, 40.84969], [-73.85781, 40.85005], [-73.857, 40.85042], [-73.85619, 40.85078], [-73.85538, 40.85114], [-73.85457, 40.85151], [-73.85305, 40.84955], [-73.85224, 40.84991], [-73.85137, 40.8503], [-73.8505, 40.8507], [-73.84969, 40.85106], [-73.84861, 40.85108], [-73.84821, 40.85109], [-73.8473, 40.85109], [-73.84721, 40.85104], [-73.84669, 40.85112], [-73.84453, 40.85113], [-73.84431, 40.85119], [-73.84441, 40.85104], [-73.84476, 40.85047], [-73.84497, 40.8501], [-73.84502, 40.84943], [-73.84505, 40.84919], [-73.84506, 40.84895], [-73.84504, 40.8487], [-73.845, 40.84846], [-73.84494, 40.84822], [-73.84428, 40.84912], [-73.84362, 40.85008], [-73.84195, 40.85251], [-73.84149, 40.85319], [-73.84134, 40.85337], [-73.84119, 40.85354], [-73.84102, 40.8537], [-73.84085, 40.85387], [-73.84068, 40.85403], [-73.8405, 40.85418], [-73.84031, 40.85434], [-73.84012, 40.85448], [-73.83992, 40.85463], [-73.83972, 40.85476], [-73.83936, 40.85499], [-73.83898, 40.85519], [-73.83859, 40.85539], [-73.83819, 40.85556], [-73.83777, 40.85572], [-73.83734, 40.85587], [-73.83691, 40.85599], [-73.83647, 40.8561], [-73.83562, 40.85637], [-73.83538, 40.85645], [-73.835, 40.85657], [-73.83668, 40.85665], [-73.83691, 40.85701], [-73.83691, 40.85718], [-73.83682, 40.85728], [-73.83629, 40.85748], [-73.83533, 40.85783], [-73.83438, 40.85819], [-73.83349, 40.85853], [-73.83308, 40.85868], [-73.83191, 40.85907], [-73.83103, 40.85934], [-73.83017, 40.85963], [-73.83002, 40.85968], [-73.82987, 40.85974], [-73.82974, 40.85981], [-73.82961, 40.85989], [-73.82945, 40.86], [-73.82882, 40.86045], [-73.82847, 40.86073], [-73.82873, 40.86041], [-73.82959, 40.85936], [-73.83055, 40.85819], [-73.83072, 40.85799], [-73.83111, 40.85752], [-73.83128, 40.85735], [-73.83193, 40.85669], [-73.83214, 40.85654], [-73.83238, 40.85635], [-73.83269, 40.85613], [-73.83276, 40.85608], [-73.83284, 40.85604], [-73.83281, 40.85598], [-73.83243, 40.85582], [-73.8323, 40.85575], [-73.83216, 40.85567], [-73.83201, 40.85559], [-73.83184, 40.85553], [-73.83166, 40.85548], [-73.83148, 40.85545], [-73.83129, 40.85543], [-73.83157, 40.85538], [-73.83193, 40.85528], [-73.83228, 40.85518], [-73.83262, 40.85506], [-73.83296, 40.85492], [-73.8335, 40.85468], [-73.83391, 40.85447], [-73.83408, 40.85436], [-73.83425, 40.85424], [-73.8344, 40.85411], [-73.83453, 40.85397], [-73.83464, 40.85382], [-73.83473, 40.85366], [-73.8348, 40.8535], [-73.83504, 40.85313], [-73.8352, 40.85284], [-73.83534, 40.85255], [-73.83546, 40.85226], [-73.83556, 40.85196], [-73.8358, 40.84968], [-73.83593, 40.84841]]]}}, {"type": "Feature", "properties": {"zone_id": 248, "zone": "West Farms/Bronx River", "borough": "Bronx", "demand": 3}, "geometry": {"type": "Polygon", "coordinates": [[[-73.86394, 40.84004], [-73.86356, 40.83787], [-73.86316, 40.83553], [-73.86296, 40.83442], [-73.86294, 40.8343], [-73.8629, 40.834], [-73.86289, 40.83396], [-73.86288, 40.83389], [-73.86285, 40.83369], [-73.86273, 40.83307], [-73.86271, 40.83299], [-73.86367, 40.83269], [-73.86457, 40.83239], [-73.86546, 40.83213], [-73.86636, 40.83187], [-73.86726, 40.83162], [-73.86815, 40.83136], [-73.86908, 40.83109], [-73.87001, 40.83082], [-73.8709, 40.83056], [-73.87179, 40.8303], [-73.87276, 40.83003], [-73.87323, 40.82991], [-73.87327, 40.82989], [-73.87333, 40.82988], [-73.87373, 40.82975], [-73.87461, 40.8295], [-73.87551, 40.82923], [-73.8764, 40.82898], [-73.8773, 40.82874], [-73.87823, 40.82866], [-73.8787, 40.82862], [-73.87917, 40.82858], [-73.88011, 40.82851], [-73.88104, 40.82843], [-73.88198, 40.82836], [-73.88295, 40.8283], [-73.88366, 40.82828], [-73.88378, 40.82827], [-73.88352, 40.82926], [-73.88357, 40.82948], [-73.8839, 40.8298], [-73.88385, 40.82987], [-73.88251, 40.83155], [-73.88057, 40.83403], [-73.88007, 40.83467], [-73.88005, 40.8347], [-73.8794, 40.83447], [-73.87925, 40.83442], [-73.87917, 40.83453], [-73.87906, 40.83464], [-73.87893, 40.83478], [-73.87866, 40.83503], [-73.87838, 40.83526], [-73.87808, 40.83548], [-73.87801, 40.83553], [-73.87795, 40.83558], [-73.87783, 40.83566], [-73.87757, 40.83582], [-73.87748, 40.83586], [-73.87746, 40.83587], [-73.87735, 40.83593], [-73.87728, 40.83597], [-73.87699, 40.8361], [-73.87673, 40.8362], [-73.87655, 40.83634], [-73.87645, 40.83639], [-73.87628, 40.83646], [-73.87615, 40.8365], [-73.87609, 40.83653], [-73.87584, 40.83661], [-73.87565, 40.83666], [-73.87546, 40.83669], [-73.87526, 40.83671], [-73.87499, 40.83677], [-73.8749, 40.83681], [-73.87482, 40.83686], [-73.87476, 40.83693], [-73.87471, 40.837], [-73.8747, 40.83708], [-73.8747, 40.83716], [-73.87473, 40.83723], [-73.87491, 40.83736], [-73.87472, 40.83731], [-73.87454, 40.83726], [-73.87437, 40.83724], [-73.8743, 40.83724], [-73.8742, 40.83725], [-73.87407, 40.83729], [-73.87401, 40.83731], [-73.8738, 40.83744], [-73.87367, 40.83754], [-73.87354, 40.83767], [-73.87348, 40.83775], [-73.87323, 40.83816], [-73.87315, 40.83826], [-73.87313, 40.83833], [-73.87298, 40.83895], [-73.87277, 40.83975], [-73.87273, 40.83975], [-73.87121, 40.83967], [-73.87021, 40.83962], [-73.86956, 40.8396], [-73.86921, 40.8396], [-73.86874, 40.83982], [-73.86831, 40.83999], [-73.86782, 40.84017], [-73.8674, 40.84029], [-73.86725, 40.84034], [-73.86636, 40.84059], [-73.86546, 40.84086], [-73.86448, 40.84109], [-73.86394, 40.84004]]]}}, {"type": "Feature", "properties": {"zone_id": 258, "zone": "Woodhaven", "borough": "Queens", "demand": 10}, "geometry": {"type": "Polygon", "coordinates": [[[-73.84504, 40.68932], [-73.84501, 40.68924], [-73.84431, 40.68944], [-73.84419, 40.68947], [-73.84415, 40.68939], [-73.84386, 40.68883], [-73.84356, 40.68821], [-73.843, 40.68704], [-73.84217, 40.68535], [-73.8412, 40.68335], [-73.84134, 40.68331], [-73.84151, 40.68326], [-73.84237, 40.68302], [-73.84323, 40.68277], [-73.84409, 40.68253], [-73.84451, 40.68241], [-73.84496, 40.68231], [-73.84506, 40.68228], [-73.84513, 40.68227], [-73.8452, 40.68225], [-73.84529, 40.68223], [-73.84583, 40.68211], [-73.84671, 40.68186], [-73.84758, 40.68158], [-73.84787, 40.68149], [-73.84863, 40.68168], [-73.84922, 40.68184], [-73.84976, 40.68199], [-73.8506, 40.68219], [-73.85087, 40.68226], [-73.85198, 40.68256], [-73.85164, 40.68189], [-73.85132, 40.68124], [-73.85099, 40.68057], [-73.85168, 40.68037], [-73.85223, 40.68021], [-73.85268, 40.68008], [-73.85392, 40.67969], [-73.85439, 40.67966], [-73.85653, 40.67953], [-73.85683, 40.67951], [-73.85721, 40.67949], [-73.85779, 40.67946], [-73.8582, 40.67943], [-73.85879, 40.68063], [-73.8593, 40.68049], [-73.85966, 40.68038], [-73.85977, 40.68035], [-73.86053, 40.68013], [-73.86066, 40.6801], [-73.86142, 40.67988], [-73.86156, 40.67984], [-73.8623, 40.67963], [-73.86335, 40.67935], [-73.86379, 40.68111], [-73.86399, 40.68193], [-73.8641, 40.68237], [-73.86499, 40.68213], [-73.86603, 40.68192], [-73.86629, 40.68311], [-73.8663, 40.68319], [-73.86632, 40.68325], [-73.8665, 40.68447], [-73.8666, 40.68527], [-73.86687, 40.68633], [-73.86702, 40.68683], [-73.86728, 40.68775], [-73.86746, 40.68841], [-73.86762, 40.68914], [-73.86777, 40.6898], [-73.86791, 40.69048], [-73.86806, 40.69118], [-73.86859, 40.69388], [-73.86868, 40.69403], [-73.86842, 40.69472], [-73.86681, 40.69506], [-73.86456, 40.69552], [-73.86369, 40.69569], [-73.86237, 40.69595], [-73.86016, 40.69638], [-73.85929, 40.69655], [-73.85833, 40.69674], [-73.85744, 40.69691], [-73.85657, 40.69706], [-73.85567, 40.69718], [-73.85479, 40.6973], [-73.85284, 40.69755], [-73.85277, 40.69756], [-73.85263, 40.69765], [-73.85261, 40.6978], [-73.85261, 40.69796], [-73.85262, 40.69811], [-73.85266, 40.69827], [-73.85271, 40.69841], [-73.85329, 40.69929], [-73.85378, 40.69991], [-73.85429, 40.70045], [-73.85443, 40.7006], [-73.8541, 40.70051], [-73.85071, 40.7002], [-73.84914, 40.69828], [-73.84948, 40.6982], [-73.84894, 40.69756], [-73.84773, 40.69477], [-73.84662, 40.69249], [-73.84597, 40.69117], [-73.84504, 40.68932]]]}}, {"type": "Feature", "properties": {"zone_id": 259, "zone": "Woodlawn/Wakefield", "borough": "Bronx", "demand": 9}, "geometry": {"type": "Polygon", "coordinates": [[[-73.85107, 40.91037], [-73.85207, 40.9092], [-73.85235, 40.90886], [-73.85305, 40.90804], [-73.85348, 40.90753], [-73.85258, 40.9072], [-73.85228, 40.90708], [-73.85143, 40.90678], [-73.85092, 40.90662], [-73.8504, 40.90722], [-73.85017, 40.90751], [-73.84934, 40.90712], [-73.84864, 40.90681], [-73.84708, 40.90616], [-73.84623, 40.9059], [-73.84538, 40.90566], [-73.84482, 40.90553], [-73.84493, 40.90466], [-73.84489, 40.90419], [-73.84441, 40.90417], [-73.8434, 40.90417], [-73.84238, 40.90417], [-73.84139, 40.90417], [-73.84106, 40.90321], [-73.84102, 40.90281], [-73.84099, 40.90255], [-73.84095, 40.90229], [-73.84088, 40.90203], [-73.84079, 40.90177], [-73.84068, 40.90152], [-73.84055, 40.90127], [-73.8404, 40.90103], [-73.84023, 40.9008], [-73.84004, 40.90057], [-73.83925, 40.8995], [-73.83922, 40.89943], [-73.83919, 40.89935], [-73.83918, 40.89927], [-73.83917, 40.8992], [-73.83916, 40.89912], [-73.83917, 40.89904], [-73.83917, 40.89896], [-73.83919, 40.89889], [-73.83921, 40.89881], [-73.83924, 40.89874], [-73.83966, 40.89789], [-73.83965, 40.89733], [-73.83897, 40.89559], [-73.83839, 40.89407], [-73.83804, 40.89414], [-73.83738, 40.89392], [-73.83646, 40.89152], [-73.83555, 40.88913], [-73.83643, 40.88894], [-73.83732, 40.88874], [-73.83823, 40.88864], [-73.83921, 40.8887], [-73.8394, 40.88873], [-73.83959, 40.88874], [-73.83979, 40.88874], [-73.83999, 40.88872], [-73.84018, 40.88869], [-73.84105, 40.88855], [-73.84196, 40.88846], [-73.84286, 40.88831], [-73.84313, 40.88826], [-73.84319, 40.88826], [-73.84363, 40.88819], [-73.84368, 40.88818], [-73.84377, 40.88817], [-73.84402, 40.88813], [-73.84408, 40.88812], [-73.84433, 40.88808], [-73.84438, 40.88807], [-73.84465, 40.88803], [-73.84526, 40.88794], [-73.84573, 40.88787], [-73.84705, 40.88767], [-73.84665, 40.88839], [-73.84646, 40.88875], [-73.84626, 40.8891], [-73.84591, 40.88974], [-73.84633, 40.88988], [-73.84741, 40.89022], [-73.84874, 40.89065], [-73.8504, 40.8912], [-73.85069, 40.8913], [-73.8515, 40.89153], [-73.85183, 40.89163], [-73.8534, 40.89213], [-73.85449, 40.89248], [-73.85525, 40.89272], [-73.85566, 40.89285], [-73.85736, 40.89341], [-73.85696, 40.89417], [-73.85983, 40.89508], [-73.86071, 40.89537], [-73.86136, 40.89466], [-73.86176, 40.89479], [-73.86183, 40.89481], [-73.8619, 40.89484], [-73.86209, 40.8949], [-73.86214, 40.89492], [-73.86219, 40.89493], [-73.86288, 40.89515], [-73.86331, 40.89529], [-73.86356, 40.89538], [-73.86402, 40.89552], [-73.86492, 40.89575], [-73.86692, 40.89608], [-73.87007, 40.89659], [-73.87049, 40.89664], [-73.87241, 40.89624], [-73.87481, 40.89573], [-73.87572, 40.89562], [-73.87712, 40.89547], [-73.87644, 40.89687], [-73.87589, 40.89756], [-73.87482, 40.89844], [-73.87389, 40.89897], [-73.87302, 40.89935], [-73.87136, 40.90004], [-73.8701, 40.90074], [-73.869, 40.90156], [-73.8682, 40.90235], [-73.86817, 40.90245], [-73.86789, 40.90299], [-73.86652, 40.90252], [-73.86566, 40.90224], [-73.86477, 40.90201], [-73.86452, 40.90192], [-73.86452, 40.90192], [-73.86306, 40.90151], [-73.8628, 40.90154], [-73.86266, 40.90146], [-73.86246, 40.90136], [-73.86224, 40.90127], [-73.86202, 40.90119], [-73.8618, 40.90112], [-73.86156, 40.90106], [-73.86134, 40.90111], [-73.86109, 40.90103], [-73.86088, 40.90096], [-73.86078, 40.90093], [-73.86069, 40.9009], [-73.8605, 40.90085], [-73.86027, 40.90077], [-73.86019, 40.90075], [-73.86011, 40.90072], [-73.85947, 40.90052], [-73.8594, 40.90061], [-73.85932, 40.9007], [-73.85908, 40.90101], [-73.85924, 40.9011], [-73.85942, 40.90139], [-73.85938, 40.90154], [-73.85938, 40.90156], [-73.85928, 40.90156], [-73.85921, 40.90155], [-73.85903, 40.90144], [-73.85886, 40.90171], [-73.85929, 40.90187], [-73.85939, 40.9019], [-73.85946, 40.90193], [-73.8595, 40.9021], [-73.85953, 40.90224], [-73.85958, 40.90244], [-73.85926, 40.90267], [-73.85918, 40.90266], [-73.8591, 40.90264], [-73.85904, 40.90258], [-73.85896, 40.90252], [-73.85896, 40.90252], [-73.85873, 40.90229], [-73.8584, 40.90221], [-73.85816, 40.90231], [-73.85816, 40.9026], [-73.85797, 40.90285], [-73.85775, 40.90279], [-73.85756, 40.90292], [-73.85711, 40.90365], [-73.85717, 40.90408], [-73.85699, 40.90458], [-73.85704, 40.90464], [-73.8571, 40.90471], [-73.85719, 40.90469], [-73.85736, 40.90473], [-73.85743, 40.90484], [-73.85718, 40.90529], [-73.85705, 40.90529], [-73.8568, 40.90514], [-73.85673, 40.9051], [-73.85665, 40.90505], [-73.85636, 40.9051], [-73.85601, 40.90531], [-73.85601, 40.90548], [-73.85636, 40.90553], [-73.85642, 40.90554], [-73.8565, 40.90556], [-73.85692, 40.90597], [-73.85681, 40.90616], [-73.85656, 40.90626], [-73.85596, 40.90622], [-73.85588, 40.90624], [-73.8558, 40.90626], [-73.85553, 40.90638], [-73.85514, 40.90687], [-73.85424, 40.90703], [-73.85374, 40.90779], [-73.85383, 40.90797], [-73.85423, 40.90802], [-73.85471, 40.90801], [-73.85476, 40.90808], [-73.85479, 40.90816], [-73.85491, 40.90835], [-73.85459, 40.90894], [-73.85392, 40.90947], [-73.85378, 40.90953], [-73.8536, 40.90961], [-73.85335, 40.91004], [-73.85296, 40.91035], [-73.85277, 40.91041], [-73.85258, 40.91031], [-73.85266, 40.91001], [-73.85246, 40.90986], [-73.85227, 40.90985], [-73.85178, 40.91016], [-73.85149, 40.91027], [-73.85145, 40.91045], [-73.85107, 40.91037]]]}}]}