{"type": "FeatureCollection", "features": [{"type": "Feature", "properties": {"zone_id": 1, "zone": "Newark Airport", "borough": "EWR", "demand": 26}, "geometry": {"type": "Polygon", "coordinates": [[[-74.18445, 40.695], [-74.18449, 40.69509], [-74.1845, 40.69518], [-74.18438, 40.69588], [-74.18428, 40.69621], [-74.18402, 40.69707], [-74.18391, 40.69751], [-74.18375, 40.69779], [-74.18363, 40.69833], [-74.18356, 40.69845], [-74.18354, 40.69856], [-74.18351, 40.6987], [-74.18327, 40.70009], [-74.18316, 40.70121], [-74.18317, 40.70238], [-74.18314, 40.70263], [-74.18309, 40.70285], [-74.18299, 40.70316], [-74.18284, 40.70346], [-74.18264, 40.70373], [-74.18243, 40.70395], [-74.1822, 40.70414], [-74.18203, 40.70426], [-74.18181, 40.70439], [-74.18157, 40.7045], [-74.18132, 40.70461], [-74.18081, 40.70479], [-74.17947, 40.70535], [-74.17887, 40.70554], [-74.17831, 40.70572], [-74.17777, 40.70589], [-74.17709, 40.70609], [-74.17699, 40.70614], [-74.17689, 40.70619], [-74.17665, 40.70642], [-74.17642, 40.7067], [-74.17629, 40.70689], [-74.17608, 40.70711], [-74.17599, 40.70719], [-74.17589, 40.70726], [-74.17566, 40.70738], [-74.17538, 40.70747], [-74.17516, 40.70751], [-74.17476, 40.7076], [-74.17417, 40.70767], [-74.17389, 40.70773], [-74.17347, 40.70775], [-74.17275, 40.7078], [-74.17189, 40.70791], [-74.17164, 40.70796], [-74.17134, 40.70796], [-74.1712, 40.70796], [-74.16994, 40.70797], [-74.16888, 40.70794], [-74.16681, 40.70786], [-74.16443, 40.70779], [-74.16401, 40.70778], [-74.16234, 40.70772], [-74.16082, 40.70764], [-74.16058, 40.7076], [-74.16033, 40.70757], [-74.16006, 40.70749], [-74.15939, 40.70726], [-74.15905, 40.70715], [-74.15892, 40.70711], [-74.15827, 40.70688], [-74.15459, 40.70565], [-74.1541, 40.70544], [-74.15401, 40.70538], [-74.15388, 40.70533], [-74.15376, 40.70541], [-74.15323, 40.70525], [-74.15318, 40.70532], [-74.15307, 40.70528], [-74.15359, 40.70437], [-74.15386, 40.70384], [-74.15514, 40.70156], [-74.15545, 40.70109], [-74.15575, 40.70067], [-74.156, 40.70026], [-74.15635, 40.69976], [-74.15745, 40.69809], [-74.15754, 40.69794], [-74.15759, 40.69781], [-74.15762, 40.69768], [-74.1583, 40.69671], [-74.15951, 40.69489], [-74.15959, 40.69476], [-74.16014, 40.6941], [-74.16058, 40.69322], [-74.16263, 40.69029], [-74.1628, 40.69003], [-74.16291, 40.68987], [-74.16292, 40.68987], [-74.16295, 40.68987], [-74.16307, 40.68989], [-74.1631, 40.68993], [-74.16322, 40.68998], [-74.16331, 40.68999], [-74.16341, 40.69], [-74.16353, 40.69001], [-74.16381, 40.69005], [-74.1641, 40.69008], [-74.16418, 40.69008], [-74.16423, 40.69005], [-74.16436, 40.69004], [-74.16451, 40.68998], [-74.16467, 40.68988], [-74.1648, 40.68976], [-74.16491, 40.68959], [-74.16499, 40.68939], [-74.16528, 40.68891], [-74.16543, 40.68876], [-74.16548, 40.68863], [-74.16561, 40.68843], [-74.16577, 40.68803], [-74.16588, 40.68788], [-74.16583, 40.68758], [-74.16582, 40.68749], [-74.1658, 40.68716], [-74.16582, 40.68704], [-74.16589, 40.68684], [-74.16605, 40.68655], [-74.1664, 40.68602], [-74.16651, 40.68589], [-74.16674, 40.68549], [-74.16696, 40.68523], [-74.16739, 40.68455], [-74.16781, 40.68394], [-74.16791, 40.68379], [-74.16805, 40.6836], [-74.16816, 40.68348], [-74.16823, 40.68335], [-74.16849, 40.683], [-74.16886, 40.6824], [-74.16916, 40.682], [-74.1693, 40.68178], [-74.16948, 40.68156], [-74.16982, 40.68102], [-74.16995, 40.68087], [-74.17005, 40.68067], [-74.17041, 40.68015], [-74.17051, 40.67999], [-74.17067, 40.67965], [-74.17093, 40.67929], [-74.17145, 40.67847], [-74.17152, 40.67838], [-74.17161, 40.67826], [-74.17193, 40.67782], [-74.17201, 40.67773], [-74.17283, 40.67656], [-74.17315, 40.67619], [-74.17323, 40.67608], [-74.17329, 40.67601], [-74.17359, 40.67572], [-74.17424, 40.67493], [-74.17437, 40.67482], [-74.17485, 40.67432], [-74.175, 40.67417], [-74.17539, 40.67376], [-74.17605, 40.67304], [-74.17631, 40.67277], [-74.17642, 40.67262], [-74.17663, 40.6724], [-74.17678, 40.67218], [-74.17697, 40.67194], [-74.17709, 40.67178], [-74.17734, 40.67156], [-74.17755, 40.67142], [-74.17778, 40.67132], [-74.17803, 40.67121], [-74.17863, 40.67104], [-74.17888, 40.671], [-74.17912, 40.67099], [-74.17933, 40.67101], [-74.17979, 40.67115], [-74.17998, 40.67121], [-74.18011, 40.67126], [-74.1803, 40.6713], [-74.18134, 40.6717], [-74.18214, 40.67203], [-74.18385, 40.67265], [-74.18437, 40.67291], [-74.18459, 40.67303], [-74.18492, 40.67327], [-74.18504, 40.67336], [-74.18514, 40.67346], [-74.18548, 40.67391], [-74.18595, 40.67466], [-74.1867, 40.67579], [-74.18733, 40.67674], [-74.18767, 40.67729], [-74.18795, 40.67762], [-74.1882, 40.67792], [-74.18852, 40.67848], [-74.18877, 40.67886], [-74.18905, 40.67934], [-74.18936, 40.67976], [-74.18949, 40.68009], [-74.1897, 40.68079], [-74.18977, 40.68114], [-74.18978, 40.6812], [-74.18983, 40.68132], [-74.18992, 40.68154], [-74.18997, 40.6818], [-74.19, 40.68225], [-74.19, 40.68263], [-74.18997, 40.68295], [-74.18999, 40.68318], [-74.18995, 40.68352], [-74.18993, 40.68371], [-74.18987, 40.68408], [-74.18978, 40.68482], [-74.18976, 40.68503], [-74.18963, 40.6861], [-74.18956, 40.6869], [-74.18952, 40.6872], [-74.18947, 40.68749], [-74.18939, 40.68773], [-74.18939, 40.68783], [-74.18941, 40.68794], [-74.1894, 40.68809], [-74.18935, 40.68826], [-74.18922, 40.68862], [-74.18899, 40.68905], [-74.1887, 40.68944], [-74.18779, 40.69019], [-74.18723, 40.69059], [-74.18637, 40.69119], [-74.18591, 40.69145], [-74.18563, 40.69165], [-74.18445, 40.695]]]}}, {"type": "Feature", "properties": {"zone_id": 3, "zone": "Allerton/Pelham Gardens", "borough": "Bronx", "demand": 12}, "geometry": {"type": "Polygon", "coordinates": [[[-73.84793, 40.87134], [-73.84725, 40.87099], [-73.84699, 40.87085], [-73.84641, 40.87055], [-73.84609, 40.87039], [-73.84578, 40.87023], [-73.84517, 40.86991], [-73.84488, 40.86976], [-73.84442, 40.86952], [-73.84423, 40.86942], [-73.84359, 40.86909], [-73.84316, 40.86886], [-73.8428, 40.86868], [-73.84241, 40.86847], [-73.84185, 40.86819], [-73.84122, 40.86786], [-73.84064, 40.86755], [-73.83974, 40.86709], [-73.83954, 40.86699], [-73.83922, 40.86682], [-73.83875, 40.86657], [-73.83784, 40.8661], [-73.83697, 40.86564], [-73.83679, 40.86555], [-73.83619, 40.86522], [-73.83578, 40.86502], [-73.83162, 40.86266], [-73.83152, 40.8626], [-73.83089, 40.86221], [-73.83012, 40.86205], [-73.82973, 40.86195], [-73.82951, 40.86184], [-73.82924, 40.86163], [-73.82912, 40.86151], [-73.82842, 40.86093], [-73.82834, 40.86089], [-73.82847, 40.86073], [-73.82882, 40.86045], [-73.82945, 40.86], [-73.82961, 40.85989], [-73.82974, 40.85981], [-73.82987, 40.85974], [-73.83002, 40.85968], [-73.83017, 40.85963], [-73.83103, 40.85934], [-73.83191, 40.85907], [-73.83308, 40.85868], [-73.83349, 40.85853], [-73.83438, 40.85819], [-73.83533, 40.85783], [-73.83629, 40.85748], [-73.83682, 40.85728], [-73.83724, 40.85736], [-73.83818, 40.85751], [-73.83911, 40.85766], [-73.84005, 40.85781], [-73.84097, 40.85795], [-73.84191, 40.85809], [-73.8433, 40.85829], [-73.84459, 40.85845], [-73.84552, 40.85854], [-73.84646, 40.85864], [-73.8474, 40.85868], [-73.84834, 40.8587], [-73.84931, 40.85872], [-73.85028, 40.85866], [-73.85123, 40.85858], [-73.85217, 40.8585], [-73.85311, 40.85841], [-73.85405, 40.85832], [-73.85585, 40.85817], [-73.85601, 40.85816], [-73.85664, 40.85812], [-73.85735, 40.85971], [-73.85739, 40.85998], [-73.85746, 40.86043], [-73.85747, 40.8605], [-73.85748, 40.86054], [-73.85752, 40.86085], [-73.85753, 40.8609], [-73.85757, 40.86116], [-73.8576, 40.86142], [-73.85761, 40.86149], [-73.85767, 40.86197], [-73.85768, 40.86203], [-73.85769, 40.86213], [-73.8577, 40.86219], [-73.85771, 40.86224], [-73.85771, 40.86228], [-73.8578, 40.86304], [-73.85806, 40.86304], [-73.85845, 40.86376], [-73.85871, 40.86425], [-73.85891, 40.86464], [-73.85961, 40.86551], [-73.86055, 40.86553], [-73.86156, 40.86555], [-73.86154, 40.86615], [-73.8615, 40.86755], [-73.8615, 40.86778], [-73.86143, 40.8696], [-73.86138, 40.87134], [-73.86037, 40.87132], [-73.85943, 40.8713], [-73.85849, 40.87128], [-73.85755, 40.87127], [-73.85661, 40.87125], [-73.85655, 40.87303], [-73.85651, 40.87422], [-73.85577, 40.87398], [-73.85552, 40.8739], [-73.85451, 40.87358], [-73.85364, 40.8733], [-73.85358, 40.87328], [-73.85266, 40.87299], [-73.85171, 40.8727], [-73.85108, 40.87249], [-73.85079, 40.8724], [-73.84988, 40.8721], [-73.8486, 40.87167], [-73.84793, 40.87134]]]}}, {"type": "Feature", "properties": {"zone_id": 14, "zone": "Bay Ridge", "borough": "Brooklyn", "demand": 25}, "geometry": {"type": "Polygon", "coordinates": [[[-74.03407, 40.64431], [-74.03284, 40.64356], [-74.03267, 40.64372], [-74.03261, 40.6437], [-74.02906, 40.64173], [-74.0289, 40.64121], [-74.02891, 40.64117], [-74.02839, 40.64096], [-74.02803, 40.64079], [-74.02743, 40.64051], [-74.02703, 40.64035], [-74.02692, 40.64031], [-74.02674, 40.64024], [-74.02662, 40.6402], [-74.02626, 40.64009], [-74.02629, 40.64007], [-74.02635, 40.64002], [-74.02646, 40.63992], [-74.0266, 40.63979], [-74.02664, 40.63975], [-74.02686, 40.63954], [-74.02695, 40.63945], [-74.02475, 40.63812], [-74.02454, 40.63832], [-74.02417, 40.63867], [-74.02393, 40.6389], [-74.02355, 40.63932], [-74.02352, 40.63944], [-74.02348, 40.63953], [-74.02347, 40.63957], [-74.0234, 40.63969], [-74.02332, 40.6398], [-74.02322, 40.6399], [-74.02311, 40.64], [-74.02259, 40.64044], [-74.02246, 40.64054], [-74.02229, 40.64064], [-74.02223, 40.64068], [-74.02181, 40.64095], [-74.02173, 40.641], [-74.02152, 40.64115], [-74.0212, 40.64139], [-74.02114, 40.64143], [-74.02111, 40.64145], [-74.02108, 40.64149], [-74.02106, 40.64148], [-74.02109, 40.64144], [-74.02111, 40.64141], [-74.02114, 40.64136], [-74.02127, 40.64117], [-74.02147, 40.64083], [-74.02159, 40.64057], [-74.02162, 40.64051], [-74.02166, 40.64037], [-74.02171, 40.6402], [-74.02173, 40.64011], [-74.02176, 40.63982], [-74.02174, 40.63947], [-74.02174, 40.63944], [-74.02171, 40.6393], [-74.0217, 40.63927], [-74.02168, 40.63919], [-74.02165, 40.63909], [-74.02161, 40.63898], [-74.02155, 40.63883], [-74.02151, 40.63875], [-74.02141, 40.63858], [-74.02129, 40.63843], [-74.02116, 40.63828], [-74.02111, 40.63824], [-74.02108, 40.6382], [-74.02085, 40.63798], [-74.0206, 40.63777], [-74.02033, 40.63757], [-74.02003, 40.63738], [-74.01976, 40.63722], [-74.01962, 40.63713], [-74.01955, 40.63709], [-74.019, 40.63675], [-74.018, 40.63616], [-74.01755, 40.63589], [-74.0175, 40.63586], [-74.01727, 40.6357], [-74.01705, 40.63553], [-74.01684, 40.63536], [-74.01668, 40.63519], [-74.01661, 40.63512], [-74.01651, 40.63499], [-74.01647, 40.63494], [-74.01634, 40.63476], [-74.01627, 40.63463], [-74.01623, 40.63456], [-74.01614, 40.63436], [-74.01607, 40.63415], [-74.01603, 40.63394], [-74.016, 40.63373], [-74.016, 40.63352], [-74.01602, 40.63332], [-74.01591, 40.63337], [-74.0156, 40.63352], [-74.01515, 40.63322], [-74.01542, 40.63251], [-74.01575, 40.63176], [-74.01605, 40.63103], [-74.01634, 40.63029], [-74.01664, 40.62958], [-74.01693, 40.62884], [-74.01697, 40.62873], [-74.01722, 40.6281], [-74.01784, 40.62659], [-74.01875, 40.62432], [-74.01891, 40.62409], [-74.01908, 40.62361], [-74.01939, 40.62289], [-74.0197, 40.62218], [-74.02009, 40.62242], [-74.02062, 40.62181], [-74.0209, 40.62153], [-74.02118, 40.62125], [-74.02167, 40.62073], [-74.02173, 40.62068], [-74.02227, 40.62011], [-74.02288, 40.61947], [-74.02363, 40.61854], [-74.02387, 40.61826], [-74.02462, 40.61739], [-74.02525, 40.61668], [-74.02575, 40.61606], [-74.02607, 40.61549], [-74.02625, 40.6151], [-74.02651, 40.61467], [-74.02737, 40.61323], [-74.02754, 40.61294], [-74.02653, 40.61243], [-74.02638, 40.61245], [-74.02711, 40.61024], [-74.02498, 40.60974], [-74.02478, 40.6097], [-74.02458, 40.61022], [-74.0246, 40.61011], [-74.02459, 40.60999], [-74.02457, 40.60987], [-74.02453, 40.60976], [-74.02447, 40.60965], [-74.0244, 40.60955], [-74.0243, 40.60946], [-74.02151, 40.60782], [-74.02248, 40.60667], [-74.02079, 40.60567], [-74.02123, 40.60474], [-74.02139, 40.60449], [-74.0213, 40.60443], [-74.02054, 40.6042], [-74.01924, 40.60378], [-74.01919, 40.60376], [-74.01912, 40.60374], [-74.0191, 40.60373], [-74.01869, 40.60361], [-74.01871, 40.60358], [-74.01918, 40.60315], [-74.01918, 40.60315], [-74.01923, 40.6031], [-74.01939, 40.60291], [-74.01943, 40.60287], [-74.01975, 40.60308], [-74.0201, 40.60326], [-74.02025, 40.60332], [-74.02039, 40.60338], [-74.02054, 40.60344], [-74.0207, 40.60348], [-74.02086, 40.60352], [-74.02102, 40.60356], [-74.02118, 40.60358], [-74.02134, 40.6036], [-74.02151, 40.60362], [-74.02515, 40.60408], [-74.02931, 40.6046], [-74.03005, 40.60476], [-74.03089, 40.60518], [-74.03102, 40.60525], [-74.03143, 40.60553], [-74.0318, 40.60578], [-74.03186, 40.60581], [-74.03213, 40.6059], [-74.03271, 40.60633], [-74.03359, 40.60708], [-74.03378, 40.60725], [-74.03427, 40.60772], [-74.03436, 40.60782], [-74.03443, 40.60793], [-74.0345, 40.60804], [-74.03454, 40.60814], [-74.03459, 40.60823], [-74.03465, 40.60833], [-74.03472, 40.60842], [-74.03479, 40.6085], [-74.03487, 40.60858], [-74.03496, 40.60866], [-74.03505, 40.60873], [-74.03515, 40.6088], [-74.03526, 40.60886], [-74.0353, 40.60889], [-74.03535, 40.60891], [-74.0354, 40.60893], [-74.03548, 40.60894], [-74.03555, 40.60897], [-74.03562, 40.60899], [-74.03568, 40.60903], [-74.03574, 40.60907], [-74.03579, 40.60911], [-74.03604, 40.6093], [-74.03608, 40.60935], [-74.03611, 40.60939], [-74.03631, 40.6098], [-74.03634, 40.60996], [-74.03638, 40.61012], [-74.03643, 40.61028], [-74.03649, 40.61044], [-74.03656, 40.61059], [-74.03664, 40.61074], [-74.03672, 40.61089], [-74.03682, 40.61104], [-74.03692, 40.61118], [-74.03703, 40.61132], [-74.03714, 40.61146], [-74.03727, 40.61159], [-74.0374, 40.61172], [-74.03753, 40.61184], [-74.03873, 40.61294], [-74.03892, 40.61314], [-74.03921, 40.61344], [-74.03944, 40.61378], [-74.03982, 40.61433], [-74.04023, 40.61503], [-74.04038, 40.61534], [-74.04048, 40.61563], [-74.04073, 40.61705], [-74.04086, 40.61763], [-74.04102, 40.61831], [-74.04113, 40.61879], [-74.04138, 40.61999], [-74.04143, 40.62008], [-74.04149, 40.62018], [-74.04153, 40.62027], [-74.04157, 40.62037], [-74.0416, 40.62046], [-74.04162, 40.62056], [-74.04162, 40.62067], [-74.04162, 40.62077], [-74.04162, 40.62094], [-74.0416, 40.62111], [-74.04158, 40.62128], [-74.0416, 40.62147], [-74.04167, 40.62209], [-74.04175, 40.62246], [-74.04169, 40.6228], [-74.04171, 40.62324], [-74.04171, 40.62331], [-74.04176, 40.62343], [-74.0418, 40.62355], [-74.04183, 40.62368], [-74.04186, 40.6238], [-74.04188, 40.62393], [-74.04189, 40.62406], [-74.0419, 40.62419], [-74.0419, 40.6243], [-74.04189, 40.62441], [-74.04188, 40.62452], [-74.04176, 40.62505], [-74.04168, 40.62538], [-74.04164, 40.62601], [-74.04157, 40.62674], [-74.04143, 40.62807], [-74.04142, 40.62815], [-74.0413, 40.62886], [-74.04128, 40.62902], [-74.04109, 40.62973], [-74.0411, 40.62982], [-74.04111, 40.62991], [-74.0411, 40.63001], [-74.04109, 40.6301], [-74.04106, 40.63019], [-74.04103, 40.63028], [-74.04099, 40.63037], [-74.04094, 40.63045], [-74.04088, 40.63054], [-74.04082, 40.63062], [-74.04075, 40.63069], [-74.04066, 40.63089], [-74.04029, 40.63172], [-74.04015, 40.63202], [-74.03992, 40.63253], [-74.03929, 40.63389], [-74.03843, 40.63568], [-74.03816, 40.63624], [-74.03783, 40.63692], [-74.03745, 40.6377], [-74.03709, 40.63845], [-74.03681, 40.63898], [-74.03876, 40.63959], [-74.03869, 40.63974], [-74.03672, 40.63914], [-74.03661, 40.63936], [-74.03648, 40.63958], [-74.03634, 40.6398], [-74.0362, 40.64001], [-74.03609, 40.64017], [-74.03597, 40.64033], [-74.03584, 40.64049], [-74.03571, 40.64064], [-74.03598, 40.64094], [-74.03635, 40.64114], [-74.03673, 40.64146], [-74.03675, 40.64148], [-74.03676, 40.6415], [-74.03677, 40.64152], [-74.03678, 40.64154], [-74.03678, 40.64157], [-74.03677, 40.64159], [-74.03676, 40.64161], [-74.03674, 40.64163], [-74.03672, 40.64165], [-74.0367, 40.64166], [-74.03445, 40.64383], [-74.03454, 40.64388], [-74.03407, 40.64431]]]}}, {"type": "Feature", "properties": {"zone_id": 18, "zone": "Bedford Park", "borough": "Bronx", "demand": 22}, "geometry": {"type": "Polygon", "coordinates": [[[-73.88514, 40.86638], [-73.88594, 40.86592], [-73.88683, 40.86539], [-73.88812, 40.86425], [-73.8889, 40.86475], [-73.89016, 40.86348], [-73.89065, 40.86295], [-73.89115, 40.86248], [-73.89173, 40.86191], [-73.89177, 40.86187], [-73.89138, 40.8617], [-73.89142, 40.86166], [-73.89256, 40.86052], [-73.89322, 40.85987], [-73.89381, 40.85899], [-73.89469, 40.85943], [-73.89574, 40.85814], [-73.89636, 40.85837], [-73.89736, 40.85876], [-73.89818, 40.85908], [-73.89866, 40.85925], [-73.89884, 40.85931], [-73.8988, 40.85936], [-73.89859, 40.85977], [-73.89829, 40.86033], [-73.89823, 40.86045], [-73.89802, 40.86082], [-73.89774, 40.86135], [-73.89714, 40.86244], [-73.89737, 40.86243], [-73.89798, 40.8624], [-73.89841, 40.8623], [-73.89944, 40.86212], [-73.89964, 40.86221], [-73.89996, 40.86235], [-73.90028, 40.86247], [-73.90108, 40.86276], [-73.90028, 40.86379], [-73.89887, 40.86558], [-73.89798, 40.86673], [-73.8974, 40.86747], [-73.89631, 40.86704], [-73.89544, 40.8666], [-73.89536, 40.86656], [-73.89453, 40.86614], [-73.89438, 40.86607], [-73.89436, 40.86609], [-73.89432, 40.86615], [-73.89409, 40.86645], [-73.89397, 40.8666], [-73.89376, 40.86687], [-73.89368, 40.86698], [-73.893, 40.86788], [-73.89243, 40.86862], [-73.89221, 40.86891], [-73.89192, 40.8693], [-73.89175, 40.86951], [-73.89157, 40.86968], [-73.89139, 40.86985], [-73.89119, 40.87001], [-73.89099, 40.87016], [-73.89043, 40.87049], [-73.88992, 40.87078], [-73.8895, 40.87102], [-73.88884, 40.8714], [-73.88868, 40.87149], [-73.88834, 40.87171], [-73.88793, 40.87203], [-73.88785, 40.87211], [-73.88799, 40.87223], [-73.88858, 40.87272], [-73.88863, 40.87276], [-73.88937, 40.87338], [-73.88856, 40.8752], [-73.88824, 40.87589], [-73.88808, 40.87627], [-73.88774, 40.87703], [-73.88568, 40.87887], [-73.88541, 40.8791], [-73.88528, 40.87922], [-73.88505, 40.87889], [-73.88489, 40.87861], [-73.88477, 40.87839], [-73.88468, 40.87823], [-73.88383, 40.87678], [-73.88355, 40.87625], [-73.8835, 40.87616], [-73.88346, 40.87606], [-73.88346, 40.87606], [-73.88346, 40.87606], [-73.88343, 40.87595], [-73.88342, 40.87585], [-73.88342, 40.87574], [-73.88344, 40.87538], [-73.88344, 40.87479], [-73.8834, 40.87395], [-73.88335, 40.87376], [-73.88328, 40.87357], [-73.88319, 40.87339], [-73.88319, 40.87339], [-73.88319, 40.87339], [-73.88308, 40.87322], [-73.88308, 40.87322], [-73.88308, 40.87322], [-73.88296, 40.87305], [-73.88283, 40.87292], [-73.88283, 40.87292], [-73.88283, 40.87292], [-73.88272, 40.87277], [-73.88263, 40.87262], [-73.88263, 40.87262], [-73.88263, 40.87262], [-73.88255, 40.87246], [-73.88255, 40.87246], [-73.88255, 40.87246], [-73.8825, 40.87229], [-73.8825, 40.87229], [-73.8825, 40.87229], [-73.88247, 40.87213], [-73.88222, 40.87123], [-73.88198, 40.87039], [-73.88174, 40.86955], [-73.88147, 40.86857], [-73.88188, 40.86832], [-73.88284, 40.86774], [-73.88363, 40.86726], [-73.88443, 40.8668], [-73.88514, 40.86638]]]}}, {"type": "Feature", "properties": {"zone_id": 20, "zone": "Belmont", "borough": "Bronx", "demand": 23}, "geometry": {"type": "Polygon", "coordinates": [[[-73.88387, 40.86429], [-73.88379, 40.86417], [-73.88379, 40.86417], [-73.88201, 40.86205], [-73.88103, 40.86127], [-73.88093, 40.86116], [-73.88083, 40.86104], [-73.88075, 40.86091], [-73.88069, 40.86078], [-73.88064, 40.86064], [-73.88062, 40.8605], [-73.88061, 40.86036], [-73.88076, 40.85949], [-73.88097, 40.85854], [-73.88099, 40.85846], [-73.88101, 40.85827], [-73.881, 40.85808], [-73.88098, 40.85788], [-73.88094, 40.85769], [-73.88094, 40.85769], [-73.88094, 40.85769], [-73.88088, 40.85751], [-73.88081, 40.8572], [-73.88079, 40.85713], [-73.88077, 40.85704], [-73.88073, 40.85681], [-73.88073, 40.85668], [-73.88103, 40.8556], [-73.88167, 40.85335], [-73.882, 40.85219], [-73.88232, 40.85106], [-73.88256, 40.85022], [-73.88285, 40.84919], [-73.88288, 40.84907], [-73.88312, 40.84822], [-73.88323, 40.84835], [-73.88378, 40.84868], [-73.8848, 40.84931], [-73.88581, 40.84993], [-73.88644, 40.85031], [-73.88752, 40.85095], [-73.88801, 40.85098], [-73.88824, 40.85103], [-73.88878, 40.85134], [-73.88895, 40.85144], [-73.88952, 40.8518], [-73.88963, 40.85189], [-73.88988, 40.85207], [-73.88994, 40.85259], [-73.88963, 40.85317], [-73.88961, 40.85362], [-73.89003, 40.85422], [-73.89039, 40.85469], [-73.89044, 40.85505], [-73.89077, 40.85581], [-73.89109, 40.8566], [-73.8911, 40.85678], [-73.89111, 40.85743], [-73.89111, 40.85785], [-73.89111, 40.85838], [-73.89112, 40.85866], [-73.89112, 40.85887], [-73.89113, 40.86006], [-73.89059, 40.86072], [-73.89028, 40.86111], [-73.89037, 40.86116], [-73.89067, 40.86132], [-73.89082, 40.8614], [-73.89106, 40.86153], [-73.89138, 40.8617], [-73.89177, 40.86187], [-73.89173, 40.86191], [-73.89065, 40.86295], [-73.89016, 40.86348], [-73.8889, 40.86475], [-73.88812, 40.86425], [-73.88683, 40.86539], [-73.88594, 40.86592], [-73.88514, 40.86638], [-73.88443, 40.8668], [-73.88363, 40.86726], [-73.88309, 40.86659], [-73.88298, 40.86645], [-73.88272, 40.86613], [-73.88268, 40.86609], [-73.88274, 40.86605], [-73.8832, 40.86577], [-73.88344, 40.86562], [-73.88356, 40.86553], [-73.88367, 40.86542], [-73.88377, 40.86531], [-73.88384, 40.8652], [-73.8839, 40.86507], [-73.88394, 40.86495], [-73.88397, 40.86482], [-73.88398, 40.86468], [-73.88396, 40.86455], [-73.88392, 40.86442], [-73.88387, 40.86429]]]}}, {"type": "Feature", "properties": {"zone_id": 22, "zone": "Bensonhurst West", "borough": "Brooklyn", "demand": 17}, "geometry": {"type": "Polygon", "coordinates": [[[-73.99255, 40.62427], [-73.99009, 40.62279], [-73.98785, 40.62143], [-73.98569, 40.62013], [-73.98628, 40.61957], [-73.98407, 40.61824], [-73.98187, 40.61691], [-73.98088, 40.61631], [-73.98004, 40.61581], [-73.97964, 40.61556], [-73.98022, 40.615], [-73.98081, 40.61445], [-73.98144, 40.61384], [-73.98175, 40.61355], [-73.98206, 40.61324], [-73.98216, 40.61315], [-73.98266, 40.61269], [-73.98322, 40.61212], [-73.98335, 40.61199], [-73.98381, 40.61156], [-73.98416, 40.61122], [-73.98438, 40.61101], [-73.98496, 40.61045], [-73.98536, 40.61007], [-73.98555, 40.60989], [-73.98576, 40.60968], [-73.98613, 40.60933], [-73.98671, 40.60877], [-73.98734, 40.60817], [-73.98738, 40.60813], [-73.98797, 40.60757], [-73.98842, 40.60712], [-73.98855, 40.607], [-73.98913, 40.60646], [-73.98865, 40.60617], [-73.98685, 40.6051], [-73.98748, 40.60454], [-73.98806, 40.60398], [-73.98869, 40.60343], [-73.98922, 40.60287], [-73.98981, 40.6023], [-73.99039, 40.60174], [-73.99097, 40.60118], [-73.9916, 40.60058], [-73.99336, 40.59889], [-73.99523, 40.59709], [-73.9963, 40.59606], [-73.99675, 40.59564], [-73.99669, 40.5956], [-73.99639, 40.59535], [-73.99612, 40.59512], [-73.99588, 40.59491], [-73.9955, 40.59459], [-73.99531, 40.59443], [-73.99536, 40.5944], [-73.99619, 40.59399], [-73.99629, 40.59372], [-73.99631, 40.59367], [-73.99634, 40.59362], [-73.99737, 40.59397], [-73.99839, 40.59353], [-73.99854, 40.5936], [-74.00031, 40.5928], [-74.00106, 40.59254], [-74.00164, 40.59348], [-74.00193, 40.59389], [-74.00184, 40.59398], [-74.002, 40.59413], [-74.00028, 40.5957], [-74.00004, 40.59594], [-74.0, 40.59597], [-73.99997, 40.59599], [-73.99951, 40.59644], [-73.99932, 40.59664], [-73.99866, 40.59727], [-73.99734, 40.59855], [-73.99559, 40.60023], [-73.99637, 40.6007], [-73.99708, 40.60113], [-73.99782, 40.60158], [-73.99856, 40.60203], [-73.99928, 40.60246], [-74.00002, 40.60291], [-74.00032, 40.60262], [-74.0011, 40.60303], [-74.00185, 40.60343], [-74.00263, 40.60385], [-74.00341, 40.60426], [-74.00416, 40.60465], [-74.00445, 40.6048], [-74.00493, 40.60507], [-74.00442, 40.60557], [-74.00264, 40.60726], [-74.00195, 40.60782], [-74.00172, 40.608], [-74.00131, 40.60834], [-74.00094, 40.60864], [-74.00185, 40.60914], [-74.00266, 40.60957], [-74.00343, 40.60997], [-74.00601, 40.61132], [-74.00709, 40.61191], [-74.00788, 40.61234], [-74.0083, 40.61257], [-74.0102, 40.61371], [-74.0105, 40.6139], [-74.00992, 40.61446], [-74.00934, 40.61501], [-74.00876, 40.61558], [-74.00818, 40.61613], [-74.0076, 40.61669], [-74.00702, 40.61725], [-74.00643, 40.61781], [-74.00585, 40.61837], [-74.00523, 40.61897], [-74.0046, 40.61958], [-74.00402, 40.62014], [-74.00344, 40.6207], [-74.00286, 40.62125], [-74.00228, 40.62181], [-74.00169, 40.62237], [-74.0012, 40.62284], [-74.00053, 40.62349], [-73.99995, 40.62405], [-73.99932, 40.62465], [-73.99771, 40.62368], [-73.99748, 40.62452], [-73.99724, 40.62529], [-73.99702, 40.62606], [-73.99688, 40.62653], [-73.99679, 40.62683], [-73.99508, 40.62581], [-73.99465, 40.6257], [-73.99473, 40.62561], [-73.99489, 40.62546], [-73.99433, 40.62534], [-73.99398, 40.62514], [-73.99255, 40.62427]]]}}, {"type": "Feature", "properties": {"zone_id": 26, "zone": "Borough Park", "borough": "Brooklyn", "demand": 14}, "geometry": {"type": "Polygon", "coordinates": [[[-73.98332, 40.64148], [-73.98299, 40.64132], [-73.98244, 40.64154], [-73.98204, 40.64171], [-73.98123, 40.64204], [-73.98042, 40.64238], [-73.98007, 40.64054], [-73.98001, 40.64021], [-73.97991, 40.63969], [-73.97987, 40.63952], [-73.97968, 40.63846], [-73.97955, 40.63782], [-73.97948, 40.63743], [-73.97939, 40.63693], [-73.97929, 40.63641], [-73.97911, 40.63544], [-73.97802, 40.63555], [-73.97689, 40.63567], [-73.97664, 40.63435], [-73.97655, 40.6339], [-73.97643, 40.63329], [-73.97605, 40.63128], [-73.97717, 40.63075], [-73.977, 40.62987], [-73.97685, 40.62909], [-73.9767, 40.62835], [-73.97658, 40.62757], [-73.97651, 40.62729], [-73.97645, 40.62701], [-73.97623, 40.62598], [-73.97726, 40.62585], [-73.9772, 40.6251], [-73.97711, 40.62495], [-73.97694, 40.62405], [-73.97683, 40.62348], [-73.97675, 40.62301], [-73.97657, 40.62199], [-73.97695, 40.62163], [-73.97705, 40.62153], [-73.97539, 40.62077], [-73.97682, 40.61868], [-73.97752, 40.61768], [-73.97785, 40.61729], [-73.97563, 40.61595], [-73.97537, 40.61575], [-73.97544, 40.61611], [-73.97548, 40.61631], [-73.97444, 40.61642], [-73.97336, 40.61654], [-73.9729, 40.61415], [-73.97399, 40.61403], [-73.97517, 40.61472], [-73.97497, 40.61367], [-73.97489, 40.61319], [-73.97478, 40.61264], [-73.97521, 40.61288], [-73.97741, 40.61422], [-73.97964, 40.61556], [-73.98004, 40.61581], [-73.98088, 40.61631], [-73.98187, 40.61691], [-73.98407, 40.61824], [-73.98628, 40.61957], [-73.98569, 40.62013], [-73.98785, 40.62143], [-73.99009, 40.62279], [-73.99255, 40.62427], [-73.99398, 40.62514], [-73.99433, 40.62534], [-73.99489, 40.62546], [-73.99473, 40.62561], [-73.99465, 40.6257], [-73.99508, 40.62581], [-73.99679, 40.62683], [-73.99688, 40.62653], [-73.99702, 40.62606], [-73.99724, 40.62529], [-73.99812, 40.62582], [-74.00031, 40.62714], [-74.00251, 40.62847], [-74.00223, 40.62875], [-74.00193, 40.62903], [-74.00306, 40.62971], [-74.00369, 40.63009], [-74.00414, 40.63036], [-74.00634, 40.63169], [-74.00702, 40.63211], [-74.00681, 40.63225], [-74.00662, 40.63238], [-74.00631, 40.63258], [-74.00556, 40.63308], [-74.00736, 40.63416], [-74.00675, 40.63474], [-74.00642, 40.63506], [-74.00617, 40.6353], [-74.00559, 40.63587], [-74.005, 40.63642], [-74.00442, 40.63698], [-74.00411, 40.63728], [-74.00384, 40.63755], [-74.00325, 40.6381], [-74.00267, 40.63867], [-74.00237, 40.63896], [-74.00209, 40.63922], [-74.00151, 40.63978], [-74.00093, 40.64035], [-74.00066, 40.6406], [-74.00034, 40.6409], [-73.99976, 40.64147], [-73.99918, 40.64203], [-73.99697, 40.64069], [-73.99551, 40.63981], [-73.9948, 40.64029], [-73.99433, 40.6406], [-73.99408, 40.64077], [-73.99336, 40.64125], [-73.99264, 40.64173], [-73.99193, 40.6422], [-73.99121, 40.64269], [-73.9905, 40.64316], [-73.98978, 40.64364], [-73.98906, 40.64412], [-73.98835, 40.64456], [-73.9875, 40.64405], [-73.98673, 40.64357], [-73.9859, 40.64307], [-73.9851, 40.64257], [-73.98459, 40.64226], [-73.9843, 40.64208], [-73.98332, 40.64148]]]}}, {"type": "Feature", "properties": {"zone_id": 28, "zone": "Briarwood/Jamaica Hills", "borough": "Queens", "demand": 37}, "geometry": {"type": "Polygon", "coordinates": [[[-73.7924, 40.71619], [-73.79269, 40.71568], [-73.79315, 40.71493], [-73.79346, 40.71442], [-73.79353, 40.71428], [-73.79353, 40.71428], [-73.79353, 40.71428], [-73.79359, 40.71413], [-73.79362, 40.71397], [-73.79364, 40.71382], [-73.79364, 40.71382], [-73.79364, 40.71382], [-73.79363, 40.71366], [-73.79361, 40.71351], [-73.79361, 40.71351], [-73.79361, 40.71351], [-73.79356, 40.71336], [-73.7935, 40.71321], [-73.79322, 40.71261], [-73.79313, 40.71241], [-73.79307, 40.7122], [-73.79303, 40.71198], [-73.79301, 40.71176], [-73.79301, 40.71155], [-73.79304, 40.71071], [-73.7939, 40.71035], [-73.79473, 40.71001], [-73.79562, 40.70975], [-73.79639, 40.70953], [-73.79731, 40.70927], [-73.79777, 40.70914], [-73.79807, 40.70964], [-73.7987, 40.71066], [-73.79986, 40.71025], [-73.80107, 40.70982], [-73.80119, 40.70979], [-73.80119, 40.70979], [-73.80119, 40.70979], [-73.80131, 40.70974], [-73.80131, 40.70974], [-73.80131, 40.70974], [-73.80141, 40.70969], [-73.80141, 40.70969], [-73.80141, 40.70969], [-73.80151, 40.70962], [-73.80151, 40.70962], [-73.80151, 40.70962], [-73.8016, 40.70955], [-73.80193, 40.70891], [-73.80213, 40.70874], [-73.80233, 40.70857], [-73.80255, 40.70842], [-73.80278, 40.70827], [-73.80302, 40.70814], [-73.80279, 40.70772], [-73.80223, 40.70675], [-73.80166, 40.70576], [-73.80266, 40.70548], [-73.80357, 40.70523], [-73.80565, 40.70467], [-73.80614, 40.70569], [-73.80659, 40.70663], [-73.80695, 40.70737], [-73.80935, 40.70668], [-73.81201, 40.70594], [-73.8119, 40.70512], [-73.8118, 40.70437], [-73.81177, 40.70418], [-73.81171, 40.70366], [-73.81163, 40.70305], [-73.81153, 40.70227], [-73.81193, 40.70234], [-73.81302, 40.70249], [-73.81314, 40.7025], [-73.81356, 40.70253], [-73.81399, 40.70254], [-73.81429, 40.70253], [-73.81496, 40.7025], [-73.81532, 40.70249], [-73.81594, 40.70246], [-73.81629, 40.70245], [-73.81638, 40.70245], [-73.81659, 40.70291], [-73.8167, 40.70316], [-73.81698, 40.70374], [-73.8171, 40.70403], [-73.81736, 40.70455], [-73.81738, 40.7046], [-73.8181, 40.70597], [-73.81822, 40.70618], [-73.81829, 40.7063], [-73.81861, 40.70685], [-73.81892, 40.70735], [-73.81899, 40.70747], [-73.81905, 40.70757], [-73.81911, 40.70767], [-73.81916, 40.70776], [-73.81922, 40.70785], [-73.81955, 40.70842], [-73.81994, 40.70902], [-73.82023, 40.70946], [-73.82045, 40.70977], [-73.82065, 40.70999], [-73.82082, 40.71017], [-73.82099, 40.71032], [-73.82176, 40.71099], [-73.82253, 40.71165], [-73.82289, 40.71193], [-73.8232, 40.71221], [-73.82345, 40.71246], [-73.82364, 40.71267], [-73.82385, 40.71293], [-73.82399, 40.71322], [-73.82429, 40.71387], [-73.82468, 40.71445], [-73.82472, 40.71451], [-73.82497, 40.7148], [-73.82517, 40.71503], [-73.82537, 40.71526], [-73.8256, 40.71551], [-73.82567, 40.71561], [-73.82571, 40.71567], [-73.82574, 40.7157], [-73.82589, 40.71594], [-73.82592, 40.71599], [-73.82566, 40.71615], [-73.82561, 40.71621], [-73.82525, 40.71645], [-73.82509, 40.71645], [-73.82347, 40.71673], [-73.82187, 40.71692], [-73.82101, 40.71688], [-73.82052, 40.71681], [-73.82019, 40.71673], [-73.81949, 40.71648], [-73.81932, 40.71641], [-73.81875, 40.71617], [-73.81853, 40.71608], [-73.81828, 40.716], [-73.8179, 40.71592], [-73.81778, 40.7159], [-73.81768, 40.71588], [-73.81744, 40.71586], [-73.8172, 40.71584], [-73.81681, 40.71583], [-73.81644, 40.71583], [-73.81636, 40.71583], [-73.81629, 40.71583], [-73.81596, 40.71584], [-73.81524, 40.71586], [-73.81364, 40.71589], [-73.81291, 40.7159], [-73.81152, 40.7159], [-73.81115, 40.71591], [-73.81022, 40.71591], [-73.80781, 40.71585], [-73.80671, 40.71588], [-73.80579, 40.71594], [-73.80494, 40.716], [-73.80464, 40.71603], [-73.80395, 40.7161], [-73.8032, 40.7162], [-73.80314, 40.71621], [-73.80309, 40.71622], [-73.80188, 40.71641], [-73.80093, 40.7166], [-73.80022, 40.71674], [-73.80005, 40.71678], [-73.7996, 40.7169], [-73.79913, 40.71703], [-73.79803, 40.71735], [-73.79741, 40.71753], [-73.79654, 40.71779], [-73.79564, 40.71808], [-73.79481, 40.71837], [-73.79444, 40.7185], [-73.79399, 40.71864], [-73.79316, 40.71892], [-73.79309, 40.71893], [-73.79262, 40.71904], [-73.7925, 40.71907], [-73.79211, 40.71914], [-73.79177, 40.71918], [-73.79156, 40.7192], [-73.79142, 40.7192], [-73.79073, 40.71921], [-73.79077, 40.71913], [-73.7909, 40.71888], [-73.79124, 40.71869], [-73.79137, 40.71861], [-73.7915, 40.71852], [-73.79162, 40.71842], [-73.79173, 40.71832], [-73.7919, 40.71814], [-73.79201, 40.71797], [-73.79211, 40.71779], [-73.79211, 40.71779], [-73.79219, 40.71761], [-73.79224, 40.71743], [-73.79227, 40.71728], [-73.79234, 40.71646], [-73.7924, 40.71619]]]}}, {"type": "Feature", "properties": {"zone_id": 29, "zone": "Brighton Beach", "borough": "Brooklyn", "demand": 14}, "geometry": {"type": "Polygon", "coordinates": [[[-73.96005, 40.58327], [-73.95901, 40.58284], [-73.95734, 40.58302], [-73.95724, 40.58304], [-73.95713, 40.58305], [-73.95703, 40.58304], [-73.95696, 40.58298], [-73.95689, 40.58293], [-73.95683, 40.58289], [-73.95676, 40.58283], [-73.95646, 40.58266], [-73.95604, 40.58274], [-73.95571, 40.5828], [-73.95517, 40.58292], [-73.95437, 40.58308], [-73.95414, 40.58311], [-73.95412, 40.58298], [-73.95411, 40.58292], [-73.95407, 40.5827], [-73.95404, 40.58252], [-73.95392, 40.58187], [-73.95384, 40.58175], [-73.95374, 40.58136], [-73.95334, 40.57927], [-73.9531, 40.57799], [-73.95304, 40.57768], [-73.953, 40.57748], [-73.95287, 40.57688], [-73.95243, 40.57456], [-73.95236, 40.57427], [-73.95254, 40.57422], [-73.95276, 40.57421], [-73.95295, 40.57425], [-73.95312, 40.57429], [-73.95328, 40.57429], [-73.9534, 40.57429], [-73.95353, 40.5743], [-73.95374, 40.5743], [-73.95378, 40.57429], [-73.95385, 40.57427], [-73.95394, 40.57424], [-73.95399, 40.57427], [-73.95401, 40.57424], [-73.95403, 40.57409], [-73.95408, 40.57407], [-73.95411, 40.5741], [-73.9541, 40.57429], [-73.95413, 40.57433], [-73.9544, 40.57437], [-73.95511, 40.57437], [-73.95514, 40.57437], [-73.9557, 40.57433], [-73.95621, 40.57427], [-73.95635, 40.57421], [-73.95637, 40.57417], [-73.9563, 40.57383], [-73.95631, 40.5738], [-73.95635, 40.5738], [-73.95639, 40.57382], [-73.95647, 40.57414], [-73.95657, 40.57417], [-73.9572, 40.57419], [-73.95794, 40.57414], [-73.95844, 40.57409], [-73.95865, 40.57405], [-73.95888, 40.57399], [-73.95897, 40.57395], [-73.95898, 40.5739], [-73.95894, 40.57347], [-73.95899, 40.57343], [-73.95903, 40.57345], [-73.95907, 40.57385], [-73.9591, 40.57386], [-73.95939, 40.57391], [-73.95942, 40.57518], [-73.96103, 40.57508], [-73.96286, 40.57498], [-73.96471, 40.57478], [-73.96675, 40.57483], [-73.96757, 40.57488], [-73.96766, 40.57504], [-73.9678, 40.57502], [-73.96796, 40.57501], [-73.96811, 40.57502], [-73.96826, 40.57505], [-73.9684, 40.57509], [-73.96853, 40.57514], [-73.96883, 40.57524], [-73.96889, 40.57526], [-73.96883, 40.57534], [-73.9688, 40.57538], [-73.96873, 40.5755], [-73.96868, 40.57563], [-73.96867, 40.5757], [-73.96865, 40.57576], [-73.96855, 40.57624], [-73.96853, 40.5763], [-73.96852, 40.57634], [-73.96835, 40.57711], [-73.96805, 40.57844], [-73.96762, 40.5803], [-73.9676, 40.58038], [-73.96759, 40.58043], [-73.96733, 40.58152], [-73.96709, 40.5826], [-73.96707, 40.58267], [-73.96701, 40.58295], [-73.96692, 40.58335], [-73.96686, 40.58359], [-73.96683, 40.58368], [-73.96681, 40.58376], [-73.96678, 40.58391], [-73.96676, 40.58398], [-73.96675, 40.58406], [-73.96673, 40.58414], [-73.96671, 40.58424], [-73.96662, 40.58457], [-73.9666, 40.58464], [-73.96654, 40.58496], [-73.9665, 40.58514], [-73.96644, 40.58541], [-73.96637, 40.58575], [-73.96633, 40.5859], [-73.96615, 40.58667], [-73.96598, 40.58743], [-73.96581, 40.58813], [-73.96564, 40.58889], [-73.96547, 40.58964], [-73.9653, 40.59036], [-73.96514, 40.5911], [-73.96484, 40.59114], [-73.96377, 40.59126], [-73.96284, 40.59136], [-73.96068, 40.5916], [-73.96062, 40.59086], [-73.96057, 40.59018], [-73.96052, 40.58945], [-73.96046, 40.58872], [-73.96041, 40.58803], [-73.96035, 40.58731], [-73.96032, 40.58651], [-73.96032, 40.58644], [-73.96034, 40.58628], [-73.96035, 40.58612], [-73.96034, 40.58597], [-73.96033, 40.58581], [-73.96026, 40.58503], [-73.96024, 40.58483], [-73.96024, 40.58479], [-73.96024, 40.58475], [-73.96023, 40.58468], [-73.96023, 40.58461], [-73.96022, 40.58451], [-73.96015, 40.58358], [-73.96011, 40.58341], [-73.96005, 40.58327]]]}}, {"type": "Feature", "properties": {"zone_id": 35, "zone": "Brownsville", "borough": "Brooklyn", "demand": 36}, "geometry": {"type": "Polygon", "coordinates": [[[-73.90105, 40.66212], [-73.90066, 40.66059], [-73.90015, 40.66065], [-73.89989, 40.66064], [-73.89973, 40.6607], [-73.89965, 40.66073], [-73.89922, 40.65911], [-73.89884, 40.65753], [-73.89882, 40.65745], [-73.89881, 40.65741], [-73.89892, 40.65739], [-73.89904, 40.65737], [-73.89948, 40.65732], [-73.89969, 40.6573], [-73.89989, 40.65727], [-73.90003, 40.65725], [-73.90029, 40.65721], [-73.90039, 40.65718], [-73.90049, 40.65715], [-73.90058, 40.6571], [-73.90065, 40.65704], [-73.90119, 40.65651], [-73.9023, 40.65578], [-73.90245, 40.65566], [-73.90262, 40.65556], [-73.9028, 40.65546], [-73.90298, 40.65538], [-73.90318, 40.65531], [-73.90414, 40.65515], [-73.90446, 40.6551], [-73.90489, 40.65504], [-73.90507, 40.65501], [-73.90556, 40.65494], [-73.90607, 40.65486], [-73.90692, 40.65474], [-73.90784, 40.65459], [-73.90783, 40.65453], [-73.9078, 40.65444], [-73.9074, 40.65284], [-73.90822, 40.65231], [-73.90856, 40.6521], [-73.90934, 40.65281], [-73.9097, 40.65415], [-73.90973, 40.65425], [-73.90974, 40.65431], [-73.90976, 40.65437], [-73.90978, 40.65447], [-73.91012, 40.65585], [-73.91108, 40.6557], [-73.912, 40.65556], [-73.91236, 40.65551], [-73.91314, 40.65622], [-73.91378, 40.65678], [-73.91403, 40.657], [-73.91441, 40.65736], [-73.91557, 40.65839], [-73.91573, 40.65855], [-73.91707, 40.65974], [-73.91742, 40.66005], [-73.91818, 40.66073], [-73.9183, 40.66116], [-73.9186, 40.66112], [-73.91894, 40.66142], [-73.9192, 40.66165], [-73.91946, 40.66188], [-73.91959, 40.662], [-73.91963, 40.66171], [-73.91966, 40.6614], [-73.91974, 40.66077], [-73.9199, 40.66034], [-73.91999, 40.66011], [-73.92008, 40.65986], [-73.92021, 40.65997], [-73.92091, 40.6606], [-73.92273, 40.66223], [-73.92455, 40.66386], [-73.92638, 40.66551], [-73.92592, 40.66571], [-73.92546, 40.66592], [-73.92439, 40.66638], [-73.92424, 40.66644], [-73.92331, 40.66685], [-73.92323, 40.66689], [-73.92312, 40.66694], [-73.92303, 40.66697], [-73.92281, 40.66707], [-73.92275, 40.6671], [-73.92222, 40.66733], [-73.92187, 40.66748], [-73.92102, 40.66785], [-73.92015, 40.66823], [-73.92011, 40.66838], [-73.92, 40.66841], [-73.91923, 40.66863], [-73.91838, 40.669], [-73.91748, 40.66939], [-73.91714, 40.66954], [-73.91658, 40.66979], [-73.91652, 40.66981], [-73.91647, 40.66984], [-73.91586, 40.6701], [-73.9158, 40.67013], [-73.91573, 40.67016], [-73.91558, 40.67022], [-73.91553, 40.67024], [-73.91487, 40.67053], [-73.91462, 40.67064], [-73.91454, 40.67067], [-73.91404, 40.6709], [-73.91309, 40.67131], [-73.91222, 40.67169], [-73.91134, 40.67208], [-73.91116, 40.67215], [-73.9111, 40.67218], [-73.91105, 40.6722], [-73.91046, 40.67245], [-73.91037, 40.67248], [-73.91019, 40.67256], [-73.91014, 40.67258], [-73.90996, 40.67266], [-73.9099, 40.67268], [-73.90954, 40.67283], [-73.90925, 40.67295], [-73.90842, 40.67331], [-73.90833, 40.67335], [-73.90828, 40.67338], [-73.90788, 40.67357], [-73.90747, 40.67376], [-73.90696, 40.67398], [-73.9063, 40.67426], [-73.90609, 40.67435], [-73.90583, 40.67447], [-73.90524, 40.67472], [-73.90451, 40.67505], [-73.90439, 40.67521], [-73.90429, 40.67523], [-73.90374, 40.67541], [-73.90347, 40.67551], [-73.90346, 40.67546], [-73.90344, 40.67538], [-73.90322, 40.67447], [-73.90297, 40.67344], [-73.90266, 40.6722], [-73.90229, 40.67094], [-73.90198, 40.66967], [-73.90167, 40.66841], [-73.90127, 40.66688], [-73.90085, 40.66535], [-73.90042, 40.66381], [-73.90051, 40.66379], [-73.90072, 40.66376], [-73.90145, 40.66366], [-73.90105, 40.66212]]]}}, {"type": "Feature", "properties": {"zone_id": 39, "zone": "Canarsie", "borough": "Brooklyn", "demand": 16}, "geometry": {"type": "MultiPolygon", "coordinates": [[[[-73.89122, 40.64999], [-73.89057, 40.64921], [-73.89058, 40.64921], [-73.89059, 40.64921], [-73.8906, 40.64921], [-73.8906, 40.64922], [-73.89061, 40.64922], [-73.89061, 40.64922], [-73.89062, 40.64922], [-73.89063, 40.64923], [-73.89065, 40.64923], [-73.89066, 40.64924], [-73.89069, 40.64926], [-73.89071, 40.64927], [-73.89072, 40.64928], [-73.89074, 40.6493], [-73.89076, 40.64931], [-73.89076, 40.64932], [-73.89077, 40.64933], [-73.89078, 40.64934], [-73.89079, 40.64934], [-73.89079, 40.64935], [-73.8908, 40.64935], [-73.89081, 40.64936], [-73.89082, 40.64936], [-73.89083, 40.64937], [-73.89084, 40.64937], [-73.89085, 40.64937], [-73.89086, 40.64938], [-73.89087, 40.64938], [-73.89088, 40.64938], [-73.89089, 40.64938], [-73.8909, 40.64938], [-73.89092, 40.64938], [-73.89093, 40.64938], [-73.89095, 40.64937], [-73.89096, 40.64937], [-73.89098, 40.64937], [-73.89098, 40.64936], [-73.89099, 40.64936], [-73.891, 40.64935], [-73.89102, 40.64934], [-73.89103, 40.64933], [-73.89104, 40.64932], [-73.89105, 40.64931], [-73.89106, 40.6493], [-73.89106, 40.6493], [-73.89107, 40.64929], [-73.89108, 40.64928], [-73.89109, 40.64927], [-73.8911, 40.64926], [-73.8911, 40.64925], [-73.89111, 40.64923], [-73.89112, 40.64922], [-73.89113, 40.64921], [-73.89114, 40.6492], [-73.89115, 40.64919], [-73.89116, 40.64919], [-73.89116, 40.64919], [-73.89117, 40.64918], [-73.89118, 40.64917], [-73.89119, 40.64916], [-73.89119, 40.64916], [-73.8912, 40.64915], [-73.8912, 40.64914], [-73.8912, 40.64913], [-73.8912, 40.64913], [-73.89121, 40.64912], [-73.89121, 40.64911], [-73.89121, 40.64911], [-73.89121, 40.6491], [-73.8912, 40.6491], [-73.8912, 40.64909], [-73.8912, 40.64908], [-73.8912, 40.64907], [-73.89119, 40.64907], [-73.89119, 40.64904], [-73.89118, 40.64902], [-73.89118, 40.649], [-73.89117, 40.64898], [-73.89117, 40.64896], [-73.89116, 40.64894], [-73.89115, 40.64892], [-73.89114, 40.64889], [-73.89113, 40.64887], [-73.89112, 40.64885], [-73.89111, 40.64883], [-73.8911, 40.64881], [-73.89108, 40.64879], [-73.89104, 40.64874], [-73.891, 40.6487], [-73.891, 40.64869], [-73.891, 40.64869], [-73.89096, 40.64864], [-73.89092, 40.6486], [-73.89091, 40.64859], [-73.89087, 40.64855], [-73.89085, 40.64852], [-73.89085, 40.64852], [-73.89082, 40.64849], [-73.89079, 40.64847], [-73.89079, 40.64847], [-73.89076, 40.64844], [-73.89073, 40.64842], [-73.89072, 40.64841], [-73.8907, 40.64839], [-73.89066, 40.64837], [-73.89063, 40.64834], [-73.8906, 40.64832], [-73.89057, 40.6483], [-73.89055, 40.64828], [-73.89053, 40.64826], [-73.89051, 40.64824], [-73.89049, 40.64823], [-73.89047, 40.64821], [-73.89045, 40.64819], [-73.89044, 40.64817], [-73.89042, 40.64815], [-73.89041, 40.64813], [-73.89039, 40.64811], [-73.89034, 40.64804], [-73.89032, 40.64802], [-73.8903, 40.64799], [-73.89028, 40.64797], [-73.89026, 40.64795], [-73.89024, 40.64792], [-73.89022, 40.6479], [-73.89019, 40.64788], [-73.89017, 40.64786], [-73.89013, 40.64782], [-73.89012, 40.64782], [-73.89011, 40.64781], [-73.89009, 40.64779], [-73.89008, 40.64778], [-73.89003, 40.64774], [-73.89, 40.64771], [-73.89, 40.64771], [-73.88999, 40.6477], [-73.88998, 40.64769], [-73.88996, 40.64768], [-73.88995, 40.64767], [-73.88994, 40.64766], [-73.88992, 40.64765], [-73.88991, 40.64764], [-73.8899, 40.64762], [-73.88989, 40.64761], [-73.88988, 40.6476], [-73.88987, 40.64758], [-73.88986, 40.64757], [-73.88986, 40.64756], [-73.88984, 40.64753], [-73.88982, 40.64751], [-73.88979, 40.64749], [-73.88977, 40.64746], [-73.88975, 40.64745], [-73.88975, 40.64744], [-73.88972, 40.64742], [-73.8897, 40.6474], [-73.88967, 40.64738], [-73.88964, 40.64735], [-73.88961, 40.64732], [-73.88958, 40.64729], [-73.88955, 40.64726], [-73.88952, 40.64723], [-73.88948, 40.6472], [-73.88945, 40.64717], [-73.88943, 40.64715], [-73.88941, 40.64713], [-73.8894, 40.64711], [-73.88938, 40.64708], [-73.88937, 40.64706], [-73.88935, 40.64703], [-73.88947, 40.64696], [-73.88949, 40.64693], [-73.88948, 40.64691], [-73.88941, 40.6468], [-73.88919, 40.64652], [-73.88908, 40.64639], [-73.8888, 40.64605], [-73.88878, 40.64606], [-73.88876, 40.64607], [-73.889, 40.64637], [-73.88931, 40.64675], [-73.88941, 40.64689], [-73.88942, 40.64692], [-73.88941, 40.64694], [-73.88938, 40.64697], [-73.88931, 40.64701], [-73.88919, 40.64708], [-73.88919, 40.64708], [-73.88913, 40.64709], [-73.88909, 40.64707], [-73.88906, 40.64704], [-73.88905, 40.64705], [-73.88904, 40.64707], [-73.88905, 40.64708], [-73.88899, 40.64716], [-73.8889, 40.64722], [-73.88887, 40.64722], [-73.88885, 40.64721], [-73.8888, 40.6472], [-73.88878, 40.64719], [-73.88878, 40.64719], [-73.88876, 40.64718], [-73.88873, 40.64715], [-73.88873, 40.64714], [-73.88872, 40.64712], [-73.88871, 40.64711], [-73.88869, 40.6471], [-73.88867, 40.64709], [-73.88864, 40.64708], [-73.88854, 40.64697], [-73.88855, 40.64697], [-73.88856, 40.64697], [-73.88857, 40.64697], [-73.88858, 40.64696], [-73.8886, 40.64696], [-73.88862, 40.64695], [-73.88864, 40.64691], [-73.88865, 40.64688], [-73.88865, 40.64686], [-73.88866, 40.64683], [-73.88865, 40.6468], [-73.88864, 40.64678], [-73.88862, 40.64673], [-73.8886, 40.64671], [-73.8886, 40.64671], [-73.88856, 40.64669], [-73.8885, 40.64666], [-73.88843, 40.64665], [-73.88836, 40.64664], [-73.88836, 40.64664], [-73.88829, 40.64666], [-73.88823, 40.64665], [-73.88819, 40.64665], [-73.88816, 40.64665], [-73.88814, 40.64664], [-73.8881, 40.64664], [-73.88808, 40.64662], [-73.88807, 40.64659], [-73.88806, 40.64655], [-73.88806, 40.64655], [-73.88806, 40.64653], [-73.88806, 40.64653], [-73.88806, 40.64652], [-73.88807, 40.64649], [-73.88807, 40.6463], [-73.88807, 40.64628], [-73.88809, 40.64627], [-73.88809, 40.64625], [-73.88809, 40.64621], [-73.88814, 40.64618], [-73.88814, 40.64617], [-73.88816, 40.64616], [-73.88821, 40.64611], [-73.88821, 40.64611], [-73.88827, 40.64608], [-73.88829, 40.64607], [-73.88829, 40.64606], [-73.88829, 40.64604], [-73.88829, 40.64604], [-73.88828, 40.64605], [-73.88827, 40.64605], [-73.88827, 40.64605], [-73.88826, 40.64606], [-73.88823, 40.64603], [-73.88822, 40.64603], [-73.88822, 40.64602], [-73.88825, 40.64601], [-73.88826, 40.64601], [-73.88826, 40.64601], [-73.88825, 40.64601], [-73.88824, 40.64601], [-73.88823, 40.646], [-73.88821, 40.646], [-73.88819, 40.64601], [-73.88818, 40.64601], [-73.88813, 40.64602], [-73.88811, 40.64603], [-73.88807, 40.64603], [-73.88804, 40.64604], [-73.88803, 40.64604], [-73.88801, 40.64603], [-73.888, 40.64603], [-73.88798, 40.646], [-73.88796, 40.64598], [-73.88793, 40.64595], [-73.88793, 40.64595], [-73.88787, 40.64591], [-73.88784, 40.64587], [-73.88784, 40.64587], [-73.88784, 40.64587], [-73.8878, 40.64582], [-73.88777, 40.64578], [-73.88776, 40.64578], [-73.88774, 40.64574], [-73.88775, 40.64573], [-73.88775, 40.64572], [-73.88775, 40.64571], [-73.88774, 40.64571], [-73.88772, 40.64571], [-73.88767, 40.64567], [-73.88763, 40.64562], [-73.88761, 40.64559], [-73.8876, 40.64558], [-73.88758, 40.64556], [-73.88758, 40.64556], [-73.88758, 40.64555], [-73.88755, 40.64552], [-73.88754, 40.6455], [-73.88751, 40.64547], [-73.8875, 40.64545], [-73.8875, 40.64545], [-73.88747, 40.64542], [-73.88746, 40.64541], [-73.88744, 40.64539], [-73.88743, 40.64537], [-73.88742, 40.64536], [-73.88741, 40.64534], [-73.88741, 40.64533], [-73.88744, 40.64532], [-73.88745, 40.64531], [-73.88748, 40.64531], [-73.88748, 40.64531], [-73.88749, 40.64531], [-73.88749, 40.64531], [-73.88749, 40.64531], [-73.88751, 40.64532], [-73.8875, 40.64528], [-73.8875, 40.64528], [-73.88752, 40.64526], [-73.88752, 40.64526], [-73.88755, 40.64526], [-73.8876, 40.64523], [-73.88764, 40.64521], [-73.88766, 40.6452], [-73.88767, 40.6452], [-73.88773, 40.64517], [-73.88775, 40.64516], [-73.88777, 40.64515], [-73.88781, 40.64513], [-73.88783, 40.64513], [-73.88785, 40.64512], [-73.88789, 40.6451], [-73.8879, 40.64508], [-73.88792, 40.64507], [-73.88793, 40.64507], [-73.88793, 40.64508], [-73.88796, 40.64511], [-73.88797, 40.64513], [-73.88797, 40.64513], [-73.88799, 40.64513], [-73.88801, 40.64515], [-73.88803, 40.64516], [-73.88803, 40.64516], [-73.88803, 40.64516], [-73.88807, 40.64517], [-73.88807, 40.64517], [-73.88808, 40.64517], [-73.88808, 40.64517], [-73.88808, 40.64516], [-73.88808, 40.64516], [-73.88808, 40.64515], [-73.88806, 40.64512], [-73.88805, 40.64511], [-73.88801, 40.64508], [-73.88796, 40.64503], [-73.88795, 40.64502], [-73.88793, 40.645], [-73.88791, 40.645], [-73.88788, 40.64502], [-73.88788, 40.64502], [-73.88787, 40.64503], [-73.88785, 40.64503], [-73.88778, 40.64504], [-73.88774, 40.64504], [-73.88767, 40.64507], [-73.88761, 40.6451], [-73.88755, 40.64513], [-73.8875, 40.64515], [-73.88749, 40.64516], [-73.88743, 40.64519], [-73.88743, 40.64519], [-73.88737, 40.64522], [-73.88734, 40.64522], [-73.88732, 40.6452], [-73.8873, 40.6452], [-73.88729, 40.64519], [-73.88727, 40.64517], [-73.88725, 40.64514], [-73.88725, 40.64511], [-73.88721, 40.64508], [-73.8872, 40.64508], [-73.88719, 40.64507], [-73.88718, 40.64505], [-73.88719, 40.64501], [-73.88718, 40.645], [-73.88717, 40.64498], [-73.88716, 40.64498], [-73.88715, 40.64497], [-73.88711, 40.64494], [-73.88709, 40.64492], [-73.88709, 40.64489], [-73.88709, 40.64487], [-73.88708, 40.64481], [-73.88707, 40.64479], [-73.88706, 40.64477], [-73.88703, 40.64474], [-73.88701, 40.64473], [-73.88698, 40.64468], [-73.88696, 40.64462], [-73.88694, 40.64457], [-73.88694, 40.64455], [-73.88693, 40.64454], [-73.88692, 40.64452], [-73.88691, 40.64447], [-73.88689, 40.64445], [-73.88687, 40.64444], [-73.8868, 40.64444], [-73.88678, 40.64445], [-73.88678, 40.64445], [-73.88678, 40.64446], [-73.88678, 40.64446], [-73.88678, 40.64447], [-73.88678, 40.64447], [-73.88679, 40.6445], [-73.8868, 40.64452], [-73.88679, 40.64452], [-73.88679, 40.64452], [-73.88675, 40.64449], [-73.88671, 40.64444], [-73.88668, 40.64442], [-73.88668, 40.64442], [-73.88668, 40.64442], [-73.88665, 40.64439], [-73.88664, 40.64438], [-73.88663, 40.64435], [-73.88663, 40.64435], [-73.88662, 40.64434], [-73.88658, 40.64433], [-73.88658, 40.64433], [-73.88658, 40.64433], [-73.88655, 40.64431], [-73.88655, 40.64431], [-73.88658, 40.64429], [-73.88654, 40.64423], [-73.88643, 40.64419], [-73.88643, 40.64419], [-73.88643, 40.64419], [-73.88642, 40.64418], [-73.88641, 40.64417], [-73.88637, 40.64414], [-73.88636, 40.64411], [-73.88636, 40.6441], [-73.88635, 40.64407], [-73.88634, 40.64405], [-73.88631, 40.64401], [-73.88629, 40.64399], [-73.88623, 40.64395], [-73.88624, 40.64389], [-73.88625, 40.64384], [-73.88624, 40.64382], [-73.88617, 40.6438], [-73.88614, 40.64379], [-73.88613, 40.64379], [-73.88612, 40.64378], [-73.8861, 40.64375], [-73.88607, 40.6437], [-73.88607, 40.64369], [-73.88603, 40.64366], [-73.88599, 40.64366], [-73.88595, 40.64366], [-73.88591, 40.64366], [-73.88588, 40.64366], [-73.88588, 40.64366], [-73.88587, 40.64366], [-73.88585, 40.64365], [-73.88583, 40.64363], [-73.8858, 40.64361], [-73.88579, 40.6436], [-73.88577, 40.64359], [-73.88573, 40.64358], [-73.8857, 40.64358], [-73.88569, 40.64357], [-73.88567, 40.64356], [-73.88565, 40.64354], [-73.88562, 40.64353], [-73.88561, 40.64352], [-73.88559, 40.64351], [-73.88554, 40.6435], [-73.88551, 40.64347], [-73.88549, 40.64346], [-73.88548, 40.64346], [-73.88544, 40.64346], [-73.88538, 40.64344], [-73.88535, 40.64342], [-73.88535, 40.64342], [-73.88532, 40.64341], [-73.88525, 40.64339], [-73.88519, 40.64336], [-73.88513, 40.64334], [-73.8851, 40.64332], [-73.88507, 40.6433], [-73.88502, 40.64329], [-73.88496, 40.64326], [-73.88494, 40.64325], [-73.88492, 40.64323], [-73.88492, 40.64322], [-73.88491, 40.64322], [-73.88491, 40.64322], [-73.88486, 40.64319], [-73.88483, 40.64318], [-73.8848, 40.64317], [-73.88475, 40.64315], [-73.88473, 40.64314], [-73.88469, 40.64312], [-73.88468, 40.64312], [-73.88463, 40.64309], [-73.88462, 40.64307], [-73.88438, 40.64291], [-73.88374, 40.64245], [-73.88311, 40.64187], [-73.88252, 40.64135], [-73.8819, 40.64083], [-73.88127, 40.64022], [-73.88079, 40.63976], [-73.88077, 40.63958], [-73.88055, 40.63916], [-73.87975, 40.63842], [-73.87954, 40.63822], [-73.87946, 40.63819], [-73.87935, 40.63818], [-73.87912, 40.63827], [-73.87908, 40.6383], [-73.87905, 40.63844], [-73.87897, 40.63846], [-73.87887, 40.63844], [-73.87877, 40.63837], [-73.8787, 40.63834], [-73.87864, 40.63829], [-73.87859, 40.63822], [-73.87844, 40.63795], [-73.87861, 40.63765], [-73.87864, 40.63755], [-73.87847, 40.63749], [-73.87784, 40.6369], [-73.87714, 40.63598], [-73.87749, 40.63539], [-73.87794, 40.63502], [-73.87814, 40.63469], [-73.87821, 40.63457], [-73.87833, 40.63448], [-73.87857, 40.63434], [-73.87873, 40.63425], [-73.8789, 40.63412], [-73.87918, 40.63401], [-73.87937, 40.63391], [-73.87971, 40.63369], [-73.87999, 40.63351], [-73.88018, 40.63331], [-73.88023, 40.63323], [-73.88038, 40.63298], [-73.88093, 40.63259], [-73.88127, 40.63237], [-73.88145, 40.6323], [-73.88162, 40.6323], [-73.88163, 40.6323], [-73.88178, 40.63225], [-73.88198, 40.63217], [-73.88209, 40.63208], [-73.88216, 40.63201], [-73.88257, 40.63182], [-73.88273, 40.63177], [-73.88301, 40.63163], [-73.88322, 40.63144], [-73.88345, 40.63116], [-73.88364, 40.63094], [-73.88376, 40.63056], [-73.88377, 40.63022], [-73.88345, 40.62991], [-73.88405, 40.62956], [-73.88263, 40.62827], [-73.883, 40.62803], [-73.88369, 40.62756], [-73.88513, 40.62883], [-73.88572, 40.62845], [-73.88604, 40.6287], [-73.88621, 40.62868], [-73.88639, 40.62866], [-73.88656, 40.62863], [-73.88673, 40.62859], [-73.88689, 40.62855], [-73.88706, 40.62851], [-73.88722, 40.62845], [-73.88737, 40.6284], [-73.88753, 40.62833], [-73.88766, 40.62827], [-73.8878, 40.6282], [-73.88792, 40.62813], [-73.88805, 40.62805], [-73.88817, 40.62798], [-73.88828, 40.62789], [-73.89042, 40.62628], [-73.89049, 40.62622], [-73.89054, 40.62617], [-73.89059, 40.6261], [-73.89064, 40.62604], [-73.89067, 40.62597], [-73.89069, 40.6259], [-73.89071, 40.62583], [-73.89072, 40.62576], [-73.89071, 40.62568], [-73.8907, 40.62561], [-73.89068, 40.62554], [-73.8907, 40.62545], [-73.89072, 40.62536], [-73.89076, 40.62527], [-73.8908, 40.62518], [-73.89085, 40.6251], [-73.8909, 40.62502], [-73.89097, 40.62494], [-73.89104, 40.62486], [-73.89112, 40.62479], [-73.8912, 40.62473], [-73.8913, 40.62466], [-73.89139, 40.62461], [-73.89149, 40.62456], [-73.8916, 40.62443], [-73.89171, 40.6243], [-73.89183, 40.62418], [-73.89196, 40.62406], [-73.89209, 40.62395], [-73.89223, 40.62384], [-73.89238, 40.62373], [-73.89253, 40.62363], [-73.89268, 40.62353], [-73.89284, 40.62344], [-73.89301, 40.62336], [-73.89308, 40.62336], [-73.89313, 40.62341], [-73.89321, 40.62343], [-73.8933, 40.62344], [-73.89351, 40.62338], [-73.89359, 40.62339], [-73.89456, 40.62302], [-73.8948, 40.62293], [-73.89492, 40.62289], [-73.89504, 40.62283], [-73.89516, 40.62278], [-73.89527, 40.62271], [-73.89537, 40.62264], [-73.89547, 40.62257], [-73.8956, 40.62254], [-73.89577, 40.62252], [-73.89594, 40.62255], [-73.89599, 40.62258], [-73.89602, 40.62261], [-73.89597, 40.62265], [-73.89596, 40.62266], [-73.89597, 40.6227], [-73.89602, 40.62275], [-73.89607, 40.62277], [-73.89612, 40.62277], [-73.89619, 40.62277], [-73.89626, 40.62277], [-73.89632, 40.62279], [-73.89639, 40.62282], [-73.89826, 40.62299], [-73.90115, 40.62568], [-73.90193, 40.62585], [-73.9028, 40.62603], [-73.9037, 40.62622], [-73.90413, 40.62631], [-73.90449, 40.62647], [-73.90454, 40.6265], [-73.90461, 40.62653], [-73.90484, 40.62664], [-73.90489, 40.62667], [-73.90491, 40.62667], [-73.90494, 40.62669], [-73.90501, 40.62672], [-73.90505, 40.62674], [-73.90506, 40.62674], [-73.90506, 40.62675], [-73.90529, 40.62685], [-73.9058, 40.62709], [-73.90595, 40.62716], [-73.90664, 40.62749], [-73.90746, 40.62788], [-73.90825, 40.62825], [-73.90826, 40.62825], [-73.90828, 40.62826], [-73.90908, 40.62864], [-73.90991, 40.62903], [-73.91071, 40.62941], [-73.91123, 40.62965], [-73.91153, 40.62979], [-73.91236, 40.63018], [-73.91317, 40.63056], [-73.914, 40.63094], [-73.91633, 40.63204], [-73.91643, 40.63204], [-73.91652, 40.63203], [-73.91662, 40.63201], [-73.91671, 40.63199], [-73.9168, 40.63196], [-73.91688, 40.63192], [-73.91696, 40.63188], [-73.91703, 40.63184], [-73.9171, 40.63179], [-73.91716, 40.63173], [-73.91861, 40.63209], [-73.91863, 40.63235], [-73.91876, 40.63364], [-73.91885, 40.63448], [-73.91886, 40.63458], [-73.91887, 40.63464], [-73.91888, 40.63477], [-73.91889, 40.63484], [-73.91891, 40.63503], [-73.91892, 40.63512], [-73.91894, 40.63529], [-73.91895, 40.63539], [-73.91899, 40.63576], [-73.91901, 40.63589], [-73.91903, 40.6361], [-73.91906, 40.63638], [-73.91916, 40.6374], [-73.91917, 40.63747], [-73.91929, 40.6386], [-73.91941, 40.63977], [-73.91945, 40.64017], [-73.91946, 40.64024], [-73.91947, 40.64028], [-73.91954, 40.64086], [-73.91956, 40.64118], [-73.91958, 40.6414], [-73.91966, 40.64208], [-73.91974, 40.64278], [-73.91991, 40.64433], [-73.91995, 40.64471], [-73.91982, 40.64478], [-73.91943, 40.64506], [-73.91925, 40.64518], [-73.91892, 40.6454], [-73.91862, 40.6456], [-73.9183, 40.64581], [-73.91799, 40.64601], [-73.91765, 40.64622], [-73.91731, 40.64644], [-73.91694, 40.64668], [-73.91621, 40.64715], [-73.9155, 40.6476], [-73.91473, 40.6481], [-73.91396, 40.6486], [-73.91325, 40.64906], [-73.91254, 40.64952], [-73.91182, 40.64998], [-73.9111, 40.65045], [-73.91023, 40.65101], [-73.90945, 40.65152], [-73.90869, 40.65072], [-73.90849, 40.65059], [-73.90828, 40.6505], [-73.90762, 40.6499], [-73.90755, 40.64983], [-73.90637, 40.64878], [-73.90589, 40.64834], [-73.9058, 40.64826], [-73.9051, 40.64761], [-73.90398, 40.64663], [-73.9031, 40.6472], [-73.90236, 40.64769], [-73.90166, 40.64814], [-73.90089, 40.64864], [-73.90075, 40.64873], [-73.90057, 40.64885], [-73.90027, 40.64904], [-73.90019, 40.64909], [-73.89947, 40.64954], [-73.89873, 40.65002], [-73.89798, 40.65049], [-73.89779, 40.65061], [-73.89772, 40.65066], [-73.89757, 40.65076], [-73.89742, 40.65085], [-73.89737, 40.65089], [-73.89728, 40.65095], [-73.89721, 40.65099], [-73.89681, 40.65126], [-73.89675, 40.6513], [-73.89661, 40.65139], [-73.89656, 40.65142], [-73.89628, 40.65161], [-73.89622, 40.65165], [-73.89586, 40.65188], [-73.89611, 40.6521], [-73.8962, 40.65218], [-73.89655, 40.6525], [-73.89663, 40.65258], [-73.89677, 40.6527], [-73.89684, 40.65276], [-73.89746, 40.65332], [-73.89761, 40.65345], [-73.89741, 40.65354], [-73.89678, 40.65381], [-73.89668, 40.65385], [-73.89594, 40.65417], [-73.89559, 40.65432], [-73.89546, 40.65438], [-73.89521, 40.65449], [-73.89441, 40.65483], [-73.89355, 40.6552], [-73.89246, 40.65371], [-73.89137, 40.65236], [-73.89004, 40.65118], [-73.89001, 40.65115], [-73.89004, 40.65112], [-73.89125, 40.65003], [-73.89122, 40.64999]]], [[[-73.88834, 40.64671], [-73.88835, 40.64671], [-73.88837, 40.64671], [-73.88841, 40.64671], [-73.88845, 40.64673], [-73.8885, 40.64676], [-73.88854, 40.64679], [-73.88854, 40.64679], [-73.88854, 40.6468], [-73.88854, 40.64682], [-73.88853, 40.64686], [-73.88853, 40.64686], [-73.88851, 40.64688], [-73.88847, 40.6469], [-73.88829, 40.64672], [-73.88831, 40.64672], [-73.88834, 40.64671]]]]}}, {"type": "Feature", "properties": {"zone_id": 47, "zone": "Claremont/Bathgate", "borough": "Bronx", "demand": 23}, "geometry": {"type": "Polygon", "coordinates": [[[-73.8909, 40.85412], [-73.89217, 40.85277], [-73.89307, 40.85325], [-73.89432, 40.85189], [-73.89479, 40.85108], [-73.89407, 40.85071], [-73.89495, 40.8491], [-73.89558, 40.84785], [-73.89612, 40.84678], [-73.89618, 40.84666], [-73.89536, 40.84652], [-73.89434, 40.84649], [-73.89409, 40.84649], [-73.89385, 40.84647], [-73.89361, 40.84644], [-73.89337, 40.8464], [-73.8929, 40.84627], [-73.89398, 40.8447], [-73.89464, 40.8439], [-73.89479, 40.84372], [-73.89482, 40.84368], [-73.89485, 40.84365], [-73.89538, 40.84294], [-73.89565, 40.84303], [-73.89591, 40.84314], [-73.89617, 40.84326], [-73.89642, 40.84339], [-73.89666, 40.84352], [-73.89749, 40.84207], [-73.89827, 40.84068], [-73.89903, 40.83933], [-73.89997, 40.83765], [-73.90004, 40.83752], [-73.90014, 40.83734], [-73.90019, 40.83726], [-73.90022, 40.8372], [-73.90026, 40.83714], [-73.90031, 40.83705], [-73.90036, 40.83696], [-73.90039, 40.83691], [-73.90057, 40.83659], [-73.90123, 40.8355], [-73.90134, 40.83544], [-73.90186, 40.83462], [-73.90343, 40.83222], [-73.90368, 40.83186], [-73.90398, 40.83141], [-73.90451, 40.83062], [-73.90553, 40.8291], [-73.90657, 40.82945], [-73.90747, 40.82974], [-73.90753, 40.82976], [-73.90772, 40.82982], [-73.90896, 40.83023], [-73.90914, 40.83029], [-73.90971, 40.83047], [-73.91049, 40.83074], [-73.90962, 40.83228], [-73.90952, 40.83246], [-73.90946, 40.83257], [-73.90942, 40.83263], [-73.90937, 40.83272], [-73.90928, 40.83288], [-73.90924, 40.83297], [-73.90918, 40.83307], [-73.90911, 40.8332], [-73.9089, 40.83357], [-73.90883, 40.8337], [-73.90869, 40.83394], [-73.90858, 40.83414], [-73.90852, 40.83424], [-73.90838, 40.8345], [-73.90824, 40.83474], [-73.90811, 40.83497], [-73.90799, 40.83518], [-73.90797, 40.83522], [-73.90783, 40.83547], [-73.90772, 40.83567], [-73.90763, 40.83583], [-73.90757, 40.83593], [-73.9074, 40.83623], [-73.90733, 40.83634], [-73.90727, 40.83644], [-73.90721, 40.83653], [-73.90714, 40.83665], [-73.90698, 40.83691], [-73.90688, 40.83706], [-73.9068, 40.8372], [-73.90652, 40.83764], [-73.90646, 40.83773], [-73.90636, 40.8379], [-73.90625, 40.83806], [-73.90598, 40.8385], [-73.90538, 40.83977], [-73.90561, 40.83984], [-73.90548, 40.84005], [-73.90537, 40.84027], [-73.90527, 40.84049], [-73.90519, 40.84071], [-73.90516, 40.84104], [-73.90503, 40.84226], [-73.90501, 40.8424], [-73.90494, 40.84337], [-73.90485, 40.84459], [-73.90484, 40.84466], [-73.90483, 40.84475], [-73.90483, 40.8448], [-73.9041, 40.84473], [-73.90339, 40.84465], [-73.90269, 40.84458], [-73.90134, 40.84443], [-73.90132, 40.84447], [-73.90127, 40.84456], [-73.90089, 40.84524], [-73.9002, 40.84647], [-73.89968, 40.84742], [-73.89887, 40.84881], [-73.89809, 40.85021], [-73.89709, 40.85197], [-73.89662, 40.85279], [-73.89561, 40.85457], [-73.8955, 40.85475], [-73.89478, 40.85593], [-73.89441, 40.85643], [-73.89299, 40.85839], [-73.89226, 40.85941], [-73.89174, 40.86018], [-73.89115, 40.86091], [-73.89106, 40.86147], [-73.89106, 40.86153], [-73.89082, 40.8614], [-73.89067, 40.86132], [-73.89037, 40.86116], [-73.89028, 40.86111], [-73.89059, 40.86072], [-73.89113, 40.86006], [-73.89112, 40.85887], [-73.89112, 40.85866], [-73.89111, 40.85838], [-73.89111, 40.85785], [-73.89111, 40.85743], [-73.8911, 40.85678], [-73.89109, 40.8566], [-73.89077, 40.85581], [-73.89044, 40.85505], [-73.89039, 40.85469], [-73.89069, 40.85435], [-73.8909, 40.85412]]]}}, {"type": "Feature", "properties": {"zone_id": 51, "zone": "Co-Op City", "borough": "Bronx", "demand": 12}, "geometry": {"type": "Polygon", "coordinates": [[[-73.82092, 40.86892], [-73.81941, 40.868], [-73.81939, 40.86799], [-73.81579, 40.86576], [-73.81641, 40.86515], [-73.817, 40.86446], [-73.81685, 40.86431], [-73.81762, 40.86363], [-73.81884, 40.86257], [-73.82038, 40.86103], [-73.82451, 40.85976], [-73.82444, 40.8595], [-73.82633, 40.8593], [-73.827, 40.85909], [-73.82715, 40.85923], [-73.82721, 40.85941], [-73.82732, 40.85969], [-73.82741, 40.85996], [-73.82759, 40.86008], [-73.82787, 40.86068], [-73.82799, 40.86084], [-73.82827, 40.86084], [-73.82834, 40.86089], [-73.82841, 40.86095], [-73.82955, 40.86216], [-73.83022, 40.86343], [-73.83054, 40.86373], [-73.83175, 40.86591], [-73.83256, 40.86729], [-73.83313, 40.86827], [-73.83316, 40.86832], [-73.83348, 40.86822], [-73.83355, 40.86819], [-73.83391, 40.86808], [-73.83482, 40.86778], [-73.83566, 40.86751], [-73.83656, 40.86935], [-73.8374, 40.87111], [-73.83829, 40.87295], [-73.83746, 40.87322], [-73.83835, 40.87492], [-73.83925, 40.87662], [-73.83841, 40.87687], [-73.83815, 40.87695], [-73.83855, 40.87712], [-73.83926, 40.87742], [-73.83956, 40.87755], [-73.83971, 40.87761], [-73.84015, 40.87779], [-73.84114, 40.87822], [-73.84228, 40.8787], [-73.8424, 40.87875], [-73.84324, 40.87911], [-73.84274, 40.87942], [-73.84201, 40.87987], [-73.84128, 40.88032], [-73.84046, 40.88062], [-73.83965, 40.88093], [-73.83874, 40.88127], [-73.83783, 40.88161], [-73.83699, 40.88194], [-73.83664, 40.88212], [-73.83622, 40.88239], [-73.83561, 40.88294], [-73.83476, 40.88356], [-73.83435, 40.88385], [-73.83405, 40.88399], [-73.83362, 40.88419], [-73.83342, 40.88427], [-73.83342, 40.88427], [-73.83342, 40.88427], [-73.83322, 40.88435], [-73.83322, 40.88435], [-73.83322, 40.88435], [-73.833, 40.88442], [-73.833, 40.88442], [-73.833, 40.88442], [-73.83279, 40.88448], [-73.83279, 40.88448], [-73.83279, 40.88448], [-73.83256, 40.88452], [-73.83256, 40.88452], [-73.83256, 40.88452], [-73.83234, 40.88455], [-73.8313, 40.88471], [-73.83065, 40.88485], [-73.83034, 40.88497], [-73.82953, 40.8853], [-73.82791, 40.88599], [-73.82777, 40.88605], [-73.827, 40.88635], [-73.82673, 40.88644], [-73.82611, 40.88667], [-73.8253, 40.88698], [-73.82449, 40.88742], [-73.82403, 40.8877], [-73.82387, 40.88778], [-73.82385, 40.88777], [-73.82382, 40.88775], [-73.82077, 40.88671], [-73.82031, 40.88561], [-73.82027, 40.88555], [-73.82024, 40.88549], [-73.81993, 40.88212], [-73.8211, 40.87897], [-73.8233, 40.8731], [-73.82127, 40.86907], [-73.82112, 40.86901], [-73.82104, 40.86898], [-73.82098, 40.86895], [-73.82092, 40.86892]]]}}, {"type": "Feature", "properties": {"zone_id": 54, "zone": "Columbia Street", "borough": "Brooklyn", "demand": 11}, "geometry": {"type": "MultiPolygon", "coordinates": [[[[-74.00174, 40.69241], [-74.00401, 40.69321], [-74.00375, 40.69362], [-74.00346, 40.69406], [-74.00127, 40.6933], [-74.00154, 40.69279], [-74.00174, 40.69241]]], [[[-74.00174, 40.69241], [-74.0017, 40.69238], [-74.00111, 40.69206], [-74.00032, 40.69187], [-74.00021, 40.69185], [-73.99992, 40.69177], [-73.99951, 40.69165], [-73.99937, 40.69161], [-73.99929, 40.69159], [-73.9992, 40.69157], [-73.9991, 40.69154], [-73.99843, 40.69136], [-73.99803, 40.69125], [-73.99777, 40.69119], [-73.99809, 40.69053], [-73.99841, 40.68986], [-73.99874, 40.68918], [-73.99907, 40.6885], [-73.99938, 40.68785], [-73.99964, 40.68731], [-73.9997, 40.6872], [-74.00065, 40.68525], [-74.00096, 40.68458], [-74.00128, 40.68391], [-74.00161, 40.68323], [-74.00193, 40.68256], [-74.0022, 40.68199], [-74.00225, 40.68189], [-74.00256, 40.68123], [-74.00289, 40.68056], [-74.00329, 40.67964], [-74.00339, 40.67972], [-74.00345, 40.67979], [-74.00372, 40.68002], [-74.00378, 40.68009], [-74.00447, 40.68099], [-74.00457, 40.68115], [-74.00504, 40.68191], [-74.0056, 40.68282], [-74.00567, 40.68293], [-74.00596, 40.68336], [-74.00582, 40.68366], [-74.0055, 40.68433], [-74.00518, 40.685], [-74.00485, 40.68567], [-74.0055, 40.68585], [-74.00717, 40.68636], [-74.00753, 40.68607], [-74.00772, 40.68626], [-74.00754, 40.68632], [-74.00702, 40.68653], [-74.00644, 40.68629], [-74.00588, 40.6862], [-74.00567, 40.6867], [-74.00563, 40.68678], [-74.00783, 40.68738], [-74.00742, 40.68821], [-74.005, 40.68761], [-74.00459, 40.68821], [-74.00678, 40.68883], [-74.00636, 40.68967], [-74.00382, 40.68893], [-74.00341, 40.68961], [-74.00576, 40.69024], [-74.00534, 40.69109], [-74.00298, 40.69043], [-74.00196, 40.69014], [-74.00185, 40.69039], [-74.00096, 40.69013], [-74.0007, 40.69061], [-74.00479, 40.69176], [-74.00441, 40.69253], [-74.00197, 40.69184], [-74.00182, 40.69222], [-74.00174, 40.69241]]], [[[-74.01093, 40.68449], [-74.01193, 40.68389], [-74.01218, 40.68409], [-74.00879, 40.68615], [-74.0087, 40.68619], [-74.0086, 40.68625], [-74.00835, 40.6864], [-74.00816, 40.68617], [-74.00843, 40.68602], [-74.00851, 40.68596], [-74.0086, 40.68591], [-74.01093, 40.68449]]]]}}, {"type": "Feature", "properties": {"zone_id": 60, "zone": "Crotona Park East", "borough": "Bronx", "demand": 21}, "geometry": {"type": "Polygon", "coordinates": [[[-73.87824, 40.83999], [-73.87791, 40.83997], [-73.87747, 40.83998], [-73.87561, 40.8399], [-73.8736, 40.8398], [-73.87283, 40.83975], [-73.87277, 40.83975], [-73.87298, 40.83895], [-73.87313, 40.83833], [-73.87315, 40.83826], [-73.87323, 40.83816], [-73.87348, 40.83775], [-73.87354, 40.83767], [-73.87367, 40.83754], [-73.8738, 40.83744], [-73.87401, 40.83731], [-73.87407, 40.83729], [-73.8742, 40.83725], [-73.8743, 40.83724], [-73.87437, 40.83724], [-73.87454, 40.83726], [-73.87472, 40.83731], [-73.87491, 40.83736], [-73.87473, 40.83723], [-73.8747, 40.83716], [-73.8747, 40.83708], [-73.87471, 40.837], [-73.87476, 40.83693], [-73.87482, 40.83686], [-73.8749, 40.83681], [-73.87499, 40.83677], [-73.87526, 40.83671], [-73.87546, 40.83669], [-73.87565, 40.83666], [-73.87584, 40.83661], [-73.87609, 40.83653], [-73.87615, 40.8365], [-73.87628, 40.83646], [-73.87645, 40.83639], [-73.87655, 40.83634], [-73.87673, 40.8362], [-73.87699, 40.8361], [-73.87728, 40.83597], [-73.87735, 40.83593], [-73.87746, 40.83587], [-73.87748, 40.83586], [-73.87757, 40.83582], [-73.87783, 40.83566], [-73.87795, 40.83558], [-73.87801, 40.83553], [-73.87808, 40.83548], [-73.87838, 40.83526], [-73.87866, 40.83503], [-73.87893, 40.83478], [-73.87906, 40.83464], [-73.87917, 40.83453], [-73.87925, 40.83442], [-73.8794, 40.83447], [-73.88005, 40.8347], [-73.88007, 40.83467], [-73.88057, 40.83403], [-73.88251, 40.83155], [-73.88385, 40.82987], [-73.8839, 40.8298], [-73.88357, 40.82948], [-73.88352, 40.82926], [-73.88378, 40.82827], [-73.88439, 40.82682], [-73.88461, 40.8253], [-73.88461, 40.82528], [-73.88462, 40.82496], [-73.88465, 40.82382], [-73.8844, 40.82296], [-73.88456, 40.82294], [-73.88508, 40.82287], [-73.88658, 40.82267], [-73.88698, 40.82262], [-73.88709, 40.8226], [-73.88719, 40.82259], [-73.88753, 40.82251], [-73.88706, 40.82319], [-73.88711, 40.82331], [-73.88648, 40.82528], [-73.88635, 40.82601], [-73.88615, 40.82731], [-73.8861, 40.82766], [-73.88601, 40.82824], [-73.88755, 40.8293], [-73.88761, 40.82934], [-73.88805, 40.8295], [-73.88898, 40.82981], [-73.88991, 40.83012], [-73.89087, 40.83014], [-73.89188, 40.83014], [-73.89289, 40.83015], [-73.89336, 40.83015], [-73.89469, 40.83062], [-73.89486, 40.8306], [-73.89561, 40.83052], [-73.8967, 40.83041], [-73.89717, 40.83037], [-73.8969, 40.83103], [-73.89669, 40.83197], [-73.89647, 40.83305], [-73.8963, 40.83354], [-73.89678, 40.83413], [-73.89697, 40.83434], [-73.8968, 40.83441], [-73.89662, 40.83448], [-73.89645, 40.83455], [-73.89629, 40.83463], [-73.89613, 40.83471], [-73.89597, 40.8348], [-73.89582, 40.8349], [-73.89567, 40.835], [-73.89553, 40.8351], [-73.89539, 40.8352], [-73.89526, 40.83531], [-73.89514, 40.83543], [-73.89501, 40.8356], [-73.89486, 40.83576], [-73.89469, 40.83591], [-73.89451, 40.83605], [-73.8943, 40.83618], [-73.89409, 40.8363], [-73.89386, 40.83639], [-73.89362, 40.83648], [-73.89338, 40.83654], [-73.89148, 40.83669], [-73.89129, 40.8367], [-73.8911, 40.83673], [-73.89092, 40.83677], [-73.89074, 40.83683], [-73.89057, 40.8369], [-73.88874, 40.83797], [-73.88841, 40.83855], [-73.8873, 40.83813], [-73.8866, 40.83928], [-73.88618, 40.8401], [-73.88583, 40.8399], [-73.8847, 40.8392], [-73.88465, 40.83917], [-73.88435, 40.83928], [-73.88418, 40.83933], [-73.88413, 40.83936], [-73.88403, 40.8393], [-73.88352, 40.83902], [-73.88314, 40.83881], [-73.88275, 40.83859], [-73.8828, 40.83855], [-73.88285, 40.83849], [-73.88246, 40.83825], [-73.88235, 40.83814], [-73.88226, 40.83803], [-73.88218, 40.83791], [-73.88211, 40.83778], [-73.88207, 40.83766], [-73.88204, 40.83752], [-73.882, 40.83744], [-73.88192, 40.83762], [-73.88183, 40.83779], [-73.88172, 40.83795], [-73.8817, 40.83799], [-73.88166, 40.83803], [-73.8816, 40.8381], [-73.88155, 40.83818], [-73.88138, 40.83838], [-73.88135, 40.83841], [-73.88114, 40.83862], [-73.88097, 40.83875], [-73.88081, 40.83889], [-73.88081, 40.83889], [-73.88081, 40.83889], [-73.88067, 40.83904], [-73.88067, 40.83904], [-73.88067, 40.83904], [-73.88055, 40.8392], [-73.88045, 40.83937], [-73.88045, 40.83937], [-73.88045, 40.83937], [-73.88037, 40.83954], [-73.88037, 40.83954], [-73.88037, 40.83954], [-73.88031, 40.83972], [-73.88031, 40.83972], [-73.88031, 40.83972], [-73.88027, 40.8399], [-73.8801, 40.84007], [-73.88006, 40.84016], [-73.87992, 40.84015], [-73.87978, 40.84015], [-73.87866, 40.84002], [-73.8785, 40.84], [-73.87842, 40.83999], [-73.87831, 40.83999], [-73.87824, 40.83999]]]}}, {"type": "Feature", "properties": {"zone_id": 62, "zone": "Crown Heights South", "borough": "Brooklyn", "demand": 32}, "geometry": {"type": "Polygon", "coordinates": [[[-73.92917, 40.6643], [-73.9294, 40.6642], [-73.92987, 40.66399], [-73.93068, 40.66362], [-73.93161, 40.66356], [-73.93437, 40.66337], [-73.93455, 40.66336], [-73.93726, 40.66319], [-73.94003, 40.66302], [-73.94283, 40.66285], [-73.9427, 40.66405], [-73.94408, 40.66413], [-73.94489, 40.66417], [-73.94546, 40.66423], [-73.94817, 40.66408], [-73.94941, 40.664], [-73.95097, 40.6639], [-73.95385, 40.66373], [-73.95721, 40.66352], [-73.95729, 40.6643], [-73.95787, 40.66427], [-73.95934, 40.66418], [-73.96034, 40.66411], [-73.96062, 40.6633], [-73.96096, 40.66328], [-73.96111, 40.66406], [-73.96126, 40.6648], [-73.96162, 40.66669], [-73.96181, 40.66768], [-73.962, 40.66866], [-73.96211, 40.6692], [-73.96219, 40.66964], [-73.96252, 40.67138], [-73.96254, 40.67146], [-73.96259, 40.67171], [-73.96132, 40.67141], [-73.95905, 40.67088], [-73.95797, 40.67066], [-73.95527, 40.67012], [-73.95327, 40.67001], [-73.9516, 40.66992], [-73.9505, 40.66987], [-73.94773, 40.66971], [-73.94775, 40.66949], [-73.94782, 40.66878], [-73.94505, 40.66861], [-73.94228, 40.66846], [-73.93952, 40.6683], [-73.93675, 40.66813], [-73.93683, 40.66732], [-73.93687, 40.66685], [-73.93691, 40.66643], [-73.93695, 40.66598], [-73.93698, 40.66554], [-73.93422, 40.66538], [-73.93146, 40.66523], [-73.92931, 40.66512], [-73.92868, 40.66509], [-73.92869, 40.66496], [-73.92872, 40.6645], [-73.92905, 40.66435], [-73.92917, 40.6643]]]}}, {"type": "Feature", "properties": {"zone_id": 63, "zone": "Cypress Hills", "borough": "Brooklyn", "demand": 11}, "geometry": {"type": "Polygon", "coordinates": [[[-73.8665, 40.68447], [-73.86632, 40.68325], [-73.8663, 40.68319], [-73.86629, 40.68311], [-73.86603, 40.68192], [-73.86499, 40.68213], [-73.8641, 40.68237], [-73.86399, 40.68193], [-73.86379, 40.68111], [-73.86335, 40.67935], [-73.86331, 40.67917], [-73.86329, 40.67908], [-73.86296, 40.67911], [-73.86235, 40.67916], [-73.86226, 40.67882], [-73.86203, 40.67789], [-73.86171, 40.67661], [-73.8614, 40.67534], [-73.86132, 40.67502], [-73.86106, 40.67434], [-73.86176, 40.67423], [-73.8631, 40.67465], [-73.86413, 40.675], [-73.86455, 40.67515], [-73.86522, 40.67539], [-73.86627, 40.67576], [-73.86726, 40.67611], [-73.86838, 40.67653], [-73.86942, 40.67691], [-73.86978, 40.67703], [-73.87046, 40.67722], [-73.87148, 40.6775], [-73.87176, 40.67757], [-73.87204, 40.67766], [-73.87231, 40.67776], [-73.87257, 40.67787], [-73.87305, 40.67819], [-73.87319, 40.67833], [-73.87331, 40.67847], [-73.87343, 40.67862], [-73.87353, 40.67877], [-73.87364, 40.67894], [-73.87376, 40.67911], [-73.8739, 40.67927], [-73.87405, 40.67943], [-73.87421, 40.67958], [-73.8744, 40.67971], [-73.87461, 40.67983], [-73.87484, 40.67994], [-73.87507, 40.68003], [-73.87532, 40.68011], [-73.87557, 40.68017], [-73.87658, 40.68017], [-73.87689, 40.68016], [-73.87743, 40.68001], [-73.87839, 40.67974], [-73.87863, 40.67968], [-73.87927, 40.67949], [-73.87974, 40.67936], [-73.88015, 40.67924], [-73.88061, 40.67911], [-73.88064, 40.67918], [-73.8811, 40.68107], [-73.88117, 40.68135], [-73.88211, 40.68122], [-73.88303, 40.68108], [-73.88397, 40.68095], [-73.88489, 40.68081], [-73.88467, 40.67994], [-73.88556, 40.67966], [-73.88644, 40.67937], [-73.8873, 40.6791], [-73.88816, 40.67883], [-73.88901, 40.67856], [-73.88987, 40.6783], [-73.89077, 40.67816], [-73.89167, 40.67803], [-73.89258, 40.6779], [-73.89348, 40.67776], [-73.89439, 40.67763], [-73.89532, 40.6775], [-73.89622, 40.67736], [-73.89654, 40.67859], [-73.89696, 40.67841], [-73.89748, 40.67816], [-73.89762, 40.67811], [-73.89776, 40.67806], [-73.89784, 40.67799], [-73.8982, 40.67776], [-73.89836, 40.67766], [-73.89883, 40.67745], [-73.89913, 40.67731], [-73.89992, 40.67695], [-73.90005, 40.67689], [-73.90015, 40.67695], [-73.90057, 40.67718], [-73.901, 40.67745], [-73.90137, 40.67769], [-73.9014, 40.67771], [-73.90142, 40.67772], [-73.90145, 40.67774], [-73.90187, 40.678], [-73.90199, 40.67807], [-73.90199, 40.67808], [-73.90236, 40.67831], [-73.90239, 40.67833], [-73.90239, 40.67833], [-73.90287, 40.67863], [-73.90316, 40.67881], [-73.90324, 40.67886], [-73.90334, 40.67892], [-73.90334, 40.67892], [-73.90363, 40.67905], [-73.90401, 40.6792], [-73.90403, 40.67921], [-73.90405, 40.67922], [-73.90359, 40.67967], [-73.90262, 40.68066], [-73.90075, 40.67968], [-73.90047, 40.67953], [-73.8997, 40.67954], [-73.8989, 40.67956], [-73.89871, 40.67963], [-73.89849, 40.67967], [-73.89827, 40.67972], [-73.89806, 40.67979], [-73.89786, 40.67987], [-73.89767, 40.67997], [-73.89749, 40.68007], [-73.89739, 40.68016], [-73.89729, 40.68026], [-73.8972, 40.68035], [-73.89712, 40.68046], [-73.89704, 40.68056], [-73.89698, 40.68067], [-73.89692, 40.68078], [-73.89687, 40.68089], [-73.89675, 40.68149], [-73.89664, 40.68156], [-73.89658, 40.68157], [-73.89653, 40.682], [-73.89647, 40.68234], [-73.89643, 40.68245], [-73.89642, 40.68248], [-73.89637, 40.6826], [-73.89636, 40.68262], [-73.89629, 40.68276], [-73.8962, 40.68289], [-73.896, 40.6832], [-73.89578, 40.6835], [-73.89561, 40.68371], [-73.89555, 40.68379], [-73.89531, 40.68408], [-73.89505, 40.68436], [-73.89417, 40.68528], [-73.89414, 40.68525], [-73.89404, 40.68513], [-73.89274, 40.68367], [-73.89252, 40.68342], [-73.89166, 40.68404], [-73.89015, 40.685], [-73.88963, 40.68424], [-73.88909, 40.68464], [-73.88808, 40.68529], [-73.88728, 40.68562], [-73.88452, 40.68668], [-73.88378, 40.68786], [-73.88227, 40.68904], [-73.88118, 40.68987], [-73.87956, 40.6911], [-73.87951, 40.69115], [-73.87939, 40.69121], [-73.87402, 40.69419], [-73.87004, 40.69494], [-73.86892, 40.69515], [-73.86842, 40.69472], [-73.86868, 40.69403], [-73.86859, 40.69388], [-73.86806, 40.69118], [-73.86791, 40.69048], [-73.86777, 40.6898], [-73.86762, 40.68914], [-73.86746, 40.68841], [-73.86728, 40.68775], [-73.86702, 40.68683], [-73.86687, 40.68633], [-73.8666, 40.68527], [-73.8665, 40.68447]]]}}, {"type": "Feature", "properties": {"zone_id": 69, "zone": "East Concourse/Concourse Village", "borough": "Bronx", "demand": 46}, "geometry": {"type": "Polygon", "coordinates": [[[-73.91179, 40.82643], [-73.91131, 40.82485], [-73.91192, 40.82505], [-73.91317, 40.82546], [-73.91351, 40.8248], [-73.91475, 40.8252], [-73.91528, 40.82565], [-73.91541, 40.82577], [-73.91545, 40.82575], [-73.91592, 40.82544], [-73.91613, 40.82531], [-73.91619, 40.82527], [-73.91625, 40.82523], [-73.9163, 40.82519], [-73.91637, 40.82515], [-73.91642, 40.82511], [-73.91661, 40.82499], [-73.91631, 40.8249], [-73.91609, 40.82484], [-73.91677, 40.82439], [-73.91689, 40.82431], [-73.91713, 40.82416], [-73.91719, 40.82412], [-73.91725, 40.82408], [-73.91732, 40.82404], [-73.9174, 40.82399], [-73.91747, 40.82395], [-73.91757, 40.82388], [-73.91782, 40.82372], [-73.91788, 40.82368], [-73.91834, 40.82338], [-73.91876, 40.82311], [-73.91889, 40.82303], [-73.91929, 40.82277], [-73.91938, 40.82271], [-73.91944, 40.82267], [-73.9198, 40.82244], [-73.91993, 40.82235], [-73.92039, 40.82206], [-73.92049, 40.82198], [-73.92054, 40.82193], [-73.92067, 40.82184], [-73.92114, 40.82156], [-73.92195, 40.82103], [-73.92265, 40.82049], [-73.92403, 40.81928], [-73.92455, 40.81871], [-73.92518, 40.81801], [-73.92539, 40.81806], [-73.92582, 40.81818], [-73.92636, 40.81832], [-73.92725, 40.81854], [-73.92732, 40.81856], [-73.92688, 40.81948], [-73.92662, 40.82003], [-73.92634, 40.82058], [-73.92628, 40.82054], [-73.9261, 40.82075], [-73.92565, 40.82112], [-73.92574, 40.82117], [-73.92537, 40.8216], [-73.92518, 40.8219], [-73.925, 40.8222], [-73.92483, 40.82251], [-73.92469, 40.82283], [-73.92457, 40.82314], [-73.92446, 40.82347], [-73.92442, 40.82364], [-73.92437, 40.82382], [-73.92431, 40.82399], [-73.92347, 40.82541], [-73.92306, 40.8261], [-73.92294, 40.8263], [-73.92283, 40.82651], [-73.92274, 40.82672], [-73.92268, 40.82685], [-73.92265, 40.82697], [-73.92223, 40.82772], [-73.92212, 40.82793], [-73.92184, 40.82844], [-73.92175, 40.8286], [-73.92139, 40.82924], [-73.92118, 40.82963], [-73.92046, 40.83091], [-73.91986, 40.83195], [-73.9195, 40.83248], [-73.91903, 40.83309], [-73.91839, 40.83381], [-73.91779, 40.83443], [-73.91773, 40.83449], [-73.9177, 40.83451], [-73.91768, 40.83454], [-73.91764, 40.83457], [-73.91721, 40.83502], [-73.91667, 40.83557], [-73.91647, 40.83578], [-73.91587, 40.83639], [-73.91532, 40.83695], [-73.91477, 40.83751], [-73.91424, 40.83811], [-73.91383, 40.83864], [-73.91377, 40.83872], [-73.91371, 40.83881], [-73.91313, 40.83981], [-73.91296, 40.8402], [-73.91278, 40.84069], [-73.9127, 40.84093], [-73.91262, 40.84116], [-73.91247, 40.84162], [-73.9124, 40.84182], [-73.91222, 40.84236], [-73.91197, 40.8431], [-73.91194, 40.8432], [-73.91175, 40.84318], [-73.91097, 40.84314], [-73.91043, 40.84311], [-73.91046, 40.84279], [-73.90959, 40.84276], [-73.90866, 40.84272], [-73.90774, 40.8427], [-73.90685, 40.84267], [-73.90596, 40.84263], [-73.90587, 40.84258], [-73.90515, 40.84255], [-73.90501, 40.8424], [-73.90503, 40.84226], [-73.90516, 40.84104], [-73.90519, 40.84071], [-73.90527, 40.84049], [-73.90537, 40.84027], [-73.90548, 40.84005], [-73.90561, 40.83984], [-73.90538, 40.83977], [-73.90598, 40.8385], [-73.90625, 40.83806], [-73.90636, 40.8379], [-73.90646, 40.83773], [-73.90652, 40.83764], [-73.9068, 40.8372], [-73.90688, 40.83706], [-73.90698, 40.83691], [-73.90714, 40.83665], [-73.90721, 40.83653], [-73.90727, 40.83644], [-73.90733, 40.83634], [-73.9074, 40.83623], [-73.90757, 40.83593], [-73.90763, 40.83583], [-73.90772, 40.83567], [-73.90783, 40.83547], [-73.90797, 40.83522], [-73.90799, 40.83518], [-73.90811, 40.83497], [-73.90824, 40.83474], [-73.90838, 40.8345], [-73.90852, 40.83424], [-73.90858, 40.83414], [-73.90869, 40.83394], [-73.90883, 40.8337], [-73.9089, 40.83357], [-73.90911, 40.8332], [-73.90918, 40.83307], [-73.90924, 40.83297], [-73.90928, 40.83288], [-73.90937, 40.83272], [-73.90942, 40.83263], [-73.90946, 40.83257], [-73.90952, 40.83246], [-73.90962, 40.83228], [-73.91049, 40.83074], [-73.90971, 40.83047], [-73.90914, 40.83029], [-73.90896, 40.83023], [-73.90948, 40.82959], [-73.91031, 40.82877], [-73.91169, 40.82776], [-73.91179, 40.82643]]]}}, {"type": "Feature", "properties": {"zone_id": 70, "zone": "East Elmhurst", "borough": "Queens", "demand": 42}, "geometry": {"type": "Polygon", "coordinates": [[[-73.85912, 40.76127], [-73.85897, 40.76116], [-73.8588, 40.76105], [-73.85864, 40.76094], [-73.85847, 40.76083], [-73.85829, 40.76073], [-73.85811, 40.76064], [-73.85792, 40.76055], [-73.85774, 40.76046], [-73.85754, 40.76038], [-73.85735, 40.7603], [-73.85671, 40.76004], [-73.85656, 40.75998], [-73.85638, 40.75991], [-73.85604, 40.75973], [-73.85577, 40.75954], [-73.85553, 40.75934], [-73.85525, 40.75915], [-73.85507, 40.75894], [-73.85501, 40.75888], [-73.85464, 40.75847], [-73.85458, 40.75839], [-73.8545, 40.75828], [-73.85463, 40.75831], [-73.85477, 40.75833], [-73.85491, 40.75834], [-73.85505, 40.75833], [-73.8553, 40.75829], [-73.8554, 40.75834], [-73.85561, 40.7583], [-73.85695, 40.75813], [-73.85775, 40.75803], [-73.85856, 40.75791], [-73.85889, 40.7579], [-73.85951, 40.75788], [-73.85993, 40.75786], [-73.86046, 40.75784], [-73.861, 40.75782], [-73.86191, 40.75779], [-73.86281, 40.75776], [-73.86372, 40.75772], [-73.86462, 40.75769], [-73.86567, 40.75763], [-73.86657, 40.75753], [-73.86746, 40.75744], [-73.86848, 40.75733], [-73.8695, 40.75723], [-73.87041, 40.75713], [-73.87132, 40.75704], [-73.87222, 40.75694], [-73.87311, 40.75685], [-73.87366, 40.7568], [-73.87421, 40.75673], [-73.87514, 40.75663], [-73.87551, 40.75868], [-73.87581, 40.76031], [-73.87601, 40.76144], [-73.87549, 40.76135], [-73.875, 40.76126], [-73.87532, 40.76294], [-73.87532, 40.76301], [-73.87533, 40.76306], [-73.87554, 40.76423], [-73.87587, 40.76605], [-73.87614, 40.76769], [-73.87623, 40.76809], [-73.87624, 40.76813], [-73.87625, 40.76817], [-73.87639, 40.769], [-73.87601, 40.76982], [-73.87602, 40.77031], [-73.87601, 40.77048], [-73.87598, 40.77091], [-73.87597, 40.77104], [-73.87598, 40.77118], [-73.87601, 40.77131], [-73.87605, 40.77144], [-73.87609, 40.77154], [-73.87602, 40.77155], [-73.87518, 40.77168], [-73.87476, 40.77172], [-73.87426, 40.77175], [-73.87381, 40.77177], [-73.87328, 40.77177], [-73.87273, 40.77174], [-73.87224, 40.77169], [-73.87174, 40.77162], [-73.87143, 40.77158], [-73.87071, 40.77139], [-73.87016, 40.77121], [-73.86963, 40.77101], [-73.86944, 40.77092], [-73.86889, 40.77065], [-73.8681, 40.77017], [-73.86728, 40.76965], [-73.86607, 40.7688], [-73.86551, 40.76835], [-73.86509, 40.76801], [-73.86458, 40.76757], [-73.86405, 40.76706], [-73.86353, 40.76658], [-73.8634, 40.76645], [-73.86322, 40.76625], [-73.86286, 40.76585], [-73.86181, 40.76454], [-73.8611, 40.76366], [-73.85993, 40.7622], [-73.85967, 40.7619], [-73.85914, 40.76142], [-73.85912, 40.76127]]]}}, {"type": "Feature", "properties": {"zone_id": 71, "zone": "East Flatbush/Farragut", "borough": "Brooklyn", "demand": 20}, "geometry": {"type": "Polygon", "coordinates": [[[-73.93177, 40.65527], [-73.93161, 40.65374], [-73.93139, 40.65169], [-73.93038, 40.65173], [-73.93021, 40.65011], [-73.93, 40.64818], [-73.9298, 40.64632], [-73.92974, 40.64574], [-73.9296, 40.64443], [-73.92935, 40.64213], [-73.92911, 40.63979], [-73.9281, 40.63986], [-73.92761, 40.63989], [-73.92717, 40.63992], [-73.92622, 40.63998], [-73.92595, 40.64], [-73.92574, 40.64001], [-73.92583, 40.63963], [-73.92583, 40.63942], [-73.92586, 40.63921], [-73.9259, 40.639], [-73.92597, 40.6388], [-73.92605, 40.6386], [-73.92606, 40.63852], [-73.92608, 40.63816], [-73.92613, 40.63774], [-73.92616, 40.63757], [-73.92627, 40.63721], [-73.92653, 40.63649], [-73.92669, 40.63626], [-73.92674, 40.63617], [-73.92682, 40.63606], [-73.92691, 40.63594], [-73.92713, 40.63567], [-73.92745, 40.63526], [-73.92767, 40.63524], [-73.92861, 40.63519], [-73.92962, 40.63512], [-73.93055, 40.63506], [-73.93153, 40.63501], [-73.93224, 40.63496], [-73.9325, 40.63495], [-73.93343, 40.63488], [-73.93439, 40.63483], [-73.93536, 40.63477], [-73.9363, 40.63471], [-73.93727, 40.63465], [-73.93707, 40.63277], [-73.93704, 40.63251], [-73.93702, 40.63231], [-73.93741, 40.63228], [-73.93759, 40.63227], [-73.938, 40.63225], [-73.93892, 40.63219], [-73.93985, 40.63213], [-73.94032, 40.6321], [-73.94079, 40.63208], [-73.94176, 40.63202], [-73.94273, 40.63196], [-73.94366, 40.6319], [-73.94463, 40.63184], [-73.94488, 40.63418], [-73.94512, 40.63645], [-73.94537, 40.63879], [-73.94638, 40.63873], [-73.94715, 40.63868], [-73.94827, 40.63861], [-73.94841, 40.63999], [-73.94744, 40.64005], [-73.94755, 40.64101], [-73.94779, 40.64331], [-73.94686, 40.64336], [-73.94587, 40.64342], [-73.94599, 40.64453], [-73.94607, 40.64531], [-73.94626, 40.64701], [-73.94648, 40.6491], [-73.94667, 40.65095], [-73.94571, 40.65101], [-73.9459, 40.65285], [-73.94607, 40.65441], [-73.94703, 40.65434], [-73.94716, 40.65559], [-73.94508, 40.65572], [-73.94487, 40.65573], [-73.94446, 40.65576], [-73.94335, 40.65583], [-73.9424, 40.65588], [-73.94146, 40.65594], [-73.94053, 40.656], [-73.93956, 40.65606], [-73.93859, 40.65612], [-73.93766, 40.65618], [-73.93712, 40.65622], [-73.93668, 40.65624], [-73.93618, 40.65627], [-73.93572, 40.6563], [-73.93478, 40.65636], [-73.93381, 40.65642], [-73.93285, 40.65648], [-73.93191, 40.65654], [-73.93177, 40.65527]]]}}, {"type": "Feature", "properties": {"zone_id": 72, "zone": "East Flatbush/Remsen Village", "borough": "Brooklyn", "demand": 19}, "geometry": {"type": "Polygon", "coordinates": [[[-73.92021, 40.65997], [-73.92008, 40.65986], [-73.91999, 40.66011], [-73.9199, 40.66034], [-73.91974, 40.66077], [-73.91966, 40.6614], [-73.91963, 40.66171], [-73.91959, 40.662], [-73.91946, 40.66188], [-73.9192, 40.66165], [-73.91894, 40.66142], [-73.9186, 40.66112], [-73.9183, 40.66116], [-73.91818, 40.66073], [-73.91742, 40.66005], [-73.91707, 40.65974], [-73.91573, 40.65855], [-73.91557, 40.65839], [-73.91441, 40.65736], [-73.91403, 40.657], [-73.91378, 40.65678], [-73.91314, 40.65622], [-73.91236, 40.65551], [-73.912, 40.65556], [-73.91108, 40.6557], [-73.91012, 40.65585], [-73.90978, 40.65447], [-73.90976, 40.65437], [-73.90974, 40.65431], [-73.90973, 40.65425], [-73.9097, 40.65415], [-73.90934, 40.65281], [-73.90856, 40.6521], [-73.90945, 40.65152], [-73.91023, 40.65101], [-73.9111, 40.65045], [-73.91182, 40.64998], [-73.91254, 40.64952], [-73.91325, 40.64906], [-73.91396, 40.6486], [-73.91473, 40.6481], [-73.9155, 40.6476], [-73.91621, 40.64715], [-73.91694, 40.64668], [-73.91731, 40.64644], [-73.91765, 40.64622], [-73.91799, 40.64601], [-73.9183, 40.64581], [-73.91862, 40.6456], [-73.91892, 40.6454], [-73.91925, 40.64518], [-73.91943, 40.64506], [-73.91982, 40.64478], [-73.91995, 40.64471], [-73.91991, 40.64433], [-73.91974, 40.64278], [-73.92026, 40.64237], [-73.92155, 40.64134], [-73.92333, 40.6399], [-73.92335, 40.64018], [-73.92337, 40.6405], [-73.92342, 40.64092], [-73.92357, 40.6425], [-73.92454, 40.64244], [-73.92519, 40.6424], [-73.92538, 40.64238], [-73.92548, 40.64159], [-73.92558, 40.64107], [-73.92562, 40.64081], [-73.9257, 40.64036], [-73.92574, 40.64001], [-73.92595, 40.64], [-73.92622, 40.63998], [-73.92717, 40.63992], [-73.92761, 40.63989], [-73.9281, 40.63986], [-73.92911, 40.63979], [-73.92935, 40.64213], [-73.9296, 40.64443], [-73.92974, 40.64574], [-73.9298, 40.64632], [-73.93, 40.64818], [-73.93021, 40.65011], [-73.93038, 40.65173], [-73.93139, 40.65169], [-73.93161, 40.65374], [-73.93177, 40.65527], [-73.93191, 40.65654], [-73.9309, 40.65661], [-73.9299, 40.65668], [-73.92896, 40.65674], [-73.92799, 40.6568], [-73.92817, 40.65848], [-73.92834, 40.66006], [-73.92819, 40.66018], [-73.92726, 40.65934], [-73.92646, 40.65981], [-73.92828, 40.66145], [-73.92854, 40.66168], [-73.93068, 40.66362], [-73.92987, 40.66399], [-73.9294, 40.6642], [-73.92917, 40.6643], [-73.92905, 40.66435], [-73.92872, 40.6645], [-73.92823, 40.66471], [-73.92771, 40.66493], [-73.92739, 40.66507], [-73.92638, 40.66551], [-73.92455, 40.66386], [-73.92273, 40.66223], [-73.92091, 40.6606], [-73.92021, 40.65997]]]}}, {"type": "Feature", "properties": {"zone_id": 77, "zone": "East New York/Pennsylvania Avenue", "borough": "Brooklyn", "demand": 28}, "geometry": {"type": "Polygon", "coordinates": [[[-73.89971, 40.67549], [-73.89931, 40.67398], [-73.89839, 40.67412], [-73.89748, 40.67425], [-73.89651, 40.6744], [-73.8955, 40.67455], [-73.89459, 40.67468], [-73.89367, 40.67482], [-73.89335, 40.67358], [-73.89303, 40.67231], [-73.89271, 40.67105], [-73.8918, 40.67118], [-73.89088, 40.67132], [-73.89056, 40.67006], [-73.89017, 40.66852], [-73.88977, 40.66699], [-73.89069, 40.66685], [-73.8903, 40.66531], [-73.88991, 40.66378], [-73.88898, 40.66392], [-73.88811, 40.66405], [-73.88739, 40.66435], [-73.88726, 40.66441], [-73.88658, 40.66471], [-73.88641, 40.66478], [-73.88556, 40.66514], [-73.88494, 40.66541], [-73.88474, 40.66549], [-73.88412, 40.66576], [-73.88391, 40.66585], [-73.88331, 40.66611], [-73.88209, 40.66446], [-73.88186, 40.66415], [-73.88267, 40.6638], [-73.88309, 40.66362], [-73.88349, 40.66345], [-73.8843, 40.66309], [-73.88512, 40.66275], [-73.88594, 40.66239], [-73.88681, 40.66201], [-73.88757, 40.66169], [-73.88839, 40.66134], [-73.8892, 40.66099], [-73.89002, 40.66064], [-73.89083, 40.66028], [-73.89165, 40.65993], [-73.89246, 40.65958], [-73.89328, 40.65923], [-73.8941, 40.65888], [-73.89491, 40.65853], [-73.89572, 40.65816], [-73.89617, 40.65798], [-73.89614, 40.65788], [-73.89613, 40.65781], [-73.89704, 40.65766], [-73.89797, 40.65753], [-73.89881, 40.65741], [-73.89882, 40.65745], [-73.89884, 40.65753], [-73.89922, 40.65911], [-73.89965, 40.66073], [-73.89973, 40.6607], [-73.89989, 40.66064], [-73.90015, 40.66065], [-73.90066, 40.66059], [-73.90105, 40.66212], [-73.90145, 40.66366], [-73.90072, 40.66376], [-73.90051, 40.66379], [-73.90042, 40.66381], [-73.90085, 40.66535], [-73.90127, 40.66688], [-73.90167, 40.66841], [-73.90198, 40.66967], [-73.90229, 40.67094], [-73.90266, 40.6722], [-73.90297, 40.67344], [-73.90322, 40.67447], [-73.90344, 40.67538], [-73.90346, 40.67546], [-73.90347, 40.67551], [-73.90314, 40.67562], [-73.90302, 40.67566], [-73.90292, 40.67568], [-73.9028, 40.67576], [-73.90268, 40.67579], [-73.90258, 40.67583], [-73.90246, 40.67588], [-73.90096, 40.6765], [-73.90079, 40.67657], [-73.90005, 40.67689], [-73.90003, 40.67682], [-73.89975, 40.67571], [-73.89974, 40.67565], [-73.89972, 40.6756], [-73.89972, 40.67556], [-73.89971, 40.67549]]]}}, {"type": "Feature", "properties": {"zone_id": 78, "zone": "East Tremont", "borough": "Bronx", "demand": 12}, "geometry": {"type": "Polygon", "coordinates": [[[-73.88963, 40.85317], [-73.88994, 40.85259], [-73.88988, 40.85207], [-73.88963, 40.85189], [-73.88952, 40.8518], [-73.88895, 40.85144], [-73.88878, 40.85134], [-73.88824, 40.85103], [-73.88801, 40.85098], [-73.88752, 40.85095], [-73.88644, 40.85031], [-73.88581, 40.84993], [-73.8848, 40.84931], [-73.88378, 40.84868], [-73.88323, 40.84835], [-73.88312, 40.84822], [-73.88278, 40.84807], [-73.88276, 40.84806], [-73.88284, 40.84782], [-73.882, 40.84723], [-73.88106, 40.84659], [-73.88048, 40.84619], [-73.87919, 40.84532], [-73.87801, 40.84448], [-73.87733, 40.84398], [-73.87817, 40.84262], [-73.87757, 40.84248], [-73.87694, 40.84234], [-73.87687, 40.84232], [-73.8768, 40.8423], [-73.87609, 40.84206], [-73.87459, 40.84152], [-73.87457, 40.84164], [-73.87399, 40.84256], [-73.87281, 40.84342], [-73.8719, 40.84372], [-73.87185, 40.84376], [-73.87179, 40.8438], [-73.87109, 40.84432], [-73.87047, 40.84542], [-73.86944, 40.84724], [-73.86889, 40.84811], [-73.86941, 40.84879], [-73.86921, 40.84924], [-73.86837, 40.84897], [-73.86786, 40.84886], [-73.86801, 40.8483], [-73.86835, 40.84708], [-73.86844, 40.84705], [-73.86893, 40.84688], [-73.86883, 40.84674], [-73.86875, 40.84658], [-73.86875, 40.84658], [-73.86875, 40.84658], [-73.8687, 40.84642], [-73.8687, 40.84642], [-73.8687, 40.84642], [-73.86866, 40.84626], [-73.86866, 40.84626], [-73.86866, 40.84626], [-73.86865, 40.84609], [-73.86865, 40.84609], [-73.86865, 40.84609], [-73.86866, 40.84593], [-73.86866, 40.84593], [-73.86866, 40.84593], [-73.86869, 40.84577], [-73.86874, 40.84561], [-73.86864, 40.84531], [-73.86804, 40.84481], [-73.86889, 40.84441], [-73.8696, 40.84398], [-73.8703, 40.84355], [-73.871, 40.84311], [-73.87153, 40.84251], [-73.87223, 40.84164], [-73.8723, 40.84158], [-73.87236, 40.84148], [-73.87245, 40.84134], [-73.87281, 40.84087], [-73.87327, 40.84022], [-73.8736, 40.8398], [-73.87561, 40.8399], [-73.87747, 40.83998], [-73.87791, 40.83997], [-73.87824, 40.83999], [-73.87831, 40.83999], [-73.87842, 40.83999], [-73.8785, 40.84], [-73.87866, 40.84002], [-73.87978, 40.84015], [-73.87992, 40.84015], [-73.88006, 40.84016], [-73.8801, 40.84007], [-73.88027, 40.8399], [-73.88031, 40.83972], [-73.88031, 40.83972], [-73.88031, 40.83972], [-73.88037, 40.83954], [-73.88037, 40.83954], [-73.88037, 40.83954], [-73.88045, 40.83937], [-73.88045, 40.83937], [-73.88045, 40.83937], [-73.88055, 40.8392], [-73.88067, 40.83904], [-73.88067, 40.83904], [-73.88067, 40.83904], [-73.88081, 40.83889], [-73.88081, 40.83889], [-73.88081, 40.83889], [-73.88097, 40.83875], [-73.88114, 40.83862], [-73.88135, 40.83841], [-73.88138, 40.83838], [-73.88155, 40.83818], [-73.8816, 40.8381], [-73.88166, 40.83803], [-73.8817, 40.83799], [-73.88172, 40.83795], [-73.88183, 40.83779], [-73.88192, 40.83762], [-73.882, 40.83744], [-73.88204, 40.83752], [-73.88207, 40.83766], [-73.88211, 40.83778], [-73.88218, 40.83791], [-73.88226, 40.83803], [-73.88235, 40.83814], [-73.88246, 40.83825], [-73.88285, 40.83849], [-73.8828, 40.83855], [-73.88275, 40.83859], [-73.88314, 40.83881], [-73.88352, 40.83902], [-73.88403, 40.8393], [-73.88413, 40.83936], [-73.88418, 40.83933], [-73.88435, 40.83928], [-73.88465, 40.83917], [-73.8847, 40.8392], [-73.88583, 40.8399], [-73.88618, 40.8401], [-73.8866, 40.83928], [-73.88754, 40.83964], [-73.88814, 40.83986], [-73.88869, 40.83916], [-73.88942, 40.83942], [-73.89017, 40.83987], [-73.89217, 40.84105], [-73.89317, 40.84164], [-73.8941, 40.84219], [-73.89485, 40.84263], [-73.89494, 40.84268], [-73.89501, 40.84272], [-73.8951, 40.84277], [-73.89528, 40.84288], [-73.89538, 40.84294], [-73.89485, 40.84365], [-73.89482, 40.84368], [-73.89479, 40.84372], [-73.89464, 40.8439], [-73.89398, 40.8447], [-73.8929, 40.84627], [-73.89337, 40.8464], [-73.89361, 40.84644], [-73.89385, 40.84647], [-73.89409, 40.84649], [-73.89434, 40.84649], [-73.89536, 40.84652], [-73.89618, 40.84666], [-73.89612, 40.84678], [-73.89558, 40.84785], [-73.89495, 40.8491], [-73.89407, 40.85071], [-73.89479, 40.85108], [-73.89432, 40.85189], [-73.89307, 40.85325], [-73.89217, 40.85277], [-73.8909, 40.85412], [-73.89069, 40.85435], [-73.89039, 40.85469], [-73.89003, 40.85422], [-73.88961, 40.85362], [-73.88963, 40.85317]]]}}, {"type": "Feature", "properties": {"zone_id": 85, "zone": "Erasmus", "borough": "Brooklyn", "demand": 24}, "geometry": {"type": "Polygon", "coordinates": [[[-73.94716, 40.65559], [-73.94703, 40.65434], [-73.94607, 40.65441], [-73.9459, 40.65285], [-73.94571, 40.65101], [-73.94667, 40.65095], [-73.94648, 40.6491], [-73.94626, 40.64701], [-73.94607, 40.64531], [-73.94599, 40.64453], [-73.94587, 40.64342], [-73.94686, 40.64336], [-73.94779, 40.64331], [-73.94755, 40.64101], [-73.94744, 40.64005], [-73.94841, 40.63999], [-73.94827, 40.63861], [-73.94923, 40.63855], [-73.95017, 40.63851], [-73.95116, 40.63845], [-73.95214, 40.63844], [-73.95308, 40.63845], [-73.9536, 40.63842], [-73.95375, 40.63859], [-73.95404, 40.63888], [-73.95427, 40.63912], [-73.95477, 40.63962], [-73.95564, 40.6405], [-73.95572, 40.64058], [-73.95707, 40.64196], [-73.95746, 40.64237], [-73.95764, 40.64269], [-73.95789, 40.64402], [-73.95792, 40.64414], [-73.95798, 40.64458], [-73.95802, 40.64507], [-73.95804, 40.6453], [-73.95811, 40.64652], [-73.95814, 40.6475], [-73.95815, 40.64777], [-73.95826, 40.64853], [-73.95871, 40.65039], [-73.95583, 40.65053], [-73.9548, 40.65057], [-73.95295, 40.65066], [-73.95247, 40.65067], [-73.95138, 40.65072], [-73.94957, 40.65081], [-73.94967, 40.6517], [-73.94977, 40.65264], [-73.94993, 40.65415], [-73.95007, 40.65542], [-73.94716, 40.65559]]]}}, {"type": "Feature", "properties": {"zone_id": 89, "zone": "Flatbush/Ditmas Park", "borough": "Brooklyn", "demand": 49}, "geometry": {"type": "Polygon", "coordinates": [[[-73.95375, 40.63859], [-73.9536, 40.63842], [-73.95308, 40.63845], [-73.95214, 40.63844], [-73.95116, 40.63845], [-73.95017, 40.63851], [-73.94923, 40.63855], [-73.94827, 40.63861], [-73.94715, 40.63868], [-73.94638, 40.63873], [-73.94537, 40.63879], [-73.94512, 40.63645], [-73.94488, 40.63418], [-73.94463, 40.63184], [-73.94562, 40.63178], [-73.94648, 40.63171], [-73.94551, 40.63079], [-73.94481, 40.63013], [-73.94454, 40.62987], [-73.94416, 40.62951], [-73.94447, 40.62948], [-73.9454, 40.62938], [-73.94633, 40.62928], [-73.94733, 40.62917], [-73.94832, 40.62906], [-73.94925, 40.62895], [-73.95018, 40.62885], [-73.95111, 40.62875], [-73.95207, 40.62865], [-73.95303, 40.62854], [-73.95396, 40.62844], [-73.95489, 40.62834], [-73.95581, 40.62823], [-73.95685, 40.62812], [-73.95805, 40.62797], [-73.95899, 40.62789], [-73.95996, 40.62778], [-73.96015, 40.62891], [-73.96023, 40.62925], [-73.96025, 40.62937], [-73.96026, 40.62942], [-73.96041, 40.63016], [-73.96046, 40.63016], [-73.96137, 40.63006], [-73.96164, 40.63002], [-73.96182, 40.63], [-73.96197, 40.62999], [-73.96233, 40.62997], [-73.96322, 40.62984], [-73.96415, 40.62974], [-73.96508, 40.62965], [-73.96608, 40.62954], [-73.96708, 40.62943], [-73.968, 40.62933], [-73.96893, 40.62923], [-73.97, 40.62911], [-73.97109, 40.62897], [-73.97137, 40.62893], [-73.97121, 40.62809], [-73.97111, 40.62759], [-73.97092, 40.62657], [-73.97108, 40.62655], [-73.97119, 40.62654], [-73.9723, 40.62643], [-73.97322, 40.62632], [-73.97415, 40.62621], [-73.97508, 40.62611], [-73.97564, 40.62603], [-73.97623, 40.62598], [-73.97645, 40.62701], [-73.97651, 40.62729], [-73.97658, 40.62757], [-73.9767, 40.62835], [-73.97685, 40.62909], [-73.977, 40.62987], [-73.97717, 40.63075], [-73.97605, 40.63128], [-73.97517, 40.63169], [-73.97432, 40.63209], [-73.9732, 40.63262], [-73.97281, 40.6328], [-73.97242, 40.63299], [-73.97231, 40.63304], [-73.97216, 40.63311], [-73.9719, 40.63323], [-73.97088, 40.63372], [-73.96987, 40.63419], [-73.97029, 40.63641], [-73.96936, 40.63651], [-73.96804, 40.63665], [-73.96822, 40.6373], [-73.96872, 40.63902], [-73.96879, 40.63926], [-73.96891, 40.63976], [-73.9694, 40.64138], [-73.96948, 40.64169], [-73.96969, 40.64236], [-73.96988, 40.64303], [-73.97009, 40.64375], [-73.97032, 40.64454], [-73.97055, 40.64532], [-73.97077, 40.64611], [-73.97084, 40.64638], [-73.97121, 40.64762], [-73.9714, 40.64826], [-73.97069, 40.6485], [-73.96967, 40.6489], [-73.96879, 40.64925], [-73.96791, 40.6496], [-73.96703, 40.64995], [-73.96615, 40.6503], [-73.96526, 40.65064], [-73.96465, 40.65089], [-73.96524, 40.65174], [-73.96575, 40.6525], [-73.96621, 40.65319], [-73.96414, 40.65399], [-73.9619, 40.65487], [-73.96156, 40.655], [-73.9607, 40.65534], [-73.95986, 40.65563], [-73.9597, 40.65484], [-73.95945, 40.65357], [-73.95933, 40.65293], [-73.95915, 40.65214], [-73.95893, 40.65121], [-73.95871, 40.65039], [-73.95844, 40.6493], [-73.95826, 40.64853], [-73.95815, 40.64777], [-73.95814, 40.6475], [-73.95811, 40.64652], [-73.95804, 40.6453], [-73.95802, 40.64507], [-73.95798, 40.64458], [-73.95792, 40.64414], [-73.95789, 40.64402], [-73.95764, 40.64269], [-73.95746, 40.64237], [-73.95707, 40.64196], [-73.95572, 40.64058], [-73.95564, 40.6405], [-73.95477, 40.63962], [-73.95427, 40.63912], [-73.95404, 40.63888], [-73.95375, 40.63859]]]}}, {"type": "Feature", "properties": {"zone_id": 91, "zone": "Flatlands", "borough": "Brooklyn", "demand": 18}, "geometry": {"type": "Polygon", "coordinates": [[[-73.91945, 40.64017], [-73.91941, 40.63977], [-73.91929, 40.6386], [-73.91917, 40.63747], [-73.91916, 40.6374], [-73.91906, 40.63638], [-73.91903, 40.6361], [-73.91901, 40.63589], [-73.91899, 40.63576], [-73.91895, 40.63539], [-73.91894, 40.63529], [-73.91892, 40.63512], [-73.91891, 40.63503], [-73.91889, 40.63484], [-73.91888, 40.63477], [-73.91887, 40.63464], [-73.91886, 40.63458], [-73.91885, 40.63448], [-73.91876, 40.63364], [-73.91863, 40.63235], [-73.91861, 40.63209], [-73.91824, 40.62877], [-73.91816, 40.628], [-73.91799, 40.62646], [-73.91775, 40.62416], [-73.91771, 40.62372], [-73.91752, 40.62194], [-73.91747, 40.62151], [-73.91741, 40.62096], [-73.91726, 40.61955], [-73.91717, 40.61871], [-73.91717, 40.61839], [-73.91712, 40.61792], [-73.91701, 40.6172], [-73.91698, 40.61693], [-73.9169, 40.61627], [-73.9172, 40.61609], [-73.91739, 40.61597], [-73.91789, 40.61565], [-73.91863, 40.61517], [-73.91893, 40.61497], [-73.91937, 40.61469], [-73.91961, 40.61453], [-73.92011, 40.61421], [-73.92053, 40.61394], [-73.92062, 40.61484], [-73.92159, 40.61478], [-73.92253, 40.61472], [-73.9235, 40.61466], [-73.92447, 40.6146], [-73.9254, 40.61454], [-73.9264, 40.61448], [-73.92632, 40.61344], [-73.9263, 40.61319], [-73.9263, 40.61312], [-73.9274, 40.61405], [-73.92769, 40.61431], [-73.92776, 40.61437], [-73.92809, 40.61467], [-73.92843, 40.61497], [-73.92946, 40.6159], [-73.9299, 40.61629], [-73.9306, 40.61692], [-73.93173, 40.61793], [-73.93249, 40.61743], [-73.9332, 40.61697], [-73.93502, 40.6186], [-73.93687, 40.62025], [-73.93696, 40.6202], [-73.93758, 40.6198], [-73.93781, 40.61965], [-73.93829, 40.61933], [-73.93865, 40.6191], [-73.939, 40.61887], [-73.93949, 40.61855], [-73.93972, 40.61841], [-73.94037, 40.61799], [-73.94045, 40.61793], [-73.94079, 40.6177], [-73.94128, 40.61763], [-73.94139, 40.61762], [-73.94221, 40.61753], [-73.94315, 40.61743], [-73.94325, 40.61741], [-73.94347, 40.61738], [-73.94396, 40.61682], [-73.94468, 40.61616], [-73.94483, 40.61605], [-73.94574, 40.61536], [-73.94576, 40.6155], [-73.94607, 40.6171], [-73.94651, 40.61949], [-73.94552, 40.61961], [-73.94452, 40.61971], [-73.94497, 40.6221], [-73.94542, 40.6245], [-73.94642, 40.62439], [-73.94687, 40.62677], [-73.94733, 40.62917], [-73.94633, 40.62928], [-73.9454, 40.62938], [-73.94447, 40.62948], [-73.94416, 40.62951], [-73.94454, 40.62987], [-73.94481, 40.63013], [-73.94551, 40.63079], [-73.94648, 40.63171], [-73.94562, 40.63178], [-73.94463, 40.63184], [-73.94366, 40.6319], [-73.94273, 40.63196], [-73.94176, 40.63202], [-73.94079, 40.63208], [-73.94032, 40.6321], [-73.93985, 40.63213], [-73.93892, 40.63219], [-73.938, 40.63225], [-73.93759, 40.63227], [-73.93741, 40.63228], [-73.93702, 40.63231], [-73.93704, 40.63251], [-73.93707, 40.63277], [-73.93727, 40.63465], [-73.9363, 40.63471], [-73.93536, 40.63477], [-73.93439, 40.63483], [-73.93343, 40.63488], [-73.9325, 40.63495], [-73.93224, 40.63496], [-73.93153, 40.63501], [-73.93055, 40.63506], [-73.92962, 40.63512], [-73.92861, 40.63519], [-73.92767, 40.63524], [-73.92745, 40.63526], [-73.92713, 40.63567], [-73.92691, 40.63594], [-73.92682, 40.63606], [-73.92674, 40.63617], [-73.92669, 40.63626], [-73.92653, 40.63649], [-73.92627, 40.63721], [-73.92616, 40.63757], [-73.92613, 40.63774], [-73.92608, 40.63816], [-73.92606, 40.63852], [-73.92605, 40.6386], [-73.92597, 40.6388], [-73.9259, 40.639], [-73.92586, 40.63921], [-73.92583, 40.63942], [-73.92583, 40.63963], [-73.92574, 40.64001], [-73.9257, 40.64036], [-73.92562, 40.64081], [-73.92558, 40.64107], [-73.92548, 40.64159], [-73.92538, 40.64238], [-73.92519, 40.6424], [-73.92454, 40.64244], [-73.92357, 40.6425], [-73.92342, 40.64092], [-73.92337, 40.6405], [-73.92335, 40.64018], [-73.92333, 40.6399], [-73.92155, 40.64134], [-73.92026, 40.64237], [-73.91974, 40.64278], [-73.91966, 40.64208], [-73.91958, 40.6414], [-73.91956, 40.64118], [-73.91954, 40.64086], [-73.91947, 40.64028], [-73.91946, 40.64024], [-73.91945, 40.64017]]]}}, {"type": "Feature", "properties": {"zone_id": 92, "zone": "Flushing", "borough": "Queens", "demand": 21}, "geometry": {"type": "Polygon", "coordinates": [[[-73.82657, 40.77064], [-73.82656, 40.77014], [-73.82605, 40.77021], [-73.82556, 40.77028], [-73.82467, 40.77041], [-73.82444, 40.76928], [-73.82421, 40.76817], [-73.82395, 40.76689], [-73.82373, 40.76582], [-73.82348, 40.76465], [-73.82303, 40.76367], [-73.8226, 40.76276], [-73.82207, 40.76162], [-73.82181, 40.76107], [-73.82177, 40.76098], [-73.82156, 40.76053], [-73.82116, 40.75969], [-73.82081, 40.75894], [-73.82064, 40.75887], [-73.82005, 40.75848], [-73.81923, 40.75795], [-73.81857, 40.75752], [-73.81789, 40.75709], [-73.81894, 40.75641], [-73.81927, 40.7562], [-73.81962, 40.75596], [-73.8203, 40.75551], [-73.81841, 40.75383], [-73.81909, 40.75338], [-73.81978, 40.75294], [-73.82085, 40.75224], [-73.81999, 40.75143], [-73.81941, 40.75089], [-73.81912, 40.75062], [-73.81884, 40.75035], [-73.81826, 40.74983], [-73.8178, 40.74939], [-73.81769, 40.74929], [-73.81711, 40.74876], [-73.81654, 40.74826], [-73.81599, 40.74777], [-73.81537, 40.74722], [-73.81575, 40.74698], [-73.81658, 40.74714], [-73.81692, 40.7472], [-73.81782, 40.74738], [-73.81873, 40.74771], [-73.81962, 40.74804], [-73.82052, 40.74836], [-73.82108, 40.74856], [-73.82132, 40.74876], [-73.8224, 40.74986], [-73.82321, 40.75071], [-73.82427, 40.75183], [-73.82461, 40.75163], [-73.82492, 40.75144], [-73.82519, 40.75129], [-73.82577, 40.75097], [-73.82567, 40.75091], [-73.82565, 40.75078], [-73.82565, 40.75065], [-73.82567, 40.75052], [-73.8257, 40.7504], [-73.82574, 40.75027], [-73.82584, 40.74935], [-73.82674, 40.74968], [-73.82724, 40.74986], [-73.82738, 40.74987], [-73.82752, 40.74987], [-73.82766, 40.74986], [-73.82787, 40.74981], [-73.82807, 40.74975], [-73.82827, 40.74968], [-73.82847, 40.7496], [-73.82865, 40.7495], [-73.82883, 40.74941], [-73.82902, 40.74932], [-73.82923, 40.74926], [-73.82944, 40.7492], [-73.82965, 40.74917], [-73.83061, 40.74903], [-73.83071, 40.74902], [-73.83082, 40.749], [-73.83092, 40.74896], [-73.83101, 40.74892], [-73.83109, 40.74886], [-73.83116, 40.7488], [-73.83122, 40.74869], [-73.83126, 40.74858], [-73.83129, 40.74846], [-73.83129, 40.74834], [-73.83128, 40.74822], [-73.83125, 40.74811], [-73.833, 40.74783], [-73.83309, 40.74799], [-73.83312, 40.74805], [-73.83278, 40.74931], [-73.83228, 40.75142], [-73.83228, 40.75146], [-73.83225, 40.75158], [-73.83225, 40.7517], [-73.83226, 40.75182], [-73.8323, 40.75194], [-73.8356, 40.75139], [-73.836, 40.75201], [-73.83701, 40.75403], [-73.83744, 40.75408], [-73.83767, 40.75411], [-73.83778, 40.75413], [-73.83799, 40.75451], [-73.83806, 40.75467], [-73.83814, 40.75485], [-73.83828, 40.75523], [-73.83834, 40.75542], [-73.83838, 40.75564], [-73.83847, 40.75604], [-73.83867, 40.75702], [-73.83862, 40.75709], [-73.83679, 40.76117], [-73.83689, 40.7626], [-73.8369, 40.7627], [-73.83692, 40.76277], [-73.83695, 40.76283], [-73.8379, 40.76459], [-73.83908, 40.76526], [-73.83922, 40.76534], [-73.83936, 40.76541], [-73.83946, 40.76545], [-73.83913, 40.76599], [-73.83871, 40.76667], [-73.83867, 40.76674], [-73.8386, 40.76683], [-73.83806, 40.7676], [-73.83747, 40.76831], [-73.83711, 40.76864], [-73.83678, 40.76897], [-73.83614, 40.76953], [-73.83537, 40.77012], [-73.83512, 40.77028], [-73.83434, 40.77079], [-73.83339, 40.77134], [-73.8321, 40.7721], [-73.83161, 40.77241], [-73.8315, 40.77249], [-73.8309, 40.77298], [-73.83, 40.77373], [-73.82908, 40.77479], [-73.82879, 40.77524], [-73.82831, 40.776], [-73.8279, 40.77668], [-73.82666, 40.77882], [-73.82642, 40.77923], [-73.82616, 40.77968], [-73.82608, 40.77985], [-73.82577, 40.78046], [-73.82558, 40.78083], [-73.82514, 40.7817], [-73.82499, 40.7817], [-73.82462, 40.78171], [-73.82384, 40.78172], [-73.82224, 40.78169], [-73.82244, 40.78141], [-73.82262, 40.78113], [-73.82278, 40.78083], [-73.82292, 40.78053], [-73.82331, 40.77958], [-73.82355, 40.77903], [-73.82376, 40.7785], [-73.82382, 40.77836], [-73.82405, 40.77772], [-73.82414, 40.77748], [-73.82422, 40.77723], [-73.82428, 40.77699], [-73.82433, 40.77674], [-73.82487, 40.77654], [-73.82583, 40.77591], [-73.82625, 40.77452], [-73.82648, 40.77312], [-73.82657, 40.77234], [-73.82658, 40.77163], [-73.82657, 40.77064]]]}}, {"type": "Feature", "properties": {"zone_id": 94, "zone": "Fordham South", "borough": "Bronx", "demand": 20}, "geometry": {"type": "Polygon", "coordinates": [[[-73.89964, 40.86221], [-73.89944, 40.86212], [-73.89841, 40.8623], [-73.89798, 40.8624], [-73.89737, 40.86243], [-73.89714, 40.86244], [-73.89774, 40.86135], [-73.89802, 40.86082], [-73.89823, 40.86045], [-73.89829, 40.86033], [-73.89859, 40.85977], [-73.8988, 40.85936], [-73.89884, 40.85931], [-73.89866, 40.85925], [-73.89818, 40.85908], [-73.89736, 40.85876], [-73.89636, 40.85837], [-73.89574, 40.85814], [-73.89469, 40.85943], [-73.89381, 40.85899], [-73.89322, 40.85987], [-73.89256, 40.86052], [-73.89142, 40.86166], [-73.89138, 40.8617], [-73.89106, 40.86153], [-73.89106, 40.86147], [-73.89115, 40.86091], [-73.89174, 40.86018], [-73.89226, 40.85941], [-73.89299, 40.85839], [-73.89441, 40.85643], [-73.89478, 40.85593], [-73.8955, 40.85475], [-73.89561, 40.85457], [-73.89644, 40.85491], [-73.8971, 40.85517], [-73.89831, 40.85406], [-73.89864, 40.85391], [-73.89817, 40.85515], [-73.89878, 40.85536], [-73.89967, 40.85567], [-73.9006, 40.85599], [-73.90078, 40.85605], [-73.90085, 40.85594], [-73.90117, 40.8555], [-73.9013, 40.8553], [-73.90154, 40.85499], [-73.90186, 40.85459], [-73.90208, 40.85462], [-73.90299, 40.85477], [-73.90395, 40.85497], [-73.90473, 40.85537], [-73.90557, 40.85579], [-73.90522, 40.8562], [-73.90509, 40.85641], [-73.90468, 40.85706], [-73.90566, 40.8574], [-73.90526, 40.85805], [-73.90487, 40.85869], [-73.90447, 40.85934], [-73.90408, 40.85999], [-73.90351, 40.86092], [-73.90254, 40.86058], [-73.90234, 40.86095], [-73.90212, 40.86133], [-73.90188, 40.86169], [-73.90163, 40.86205], [-73.90136, 40.86241], [-73.90108, 40.86276], [-73.90028, 40.86247], [-73.89996, 40.86235], [-73.89964, 40.86221]]]}}, {"type": "Feature", "properties": {"zone_id": 101, "zone": "Glen Oaks", "borough": "Queens", "demand": 13}, "geometry": {"type": "Polygon", "coordinates": [[[-73.70135, 40.75078], [-73.70117, 40.74892], [-73.7009, 40.74713], [-73.70089, 40.74706], [-73.70078, 40.74504], [-73.70058, 40.74318], [-73.70029, 40.74101], [-73.70002, 40.7394], [-73.70001, 40.73932], [-73.70002, 40.73924], [-73.70032, 40.73897], [-73.70081, 40.73844], [-73.70147, 40.73751], [-73.70206, 40.73644], [-73.70228, 40.73612], [-73.70269, 40.73549], [-73.70332, 40.73456], [-73.70352, 40.73421], [-73.70394, 40.73353], [-73.7046, 40.73257], [-73.705, 40.73197], [-73.70522, 40.73162], [-73.70585, 40.73067], [-73.70648, 40.72971], [-73.7071, 40.72875], [-73.70766, 40.72783], [-73.70857, 40.72764], [-73.71043, 40.72724], [-73.7105, 40.72723], [-73.7105, 40.72728], [-73.71056, 40.72802], [-73.71062, 40.72884], [-73.71066, 40.72938], [-73.71066, 40.72949], [-73.71075, 40.73052], [-73.71089, 40.73097], [-73.71148, 40.7325], [-73.71186, 40.73316], [-73.71208, 40.73352], [-73.71229, 40.73385], [-73.7125, 40.7342], [-73.71279, 40.73467], [-73.71283, 40.73474], [-73.7129, 40.73485], [-73.71329, 40.73547], [-73.7137, 40.73616], [-73.71437, 40.73724], [-73.71477, 40.7379], [-73.71494, 40.73823], [-73.71496, 40.73828], [-73.71511, 40.73857], [-73.71545, 40.73922], [-73.71578, 40.73989], [-73.71657, 40.74165], [-73.71741, 40.74351], [-73.7176, 40.74397], [-73.71763, 40.74403], [-73.71764, 40.74407], [-73.71823, 40.7454], [-73.71853, 40.74604], [-73.71869, 40.74639], [-73.71892, 40.74689], [-73.71894, 40.74694], [-73.71896, 40.74699], [-73.71989, 40.74937], [-73.7201, 40.74977], [-73.72014, 40.74976], [-73.72259, 40.74885], [-73.7234, 40.75039], [-73.72627, 40.74931], [-73.72766, 40.74965], [-73.72781, 40.7493], [-73.72794, 40.74893], [-73.72806, 40.74857], [-73.72815, 40.7482], [-73.72823, 40.74783], [-73.72829, 40.74746], [-73.72889, 40.74757], [-73.72896, 40.74763], [-73.72872, 40.7482], [-73.72862, 40.74851], [-73.72849, 40.74904], [-73.72838, 40.74938], [-73.72825, 40.74969], [-73.72805, 40.75008], [-73.72788, 40.75039], [-73.72771, 40.75063], [-73.72738, 40.75103], [-73.72709, 40.75134], [-73.72678, 40.75162], [-73.72667, 40.75171], [-73.72641, 40.75192], [-73.72603, 40.75217], [-73.72583, 40.75229], [-73.72551, 40.75248], [-73.72509, 40.75271], [-73.72507, 40.75272], [-73.72476, 40.75291], [-73.72384, 40.75346], [-73.72383, 40.75347], [-73.72352, 40.75372], [-73.72344, 40.75379], [-73.72327, 40.75395], [-73.72299, 40.75422], [-73.7228, 40.75443], [-73.72265, 40.7546], [-73.72241, 40.75492], [-73.72207, 40.7555], [-73.7218, 40.75607], [-73.72176, 40.75614], [-73.72161, 40.7564], [-73.7216, 40.75643], [-73.72146, 40.75666], [-73.72121, 40.75698], [-73.72111, 40.75711], [-73.72097, 40.75729], [-73.72063, 40.75762], [-73.72032, 40.7579], [-73.71998, 40.75816], [-73.71968, 40.75837], [-73.71956, 40.75845], [-73.71918, 40.75867], [-73.71897, 40.75878], [-73.71878, 40.75887], [-73.71832, 40.75908], [-73.71767, 40.75931], [-73.71685, 40.75952], [-73.71614, 40.75966], [-73.71613, 40.75966], [-73.71498, 40.75978], [-73.71456, 40.75981], [-73.71426, 40.75983], [-73.71352, 40.75984], [-73.71333, 40.75973], [-73.71245, 40.75924], [-73.71086, 40.75819], [-73.71055, 40.75799], [-73.70783, 40.75622], [-73.70527, 40.75477], [-73.70347, 40.75368], [-73.70274, 40.75325], [-73.70218, 40.75289], [-73.70169, 40.75254], [-73.70163, 40.75249], [-73.70162, 40.75242], [-73.70135, 40.75078]]]}}, {"type": "Feature", "properties": {"zone_id": 119, "zone": "Highbridge", "borough": "Bronx", "demand": 30}, "geometry": {"type": "Polygon", "coordinates": [[[-73.92478, 40.84475], [-73.92388, 40.84474], [-73.92354, 40.84476], [-73.92273, 40.8448], [-73.92263, 40.8448], [-73.92247, 40.84481], [-73.92151, 40.84487], [-73.92043, 40.84494], [-73.9193, 40.84499], [-73.91877, 40.84503], [-73.91838, 40.84505], [-73.91729, 40.84511], [-73.91732, 40.84506], [-73.91741, 40.84492], [-73.91746, 40.84481], [-73.9175, 40.84468], [-73.91751, 40.84455], [-73.91751, 40.84442], [-73.91749, 40.8443], [-73.91745, 40.84418], [-73.91744, 40.84403], [-73.91746, 40.84389], [-73.91749, 40.84374], [-73.91755, 40.8436], [-73.91762, 40.84346], [-73.91772, 40.84333], [-73.91783, 40.84321], [-73.91796, 40.8431], [-73.91795, 40.84223], [-73.91769, 40.84224], [-73.91618, 40.84233], [-73.91689, 40.84135], [-73.9173, 40.84077], [-73.91768, 40.84022], [-73.91814, 40.83961], [-73.91859, 40.83898], [-73.91902, 40.83838], [-73.91916, 40.83825], [-73.91931, 40.83813], [-73.91938, 40.83808], [-73.9197, 40.83787], [-73.92002, 40.83766], [-73.92036, 40.83743], [-73.92188, 40.83643], [-73.92237, 40.83611], [-73.9234, 40.83543], [-73.92399, 40.83505], [-73.92415, 40.83483], [-73.92439, 40.83448], [-73.92503, 40.83327], [-73.92538, 40.83263], [-73.92643, 40.83142], [-73.92726, 40.83056], [-73.92743, 40.83034], [-73.92755, 40.8302], [-73.92761, 40.83013], [-73.92781, 40.82992], [-73.92781, 40.82992], [-73.92781, 40.82992], [-73.92803, 40.82972], [-73.92826, 40.82953], [-73.9285, 40.82935], [-73.92861, 40.82928], [-73.92876, 40.82919], [-73.92889, 40.8291], [-73.92917, 40.82894], [-73.92945, 40.82881], [-73.92974, 40.82869], [-73.93003, 40.82859], [-73.93034, 40.8285], [-73.93065, 40.82842], [-73.93096, 40.82834], [-73.93114, 40.8283], [-73.9312, 40.8283], [-73.93126, 40.82829], [-73.93147, 40.82828], [-73.93209, 40.82823], [-73.93251, 40.8282], [-73.93294, 40.82817], [-73.93304, 40.82816], [-73.93307, 40.82816], [-73.93309, 40.82823], [-73.93333, 40.83003], [-73.93342, 40.83077], [-73.93348, 40.83122], [-73.93355, 40.83151], [-73.93361, 40.83279], [-73.93357, 40.83289], [-73.93356, 40.83294], [-73.93356, 40.83299], [-73.93354, 40.83306], [-73.9335, 40.83315], [-73.93346, 40.83364], [-73.9332, 40.83477], [-73.93318, 40.83494], [-73.93314, 40.83519], [-73.933, 40.83568], [-73.93266, 40.83647], [-73.93236, 40.83699], [-73.93187, 40.83764], [-73.9315, 40.83832], [-73.93096, 40.83925], [-73.93086, 40.83935], [-73.93081, 40.83943], [-73.93077, 40.83957], [-73.93075, 40.83962], [-73.93072, 40.83964], [-73.93066, 40.83971], [-73.93059, 40.83986], [-73.93055, 40.83989], [-73.93052, 40.83993], [-73.93051, 40.84001], [-73.93043, 40.84023], [-73.93048, 40.84046], [-73.9304, 40.84061], [-73.93037, 40.84062], [-73.92986, 40.84157], [-73.92959, 40.84208], [-73.92958, 40.84228], [-73.92938, 40.84247], [-73.92919, 40.84282], [-73.92918, 40.8432], [-73.92862, 40.84468], [-73.92827, 40.84498], [-73.92812, 40.84532], [-73.92808, 40.84539], [-73.92797, 40.84536], [-73.92778, 40.84532], [-73.9274, 40.84522], [-73.92706, 40.84514], [-73.92696, 40.84511], [-73.92677, 40.84507], [-73.92669, 40.84505], [-73.92662, 40.84504], [-73.92596, 40.84489], [-73.92526, 40.84479], [-73.92512, 40.84478], [-73.92478, 40.84475]]]}}, {"type": "Feature", "properties": {"zone_id": 121, "zone": "Hillcrest/Pomonok", "borough": "Queens", "demand": 12}, "geometry": {"type": "Polygon", "coordinates": [[[-73.79911, 40.73821], [-73.79822, 40.73817], [-73.79729, 40.73818], [-73.79685, 40.73823], [-73.7964, 40.73828], [-73.79639, 40.73823], [-73.79636, 40.73812], [-73.79608, 40.73814], [-73.7965, 40.738], [-73.79651, 40.73791], [-73.79585, 40.73807], [-73.79595, 40.73781], [-73.79516, 40.73641], [-73.79459, 40.73505], [-73.7946, 40.73454], [-73.79463, 40.7336], [-73.7946, 40.73341], [-73.79454, 40.73322], [-73.79447, 40.73304], [-73.79438, 40.73287], [-73.79428, 40.7327], [-73.79398, 40.7323], [-73.79393, 40.732], [-73.79391, 40.73172], [-73.79382, 40.73166], [-73.79385, 40.73125], [-73.79379, 40.7307], [-73.79353, 40.73005], [-73.79323, 40.72935], [-73.79284, 40.72843], [-73.7923, 40.72714], [-73.79205, 40.72655], [-73.79191, 40.72621], [-73.79176, 40.72584], [-73.79174, 40.72579], [-73.79173, 40.72572], [-73.79166, 40.72552], [-73.79157, 40.72533], [-73.79148, 40.72514], [-73.79137, 40.72495], [-73.79088, 40.72419], [-73.79045, 40.72355], [-73.79036, 40.723], [-73.79029, 40.72138], [-73.7903, 40.72089], [-73.79038, 40.7201], [-73.79051, 40.71981], [-73.79053, 40.71975], [-73.79071, 40.71927], [-73.79073, 40.71921], [-73.79142, 40.7192], [-73.79156, 40.7192], [-73.79177, 40.71918], [-73.79211, 40.71914], [-73.7925, 40.71907], [-73.79262, 40.71904], [-73.79309, 40.71893], [-73.79316, 40.71892], [-73.79399, 40.71864], [-73.79444, 40.7185], [-73.79481, 40.71837], [-73.79564, 40.71808], [-73.79654, 40.71779], [-73.79741, 40.71753], [-73.79803, 40.71735], [-73.79913, 40.71703], [-73.7996, 40.7169], [-73.80005, 40.71678], [-73.80022, 40.71674], [-73.80093, 40.7166], [-73.80188, 40.71641], [-73.80309, 40.71622], [-73.80314, 40.71621], [-73.8032, 40.7162], [-73.80395, 40.7161], [-73.80464, 40.71603], [-73.80494, 40.716], [-73.80579, 40.71594], [-73.80671, 40.71588], [-73.80781, 40.71585], [-73.80782, 40.71591], [-73.80784, 40.716], [-73.8081, 40.7168], [-73.80824, 40.71724], [-73.80861, 40.71844], [-73.80903, 40.71986], [-73.80904, 40.71991], [-73.80808, 40.72022], [-73.80786, 40.7203], [-73.80722, 40.72052], [-73.80636, 40.72082], [-73.80579, 40.72102], [-73.8055, 40.72112], [-73.80476, 40.72138], [-73.8046, 40.72144], [-73.80453, 40.72146], [-73.80453, 40.72152], [-73.8046, 40.7222], [-73.80467, 40.72291], [-73.80474, 40.72363], [-73.80481, 40.72435], [-73.80488, 40.72505], [-73.80498, 40.72504], [-73.80652, 40.72487], [-73.80665, 40.72555], [-73.80679, 40.72623], [-73.80691, 40.72691], [-73.80704, 40.7276], [-73.80717, 40.72827], [-73.80806, 40.72817], [-73.80896, 40.72807], [-73.80986, 40.72797], [-73.81112, 40.72782], [-73.81101, 40.72744], [-73.81089, 40.72717], [-73.81081, 40.72704], [-73.81081, 40.72704], [-73.81081, 40.72704], [-73.81074, 40.72691], [-73.81074, 40.72691], [-73.81074, 40.72691], [-73.81071, 40.72677], [-73.81071, 40.72677], [-73.81071, 40.72677], [-73.81069, 40.72663], [-73.81069, 40.72663], [-73.81069, 40.72663], [-73.81069, 40.72649], [-73.81074, 40.72626], [-73.81152, 40.72666], [-73.81247, 40.72713], [-73.8128, 40.72729], [-73.81394, 40.72785], [-73.81444, 40.72809], [-73.8146, 40.72815], [-73.8146, 40.72815], [-73.8146, 40.72815], [-73.81475, 40.72823], [-73.81475, 40.72823], [-73.81475, 40.72823], [-73.81488, 40.72832], [-73.81488, 40.72832], [-73.81488, 40.72832], [-73.815, 40.72843], [-73.815, 40.72843], [-73.815, 40.72843], [-73.8151, 40.72854], [-73.8151, 40.72854], [-73.8151, 40.72854], [-73.81518, 40.72867], [-73.81518, 40.72867], [-73.81518, 40.72867], [-73.81523, 40.72879], [-73.81515, 40.72969], [-73.81505, 40.7304], [-73.81502, 40.73046], [-73.81502, 40.73049], [-73.81498, 40.73116], [-73.81497, 40.73121], [-73.81496, 40.73132], [-73.81496, 40.73138], [-73.81494, 40.73165], [-73.81494, 40.73171], [-73.81493, 40.73187], [-73.81492, 40.73193], [-73.81492, 40.73198], [-73.81492, 40.73204], [-73.81491, 40.73208], [-73.8149, 40.73231], [-73.81489, 40.73239], [-73.81489, 40.73251], [-73.81488, 40.73259], [-73.81487, 40.73268], [-73.81487, 40.73277], [-73.81486, 40.73286], [-73.81486, 40.73295], [-73.81485, 40.73302], [-73.81485, 40.73312], [-73.81484, 40.73323], [-73.81483, 40.73332], [-73.81483, 40.7334], [-73.81482, 40.73351], [-73.81481, 40.7336], [-73.8148, 40.7338], [-73.81478, 40.73425], [-73.81476, 40.73455], [-73.81475, 40.7347], [-73.81474, 40.73491], [-73.81472, 40.73534], [-73.81469, 40.73595], [-73.81469, 40.73714], [-73.81484, 40.73791], [-73.81497, 40.73856], [-73.81504, 40.73889], [-73.81505, 40.73894], [-73.815, 40.73893], [-73.8149, 40.73891], [-73.81407, 40.73878], [-73.81322, 40.7387], [-73.81228, 40.73866], [-73.8114, 40.73863], [-73.8104, 40.73859], [-73.80941, 40.73855], [-73.80893, 40.73853], [-73.80845, 40.73851], [-73.80805, 40.7385], [-73.80752, 40.73848], [-73.80658, 40.73845], [-73.80565, 40.73842], [-73.80471, 40.73839], [-73.80467, 40.73839], [-73.80462, 40.73839], [-73.80364, 40.73836], [-73.80269, 40.73833], [-73.80181, 40.7383], [-73.80132, 40.73828], [-73.80089, 40.73827], [-73.8, 40.73824], [-73.79911, 40.73821]]]}}, {"type": "Feature", "properties": {"zone_id": 130, "zone": "Jamaica", "borough": "Queens", "demand": 21}, "geometry": {"type": "Polygon", "coordinates": [[[-73.76963, 40.71179], [-73.77007, 40.71135], [-73.77066, 40.71082], [-73.77077, 40.71073], [-73.77077, 40.71073], [-73.77077, 40.71073], [-73.77089, 40.71065], [-73.77102, 40.71058], [-73.77103, 40.71058], [-73.77103, 40.71058], [-73.77119, 40.7105], [-73.7713, 40.71045], [-73.7713, 40.71045], [-73.7713, 40.71045], [-73.77144, 40.7104], [-73.77144, 40.7104], [-73.77144, 40.7104], [-73.77159, 40.71035], [-73.77159, 40.71035], [-73.77159, 40.71035], [-73.77172, 40.71032], [-73.77169, 40.71026], [-73.77165, 40.71022], [-73.77148, 40.71022], [-73.77116, 40.7102], [-73.77084, 40.71017], [-73.76881, 40.70981], [-73.76866, 40.70974], [-73.76845, 40.70964], [-73.76919, 40.70934], [-73.77094, 40.70863], [-73.7723, 40.70807], [-73.77265, 40.70799], [-73.77278, 40.70796], [-73.773, 40.7079], [-73.77334, 40.70779], [-73.77367, 40.70767], [-73.77374, 40.70764], [-73.77399, 40.70754], [-73.77431, 40.70739], [-73.77461, 40.70723], [-73.7749, 40.70707], [-73.77505, 40.70692], [-73.77519, 40.70677], [-73.77531, 40.70661], [-73.77541, 40.70643], [-73.77549, 40.70625], [-73.77555, 40.70607], [-73.7756, 40.70588], [-73.77562, 40.7057], [-73.77561, 40.70551], [-73.77559, 40.70533], [-73.77507, 40.70524], [-73.77435, 40.70399], [-73.77394, 40.70331], [-73.77353, 40.70262], [-73.77332, 40.70226], [-73.77313, 40.70195], [-73.77272, 40.70126], [-73.77231, 40.70057], [-73.77275, 40.70038], [-73.77294, 40.70029], [-73.77319, 40.70019], [-73.77344, 40.70007], [-73.77359, 40.69999], [-73.77396, 40.6998], [-73.77441, 40.70028], [-73.77488, 40.70075], [-73.77537, 40.70121], [-73.77587, 40.70165], [-73.77638, 40.70209], [-73.77691, 40.70252], [-73.77791, 40.70328], [-73.77849, 40.70383], [-73.77916, 40.70439], [-73.77982, 40.70493], [-73.78035, 40.70541], [-73.78148, 40.70545], [-73.78257, 40.70542], [-73.78442, 40.70476], [-73.78485, 40.70458], [-73.78598, 40.70419], [-73.78752, 40.70371], [-73.78804, 40.70355], [-73.78835, 40.70346], [-73.78919, 40.7032], [-73.78966, 40.70304], [-73.78978, 40.70298], [-73.78999, 40.70287], [-73.79056, 40.70257], [-73.79116, 40.70229], [-73.79131, 40.70225], [-73.79147, 40.70223], [-73.79164, 40.70222], [-73.7918, 40.70223], [-73.792, 40.70222], [-73.7922, 40.7022], [-73.79239, 40.70217], [-73.79235, 40.7021], [-73.79187, 40.70137], [-73.79194, 40.70127], [-73.79202, 40.70112], [-73.79211, 40.70097], [-73.79211, 40.70097], [-73.79211, 40.70097], [-73.79221, 40.70082], [-73.79221, 40.70082], [-73.79221, 40.70082], [-73.79233, 40.70068], [-73.79233, 40.70068], [-73.79233, 40.70068], [-73.79246, 40.70055], [-73.79246, 40.70055], [-73.79261, 40.70043], [-73.79284, 40.70024], [-73.79358, 40.69976], [-73.7945, 40.69939], [-73.79572, 40.69901], [-73.79648, 40.69869], [-73.79722, 40.69836], [-73.79754, 40.6982], [-73.79786, 40.69799], [-73.79855, 40.69747], [-73.79877, 40.69726], [-73.79918, 40.69687], [-73.79986, 40.69635], [-73.80053, 40.69586], [-73.8012, 40.69534], [-73.80211, 40.69454], [-73.80296, 40.69382], [-73.80382, 40.69308], [-73.80469, 40.69234], [-73.80556, 40.69161], [-73.80643, 40.69087], [-73.80724, 40.69143], [-73.80804, 40.69198], [-73.80828, 40.69215], [-73.8089, 40.69256], [-73.80971, 40.6922], [-73.81027, 40.69204], [-73.81054, 40.69197], [-73.81063, 40.69195], [-73.81075, 40.69216], [-73.81102, 40.69262], [-73.8114, 40.69332], [-73.81173, 40.69392], [-73.81177, 40.69399], [-73.81203, 40.69445], [-73.81209, 40.69456], [-73.81224, 40.69483], [-73.81245, 40.6952], [-73.813, 40.69611], [-73.81315, 40.69637], [-73.81339, 40.69676], [-73.81362, 40.69714], [-73.81366, 40.6972], [-73.81369, 40.69727], [-73.81407, 40.69789], [-73.81415, 40.69804], [-73.81431, 40.69833], [-73.81442, 40.69852], [-73.81467, 40.69897], [-73.81492, 40.69942], [-73.81499, 40.69955], [-73.81514, 40.69985], [-73.81537, 40.70031], [-73.81541, 40.70038], [-73.81546, 40.70049], [-73.81552, 40.7006], [-73.81594, 40.7015], [-73.81614, 40.70194], [-73.81638, 40.70245], [-73.81629, 40.70245], [-73.81594, 40.70246], [-73.81532, 40.70249], [-73.81496, 40.7025], [-73.81429, 40.70253], [-73.81399, 40.70254], [-73.81356, 40.70253], [-73.81314, 40.7025], [-73.81302, 40.70249], [-73.81193, 40.70234], [-73.81153, 40.70227], [-73.81163, 40.70305], [-73.81171, 40.70366], [-73.81177, 40.70418], [-73.8118, 40.70437], [-73.8119, 40.70512], [-73.81201, 40.70594], [-73.80935, 40.70668], [-73.80695, 40.70737], [-73.80659, 40.70663], [-73.80614, 40.70569], [-73.80565, 40.70467], [-73.80357, 40.70523], [-73.80266, 40.70548], [-73.80166, 40.70576], [-73.80223, 40.70675], [-73.80279, 40.70772], [-73.80302, 40.70814], [-73.80278, 40.70827], [-73.80255, 40.70842], [-73.80233, 40.70857], [-73.80213, 40.70874], [-73.80193, 40.70891], [-73.8016, 40.70955], [-73.80151, 40.70962], [-73.80151, 40.70962], [-73.80151, 40.70962], [-73.80141, 40.70969], [-73.80141, 40.70969], [-73.80141, 40.70969], [-73.80131, 40.70974], [-73.80131, 40.70974], [-73.80131, 40.70974], [-73.80119, 40.70979], [-73.80119, 40.70979], [-73.80119, 40.70979], [-73.80107, 40.70982], [-73.79986, 40.71025], [-73.7987, 40.71066], [-73.79807, 40.70964], [-73.79777, 40.70914], [-73.79731, 40.70927], [-73.79639, 40.70953], [-73.79562, 40.70975], [-73.79473, 40.71001], [-73.7939, 40.71035], [-73.79304, 40.71071], [-73.79203, 40.71107], [-73.79101, 40.71143], [-73.79022, 40.71172], [-73.78941, 40.712], [-73.78928, 40.71203], [-73.78915, 40.71206], [-73.78901, 40.71207], [-73.789, 40.71207], [-73.78899, 40.71207], [-73.78898, 40.71207], [-73.78897, 40.71207], [-73.78896, 40.71207], [-73.78895, 40.71207], [-73.78894, 40.71207], [-73.78893, 40.71207], [-73.78892, 40.71207], [-73.78891, 40.71207], [-73.7889, 40.71207], [-73.78889, 40.71207], [-73.78888, 40.71207], [-73.78886, 40.71207], [-73.78885, 40.71207], [-73.78884, 40.71206], [-73.78883, 40.71206], [-73.78882, 40.71206], [-73.78881, 40.71206], [-73.7888, 40.71206], [-73.78879, 40.71206], [-73.78878, 40.71206], [-73.78877, 40.71206], [-73.78876, 40.71205], [-73.78875, 40.71205], [-73.78874, 40.71205], [-73.78873, 40.71205], [-73.78872, 40.71205], [-73.78871, 40.71205], [-73.7887, 40.71205], [-73.78869, 40.71204], [-73.78868, 40.71204], [-73.78867, 40.71204], [-73.78866, 40.71204], [-73.78865, 40.71204], [-73.78864, 40.71203], [-73.78863, 40.71203], [-73.78861, 40.71203], [-73.7886, 40.71203], [-73.78859, 40.71203], [-73.78858, 40.71202], [-73.78857, 40.71202], [-73.78856, 40.71202], [-73.78855, 40.71202], [-73.78854, 40.71201], [-73.78853, 40.71201], [-73.78852, 40.71201], [-73.78851, 40.71201], [-73.7885, 40.712], [-73.78849, 40.712], [-73.78848, 40.712], [-73.78847, 40.712], [-73.78846, 40.71199], [-73.78845, 40.71199], [-73.78844, 40.71199], [-73.78844, 40.71198], [-73.78785, 40.71181], [-73.78742, 40.71185], [-73.787, 40.7119], [-73.78658, 40.71197], [-73.78616, 40.71206], [-73.78575, 40.71216], [-73.78535, 40.71228], [-73.78446, 40.71249], [-73.78356, 40.71271], [-73.78263, 40.71294], [-73.78247, 40.71298], [-73.78237, 40.713], [-73.78227, 40.71302], [-73.78178, 40.71314], [-73.78059, 40.71343], [-73.78042, 40.71347], [-73.77998, 40.71357], [-73.77973, 40.71363], [-73.77887, 40.71385], [-73.778, 40.71405], [-73.77731, 40.71421], [-73.77712, 40.71426], [-73.77619, 40.71448], [-73.77571, 40.7146], [-73.7753, 40.7147], [-73.77444, 40.7149], [-73.77357, 40.71512], [-73.77276, 40.7154], [-73.77192, 40.71568], [-73.77113, 40.7145], [-73.77039, 40.7134], [-73.76946, 40.71201], [-73.76944, 40.71198], [-73.76963, 40.71179]]]}}, {"type": "Feature", "properties": {"zone_id": 133, "zone": "Kensington", "borough": "Brooklyn", "demand": 21}, "geometry": {"type": "Polygon", "coordinates": [[[-73.97819, 40.64753], [-73.97777, 40.64534], [-73.97685, 40.64544], [-73.97592, 40.64554], [-73.97483, 40.64566], [-73.97475, 40.64526], [-73.97467, 40.64493], [-73.97464, 40.64481], [-73.97442, 40.64491], [-73.97414, 40.64503], [-73.9731, 40.64545], [-73.97209, 40.64586], [-73.97174, 40.646], [-73.97084, 40.64638], [-73.97077, 40.64611], [-73.97055, 40.64532], [-73.97032, 40.64454], [-73.97009, 40.64375], [-73.96988, 40.64303], [-73.96969, 40.64236], [-73.96948, 40.64169], [-73.9694, 40.64138], [-73.96891, 40.63976], [-73.96879, 40.63926], [-73.96872, 40.63902], [-73.96822, 40.6373], [-73.96804, 40.63665], [-73.96936, 40.63651], [-73.97029, 40.63641], [-73.96987, 40.63419], [-73.97088, 40.63372], [-73.9719, 40.63323], [-73.97216, 40.63311], [-73.97231, 40.63304], [-73.97242, 40.63299], [-73.97281, 40.6328], [-73.9732, 40.63262], [-73.97432, 40.63209], [-73.97517, 40.63169], [-73.97605, 40.63128], [-73.97643, 40.63329], [-73.97655, 40.6339], [-73.97664, 40.63435], [-73.97689, 40.63567], [-73.97802, 40.63555], [-73.97911, 40.63544], [-73.97929, 40.63641], [-73.97939, 40.63693], [-73.97948, 40.63743], [-73.97955, 40.63782], [-73.97968, 40.63846], [-73.97987, 40.63952], [-73.97991, 40.63969], [-73.98001, 40.64021], [-73.98007, 40.64054], [-73.98042, 40.64238], [-73.98123, 40.64204], [-73.98204, 40.64171], [-73.98244, 40.64154], [-73.98299, 40.64132], [-73.98332, 40.64148], [-73.9843, 40.64208], [-73.98459, 40.64226], [-73.9851, 40.64257], [-73.9859, 40.64307], [-73.98673, 40.64357], [-73.9875, 40.64405], [-73.98835, 40.64456], [-73.98528, 40.64577], [-73.98307, 40.64662], [-73.98231, 40.64693], [-73.98181, 40.64713], [-73.98133, 40.64718], [-73.98029, 40.6473], [-73.97912, 40.64743], [-73.97819, 40.64753]]]}}, {"type": "Feature", "properties": {"zone_id": 134, "zone": "Kew Gardens", "borough": "Queens", "demand": 17}, "geometry": {"type": "Polygon", "coordinates": [[[-73.82289, 40.71193], [-73.82253, 40.71165], [-73.82176, 40.71099], [-73.82099, 40.71032], [-73.82082, 40.71017], [-73.82065, 40.70999], [-73.82045, 40.70977], [-73.82023, 40.70946], [-73.81994, 40.70902], [-73.81955, 40.70842], [-73.81922, 40.70785], [-73.81916, 40.70776], [-73.81911, 40.70767], [-73.81905, 40.70757], [-73.81899, 40.70747], [-73.81892, 40.70735], [-73.81861, 40.70685], [-73.81829, 40.7063], [-73.81822, 40.70618], [-73.8181, 40.70597], [-73.81738, 40.7046], [-73.81736, 40.70455], [-73.8171, 40.70403], [-73.81698, 40.70374], [-73.8167, 40.70316], [-73.81659, 40.70291], [-73.81638, 40.70245], [-73.81648, 40.70245], [-73.81686, 40.70244], [-73.81709, 40.70257], [-73.82054, 40.70323], [-73.82148, 40.70341], [-73.82246, 40.70365], [-73.82271, 40.70362], [-73.82339, 40.70344], [-73.82387, 40.70332], [-73.82427, 40.70322], [-73.82518, 40.70299], [-73.82607, 40.70277], [-73.82707, 40.70251], [-73.82795, 40.70229], [-73.82885, 40.70207], [-73.82947, 40.70191], [-73.82974, 40.70184], [-73.83063, 40.70162], [-73.83152, 40.70139], [-73.83213, 40.70279], [-73.83302, 40.70257], [-73.83392, 40.70235], [-73.8346, 40.70393], [-73.83475, 40.70389], [-73.83548, 40.7037], [-73.83571, 40.70361], [-73.83578, 40.70355], [-73.83578, 40.70355], [-73.83578, 40.70355], [-73.83587, 40.70349], [-73.83598, 40.70345], [-73.8361, 40.70343], [-73.83622, 40.70342], [-73.83633, 40.70343], [-73.83644, 40.70345], [-73.83662, 40.70342], [-73.83696, 40.70421], [-73.83733, 40.70485], [-73.83785, 40.70563], [-73.83794, 40.70575], [-73.83794, 40.70575], [-73.83794, 40.70575], [-73.83801, 40.70588], [-73.83801, 40.70588], [-73.83801, 40.70588], [-73.83806, 40.70602], [-73.83806, 40.70602], [-73.83806, 40.70602], [-73.8381, 40.70616], [-73.8381, 40.70616], [-73.8381, 40.70616], [-73.8381, 40.70631], [-73.83809, 40.70646], [-73.83809, 40.70646], [-73.83809, 40.70646], [-73.83805, 40.7066], [-73.83805, 40.7066], [-73.83805, 40.7066], [-73.83799, 40.70674], [-73.83799, 40.70674], [-73.83799, 40.70674], [-73.83791, 40.70687], [-73.83791, 40.70687], [-73.83791, 40.70687], [-73.83781, 40.70699], [-73.83715, 40.70796], [-73.83743, 40.70809], [-73.83743, 40.70809], [-73.83743, 40.70809], [-73.83773, 40.70821], [-73.83804, 40.70832], [-73.83829, 40.7084], [-73.83836, 40.70842], [-73.83868, 40.70849], [-73.83868, 40.70849], [-73.83868, 40.70849], [-73.83901, 40.70855], [-73.83912, 40.70857], [-73.83938, 40.70863], [-73.83976, 40.70869], [-73.8407, 40.70884], [-73.84091, 40.70887], [-73.84145, 40.70896], [-73.84151, 40.70897], [-73.84159, 40.70898], [-73.84221, 40.70908], [-73.8428, 40.70917], [-73.84291, 40.70919], [-73.84296, 40.70919], [-73.84315, 40.70922], [-73.84305, 40.70926], [-73.84268, 40.70941], [-73.84263, 40.70943], [-73.84134, 40.70995], [-73.84069, 40.71015], [-73.84024, 40.71026], [-73.84019, 40.71028], [-73.83978, 40.71038], [-73.83972, 40.7104], [-73.83952, 40.7105], [-73.83806, 40.71092], [-73.83771, 40.71104], [-73.83737, 40.71117], [-73.83704, 40.71131], [-73.83704, 40.71131], [-73.83704, 40.71131], [-73.83672, 40.71147], [-73.83672, 40.71147], [-73.83672, 40.71147], [-73.83641, 40.71164], [-73.83641, 40.71164], [-73.83641, 40.71164], [-73.83611, 40.71182], [-73.83603, 40.71175], [-73.83601, 40.71173], [-73.83505, 40.71225], [-73.83426, 40.71268], [-73.83374, 40.71297], [-73.83366, 40.71302], [-73.83356, 40.71307], [-73.8333, 40.7132], [-73.83318, 40.71326], [-73.83243, 40.71366], [-73.83136, 40.71423], [-73.8313, 40.71426], [-73.83115, 40.71431], [-73.83103, 40.71434], [-73.83097, 40.71435], [-73.83082, 40.71438], [-73.83031, 40.7145], [-73.82996, 40.71458], [-73.82927, 40.71479], [-73.82851, 40.71504], [-73.82716, 40.71539], [-73.82701, 40.71544], [-73.82681, 40.71555], [-73.82647, 40.71569], [-73.82631, 40.71579], [-73.82628, 40.71581], [-73.82592, 40.71599], [-73.82589, 40.71594], [-73.82574, 40.7157], [-73.82571, 40.71567], [-73.82567, 40.71561], [-73.8256, 40.71551], [-73.82537, 40.71526], [-73.82517, 40.71503], [-73.82497, 40.7148], [-73.82472, 40.71451], [-73.82468, 40.71445], [-73.82429, 40.71387], [-73.82399, 40.71322], [-73.82385, 40.71293], [-73.82364, 40.71267], [-73.82345, 40.71246], [-73.8232, 40.71221], [-73.82289, 40.71193]]]}}, {"type": "Feature", "properties": {"zone_id": 135, "zone": "Kew Gardens Hills", "borough": "Queens", "demand": 22}, "geometry": {"type": "Polygon", "coordinates": [[[-73.83127, 40.74026], [-73.8313, 40.73956], [-73.83143, 40.73913], [-73.83054, 40.73752], [-73.82947, 40.73702], [-73.82809, 40.73708], [-73.82795, 40.73782], [-73.82794, 40.73849], [-73.82788, 40.73849], [-73.82759, 40.73849], [-73.82719, 40.73855], [-73.82687, 40.73863], [-73.82635, 40.73884], [-73.82585, 40.73912], [-73.82559, 40.73945], [-73.82543, 40.73948], [-73.82497, 40.73944], [-73.82495, 40.73957], [-73.82481, 40.73963], [-73.82435, 40.73975], [-73.82356, 40.73958], [-73.82267, 40.73938], [-73.82178, 40.73919], [-73.8209, 40.739], [-73.82006, 40.73883], [-73.81838, 40.73859], [-73.81708, 40.73841], [-73.81693, 40.73839], [-73.81678, 40.73838], [-73.81663, 40.73839], [-73.81647, 40.73841], [-73.81633, 40.73845], [-73.81608, 40.73886], [-73.81519, 40.73857], [-73.81502, 40.73856], [-73.81497, 40.73856], [-73.81484, 40.73791], [-73.81469, 40.73714], [-73.81469, 40.73595], [-73.81472, 40.73534], [-73.81474, 40.73491], [-73.81475, 40.7347], [-73.81476, 40.73455], [-73.81478, 40.73425], [-73.8148, 40.7338], [-73.81481, 40.7336], [-73.81482, 40.73351], [-73.81483, 40.7334], [-73.81483, 40.73332], [-73.81484, 40.73323], [-73.81485, 40.73312], [-73.81485, 40.73302], [-73.81486, 40.73295], [-73.81486, 40.73286], [-73.81487, 40.73277], [-73.81487, 40.73268], [-73.81488, 40.73259], [-73.81489, 40.73251], [-73.81489, 40.73239], [-73.8149, 40.73231], [-73.81491, 40.73208], [-73.81492, 40.73204], [-73.81492, 40.73198], [-73.81492, 40.73193], [-73.81493, 40.73187], [-73.81494, 40.73171], [-73.81494, 40.73165], [-73.81496, 40.73138], [-73.81496, 40.73132], [-73.81497, 40.73121], [-73.81498, 40.73116], [-73.81502, 40.73049], [-73.81502, 40.73046], [-73.81505, 40.7304], [-73.81515, 40.72969], [-73.81523, 40.72879], [-73.81518, 40.72867], [-73.81518, 40.72867], [-73.81518, 40.72867], [-73.8151, 40.72854], [-73.8151, 40.72854], [-73.8151, 40.72854], [-73.815, 40.72843], [-73.815, 40.72843], [-73.815, 40.72843], [-73.81488, 40.72832], [-73.81488, 40.72832], [-73.81488, 40.72832], [-73.81475, 40.72823], [-73.81475, 40.72823], [-73.81475, 40.72823], [-73.8146, 40.72815], [-73.8146, 40.72815], [-73.8146, 40.72815], [-73.81444, 40.72809], [-73.81394, 40.72785], [-73.8128, 40.72729], [-73.81247, 40.72713], [-73.81152, 40.72666], [-73.81074, 40.72626], [-73.81069, 40.72649], [-73.81069, 40.72663], [-73.81069, 40.72663], [-73.81069, 40.72663], [-73.81071, 40.72677], [-73.81071, 40.72677], [-73.81071, 40.72677], [-73.81074, 40.72691], [-73.81074, 40.72691], [-73.81074, 40.72691], [-73.81081, 40.72704], [-73.81081, 40.72704], [-73.81081, 40.72704], [-73.81089, 40.72717], [-73.81101, 40.72744], [-73.81112, 40.72782], [-73.80986, 40.72797], [-73.80896, 40.72807], [-73.80806, 40.72817], [-73.80717, 40.72827], [-73.80704, 40.7276], [-73.80691, 40.72691], [-73.80679, 40.72623], [-73.80665, 40.72555], [-73.80652, 40.72487], [-73.80498, 40.72504], [-73.80488, 40.72505], [-73.80481, 40.72435], [-73.80474, 40.72363], [-73.80467, 40.72291], [-73.8046, 40.7222], [-73.80453, 40.72152], [-73.80453, 40.72146], [-73.8046, 40.72144], [-73.80476, 40.72138], [-73.8055, 40.72112], [-73.80579, 40.72102], [-73.80636, 40.72082], [-73.80722, 40.72052], [-73.80786, 40.7203], [-73.80808, 40.72022], [-73.80904, 40.71991], [-73.80903, 40.71986], [-73.80861, 40.71844], [-73.80824, 40.71724], [-73.8081, 40.7168], [-73.80784, 40.716], [-73.80782, 40.71591], [-73.80781, 40.71585], [-73.81022, 40.71591], [-73.81115, 40.71591], [-73.81152, 40.7159], [-73.81291, 40.7159], [-73.81364, 40.71589], [-73.81524, 40.71586], [-73.81596, 40.71584], [-73.81629, 40.71583], [-73.81636, 40.71583], [-73.81644, 40.71583], [-73.81681, 40.71583], [-73.8172, 40.71584], [-73.81744, 40.71586], [-73.81768, 40.71588], [-73.81778, 40.7159], [-73.8179, 40.71592], [-73.81828, 40.716], [-73.81853, 40.71608], [-73.81875, 40.71617], [-73.81932, 40.71641], [-73.81949, 40.71648], [-73.82019, 40.71673], [-73.82005, 40.71681], [-73.8193, 40.71714], [-73.81908, 40.7172], [-73.81887, 40.71726], [-73.8173, 40.71758], [-73.81726, 40.71764], [-73.81733, 40.71766], [-73.81913, 40.71735], [-73.81952, 40.71734], [-73.81963, 40.71734], [-73.82085, 40.71735], [-73.8217, 40.71736], [-73.82211, 40.71741], [-73.82251, 40.71744], [-73.82292, 40.71745], [-73.82332, 40.71745], [-73.82373, 40.71744], [-73.82488, 40.71732], [-73.82519, 40.71729], [-73.82532, 40.71727], [-73.82542, 40.71739], [-73.82546, 40.718], [-73.82549, 40.71869], [-73.82547, 40.71895], [-73.82547, 40.71895], [-73.82547, 40.71895], [-73.82548, 40.71921], [-73.82548, 40.71921], [-73.82551, 40.71946], [-73.82551, 40.71946], [-73.82551, 40.71946], [-73.82557, 40.71972], [-73.82557, 40.71972], [-73.82557, 40.71972], [-73.82564, 40.71997], [-73.82564, 40.71997], [-73.82564, 40.71997], [-73.82574, 40.72022], [-73.82586, 40.72046], [-73.82673, 40.72308], [-73.82702, 40.72395], [-73.82707, 40.72413], [-73.82713, 40.7243], [-73.82713, 40.7243], [-73.82713, 40.7243], [-73.82721, 40.72448], [-73.82731, 40.72465], [-73.82742, 40.72481], [-73.82742, 40.72481], [-73.82742, 40.72481], [-73.82756, 40.72496], [-73.8277, 40.72509], [-73.82771, 40.72509], [-73.82771, 40.72509], [-73.82787, 40.72521], [-73.82805, 40.72532], [-73.82805, 40.72532], [-73.82805, 40.72532], [-73.82825, 40.72542], [-73.82845, 40.72551], [-73.82866, 40.72558], [-73.82888, 40.72564], [-73.82888, 40.72564], [-73.82888, 40.72564], [-73.8291, 40.72568], [-73.82934, 40.72574], [-73.82934, 40.72574], [-73.82957, 40.72581], [-73.82957, 40.72581], [-73.82957, 40.72581], [-73.8298, 40.7259], [-73.8298, 40.7259], [-73.8298, 40.7259], [-73.83002, 40.726], [-73.83002, 40.726], [-73.83002, 40.726], [-73.83022, 40.72612], [-73.83022, 40.72612], [-73.83022, 40.72612], [-73.83041, 40.72625], [-73.83041, 40.72625], [-73.83041, 40.72625], [-73.83058, 40.7264], [-73.83058, 40.7264], [-73.83058, 40.7264], [-73.83073, 40.72655], [-73.83086, 40.72671], [-73.8314, 40.7276], [-73.8317, 40.72804], [-73.83198, 40.72833], [-73.83224, 40.72863], [-73.83248, 40.72894], [-73.8327, 40.72926], [-73.8329, 40.72959], [-73.83307, 40.72992], [-73.83386, 40.73055], [-73.834, 40.73157], [-73.83448, 40.73216], [-73.8349, 40.73297], [-73.83585, 40.73383], [-73.83601, 40.73398], [-73.83606, 40.7341], [-73.83613, 40.73424], [-73.83636, 40.73501], [-73.83629, 40.73513], [-73.83619, 40.73563], [-73.83575, 40.73699], [-73.83563, 40.73711], [-73.83565, 40.73849], [-73.83628, 40.73957], [-73.83662, 40.73936], [-73.83669, 40.73954], [-73.83675, 40.73972], [-73.83679, 40.7399], [-73.83696, 40.74066], [-73.83711, 40.7414], [-73.83699, 40.74209], [-73.8369, 40.74213], [-73.83687, 40.74214], [-73.8361, 40.74243], [-73.83586, 40.74323], [-73.83383, 40.74276], [-73.83302, 40.7426], [-73.83207, 40.74245], [-73.83113, 40.74234], [-73.83117, 40.74164], [-73.83122, 40.74095], [-73.83127, 40.74026]]]}}, {"type": "Feature", "properties": {"zone_id": 136, "zone": "Kingsbridge Heights", "borough": "Bronx", "demand": 36}, "geometry": {"type": "Polygon", "coordinates": [[[-73.89996, 40.86802], [-73.89942, 40.86788], [-73.89965, 40.86855], [-73.8996, 40.86873], [-73.89953, 40.8689], [-73.89945, 40.86907], [-73.89934, 40.86923], [-73.89921, 40.86938], [-73.89907, 40.86952], [-73.89892, 40.86966], [-73.89656, 40.86856], [-73.8974, 40.86747], [-73.89798, 40.86673], [-73.89887, 40.86558], [-73.90028, 40.86379], [-73.90108, 40.86276], [-73.90136, 40.86241], [-73.90163, 40.86205], [-73.90188, 40.86169], [-73.90212, 40.86133], [-73.90234, 40.86095], [-73.90254, 40.86058], [-73.90351, 40.86092], [-73.90408, 40.85999], [-73.90447, 40.85934], [-73.90487, 40.85869], [-73.90572, 40.85899], [-73.9068, 40.85937], [-73.90707, 40.85936], [-73.90726, 40.85935], [-73.90777, 40.85961], [-73.90957, 40.85759], [-73.90976, 40.85718], [-73.9098, 40.85761], [-73.91021, 40.85829], [-73.91031, 40.85841], [-73.91043, 40.85852], [-73.91057, 40.85862], [-73.91072, 40.85871], [-73.91088, 40.85878], [-73.91328, 40.85962], [-73.91308, 40.85976], [-73.91286, 40.85989], [-73.91263, 40.86001], [-73.91239, 40.86012], [-73.91213, 40.86022], [-73.91188, 40.8603], [-73.91161, 40.86036], [-73.91145, 40.8604], [-73.9113, 40.86046], [-73.91115, 40.86052], [-73.91101, 40.8606], [-73.91076, 40.86074], [-73.91051, 40.86089], [-73.91027, 40.86105], [-73.91005, 40.86123], [-73.90984, 40.86141], [-73.90965, 40.86161], [-73.90948, 40.86181], [-73.90948, 40.86181], [-73.90948, 40.86181], [-73.90932, 40.86202], [-73.90922, 40.86213], [-73.90922, 40.86214], [-73.90922, 40.86214], [-73.90915, 40.86226], [-73.90915, 40.86226], [-73.90915, 40.86226], [-73.90909, 40.8624], [-73.90909, 40.8624], [-73.90909, 40.8624], [-73.90905, 40.86254], [-73.90905, 40.86254], [-73.90905, 40.86254], [-73.90904, 40.86268], [-73.90922, 40.86263], [-73.9094, 40.86257], [-73.90956, 40.86249], [-73.90972, 40.86241], [-73.90987, 40.86231], [-73.91076, 40.86165], [-73.91181, 40.86173], [-73.91195, 40.86175], [-73.91208, 40.86177], [-73.91246, 40.86182], [-73.91266, 40.86185], [-73.91274, 40.86186], [-73.91279, 40.86187], [-73.91296, 40.86191], [-73.9133, 40.86209], [-73.91336, 40.86211], [-73.91343, 40.86214], [-73.91423, 40.86249], [-73.91341, 40.86337], [-73.91276, 40.86303], [-73.91227, 40.86363], [-73.91274, 40.86389], [-73.91276, 40.86388], [-73.9128, 40.8639], [-73.91275, 40.86394], [-73.91272, 40.86393], [-73.91273, 40.86391], [-73.91253, 40.86379], [-73.91268, 40.86402], [-73.91091, 40.86594], [-73.91056, 40.86642], [-73.91051, 40.86645], [-73.91047, 40.86649], [-73.91044, 40.86653], [-73.91042, 40.86657], [-73.9104, 40.86661], [-73.91038, 40.86665], [-73.91036, 40.8667], [-73.91035, 40.86674], [-73.91034, 40.86679], [-73.91035, 40.86683], [-73.91036, 40.86688], [-73.91017, 40.86719], [-73.90986, 40.86794], [-73.90967, 40.86842], [-73.9095, 40.86883], [-73.90927, 40.86955], [-73.90894, 40.87102], [-73.90865, 40.87139], [-73.90893, 40.87216], [-73.90872, 40.87223], [-73.90846, 40.87262], [-73.90774, 40.87285], [-73.90746, 40.87355], [-73.9067, 40.8734], [-73.90663, 40.87338], [-73.90636, 40.87332], [-73.90615, 40.87326], [-73.90608, 40.87324], [-73.90602, 40.87323], [-73.90591, 40.8732], [-73.90587, 40.87318], [-73.90571, 40.87314], [-73.90468, 40.87262], [-73.90459, 40.87256], [-73.90459, 40.87256], [-73.90459, 40.87256], [-73.90452, 40.87249], [-73.90452, 40.87249], [-73.90452, 40.87249], [-73.90447, 40.87242], [-73.90447, 40.87242], [-73.90447, 40.87241], [-73.90444, 40.87233], [-73.90444, 40.87233], [-73.90444, 40.87233], [-73.90443, 40.87224], [-73.90449, 40.87058], [-73.90442, 40.87036], [-73.90404, 40.86995], [-73.90375, 40.8696], [-73.90319, 40.86915], [-73.90236, 40.8687], [-73.90106, 40.86828], [-73.89996, 40.86802]]]}}, {"type": "Feature", "properties": {"zone_id": 147, "zone": "Longwood", "borough": "Bronx", "demand": 22}, "geometry": {"type": "Polygon", "coordinates": [[[-73.89515, 40.82783], [-73.89484, 40.82625], [-73.89487, 40.82394], [-73.8939, 40.82398], [-73.8932, 40.82401], [-73.8939, 40.82364], [-73.89434, 40.82342], [-73.89488, 40.82313], [-73.89586, 40.82263], [-73.89588, 40.82099], [-73.8949, 40.82099], [-73.89387, 40.82098], [-73.89284, 40.82097], [-73.8929, 40.82081], [-73.89389, 40.81986], [-73.89493, 40.81885], [-73.89568, 40.81813], [-73.89704, 40.8168], [-73.89621, 40.81632], [-73.8958, 40.81607], [-73.89543, 40.81584], [-73.89685, 40.81446], [-73.89708, 40.81422], [-73.89733, 40.814], [-73.89759, 40.81378], [-73.89776, 40.81365], [-73.89786, 40.81357], [-73.89815, 40.81337], [-73.89845, 40.81318], [-73.89912, 40.81269], [-73.9009, 40.81143], [-73.90259, 40.81022], [-73.90279, 40.81008], [-73.90307, 40.80988], [-73.90324, 40.81071], [-73.90342, 40.81151], [-73.90418, 40.81212], [-73.90447, 40.81228], [-73.90418, 40.81309], [-73.9038, 40.81413], [-73.90347, 40.81508], [-73.90306, 40.81611], [-73.90301, 40.81632], [-73.90258, 40.81737], [-73.90211, 40.8185], [-73.90166, 40.81955], [-73.9016, 40.81969], [-73.90129, 40.82047], [-73.90085, 40.82154], [-73.90061, 40.82211], [-73.90199, 40.82244], [-73.90185, 40.82278], [-73.90182, 40.82285], [-73.90118, 40.82439], [-73.90051, 40.82601], [-73.90165, 40.82626], [-73.90093, 40.82793], [-73.8998, 40.82768], [-73.89941, 40.82773], [-73.89933, 40.82774], [-73.8982, 40.82789], [-73.897, 40.82805], [-73.89577, 40.82821], [-73.89549, 40.82825], [-73.89529, 40.82814], [-73.89511, 40.82804], [-73.89515, 40.82783]]]}}, {"type": "Feature", "properties": {"zone_id": 160, "zone": "Middle Village", "borough": "Queens", "demand": 14}, "geometry": {"type": "Polygon", "coordinates": [[[-73.86971, 40.72515], [-73.86931, 40.72447], [-73.86929, 40.72444], [-73.86927, 40.72441], [-73.86877, 40.72382], [-73.86845, 40.72348], [-73.86821, 40.72325], [-73.86766, 40.72266], [-73.86731, 40.72229], [-73.86711, 40.72208], [-73.86657, 40.72149], [-73.86604, 40.7209], [-73.86548, 40.72028], [-73.86524, 40.71998], [-73.86469, 40.71943], [-73.86412, 40.71884], [-73.86357, 40.71828], [-73.86302, 40.71771], [-73.86272, 40.71743], [-73.86243, 40.71715], [-73.86214, 40.71688], [-73.86183, 40.71659], [-73.86153, 40.71631], [-73.86122, 40.71604], [-73.86063, 40.71549], [-73.86004, 40.71493], [-73.85993, 40.71475], [-73.85983, 40.71456], [-73.85975, 40.71437], [-73.85968, 40.71417], [-73.85963, 40.71397], [-73.85963, 40.7136], [-73.85965, 40.71338], [-73.85979, 40.71331], [-73.86208, 40.7122], [-73.86501, 40.71078], [-73.86558, 40.71066], [-73.86662, 40.7104], [-73.87016, 40.70921], [-73.8699, 40.70851], [-73.8695, 40.70787], [-73.86911, 40.70709], [-73.87153, 40.70704], [-73.87326, 40.70692], [-73.87426, 40.70686], [-73.87482, 40.70682], [-73.87533, 40.7068], [-73.87625, 40.70674], [-73.87721, 40.70669], [-73.87814, 40.70661], [-73.87901, 40.70654], [-73.88, 40.70649], [-73.88088, 40.70645], [-73.88086, 40.70658], [-73.87761, 40.70717], [-73.87873, 40.71003], [-73.87926, 40.7099], [-73.87943, 40.71028], [-73.87908, 40.71036], [-73.88006, 40.71265], [-73.88205, 40.71245], [-73.88435, 40.71223], [-73.88508, 40.71216], [-73.8852, 40.71217], [-73.88623, 40.7122], [-73.88638, 40.71221], [-73.88688, 40.71222], [-73.88842, 40.71227], [-73.88877, 40.71228], [-73.89367, 40.71243], [-73.89402, 40.71244], [-73.89502, 40.71248], [-73.8959, 40.71251], [-73.89622, 40.71252], [-73.8971, 40.71256], [-73.89768, 40.71258], [-73.89935, 40.71265], [-73.90018, 40.71268], [-73.9006, 40.7127], [-73.90224, 40.71276], [-73.90293, 40.71279], [-73.90377, 40.71282], [-73.90477, 40.71287], [-73.9038, 40.71335], [-73.90285, 40.71379], [-73.90243, 40.714], [-73.90205, 40.7142], [-73.90116, 40.71462], [-73.8999, 40.71523], [-73.89926, 40.71554], [-73.8986, 40.71587], [-73.89782, 40.71624], [-73.8975, 40.71638], [-73.89759, 40.71649], [-73.89759, 40.71649], [-73.89759, 40.71649], [-73.89769, 40.7166], [-73.8978, 40.7167], [-73.8978, 40.7167], [-73.8978, 40.7167], [-73.89792, 40.71678], [-73.89792, 40.71678], [-73.89792, 40.71678], [-73.89806, 40.71686], [-73.89806, 40.71686], [-73.89806, 40.71686], [-73.8982, 40.71693], [-73.89902, 40.71738], [-73.89882, 40.71737], [-73.89727, 40.71815], [-73.89835, 40.7192], [-73.89985, 40.71837], [-73.90006, 40.71805], [-73.90034, 40.71802], [-73.90033, 40.71867], [-73.90063, 40.71976], [-73.90009, 40.72018], [-73.89784, 40.72047], [-73.89775, 40.72036], [-73.89737, 40.72046], [-73.8974, 40.72155], [-73.89982, 40.72124], [-73.90011, 40.7233], [-73.89903, 40.72386], [-73.89835, 40.72311], [-73.89609, 40.72381], [-73.89582, 40.7239], [-73.8957, 40.72341], [-73.89451, 40.72313], [-73.89426, 40.72314], [-73.89411, 40.72321], [-73.89266, 40.72389], [-73.89182, 40.72426], [-73.89101, 40.72462], [-73.8903, 40.72492], [-73.89017, 40.72495], [-73.88898, 40.72482], [-73.88708, 40.72464], [-73.8871, 40.72532], [-73.88713, 40.72614], [-73.8872, 40.72619], [-73.88724, 40.7274], [-73.88722, 40.72753], [-73.88721, 40.72762], [-73.8872, 40.72769], [-73.88721, 40.72779], [-73.88689, 40.72792], [-73.88673, 40.72797], [-73.88661, 40.72801], [-73.88657, 40.72803], [-73.88624, 40.72813], [-73.8859, 40.72821], [-73.88559, 40.72827], [-73.88501, 40.72837], [-73.88445, 40.72842], [-73.88392, 40.72846], [-73.88388, 40.72847], [-73.88353, 40.7285], [-73.88298, 40.72854], [-73.88209, 40.72861], [-73.88172, 40.72863], [-73.88131, 40.72868], [-73.8809, 40.72874], [-73.88088, 40.72874], [-73.88049, 40.72882], [-73.88009, 40.72891], [-73.87969, 40.72901], [-73.87847, 40.72947], [-73.87837, 40.72952], [-73.87789, 40.72972], [-73.877, 40.73005], [-73.87628, 40.73031], [-73.87539, 40.73059], [-73.87509, 40.73067], [-73.87495, 40.73062], [-73.87475, 40.73054], [-73.87409, 40.73028], [-73.87317, 40.72995], [-73.87235, 40.72965], [-73.87155, 40.72936], [-73.87146, 40.72933], [-73.87141, 40.72918], [-73.87113, 40.72837], [-73.871, 40.72792], [-73.87093, 40.7277], [-73.87085, 40.72748], [-73.87075, 40.72727], [-73.87063, 40.72706], [-73.87021, 40.72619], [-73.86971, 40.72515]]]}}, {"type": "Feature", "properties": {"zone_id": 165, "zone": "Midwood", "borough": "Brooklyn", "demand": 12}, "geometry": {"type": "Polygon", "coordinates": [[[-73.96015, 40.62891], [-73.95996, 40.62778], [-73.95899, 40.62789], [-73.95805, 40.62797], [-73.95685, 40.62812], [-73.95581, 40.62823], [-73.95489, 40.62834], [-73.95396, 40.62844], [-73.95303, 40.62854], [-73.95207, 40.62865], [-73.95111, 40.62875], [-73.95018, 40.62885], [-73.94925, 40.62895], [-73.94832, 40.62906], [-73.94733, 40.62917], [-73.94687, 40.62677], [-73.94642, 40.62439], [-73.94542, 40.6245], [-73.94497, 40.6221], [-73.94452, 40.61971], [-73.94552, 40.61961], [-73.94651, 40.61949], [-73.94607, 40.6171], [-73.94576, 40.6155], [-73.94574, 40.61536], [-73.94657, 40.61479], [-73.94743, 40.61422], [-73.94773, 40.61417], [-73.94835, 40.61414], [-73.94931, 40.61403], [-73.95027, 40.61392], [-73.95, 40.61249], [-73.94996, 40.61232], [-73.94993, 40.61214], [-73.94978, 40.61137], [-73.95071, 40.61125], [-73.95163, 40.61112], [-73.95257, 40.61099], [-73.95259, 40.61111], [-73.9536, 40.61095], [-73.9548, 40.61082], [-73.95574, 40.61071], [-73.9567, 40.61061], [-73.95767, 40.6105], [-73.95805, 40.61046], [-73.95859, 40.6104], [-73.95952, 40.6103], [-73.96044, 40.6102], [-73.96137, 40.6101], [-73.96238, 40.60999], [-73.96286, 40.61255], [-73.96336, 40.6152], [-73.96356, 40.61624], [-73.96362, 40.61659], [-73.96375, 40.6173], [-73.96381, 40.61759], [-73.96389, 40.618], [-73.96427, 40.61998], [-73.96472, 40.62237], [-73.96572, 40.62226], [-73.96665, 40.62216], [-73.96757, 40.62206], [-73.96865, 40.62194], [-73.9691, 40.62433], [-73.97019, 40.6242], [-73.97047, 40.62417], [-73.9708, 40.62593], [-73.97086, 40.62624], [-73.97092, 40.62657], [-73.97111, 40.62759], [-73.97121, 40.62809], [-73.97137, 40.62893], [-73.97109, 40.62897], [-73.97, 40.62911], [-73.96893, 40.62923], [-73.968, 40.62933], [-73.96708, 40.62943], [-73.96608, 40.62954], [-73.96508, 40.62965], [-73.96415, 40.62974], [-73.96322, 40.62984], [-73.96233, 40.62997], [-73.96197, 40.62999], [-73.96182, 40.63], [-73.96164, 40.63002], [-73.96137, 40.63006], [-73.96046, 40.63016], [-73.96041, 40.63016], [-73.96026, 40.62942], [-73.96025, 40.62937], [-73.96023, 40.62925], [-73.96015, 40.62891]]]}}, {"type": "Feature", "properties": {"zone_id": 167, "zone": "Morrisania/Melrose", "borough": "Bronx", "demand": 38}, "geometry": {"type": "Polygon", "coordinates": [[[-73.8969, 40.83103], [-73.89717, 40.83037], [-73.8967, 40.83041], [-73.89561, 40.83052], [-73.89486, 40.8306], [-73.89469, 40.83062], [-73.89336, 40.83015], [-73.89289, 40.83015], [-73.89188, 40.83014], [-73.89087, 40.83014], [-73.88991, 40.83012], [-73.88898, 40.82981], [-73.88805, 40.8295], [-73.88761, 40.82934], [-73.88755, 40.8293], [-73.88601, 40.82824], [-73.8861, 40.82766], [-73.8864, 40.8275], [-73.88789, 40.82674], [-73.88885, 40.82677], [-73.88964, 40.8268], [-73.88969, 40.8268], [-73.88981, 40.8268], [-73.88984, 40.8268], [-73.88998, 40.82681], [-73.89091, 40.82679], [-73.89191, 40.82679], [-73.89293, 40.82679], [-73.89387, 40.82651], [-73.89484, 40.82625], [-73.89515, 40.82783], [-73.89511, 40.82804], [-73.89529, 40.82814], [-73.89549, 40.82825], [-73.89577, 40.82821], [-73.897, 40.82805], [-73.8982, 40.82789], [-73.89933, 40.82774], [-73.89941, 40.82773], [-73.8998, 40.82768], [-73.90093, 40.82793], [-73.90165, 40.82626], [-73.90051, 40.82601], [-73.90118, 40.82439], [-73.90182, 40.82285], [-73.90185, 40.82278], [-73.90199, 40.82244], [-73.90061, 40.82211], [-73.90085, 40.82154], [-73.90129, 40.82047], [-73.90267, 40.8208], [-73.90379, 40.82109], [-73.90478, 40.82134], [-73.9049, 40.82137], [-73.90525, 40.82146], [-73.90533, 40.82148], [-73.90546, 40.82151], [-73.90552, 40.82152], [-73.90566, 40.82156], [-73.90646, 40.82171], [-73.90743, 40.82194], [-73.90842, 40.82218], [-73.90946, 40.82243], [-73.90991, 40.82255], [-73.9107, 40.82232], [-73.91107, 40.82224], [-73.91136, 40.82216], [-73.91137, 40.82216], [-73.91138, 40.82216], [-73.91139, 40.82216], [-73.9114, 40.82216], [-73.91141, 40.82216], [-73.91142, 40.82216], [-73.91143, 40.82216], [-73.91144, 40.82216], [-73.91145, 40.82215], [-73.91146, 40.82215], [-73.91147, 40.82215], [-73.91148, 40.82215], [-73.91149, 40.82215], [-73.9115, 40.82215], [-73.91151, 40.82215], [-73.91152, 40.82214], [-73.91153, 40.82214], [-73.91154, 40.82214], [-73.91155, 40.82214], [-73.91156, 40.82213], [-73.91157, 40.82213], [-73.91158, 40.82213], [-73.91159, 40.82213], [-73.9116, 40.82212], [-73.91161, 40.82212], [-73.91162, 40.82212], [-73.91163, 40.82211], [-73.91164, 40.82211], [-73.91165, 40.82211], [-73.91166, 40.8221], [-73.91167, 40.8221], [-73.91168, 40.8221], [-73.91169, 40.82209], [-73.9117, 40.82209], [-73.91171, 40.82209], [-73.91172, 40.82208], [-73.91173, 40.82208], [-73.91174, 40.82207], [-73.91175, 40.82207], [-73.91176, 40.82207], [-73.91176, 40.82206], [-73.91177, 40.82206], [-73.91178, 40.82205], [-73.91179, 40.82205], [-73.9118, 40.82204], [-73.91181, 40.82204], [-73.91182, 40.82203], [-73.91189, 40.82214], [-73.91288, 40.82244], [-73.91451, 40.82294], [-73.91622, 40.82347], [-73.91588, 40.8241], [-73.91677, 40.82439], [-73.91609, 40.82484], [-73.91631, 40.8249], [-73.91661, 40.82499], [-73.91642, 40.82511], [-73.91637, 40.82515], [-73.9163, 40.82519], [-73.91625, 40.82523], [-73.91619, 40.82527], [-73.91613, 40.82531], [-73.91592, 40.82544], [-73.91545, 40.82575], [-73.91541, 40.82577], [-73.91528, 40.82565], [-73.91475, 40.8252], [-73.91351, 40.8248], [-73.91317, 40.82546], [-73.91192, 40.82505], [-73.91131, 40.82485], [-73.91179, 40.82643], [-73.91169, 40.82776], [-73.91031, 40.82877], [-73.90948, 40.82959], [-73.90896, 40.83023], [-73.90772, 40.82982], [-73.90753, 40.82976], [-73.90747, 40.82974], [-73.90657, 40.82945], [-73.90553, 40.8291], [-73.90451, 40.83062], [-73.90398, 40.83141], [-73.90368, 40.83186], [-73.90343, 40.83222], [-73.90186, 40.83462], [-73.90134, 40.83544], [-73.90123, 40.8355], [-73.90122, 40.83541], [-73.89963, 40.83502], [-73.89845, 40.83472], [-73.89809, 40.83463], [-73.89697, 40.83434], [-73.89678, 40.83413], [-73.8963, 40.83354], [-73.89647, 40.83305], [-73.89669, 40.83197], [-73.8969, 40.83103]]]}}, {"type": "Feature", "properties": {"zone_id": 169, "zone": "Mount Hope", "borough": "Bronx", "demand": 50}, "geometry": {"type": "Polygon", "coordinates": [[[-73.89817, 40.85515], [-73.89864, 40.85391], [-73.89831, 40.85406], [-73.8971, 40.85517], [-73.89644, 40.85491], [-73.89561, 40.85457], [-73.89662, 40.85279], [-73.89709, 40.85197], [-73.89809, 40.85021], [-73.89887, 40.84881], [-73.89968, 40.84742], [-73.9002, 40.84647], [-73.90089, 40.84524], [-73.90107, 40.8449], [-73.90127, 40.84456], [-73.90132, 40.84447], [-73.90134, 40.84443], [-73.90269, 40.84458], [-73.90339, 40.84465], [-73.9041, 40.84473], [-73.90483, 40.8448], [-73.90483, 40.84475], [-73.90484, 40.84466], [-73.90485, 40.84459], [-73.90494, 40.84337], [-73.90501, 40.8424], [-73.90515, 40.84255], [-73.90587, 40.84258], [-73.90596, 40.84263], [-73.90685, 40.84267], [-73.90774, 40.8427], [-73.90866, 40.84272], [-73.90959, 40.84276], [-73.91046, 40.84279], [-73.91043, 40.84311], [-73.91097, 40.84314], [-73.91175, 40.84318], [-73.91194, 40.8432], [-73.91211, 40.84326], [-73.91294, 40.8436], [-73.91303, 40.84364], [-73.91386, 40.84398], [-73.91474, 40.84434], [-73.91587, 40.84479], [-73.91612, 40.84486], [-73.91684, 40.84507], [-73.9169, 40.84512], [-73.91561, 40.84515], [-73.91479, 40.84516], [-73.91416, 40.84518], [-73.91413, 40.84523], [-73.91398, 40.84543], [-73.91375, 40.84574], [-73.91361, 40.84594], [-73.91346, 40.84615], [-73.91315, 40.84658], [-73.91306, 40.84671], [-73.91236, 40.84768], [-73.91197, 40.84823], [-73.91168, 40.84864], [-73.91112, 40.84942], [-73.91069, 40.85002], [-73.91058, 40.85018], [-73.90922, 40.8518], [-73.90842, 40.85264], [-73.90733, 40.85382], [-73.90557, 40.85579], [-73.90473, 40.85537], [-73.90395, 40.85497], [-73.90299, 40.85477], [-73.90208, 40.85462], [-73.90186, 40.85459], [-73.90154, 40.85499], [-73.9013, 40.8553], [-73.90117, 40.8555], [-73.90085, 40.85594], [-73.90078, 40.85605], [-73.9006, 40.85599], [-73.89967, 40.85567], [-73.89878, 40.85536], [-73.89817, 40.85515]]]}}, {"type": "Feature", "properties": {"zone_id": 173, "zone": "North Corona", "borough": "Queens", "demand": 47}, "geometry": {"type": "Polygon", "coordinates": [[[-73.8554, 40.75834], [-73.8553, 40.75829], [-73.85505, 40.75833], [-73.85491, 40.75834], [-73.85477, 40.75833], [-73.85463, 40.75831], [-73.8545, 40.75828], [-73.85437, 40.75812], [-73.85406, 40.7576], [-73.8538, 40.75718], [-73.85377, 40.75712], [-73.85354, 40.75656], [-73.8534, 40.75614], [-73.85335, 40.75602], [-73.85319, 40.7554], [-73.85313, 40.75511], [-73.85324, 40.75509], [-73.85383, 40.75496], [-73.85479, 40.75471], [-73.8558, 40.75441], [-73.85539, 40.75357], [-73.85498, 40.75278], [-73.85456, 40.75196], [-73.85583, 40.75158], [-73.85548, 40.75089], [-73.85514, 40.75023], [-73.85479, 40.74956], [-73.85447, 40.74894], [-73.85443, 40.74885], [-73.85735, 40.74797], [-73.86027, 40.7471], [-73.86032, 40.74719], [-73.86253, 40.74653], [-73.86407, 40.74607], [-73.86609, 40.74547], [-73.86791, 40.74493], [-73.86809, 40.7456], [-73.86827, 40.74631], [-73.86844, 40.74703], [-73.86853, 40.74759], [-73.86891, 40.74837], [-73.86919, 40.74876], [-73.86942, 40.74916], [-73.86969, 40.74961], [-73.87084, 40.75154], [-73.87179, 40.75332], [-73.87207, 40.75386], [-73.87214, 40.75399], [-73.87267, 40.75499], [-73.87269, 40.75503], [-73.87271, 40.75506], [-73.87366, 40.7568], [-73.87311, 40.75685], [-73.87222, 40.75694], [-73.87132, 40.75704], [-73.87041, 40.75713], [-73.8695, 40.75723], [-73.86848, 40.75733], [-73.86746, 40.75744], [-73.86657, 40.75753], [-73.86567, 40.75763], [-73.86462, 40.75769], [-73.86372, 40.75772], [-73.86281, 40.75776], [-73.86191, 40.75779], [-73.861, 40.75782], [-73.86046, 40.75784], [-73.85993, 40.75786], [-73.85951, 40.75788], [-73.85889, 40.7579], [-73.85856, 40.75791], [-73.85775, 40.75803], [-73.85695, 40.75813], [-73.85561, 40.7583], [-73.8554, 40.75834]]]}}, {"type": "Feature", "properties": {"zone_id": 174, "zone": "Norwood", "borough": "Bronx", "demand": 12}, "geometry": {"type": "Polygon", "coordinates": [[[-73.87773, 40.88345], [-73.87813, 40.88215], [-73.87717, 40.88199], [-73.87626, 40.88183], [-73.87534, 40.88167], [-73.87468, 40.88156], [-73.87479, 40.88007], [-73.87495, 40.87995], [-73.87407, 40.88004], [-73.87307, 40.88013], [-73.87192, 40.88024], [-73.87187, 40.88033], [-73.87084, 40.88044], [-73.87024, 40.88023], [-73.87094, 40.87851], [-73.87161, 40.87692], [-73.87255, 40.87517], [-73.87437, 40.8727], [-73.87519, 40.87158], [-73.87619, 40.87048], [-73.87694, 40.86995], [-73.87773, 40.86955], [-73.87991, 40.86836], [-73.88136, 40.86758], [-73.88309, 40.86659], [-73.88363, 40.86726], [-73.88284, 40.86774], [-73.88188, 40.86832], [-73.88147, 40.86857], [-73.88174, 40.86955], [-73.88198, 40.87039], [-73.88222, 40.87123], [-73.88247, 40.87213], [-73.8825, 40.87229], [-73.8825, 40.87229], [-73.8825, 40.87229], [-73.88255, 40.87246], [-73.88255, 40.87246], [-73.88255, 40.87246], [-73.88263, 40.87262], [-73.88263, 40.87262], [-73.88263, 40.87262], [-73.88272, 40.87277], [-73.88283, 40.87292], [-73.88283, 40.87292], [-73.88283, 40.87292], [-73.88296, 40.87305], [-73.88308, 40.87322], [-73.88308, 40.87322], [-73.88308, 40.87322], [-73.88319, 40.87339], [-73.88319, 40.87339], [-73.88319, 40.87339], [-73.88328, 40.87357], [-73.88335, 40.87376], [-73.8834, 40.87395], [-73.88344, 40.87479], [-73.88344, 40.87538], [-73.88342, 40.87574], [-73.88342, 40.87585], [-73.88343, 40.87595], [-73.88346, 40.87606], [-73.88346, 40.87606], [-73.88346, 40.87606], [-73.8835, 40.87616], [-73.88355, 40.87625], [-73.88383, 40.87678], [-73.88468, 40.87823], [-73.88477, 40.87839], [-73.88489, 40.87861], [-73.88505, 40.87889], [-73.88528, 40.87922], [-73.88541, 40.8791], [-73.88568, 40.87887], [-73.88576, 40.87931], [-73.88579, 40.87962], [-73.88583, 40.87991], [-73.88595, 40.88051], [-73.88707, 40.88248], [-73.88716, 40.88258], [-73.88694, 40.88268], [-73.88697, 40.8828], [-73.88723, 40.88305], [-73.88718, 40.88308], [-73.88715, 40.88312], [-73.88713, 40.88315], [-73.88712, 40.8832], [-73.88711, 40.88367], [-73.8871, 40.88373], [-73.88709, 40.8838], [-73.88704, 40.88404], [-73.88705, 40.88435], [-73.88693, 40.88436], [-73.88683, 40.88434], [-73.88662, 40.88427], [-73.88516, 40.88363], [-73.88453, 40.88331], [-73.88438, 40.88325], [-73.88438, 40.88325], [-73.88438, 40.88325], [-73.88422, 40.8832], [-73.88422, 40.8832], [-73.88422, 40.8832], [-73.88404, 40.88316], [-73.88404, 40.88316], [-73.88404, 40.88316], [-73.88386, 40.88315], [-73.88386, 40.88315], [-73.88386, 40.88315], [-73.88368, 40.88316], [-73.88368, 40.88316], [-73.88368, 40.88316], [-73.88351, 40.88318], [-73.88351, 40.88318], [-73.88351, 40.88318], [-73.88334, 40.88323], [-73.88334, 40.88323], [-73.88334, 40.88323], [-73.88319, 40.88328], [-73.88275, 40.8834], [-73.88209, 40.88313], [-73.88124, 40.88271], [-73.87996, 40.88439], [-73.87936, 40.88522], [-73.87876, 40.88604], [-73.87815, 40.88687], [-73.87813, 40.88691], [-73.87804, 40.88712], [-73.87799, 40.88705], [-73.87783, 40.88677], [-73.87761, 40.88452], [-73.87773, 40.88345]]]}}, {"type": "Feature", "properties": {"zone_id": 177, "zone": "Ocean Hill", "borough": "Brooklyn", "demand": 28}, "geometry": {"type": "Polygon", "coordinates": [[[-73.90287, 40.67863], [-73.90239, 40.67833], [-73.90239, 40.67833], [-73.90236, 40.67831], [-73.90199, 40.67808], [-73.90199, 40.67807], [-73.90187, 40.678], [-73.90145, 40.67774], [-73.90142, 40.67772], [-73.9014, 40.67771], [-73.90137, 40.67769], [-73.901, 40.67745], [-73.90057, 40.67718], [-73.90015, 40.67695], [-73.90005, 40.67689], [-73.90079, 40.67657], [-73.90096, 40.6765], [-73.90246, 40.67588], [-73.90258, 40.67583], [-73.90268, 40.67579], [-73.9028, 40.67576], [-73.90292, 40.67568], [-73.90302, 40.67566], [-73.90314, 40.67562], [-73.90347, 40.67551], [-73.90374, 40.67541], [-73.90429, 40.67523], [-73.90439, 40.67521], [-73.90451, 40.67505], [-73.90524, 40.67472], [-73.90583, 40.67447], [-73.90609, 40.67435], [-73.9063, 40.67426], [-73.90696, 40.67398], [-73.90747, 40.67376], [-73.90788, 40.67357], [-73.90828, 40.67338], [-73.90833, 40.67335], [-73.90842, 40.67331], [-73.90925, 40.67295], [-73.90954, 40.67283], [-73.9099, 40.67268], [-73.90996, 40.67266], [-73.91014, 40.67258], [-73.91019, 40.67256], [-73.91037, 40.67248], [-73.91046, 40.67245], [-73.91105, 40.6722], [-73.9111, 40.67218], [-73.91116, 40.67215], [-73.91134, 40.67208], [-73.91222, 40.67169], [-73.91309, 40.67131], [-73.91404, 40.6709], [-73.91454, 40.67067], [-73.91462, 40.67064], [-73.91487, 40.67053], [-73.91553, 40.67024], [-73.91558, 40.67022], [-73.91573, 40.67016], [-73.9158, 40.67013], [-73.91586, 40.6701], [-73.91647, 40.66984], [-73.91652, 40.66981], [-73.91658, 40.66979], [-73.91714, 40.66954], [-73.91748, 40.66939], [-73.91838, 40.669], [-73.91923, 40.66863], [-73.92, 40.66841], [-73.92011, 40.66838], [-73.92015, 40.66823], [-73.92102, 40.66785], [-73.92187, 40.66748], [-73.92222, 40.66733], [-73.92275, 40.6671], [-73.92273, 40.66736], [-73.92266, 40.66813], [-73.92263, 40.66837], [-73.92261, 40.66856], [-73.92254, 40.66928], [-73.92247, 40.67012], [-73.92245, 40.67026], [-73.92238, 40.67101], [-73.9223, 40.6719], [-73.92221, 40.67279], [-73.92213, 40.67368], [-73.92205, 40.67457], [-73.92197, 40.67535], [-73.9219, 40.67613], [-73.92183, 40.67685], [-73.92182, 40.67694], [-73.92182, 40.67702], [-73.92171, 40.67812], [-73.92165, 40.67887], [-73.91905, 40.67873], [-73.91797, 40.67867], [-73.9172, 40.67863], [-73.9163, 40.67858], [-73.91639, 40.67891], [-73.91654, 40.67964], [-73.91669, 40.68037], [-73.91683, 40.6811], [-73.91698, 40.68183], [-73.91712, 40.68257], [-73.91727, 40.6833], [-73.91741, 40.68403], [-73.91756, 40.68477], [-73.91763, 40.68512], [-73.91764, 40.68517], [-73.91765, 40.68523], [-73.91766, 40.68527], [-73.9177, 40.6855], [-73.91777, 40.68582], [-73.91778, 40.68591], [-73.91784, 40.68616], [-73.91785, 40.68623], [-73.91789, 40.68645], [-73.91792, 40.68657], [-73.918, 40.68696], [-73.91805, 40.68721], [-73.91768, 40.687], [-73.91755, 40.68693], [-73.9168, 40.6865], [-73.91661, 40.68639], [-73.91605, 40.68607], [-73.9155, 40.68576], [-73.91529, 40.68564], [-73.9147, 40.68532], [-73.91454, 40.68523], [-73.9138, 40.6848], [-73.91331, 40.68452], [-73.91304, 40.68437], [-73.91227, 40.68393], [-73.91151, 40.6835], [-73.91077, 40.68309], [-73.91002, 40.68266], [-73.90927, 40.68223], [-73.90906, 40.6821], [-73.90886, 40.68199], [-73.90852, 40.6818], [-73.90777, 40.68138], [-73.90702, 40.68095], [-73.90672, 40.68077], [-73.90628, 40.68051], [-73.90566, 40.68014], [-73.90555, 40.68007], [-73.90549, 40.68004], [-73.90541, 40.67999], [-73.90479, 40.67964], [-73.90457, 40.67951], [-73.90405, 40.67922], [-73.90403, 40.67921], [-73.90401, 40.6792], [-73.90363, 40.67905], [-73.90334, 40.67892], [-73.90334, 40.67892], [-73.90324, 40.67886], [-73.90316, 40.67881], [-73.90287, 40.67863]]]}}, {"type": "Feature", "properties": {"zone_id": 182, "zone": "Parkchester", "borough": "Bronx", "demand": 14}, "geometry": {"type": "Polygon", "coordinates": [[[-73.85465, 40.83389], [-73.85773, 40.83356], [-73.85906, 40.83341], [-73.85984, 40.83334], [-73.86034, 40.83325], [-73.86038, 40.83334], [-73.86043, 40.8334], [-73.86049, 40.83347], [-73.86057, 40.83352], [-73.86066, 40.83356], [-73.86075, 40.83359], [-73.86085, 40.83361], [-73.86129, 40.83354], [-73.86138, 40.83349], [-73.86142, 40.83345], [-73.86156, 40.83333], [-73.86271, 40.83299], [-73.86273, 40.83307], [-73.86285, 40.83369], [-73.86288, 40.83389], [-73.86289, 40.83396], [-73.8629, 40.834], [-73.86294, 40.8343], [-73.86296, 40.83442], [-73.86316, 40.83553], [-73.86356, 40.83787], [-73.86394, 40.84004], [-73.86448, 40.84109], [-73.86437, 40.84111], [-73.86364, 40.84126], [-73.86358, 40.84128], [-73.86347, 40.84131], [-73.86176, 40.84151], [-73.86163, 40.84153], [-73.86046, 40.84166], [-73.86018, 40.84169], [-73.85972, 40.84174], [-73.8592, 40.8418], [-73.85836, 40.8419], [-73.85719, 40.84203], [-73.85618, 40.84215], [-73.85554, 40.84222], [-73.8552, 40.84226], [-73.85421, 40.84237], [-73.8535, 40.84245], [-73.85334, 40.84247], [-73.85309, 40.84105], [-73.85304, 40.84073], [-73.85287, 40.83985], [-73.85266, 40.83878], [-73.85248, 40.83778], [-73.85233, 40.83701], [-73.85221, 40.83635], [-73.85207, 40.83562], [-73.85186, 40.83478], [-73.85168, 40.8342], [-73.85189, 40.83418], [-73.85281, 40.83408], [-73.85347, 40.83401], [-73.85465, 40.83389]]]}}, {"type": "Feature", "properties": {"zone_id": 185, "zone": "Pelham Parkway", "borough": "Bronx", "demand": 15}, "geometry": {"type": "Polygon", "coordinates": [[[-73.84005, 40.85781], [-73.83911, 40.85766], [-73.83818, 40.85751], [-73.83724, 40.85736], [-73.83682, 40.85728], [-73.83691, 40.85718], [-73.83691, 40.85701], [-73.83668, 40.85665], [-73.835, 40.85657], [-73.83538, 40.85645], [-73.83562, 40.85637], [-73.83562, 40.85637], [-73.83647, 40.8561], [-73.83691, 40.85599], [-73.83734, 40.85587], [-73.83777, 40.85572], [-73.83819, 40.85556], [-73.83859, 40.85539], [-73.83898, 40.85519], [-73.83936, 40.85499], [-73.83972, 40.85476], [-73.83992, 40.85463], [-73.84012, 40.85448], [-73.84031, 40.85434], [-73.8405, 40.85418], [-73.84068, 40.85403], [-73.84085, 40.85387], [-73.84102, 40.8537], [-73.84119, 40.85354], [-73.84134, 40.85337], [-73.84149, 40.85319], [-73.84195, 40.85251], [-73.84362, 40.85008], [-73.84428, 40.84912], [-73.84494, 40.84822], [-73.845, 40.84846], [-73.84504, 40.8487], [-73.84506, 40.84895], [-73.84505, 40.84919], [-73.84502, 40.84943], [-73.84497, 40.8501], [-73.84476, 40.85047], [-73.84441, 40.85104], [-73.84431, 40.85119], [-73.84453, 40.85113], [-73.84669, 40.85112], [-73.84721, 40.85104], [-73.8473, 40.85109], [-73.84821, 40.85109], [-73.84861, 40.85108], [-73.84969, 40.85106], [-73.8505, 40.8507], [-73.85137, 40.8503], [-73.85224, 40.84991], [-73.85305, 40.84955], [-73.85457, 40.85151], [-73.85538, 40.85114], [-73.85619, 40.85078], [-73.857, 40.85042], [-73.85781, 40.85005], [-73.85862, 40.84969], [-73.85943, 40.84932], [-73.86023, 40.84896], [-73.86046, 40.84885], [-73.86069, 40.84875], [-73.86094, 40.84867], [-73.86119, 40.8486], [-73.8616, 40.84855], [-73.86251, 40.84836], [-73.86279, 40.84924], [-73.86304, 40.85061], [-73.86473, 40.85027], [-73.86519, 40.85016], [-73.86554, 40.85029], [-73.86612, 40.85053], [-73.8668, 40.85095], [-73.8678, 40.85159], [-73.86861, 40.85207], [-73.86872, 40.85242], [-73.86917, 40.85369], [-73.86938, 40.85427], [-73.86982, 40.85548], [-73.86986, 40.85558], [-73.86989, 40.85567], [-73.8699, 40.85577], [-73.8699, 40.85587], [-73.86989, 40.85597], [-73.86927, 40.85669], [-73.86908, 40.85695], [-73.86888, 40.8572], [-73.86877, 40.85734], [-73.86842, 40.85778], [-73.86819, 40.85806], [-73.8682, 40.85802], [-73.8682, 40.85797], [-73.86817, 40.85792], [-73.86813, 40.85788], [-73.86808, 40.85785], [-73.86802, 40.85783], [-73.86759, 40.85783], [-73.86658, 40.85785], [-73.86564, 40.85788], [-73.86467, 40.8579], [-73.86455, 40.85791], [-73.86396, 40.85792], [-73.86387, 40.85793], [-73.86326, 40.85794], [-73.86319, 40.85794], [-73.86296, 40.85795], [-73.86288, 40.85795], [-73.86179, 40.85798], [-73.85883, 40.85806], [-73.85664, 40.85812], [-73.85601, 40.85816], [-73.85585, 40.85817], [-73.85405, 40.85832], [-73.85311, 40.85841], [-73.85217, 40.8585], [-73.85123, 40.85858], [-73.85028, 40.85866], [-73.84931, 40.85872], [-73.84834, 40.8587], [-73.8474, 40.85868], [-73.84646, 40.85864], [-73.84552, 40.85854], [-73.84459, 40.85845], [-73.8433, 40.85829], [-73.84191, 40.85809], [-73.84097, 40.85795], [-73.84005, 40.85781]]]}}, {"type": "Feature", "properties": {"zone_id": 190, "zone": "Prospect Park", "borough": "Brooklyn", "demand": 22}, "geometry": {"type": "Polygon", "coordinates": [[[-73.96308, 40.66213], [-73.96281, 40.66049], [-73.96244, 40.65832], [-73.9619, 40.65487], [-73.96414, 40.65399], [-73.96621, 40.65319], [-73.96575, 40.6525], [-73.96524, 40.65174], [-73.96465, 40.65089], [-73.96526, 40.65064], [-73.96615, 40.6503], [-73.96703, 40.64995], [-73.96791, 40.6496], [-73.96879, 40.64925], [-73.96967, 40.6489], [-73.96999, 40.64877], [-73.97069, 40.6485], [-73.9714, 40.64826], [-73.97156, 40.64882], [-73.97191, 40.65005], [-73.97211, 40.65066], [-73.97234, 40.65066], [-73.97253, 40.65075], [-73.97263, 40.65086], [-73.97266, 40.65091], [-73.97267, 40.65096], [-73.97268, 40.65102], [-73.97268, 40.65107], [-73.97267, 40.65112], [-73.97266, 40.65117], [-73.97252, 40.65131], [-73.97233, 40.6514], [-73.97268, 40.65264], [-73.97305, 40.65391], [-73.97327, 40.65465], [-73.97355, 40.65564], [-73.97379, 40.65639], [-73.97404, 40.65735], [-73.97407, 40.65752], [-73.97407, 40.65752], [-73.97407, 40.65752], [-73.97412, 40.65769], [-73.97418, 40.65786], [-73.97418, 40.65786], [-73.97427, 40.65803], [-73.97437, 40.65819], [-73.97448, 40.65834], [-73.97516, 40.65872], [-73.97751, 40.65986], [-73.97958, 40.66085], [-73.97962, 40.66081], [-73.97962, 40.66081], [-73.97962, 40.66081], [-73.97968, 40.66077], [-73.97968, 40.66077], [-73.97968, 40.66077], [-73.97976, 40.66074], [-73.97976, 40.66074], [-73.97976, 40.66074], [-73.97984, 40.66073], [-73.97984, 40.66073], [-73.97984, 40.66073], [-73.97993, 40.66073], [-73.97993, 40.66073], [-73.97993, 40.66073], [-73.98, 40.66076], [-73.98, 40.66076], [-73.98, 40.66076], [-73.98006, 40.66079], [-73.98012, 40.66082], [-73.98012, 40.66082], [-73.98012, 40.66082], [-73.98017, 40.66087], [-73.98017, 40.66087], [-73.98017, 40.66087], [-73.98021, 40.66092], [-73.98021, 40.66092], [-73.98021, 40.66092], [-73.98023, 40.66098], [-73.98023, 40.66098], [-73.98023, 40.66099], [-73.98023, 40.66105], [-73.98023, 40.66105], [-73.98023, 40.66105], [-73.98021, 40.66111], [-73.98021, 40.66111], [-73.98021, 40.66111], [-73.98017, 40.66115], [-73.98013, 40.66119], [-73.98009, 40.66122], [-73.98004, 40.66124], [-73.97999, 40.66126], [-73.97993, 40.66127], [-73.97988, 40.66128], [-73.97982, 40.66128], [-73.97976, 40.66127], [-73.97971, 40.66126], [-73.97965, 40.66124], [-73.97935, 40.66159], [-73.97885, 40.6622], [-73.97835, 40.6628], [-73.97784, 40.6634], [-73.97734, 40.66401], [-73.97685, 40.66461], [-73.97633, 40.66521], [-73.97583, 40.66581], [-73.97534, 40.66642], [-73.97483, 40.66702], [-73.97433, 40.66762], [-73.97383, 40.66822], [-73.97332, 40.66882], [-73.97282, 40.66943], [-73.97232, 40.67003], [-73.97182, 40.67063], [-73.97133, 40.67125], [-73.97085, 40.67186], [-73.97041, 40.67259], [-73.97, 40.67263], [-73.96966, 40.67264], [-73.96927, 40.6728], [-73.96892, 40.67294], [-73.96884, 40.67296], [-73.96866, 40.67302], [-73.96842, 40.67303], [-73.9684, 40.67303], [-73.96817, 40.67302], [-73.96794, 40.673], [-73.9677, 40.67297], [-73.96746, 40.67293], [-73.96468, 40.67226], [-73.96314, 40.67186], [-73.96259, 40.67171], [-73.96254, 40.67146], [-73.96252, 40.67138], [-73.96219, 40.66964], [-73.96211, 40.6692], [-73.962, 40.66866], [-73.96181, 40.66768], [-73.96162, 40.66669], [-73.96126, 40.6648], [-73.96111, 40.66406], [-73.96096, 40.66328], [-73.96194, 40.66322], [-73.96243, 40.66312], [-73.96281, 40.66271], [-73.9629, 40.66261], [-73.9629, 40.66261], [-73.9629, 40.66261], [-73.96297, 40.66249], [-73.96303, 40.66238], [-73.96303, 40.66238], [-73.96303, 40.66238], [-73.96306, 40.66225], [-73.96306, 40.66225], [-73.96306, 40.66225], [-73.96308, 40.66213]]]}}, {"type": "Feature", "properties": {"zone_id": 191, "zone": "Queens Village", "borough": "Queens", "demand": 26}, "geometry": {"type": "Polygon", "coordinates": [[[-73.73017, 40.72396], [-73.72991, 40.72327], [-73.72836, 40.72361], [-73.72819, 40.72314], [-73.72816, 40.72308], [-73.7285, 40.72299], [-73.72882, 40.72288], [-73.72914, 40.72276], [-73.72946, 40.72263], [-73.72965, 40.72253], [-73.72976, 40.72248], [-73.73005, 40.72233], [-73.73033, 40.72216], [-73.7303, 40.72209], [-73.72966, 40.72048], [-73.72966, 40.72048], [-73.72966, 40.72048], [-73.72966, 40.72048], [-73.72966, 40.72048], [-73.72966, 40.72048], [-73.72966, 40.72047], [-73.72965, 40.72045], [-73.72965, 40.72044], [-73.72964, 40.72043], [-73.72964, 40.72043], [-73.72964, 40.72041], [-73.72948, 40.71998], [-73.72918, 40.71917], [-73.72884, 40.71793], [-73.72857, 40.71696], [-73.72855, 40.7169], [-73.72852, 40.71678], [-73.7285, 40.7167], [-73.72737, 40.71241], [-73.72736, 40.71239], [-73.72719, 40.71169], [-73.72699, 40.71078], [-73.72697, 40.71071], [-73.72697, 40.71066], [-73.7269, 40.71], [-73.7269, 40.70998], [-73.72705, 40.7095], [-73.72696, 40.70755], [-73.7269, 40.7058], [-73.72684, 40.7044], [-73.72678, 40.70306], [-73.72714, 40.70305], [-73.72726, 40.70304], [-73.72736, 40.70304], [-73.72777, 40.70302], [-73.73037, 40.7031], [-73.73232, 40.70316], [-73.73246, 40.70316], [-73.73332, 40.70319], [-73.73426, 40.70322], [-73.73427, 40.70317], [-73.7343, 40.70248], [-73.73625, 40.70254], [-73.7382, 40.70259], [-73.74072, 40.70268], [-73.74078, 40.70268], [-73.74052, 40.70339], [-73.7405, 40.70343], [-73.74055, 40.70344], [-73.74069, 40.70347], [-73.74089, 40.70348], [-73.74109, 40.70348], [-73.74129, 40.70346], [-73.74149, 40.70343], [-73.74168, 40.70338], [-73.74287, 40.70307], [-73.74331, 40.70296], [-73.74386, 40.70281], [-73.74413, 40.70274], [-73.74502, 40.70252], [-73.74591, 40.70229], [-73.745, 40.70026], [-73.74589, 40.70003], [-73.74678, 40.6998], [-73.74767, 40.69957], [-73.74773, 40.69955], [-73.74742, 40.69886], [-73.74712, 40.6982], [-73.74682, 40.69752], [-73.74649, 40.6968], [-73.74618, 40.69612], [-73.74625, 40.6961], [-73.74745, 40.69577], [-73.74775, 40.69569], [-73.7483, 40.69554], [-73.74863, 40.69544], [-73.74928, 40.69689], [-73.75019, 40.69891], [-73.74931, 40.69914], [-73.74962, 40.69983], [-73.74991, 40.70048], [-73.75022, 40.70117], [-73.75053, 40.70185], [-73.75083, 40.70251], [-73.75114, 40.7032], [-73.75144, 40.70386], [-73.75175, 40.70455], [-73.75205, 40.70523], [-73.75052, 40.70563], [-73.75047, 40.70564], [-73.75077, 40.70632], [-73.75121, 40.70731], [-73.7514, 40.70775], [-73.75184, 40.70882], [-73.75246, 40.71032], [-73.75318, 40.71205], [-73.75358, 40.71299], [-73.75361, 40.71307], [-73.75371, 40.71332], [-73.75401, 40.71383], [-73.75405, 40.71388], [-73.75408, 40.7139], [-73.7547, 40.71471], [-73.75589, 40.7163], [-73.75726, 40.71814], [-73.75721, 40.71816], [-73.75638, 40.71851], [-73.75557, 40.71887], [-73.75475, 40.71922], [-73.75393, 40.71957], [-73.75313, 40.71991], [-73.75233, 40.72026], [-73.75248, 40.72048], [-73.75264, 40.7207], [-73.75282, 40.7209], [-73.75301, 40.7211], [-73.75323, 40.72128], [-73.75433, 40.72231], [-73.75463, 40.72258], [-73.75491, 40.72284], [-73.75546, 40.72335], [-73.75577, 40.72364], [-73.75504, 40.72411], [-73.75497, 40.72416], [-73.75509, 40.72449], [-73.75524, 40.72478], [-73.75548, 40.72512], [-73.75567, 40.72532], [-73.75581, 40.72543], [-73.75603, 40.72559], [-73.75671, 40.72618], [-73.7567, 40.72623], [-73.75664, 40.72625], [-73.75655, 40.72627], [-73.75613, 40.72643], [-73.75528, 40.72671], [-73.75442, 40.72704], [-73.75406, 40.7272], [-73.75381, 40.72731], [-73.75363, 40.72739], [-73.75297, 40.7277], [-73.75259, 40.72791], [-73.75222, 40.72811], [-73.75184, 40.72833], [-73.75107, 40.72882], [-73.75081, 40.72899], [-73.75048, 40.72922], [-73.74981, 40.72975], [-73.74917, 40.7303], [-73.74793, 40.7314], [-73.7475, 40.73179], [-73.74733, 40.73194], [-73.74705, 40.73219], [-73.74672, 40.73248], [-73.74671, 40.73236], [-73.7467, 40.73221], [-73.74667, 40.73195], [-73.74666, 40.73181], [-73.74662, 40.73168], [-73.74659, 40.73161], [-73.74657, 40.73154], [-73.74649, 40.73141], [-73.7464, 40.73129], [-73.7463, 40.73118], [-73.74556, 40.73064], [-73.74543, 40.73062], [-73.74489, 40.73048], [-73.74418, 40.73032], [-73.74411, 40.73031], [-73.74398, 40.73028], [-73.74385, 40.73025], [-73.74384, 40.73024], [-73.74376, 40.73023], [-73.74242, 40.72992], [-73.74231, 40.72989], [-73.742, 40.72983], [-73.74081, 40.72956], [-73.7404, 40.72947], [-73.73968, 40.72931], [-73.73905, 40.72916], [-73.7384, 40.72901], [-73.73816, 40.72896], [-73.73716, 40.72873], [-73.73633, 40.72854], [-73.73546, 40.72834], [-73.73499, 40.72824], [-73.73451, 40.72814], [-73.73424, 40.72807], [-73.73362, 40.72793], [-73.73273, 40.72773], [-73.73162, 40.72745], [-73.73147, 40.72741], [-73.73145, 40.72734], [-73.73122, 40.7267], [-73.73096, 40.72601], [-73.73069, 40.72533], [-73.73043, 40.72464], [-73.73017, 40.72396]]]}}, {"type": "Feature", "properties": {"zone_id": 194, "zone": "Randalls Island", "borough": "Manhattan", "demand": 17}, "geometry": {"type": "Polygon", "coordinates": [[[-73.9164, 40.79768], [-73.91545, 40.79706], [-73.91444, 40.79566], [-73.9138, 40.79451], [-73.91378, 40.79384], [-73.91459, 40.79278], [-73.91514, 40.79201], [-73.91536, 40.79184], [-73.91552, 40.79178], [-73.91631, 40.79112], [-73.91617, 40.79101], [-73.91685, 40.79036], [-73.91708, 40.79046], [-73.91711, 40.79047], [-73.91784, 40.79017], [-73.91812, 40.79004], [-73.91843, 40.7898], [-73.91856, 40.78969], [-73.91859, 40.78947], [-73.91851, 40.78942], [-73.92189, 40.7857], [-73.92199, 40.78575], [-73.92219, 40.78551], [-73.92285, 40.78356], [-73.92306, 40.78334], [-73.92401, 40.78266], [-73.92401, 40.78266], [-73.92406, 40.78259], [-73.92412, 40.78252], [-73.92424, 40.7825], [-73.92425, 40.78249], [-73.92431, 40.78246], [-73.92448, 40.78232], [-73.92467, 40.78224], [-73.92488, 40.78222], [-73.92506, 40.78222], [-73.92514, 40.78224], [-73.92515, 40.78225], [-73.92524, 40.78227], [-73.92539, 40.78227], [-73.92572, 40.78218], [-73.92714, 40.78119], [-73.92732, 40.78109], [-73.92754, 40.78105], [-73.9276, 40.78104], [-73.9277, 40.78101], [-73.92779, 40.78099], [-73.9281, 40.78092], [-73.92849, 40.78101], [-73.92917, 40.78141], [-73.93031, 40.78208], [-73.93064, 40.78226], [-73.93105, 40.7824], [-73.93267, 40.78269], [-73.93502, 40.78301], [-73.93541, 40.78339], [-73.93581, 40.78371], [-73.93598, 40.78394], [-73.93607, 40.78422], [-73.93605, 40.78451], [-73.936, 40.78467], [-73.93592, 40.78481], [-73.93579, 40.78525], [-73.93576, 40.78545], [-73.93571, 40.78568], [-73.93315, 40.78869], [-73.93271, 40.78917], [-73.93241, 40.78972], [-73.93224, 40.78969], [-73.93148, 40.79048], [-73.93084, 40.79099], [-73.93073, 40.79095], [-73.92978, 40.79134], [-73.92972, 40.79137], [-73.92967, 40.79136], [-73.92872, 40.79094], [-73.92859, 40.79097], [-73.92807, 40.79082], [-73.92737, 40.79081], [-73.92692, 40.79079], [-73.92681, 40.79076], [-73.92667, 40.79073], [-73.92642, 40.79069], [-73.92625, 40.79069], [-73.9261, 40.79073], [-73.92606, 40.79083], [-73.92607, 40.79094], [-73.92609, 40.791], [-73.92609, 40.79109], [-73.92604, 40.79118], [-73.92605, 40.79126], [-73.92609, 40.79135], [-73.92611, 40.79141], [-73.92615, 40.79155], [-73.92616, 40.79162], [-73.92616, 40.79172], [-73.92627, 40.79176], [-73.92644, 40.7918], [-73.92655, 40.79183], [-73.92657, 40.79186], [-73.92651, 40.7919], [-73.92628, 40.79188], [-73.92615, 40.79185], [-73.92593, 40.79188], [-73.92576, 40.79186], [-73.92564, 40.79182], [-73.92559, 40.79182], [-73.92558, 40.79185], [-73.92561, 40.7919], [-73.92617, 40.7919], [-73.92643, 40.79196], [-73.92663, 40.79195], [-73.92667, 40.79194], [-73.92674, 40.79193], [-73.9267, 40.79183], [-73.92664, 40.79179], [-73.92658, 40.79179], [-73.92651, 40.79177], [-73.92637, 40.79166], [-73.92633, 40.7915], [-73.92634, 40.79125], [-73.92643, 40.79111], [-73.92649, 40.79102], [-73.92657, 40.79098], [-73.9267, 40.79097], [-73.92674, 40.79097], [-73.92683, 40.79099], [-73.92694, 40.791], [-73.92702, 40.791], [-73.92711, 40.79101], [-73.92717, 40.791], [-73.92724, 40.791], [-73.92732, 40.79101], [-73.92738, 40.791], [-73.92744, 40.79096], [-73.92751, 40.79096], [-73.92756, 40.79096], [-73.92765, 40.79096], [-73.92778, 40.79094], [-73.92787, 40.79095], [-73.92789, 40.79098], [-73.9279, 40.79101], [-73.92791, 40.79104], [-73.92789, 40.79109], [-73.92766, 40.79135], [-73.92758, 40.79146], [-73.92732, 40.79174], [-73.92728, 40.79177], [-73.92723, 40.79179], [-73.92714, 40.79193], [-73.9278, 40.792], [-73.928, 40.79213], [-73.92827, 40.79233], [-73.92832, 40.79309], [-73.92829, 40.79315], [-73.92826, 40.7932], [-73.92735, 40.79446], [-73.92724, 40.79478], [-73.9271, 40.7951], [-73.92705, 40.79518], [-73.92701, 40.79526], [-73.92698, 40.79533], [-73.92695, 40.79541], [-73.92694, 40.7955], [-73.92693, 40.79558], [-73.92692, 40.79566], [-73.9269, 40.79598], [-73.92689, 40.79623], [-73.92689, 40.79625], [-73.92695, 40.79671], [-73.92704, 40.79699], [-73.92711, 40.7972], [-73.92718, 40.79735], [-73.9272, 40.79739], [-73.92722, 40.79741], [-73.92728, 40.79741], [-73.92744, 40.79771], [-73.92748, 40.79812], [-73.92726, 40.79892], [-73.92692, 40.79984], [-73.9269, 40.79989], [-73.92688, 40.79994], [-73.92685, 40.79999], [-73.92681, 40.80004], [-73.9267, 40.80015], [-73.92667, 40.80018], [-73.92655, 40.80031], [-73.92654, 40.80033], [-73.9265, 40.80037], [-73.92668, 40.80045], [-73.92655, 40.8006], [-73.92651, 40.80066], [-73.92588, 40.80155], [-73.92582, 40.80164], [-73.92578, 40.80173], [-73.9257, 40.80181], [-73.92549, 40.80196], [-73.92529, 40.80199], [-73.92528, 40.802], [-73.92436, 40.80198], [-73.92263, 40.80187], [-73.92216, 40.80163], [-73.92191, 40.8015], [-73.92134, 40.80085], [-73.92114, 40.80047], [-73.92103, 40.80026], [-73.92084, 40.80001], [-73.92058, 40.79967], [-73.92035, 40.79942], [-73.92031, 40.79937], [-73.91924, 40.79888], [-73.91915, 40.79884], [-73.91907, 40.7988], [-73.91899, 40.79877], [-73.91899, 40.79877], [-73.91891, 40.79874], [-73.91798, 40.79838], [-73.9179, 40.79836], [-73.91663, 40.79786], [-73.9164, 40.79768]]]}}, {"type": "Feature", "properties": {"zone_id": 196, "zone": "Rego Park", "borough": "Queens", "demand": 45}, "geometry": {"type": "Polygon", "coordinates": [[[-73.85763, 40.72861], [-73.85772, 40.7285], [-73.85741, 40.72832], [-73.85775, 40.72844], [-73.85809, 40.72857], [-73.85813, 40.72851], [-73.8582, 40.72839], [-73.85861, 40.72775], [-73.85901, 40.72711], [-73.85942, 40.72646], [-73.85727, 40.72568], [-73.85776, 40.72491], [-73.85805, 40.72444], [-73.85961, 40.72502], [-73.86015, 40.72523], [-73.86204, 40.72596], [-73.85991, 40.72435], [-73.85868, 40.72261], [-73.85852, 40.72153], [-73.85824, 40.71961], [-73.85777, 40.71646], [-73.85745, 40.71369], [-73.85729, 40.71147], [-73.85819, 40.7116], [-73.85965, 40.71183], [-73.85976, 40.71184], [-73.85971, 40.7126], [-73.85966, 40.71329], [-73.85965, 40.71338], [-73.85963, 40.7136], [-73.85963, 40.71397], [-73.85968, 40.71417], [-73.85975, 40.71437], [-73.85983, 40.71456], [-73.85993, 40.71475], [-73.86004, 40.71493], [-73.86063, 40.71549], [-73.86122, 40.71604], [-73.86153, 40.71631], [-73.86183, 40.71659], [-73.86214, 40.71688], [-73.86243, 40.71715], [-73.86272, 40.71743], [-73.86302, 40.71771], [-73.86357, 40.71828], [-73.86412, 40.71884], [-73.86469, 40.71943], [-73.86524, 40.71998], [-73.86548, 40.72028], [-73.86604, 40.7209], [-73.86657, 40.72149], [-73.86711, 40.72208], [-73.86731, 40.72229], [-73.86766, 40.72266], [-73.86821, 40.72325], [-73.86845, 40.72348], [-73.86877, 40.72382], [-73.86927, 40.72441], [-73.86929, 40.72444], [-73.86931, 40.72447], [-73.86971, 40.72515], [-73.87021, 40.72619], [-73.87063, 40.72706], [-73.87075, 40.72727], [-73.87085, 40.72748], [-73.87093, 40.7277], [-73.871, 40.72792], [-73.87113, 40.72837], [-73.87141, 40.72918], [-73.87146, 40.72933], [-73.87155, 40.72936], [-73.87235, 40.72965], [-73.87317, 40.72995], [-73.87409, 40.73028], [-73.87475, 40.73054], [-73.87495, 40.73062], [-73.87509, 40.73067], [-73.87481, 40.73075], [-73.87415, 40.73095], [-73.87316, 40.73124], [-73.87192, 40.73161], [-73.8715, 40.73175], [-73.87134, 40.7318], [-73.87129, 40.73182], [-73.87112, 40.73187], [-73.87055, 40.73204], [-73.86956, 40.73235], [-73.86905, 40.73251], [-73.86861, 40.73265], [-73.86845, 40.73271], [-73.86836, 40.73274], [-73.86832, 40.73275], [-73.86828, 40.73277], [-73.86811, 40.73283], [-73.86793, 40.73287], [-73.86683, 40.73325], [-73.8661, 40.73349], [-73.86525, 40.73376], [-73.86492, 40.73387], [-73.86447, 40.73401], [-73.8645, 40.73407], [-73.86457, 40.73419], [-73.86462, 40.73428], [-73.86284, 40.7348], [-73.86106, 40.73531], [-73.85943, 40.73579], [-73.85887, 40.73594], [-73.85877, 40.73578], [-73.85872, 40.73571], [-73.85867, 40.73562], [-73.85858, 40.73547], [-73.85834, 40.735], [-73.85799, 40.73433], [-73.85765, 40.73367], [-73.85731, 40.733], [-73.85705, 40.73251], [-73.8566, 40.73162], [-73.85626, 40.73096], [-73.85851, 40.73029], [-73.85838, 40.73003], [-73.85817, 40.72962], [-73.85783, 40.72897], [-73.85763, 40.72861]]]}}, {"type": "Feature", "properties": {"zone_id": 197, "zone": "Richmond Hill", "borough": "Queens", "demand": 21}, "geometry": {"type": "Polygon", "coordinates": [[[-73.83696, 40.70421], [-73.83662, 40.70342], [-73.83644, 40.70345], [-73.83633, 40.70343], [-73.83622, 40.70342], [-73.8361, 40.70343], [-73.83598, 40.70345], [-73.83587, 40.70349], [-73.83578, 40.70355], [-73.83578, 40.70355], [-73.83578, 40.70355], [-73.83571, 40.70361], [-73.83548, 40.7037], [-73.83475, 40.70389], [-73.8346, 40.70393], [-73.83392, 40.70235], [-73.83302, 40.70257], [-73.83213, 40.70279], [-73.83152, 40.70139], [-73.83063, 40.70162], [-73.82974, 40.70184], [-73.82947, 40.70191], [-73.82885, 40.70207], [-73.82795, 40.70229], [-73.82707, 40.70251], [-73.82607, 40.70277], [-73.82518, 40.70299], [-73.82427, 40.70322], [-73.82387, 40.70332], [-73.82339, 40.70344], [-73.82271, 40.70362], [-73.82246, 40.70365], [-73.82148, 40.70341], [-73.82054, 40.70323], [-73.81709, 40.70257], [-73.81686, 40.70244], [-73.81648, 40.70245], [-73.81638, 40.70245], [-73.81614, 40.70194], [-73.81594, 40.7015], [-73.81552, 40.7006], [-73.81546, 40.70049], [-73.81541, 40.70038], [-73.81537, 40.70031], [-73.81514, 40.69985], [-73.81499, 40.69955], [-73.81492, 40.69942], [-73.81467, 40.69897], [-73.81442, 40.69852], [-73.81431, 40.69833], [-73.81415, 40.69804], [-73.81407, 40.69789], [-73.81369, 40.69727], [-73.81366, 40.6972], [-73.81362, 40.69714], [-73.81339, 40.69676], [-73.81315, 40.69637], [-73.813, 40.69611], [-73.81245, 40.6952], [-73.81224, 40.69483], [-73.81209, 40.69456], [-73.81203, 40.69445], [-73.81177, 40.69399], [-73.81173, 40.69392], [-73.8114, 40.69332], [-73.81102, 40.69262], [-73.81075, 40.69216], [-73.81063, 40.69195], [-73.81073, 40.69192], [-73.81099, 40.69185], [-73.81186, 40.69163], [-73.81272, 40.69141], [-73.8131, 40.69132], [-73.81354, 40.69121], [-73.81438, 40.69097], [-73.81523, 40.69073], [-73.81608, 40.69049], [-73.81693, 40.69025], [-73.81819, 40.68989], [-73.81906, 40.68964], [-73.81994, 40.68939], [-73.82085, 40.68913], [-73.82189, 40.68884], [-73.82293, 40.68854], [-73.82398, 40.68824], [-73.82501, 40.68795], [-73.82599, 40.68995], [-73.82685, 40.68971], [-73.82768, 40.68947], [-73.82851, 40.68924], [-73.82753, 40.68724], [-73.82836, 40.687], [-73.82918, 40.68677], [-73.83004, 40.68653], [-73.83089, 40.68629], [-73.83172, 40.68605], [-73.83258, 40.68581], [-73.83342, 40.68557], [-73.83427, 40.68533], [-73.83511, 40.68509], [-73.83595, 40.68484], [-73.83718, 40.68449], [-73.83808, 40.68424], [-73.83698, 40.68199], [-73.83712, 40.68193], [-73.83714, 40.68192], [-73.83772, 40.6817], [-73.83779, 40.68167], [-73.8378, 40.68167], [-73.83865, 40.68144], [-73.83953, 40.68126], [-73.84013, 40.68115], [-73.8412, 40.68335], [-73.84217, 40.68535], [-73.843, 40.68704], [-73.84356, 40.68821], [-73.84386, 40.68883], [-73.84415, 40.68939], [-73.84419, 40.68947], [-73.84431, 40.68944], [-73.84501, 40.68924], [-73.84504, 40.68932], [-73.84597, 40.69117], [-73.84662, 40.69249], [-73.84773, 40.69477], [-73.84894, 40.69756], [-73.84948, 40.6982], [-73.84914, 40.69828], [-73.84821, 40.69852], [-73.8479, 40.6986], [-73.847, 40.69882], [-73.84502, 40.69936], [-73.84427, 40.69978], [-73.84359, 40.70017], [-73.84294, 40.70055], [-73.84276, 40.70066], [-73.84276, 40.70066], [-73.84276, 40.70066], [-73.84257, 40.70075], [-73.84257, 40.70075], [-73.84257, 40.70075], [-73.84237, 40.70083], [-73.84237, 40.70083], [-73.84237, 40.70083], [-73.84216, 40.7009], [-73.84156, 40.7011], [-73.83948, 40.70269], [-73.83856, 40.7033], [-73.83696, 40.70421]]]}}, {"type": "Feature", "properties": {"zone_id": 202, "zone": "Roosevelt Island", "borough": "Manhattan", "demand": 25}, "geometry": {"type": "Polygon", "coordinates": [[[-73.9418, 40.76905], [-73.94257, 40.76851], [-73.94286, 40.7683], [-73.94322, 40.76789], [-73.94381, 40.76722], [-73.94422, 40.76666], [-73.94484, 40.76582], [-73.94624, 40.76428], [-73.94662, 40.76386], [-73.94682, 40.76362], [-73.94709, 40.7633], [-73.94788, 40.76237], [-73.94793, 40.76231], [-73.94832, 40.76185], [-73.94833, 40.76184], [-73.94897, 40.76109], [-73.94943, 40.76055], [-73.94971, 40.76033], [-73.95033, 40.75986], [-73.95126, 40.75881], [-73.95149, 40.75867], [-73.95171, 40.75846], [-73.95178, 40.7584], [-73.95209, 40.75799], [-73.95218, 40.75783], [-73.95221, 40.75758], [-73.95254, 40.75709], [-73.95312, 40.75652], [-73.95322, 40.75643], [-73.95327, 40.75638], [-73.95331, 40.75634], [-73.95335, 40.75631], [-73.95341, 40.75626], [-73.9541, 40.75565], [-73.95507, 40.7548], [-73.95519, 40.75477], [-73.95579, 40.75416], [-73.95692, 40.75296], [-73.95721, 40.75271], [-73.95791, 40.75211], [-73.95861, 40.75161], [-73.95904, 40.75139], [-73.95903, 40.7513], [-73.95941, 40.75095], [-73.95956, 40.75081], [-73.9599, 40.75056], [-73.96039, 40.75026], [-73.96083, 40.74991], [-73.96104, 40.74967], [-73.96117, 40.7495], [-73.96142, 40.7494], [-73.96158, 40.74941], [-73.96161, 40.74956], [-73.96155, 40.74977], [-73.96132, 40.75007], [-73.96111, 40.7506], [-73.96071, 40.75115], [-73.96027, 40.75158], [-73.96001, 40.75183], [-73.95949, 40.75297], [-73.95902, 40.75359], [-73.95893, 40.75356], [-73.95846, 40.75395], [-73.95768, 40.75482], [-73.95689, 40.7557], [-73.95646, 40.75619], [-73.95599, 40.75672], [-73.95565, 40.75709], [-73.95559, 40.75722], [-73.95557, 40.75726], [-73.95553, 40.7573], [-73.9555, 40.75733], [-73.95546, 40.75738], [-73.95545, 40.7574], [-73.95499, 40.75793], [-73.95366, 40.7595], [-73.95332, 40.75975], [-73.95339, 40.7598], [-73.95312, 40.76005], [-73.95298, 40.75996], [-73.95231, 40.76063], [-73.95209, 40.76086], [-73.95188, 40.76124], [-73.95162, 40.76168], [-73.95097, 40.76249], [-73.95094, 40.76257], [-73.95073, 40.76276], [-73.95038, 40.76317], [-73.94997, 40.76365], [-73.9492, 40.76427], [-73.94909, 40.76426], [-73.94881, 40.76461], [-73.9477, 40.76602], [-73.94655, 40.76737], [-73.94591, 40.76821], [-73.94585, 40.76825], [-73.94584, 40.76832], [-73.94575, 40.7683], [-73.9457, 40.76833], [-73.9456, 40.76847], [-73.94548, 40.76862], [-73.94563, 40.76869], [-73.94556, 40.7688], [-73.9454, 40.76873], [-73.94538, 40.76876], [-73.94524, 40.76877], [-73.94516, 40.76912], [-73.94509, 40.76921], [-73.94472, 40.76973], [-73.94472, 40.76979], [-73.94467, 40.76982], [-73.94456, 40.76989], [-73.94427, 40.77014], [-73.944, 40.77029], [-73.9432, 40.77099], [-73.94282, 40.77141], [-73.94258, 40.7717], [-73.94213, 40.77203], [-73.94137, 40.77231], [-73.94089, 40.77237], [-73.94057, 40.77261], [-73.94027, 40.77295], [-73.94018, 40.77296], [-73.94008, 40.77293], [-73.94001, 40.77284], [-73.94018, 40.77256], [-73.94028, 40.7723], [-73.94028, 40.77171], [-73.9402, 40.77113], [-73.94023, 40.77085], [-73.94028, 40.77067], [-73.94036, 40.7705], [-73.94083, 40.76991], [-73.94112, 40.76941], [-73.94122, 40.76933], [-73.94126, 40.76931], [-73.9418, 40.76905]]]}}, {"type": "Feature", "properties": {"zone_id": 205, "zone": "Saint Albans", "borough": "Queens", "demand": 16}, "geometry": {"type": "Polygon", "coordinates": [[[-73.76637, 40.70256], [-73.76613, 40.70233], [-73.76544, 40.70251], [-73.76455, 40.70274], [-73.76367, 40.70297], [-73.76278, 40.70321], [-73.76263, 40.70324], [-73.76126, 40.7036], [-73.76096, 40.70291], [-73.76007, 40.70314], [-73.75918, 40.70337], [-73.7583, 40.7036], [-73.75741, 40.70383], [-73.75652, 40.70406], [-73.75561, 40.7043], [-73.75471, 40.70454], [-73.75382, 40.70477], [-73.75294, 40.705], [-73.75205, 40.70523], [-73.75175, 40.70455], [-73.75144, 40.70386], [-73.75114, 40.7032], [-73.75083, 40.70251], [-73.75053, 40.70185], [-73.75022, 40.70117], [-73.74991, 40.70048], [-73.74962, 40.69983], [-73.74931, 40.69914], [-73.75019, 40.69891], [-73.74928, 40.69689], [-73.74863, 40.69544], [-73.7483, 40.69554], [-73.74775, 40.69569], [-73.74745, 40.69577], [-73.74625, 40.6961], [-73.74618, 40.69612], [-73.74613, 40.69613], [-73.74524, 40.69637], [-73.74508, 40.69639], [-73.74491, 40.69639], [-73.74475, 40.69638], [-73.74458, 40.69636], [-73.74365, 40.69622], [-73.74359, 40.69621], [-73.74387, 40.6954], [-73.74416, 40.69455], [-73.74427, 40.69426], [-73.74439, 40.69397], [-73.74453, 40.69369], [-73.74468, 40.69341], [-73.7448, 40.69322], [-73.74485, 40.69314], [-73.74488, 40.69309], [-73.74511, 40.69278], [-73.74624, 40.69128], [-73.74729, 40.68974], [-73.74755, 40.68935], [-73.74857, 40.6878], [-73.74885, 40.68745], [-73.74945, 40.68667], [-73.75009, 40.68592], [-73.75026, 40.68561], [-73.75103, 40.68422], [-73.75126, 40.68373], [-73.75154, 40.68305], [-73.7518, 40.6824], [-73.75226, 40.68149], [-73.75247, 40.68118], [-73.75268, 40.68087], [-73.75321, 40.68015], [-73.75324, 40.68012], [-73.75329, 40.68005], [-73.75346, 40.67982], [-73.75373, 40.67946], [-73.75399, 40.67909], [-73.75418, 40.67884], [-73.75485, 40.67793], [-73.75523, 40.67729], [-73.75549, 40.67663], [-73.75562, 40.67626], [-73.75564, 40.67621], [-73.75576, 40.67589], [-73.75649, 40.67602], [-73.75663, 40.67612], [-73.75673, 40.67621], [-73.75681, 40.67631], [-73.75687, 40.67642], [-73.75692, 40.67653], [-73.7579, 40.67612], [-73.75801, 40.67608], [-73.75951, 40.67545], [-73.76031, 40.67511], [-73.76115, 40.67476], [-73.76249, 40.67419], [-73.76339, 40.67468], [-73.76345, 40.67472], [-73.76352, 40.67474], [-73.7636, 40.67475], [-73.76368, 40.67474], [-73.76372, 40.67432], [-73.76381, 40.67377], [-73.76562, 40.67478], [-73.76837, 40.67655], [-73.76933, 40.67714], [-73.7703, 40.67775], [-73.7711, 40.67824], [-73.77178, 40.67867], [-73.77347, 40.67972], [-73.7747, 40.68049], [-73.77408, 40.68076], [-73.77357, 40.68096], [-73.773, 40.68121], [-73.77232, 40.68149], [-73.7722, 40.68161], [-73.77256, 40.68221], [-73.77298, 40.68293], [-73.77329, 40.68345], [-73.7735, 40.68348], [-73.77418, 40.68324], [-73.77442, 40.68365], [-73.77456, 40.68388], [-73.77462, 40.68399], [-73.77501, 40.68427], [-73.77567, 40.68474], [-73.77632, 40.68522], [-73.7768, 40.68597], [-73.77698, 40.68625], [-73.777, 40.68628], [-73.77785, 40.68599], [-73.77871, 40.6857], [-73.77957, 40.68541], [-73.77967, 40.68538], [-73.77977, 40.68574], [-73.78052, 40.68704], [-73.78149, 40.6887], [-73.78234, 40.68841], [-73.78327, 40.68999], [-73.78243, 40.69034], [-73.7816, 40.69069], [-73.78078, 40.69103], [-73.77977, 40.68928], [-73.77891, 40.68957], [-73.77796, 40.68989], [-73.77789, 40.68992], [-73.7792, 40.69165], [-73.78024, 40.69297], [-73.78019, 40.69301], [-73.77944, 40.69364], [-73.77863, 40.69401], [-73.77784, 40.69432], [-73.77726, 40.69506], [-73.77704, 40.69536], [-73.7766, 40.69597], [-73.77619, 40.69657], [-73.77609, 40.69672], [-73.77576, 40.69718], [-73.77568, 40.6973], [-73.77533, 40.69778], [-73.77514, 40.69805], [-73.77489, 40.69839], [-73.77459, 40.6988], [-73.77446, 40.69899], [-73.77396, 40.6998], [-73.77359, 40.69999], [-73.77344, 40.70007], [-73.77319, 40.70019], [-73.77294, 40.70029], [-73.77275, 40.70038], [-73.77231, 40.70057], [-73.77272, 40.70126], [-73.77313, 40.70195], [-73.77332, 40.70226], [-73.77353, 40.70262], [-73.77394, 40.70331], [-73.77435, 40.70399], [-73.77507, 40.70524], [-73.77559, 40.70533], [-73.77561, 40.70551], [-73.77562, 40.7057], [-73.7756, 40.70588], [-73.77555, 40.70607], [-73.77549, 40.70625], [-73.77541, 40.70643], [-73.77531, 40.70661], [-73.77519, 40.70677], [-73.77505, 40.70692], [-73.7749, 40.70707], [-73.77461, 40.70723], [-73.77431, 40.70739], [-73.77399, 40.70754], [-73.77374, 40.70764], [-73.77367, 40.70767], [-73.77334, 40.70779], [-73.773, 40.7079], [-73.77278, 40.70796], [-73.77265, 40.70799], [-73.7723, 40.70807], [-73.76919, 40.70934], [-73.76845, 40.70964], [-73.76826, 40.70953], [-73.76789, 40.70841], [-73.76776, 40.70799], [-73.76756, 40.70732], [-73.76734, 40.70664], [-73.76725, 40.70631], [-73.76705, 40.70547], [-73.76701, 40.70527], [-73.76679, 40.70401], [-73.76665, 40.70334], [-73.76657, 40.70275], [-73.76637, 40.70256]]]}}, {"type": "Feature", "properties": {"zone_id": 212, "zone": "Soundview/Bruckner", "borough": "Bronx", "demand": 18}, "geometry": {"type": "Polygon", "coordinates": [[[-73.88422, 40.823], [-73.8844, 40.82296], [-73.88465, 40.82382], [-73.88462, 40.82496], [-73.88461, 40.82528], [-73.88461, 40.8253], [-73.88439, 40.82682], [-73.88378, 40.82827], [-73.88366, 40.82828], [-73.88295, 40.8283], [-73.88198, 40.82836], [-73.88104, 40.82843], [-73.88011, 40.82851], [-73.87917, 40.82858], [-73.8787, 40.82862], [-73.87823, 40.82866], [-73.8773, 40.82874], [-73.8764, 40.82898], [-73.87551, 40.82923], [-73.87461, 40.8295], [-73.87373, 40.82975], [-73.87333, 40.82988], [-73.87327, 40.82989], [-73.87323, 40.82991], [-73.87276, 40.83003], [-73.87179, 40.8303], [-73.8709, 40.83056], [-73.87001, 40.83082], [-73.86908, 40.83109], [-73.86815, 40.83136], [-73.86726, 40.83162], [-73.86636, 40.83187], [-73.86546, 40.83213], [-73.86457, 40.83239], [-73.86367, 40.83269], [-73.86271, 40.83299], [-73.86156, 40.83333], [-73.86142, 40.83345], [-73.86138, 40.83349], [-73.86129, 40.83354], [-73.86085, 40.83361], [-73.86075, 40.83359], [-73.86066, 40.83356], [-73.86057, 40.83352], [-73.86049, 40.83347], [-73.86043, 40.8334], [-73.86038, 40.83334], [-73.86034, 40.83325], [-73.86033, 40.8332], [-73.86008, 40.83311], [-73.85935, 40.83289], [-73.85912, 40.83282], [-73.85848, 40.83263], [-73.85766, 40.83238], [-73.85739, 40.8323], [-73.85739, 40.83225], [-73.85738, 40.83213], [-73.85738, 40.83205], [-73.85732, 40.83182], [-73.85716, 40.8311], [-73.85699, 40.83038], [-73.85682, 40.82966], [-73.85666, 40.82894], [-73.85649, 40.82822], [-73.85642, 40.8279], [-73.85638, 40.82775], [-73.85633, 40.82751], [-73.85615, 40.82677], [-73.85636, 40.82675], [-73.85644, 40.82674], [-73.85672, 40.82671], [-73.857, 40.82666], [-73.85728, 40.8266], [-73.85867, 40.82642], [-73.8597, 40.82628], [-73.86121, 40.82609], [-73.86217, 40.82596], [-73.86355, 40.82578], [-73.86362, 40.82577], [-73.86396, 40.82572], [-73.86407, 40.82571], [-73.86446, 40.82566], [-73.86456, 40.82564], [-73.86474, 40.82562], [-73.86491, 40.8256], [-73.8653, 40.82554], [-73.86538, 40.82553], [-73.86568, 40.82549], [-73.86577, 40.82547], [-73.86654, 40.82537], [-73.86663, 40.82535], [-73.86708, 40.82529], [-73.86719, 40.82527], [-73.86753, 40.82522], [-73.86762, 40.82521], [-73.8677, 40.8252], [-73.86779, 40.82519], [-73.86788, 40.82518], [-73.8684, 40.82511], [-73.86849, 40.8251], [-73.86912, 40.82502], [-73.86923, 40.825], [-73.86984, 40.82492], [-73.87052, 40.82484], [-73.87146, 40.82472], [-73.87217, 40.82461], [-73.87254, 40.82457], [-73.87258, 40.82456], [-73.87263, 40.82455], [-73.87288, 40.82452], [-73.87357, 40.82442], [-73.87423, 40.82435], [-73.87437, 40.82433], [-73.87529, 40.82421], [-73.87621, 40.82408], [-73.87714, 40.82396], [-73.87794, 40.82385], [-73.87806, 40.82383], [-73.87899, 40.82371], [-73.87993, 40.82364], [-73.88179, 40.8234], [-73.88276, 40.82325], [-73.88422, 40.823]]]}}, {"type": "Feature", "properties": {"zone_id": 213, "zone": "Soundview/Castle Hill", "borough": "Bronx", "demand": 24}, "geometry": {"type": "MultiPolygon", "coordinates": [[[[-73.83668, 40.81759], [-73.83696, 40.81634], [-73.83896, 40.81637], [-73.83974, 40.81641], [-73.83974, 40.81645], [-73.83975, 40.8165], [-73.83977, 40.81654], [-73.8398, 40.81658], [-73.83983, 40.81662], [-73.83987, 40.81665], [-73.83992, 40.81668], [-73.83997, 40.8167], [-73.84003, 40.81682], [-73.84009, 40.81694], [-73.84015, 40.81706], [-73.84019, 40.81719], [-73.84007, 40.81755], [-73.84009, 40.81761], [-73.8401, 40.81767], [-73.8401, 40.81774], [-73.84009, 40.8178], [-73.84008, 40.81786], [-73.84005, 40.81792], [-73.84002, 40.81798], [-73.83998, 40.81803], [-73.83994, 40.81809], [-73.83988, 40.81813], [-73.83982, 40.81818], [-73.83921, 40.81889], [-73.83893, 40.819], [-73.83879, 40.81953], [-73.83868, 40.81959], [-73.83881, 40.81974], [-73.83906, 40.8198], [-73.83905, 40.81998], [-73.839, 40.82016], [-73.839, 40.8204], [-73.839, 40.8207], [-73.83895, 40.82113], [-73.83893, 40.82133], [-73.83896, 40.82152], [-73.83901, 40.82195], [-73.83892, 40.82204], [-73.83888, 40.82214], [-73.83891, 40.82221], [-73.83899, 40.82223], [-73.83907, 40.82225], [-73.83906, 40.82232], [-73.83904, 40.82234], [-73.83901, 40.82238], [-73.83906, 40.8224], [-73.83905, 40.8225], [-73.83905, 40.82259], [-73.83905, 40.82269], [-73.83912, 40.82277], [-73.83921, 40.82288], [-73.83925, 40.82288], [-73.83945, 40.82292], [-73.8395, 40.82302], [-73.83953, 40.82304], [-73.83952, 40.82308], [-73.83946, 40.82316], [-73.8395, 40.82322], [-73.83945, 40.82326], [-73.83958, 40.82343], [-73.83963, 40.82369], [-73.83962, 40.8238], [-73.83961, 40.82386], [-73.83968, 40.82396], [-73.83974, 40.82411], [-73.83978, 40.82414], [-73.83982, 40.82416], [-73.83987, 40.82418], [-73.83991, 40.82418], [-73.83996, 40.82419], [-73.84, 40.82421], [-73.84004, 40.82423], [-73.84008, 40.82425], [-73.84011, 40.82428], [-73.84013, 40.82432], [-73.84014, 40.82434], [-73.84014, 40.82437], [-73.84014, 40.8244], [-73.84027, 40.82476], [-73.84067, 40.82548], [-73.84088, 40.82582], [-73.84111, 40.82615], [-73.84114, 40.82635], [-73.84132, 40.82676], [-73.84146, 40.82696], [-73.84168, 40.82738], [-73.8419, 40.82781], [-73.84194, 40.82788], [-73.84201, 40.82798], [-73.84208, 40.82812], [-73.84222, 40.82834], [-73.84223, 40.82837], [-73.84223, 40.8284], [-73.84228, 40.8286], [-73.84228, 40.82865], [-73.84223, 40.82865], [-73.8416, 40.82873], [-73.84144, 40.82874], [-73.84123, 40.82876], [-73.84102, 40.82877], [-73.84058, 40.82881], [-73.84032, 40.82882], [-73.83748, 40.82893], [-73.83715, 40.82896], [-73.83709, 40.82897], [-73.83707, 40.82892], [-73.83703, 40.82881], [-73.83692, 40.82845], [-73.83686, 40.8282], [-73.83685, 40.82816], [-73.83679, 40.82788], [-73.83664, 40.82721], [-73.83662, 40.82711], [-73.8365, 40.8264], [-73.83626, 40.82497], [-73.83619, 40.8242], [-73.83613, 40.8235], [-73.83613, 40.82241], [-73.83613, 40.82168], [-73.83613, 40.82096], [-73.83613, 40.82034], [-73.83614, 40.8192], [-73.8364, 40.81889], [-73.8365, 40.81871], [-73.83666, 40.81797], [-73.83668, 40.81759]]], [[[-73.84232, 40.82718], [-73.84208, 40.82654], [-73.84203, 40.82655], [-73.8417, 40.82577], [-73.84175, 40.82575], [-73.84138, 40.82515], [-73.84136, 40.82508], [-73.84127, 40.82491], [-73.8412, 40.82482], [-73.84107, 40.82453], [-73.84102, 40.82434], [-73.84101, 40.82424], [-73.84087, 40.82415], [-73.84058, 40.82359], [-73.84045, 40.82334], [-73.84042, 40.82327], [-73.84043, 40.82311], [-73.84047, 40.82308], [-73.84042, 40.823], [-73.84013, 40.82242], [-73.84011, 40.8223], [-73.84002, 40.82219], [-73.84003, 40.82207], [-73.83996, 40.822], [-73.83999, 40.82192], [-73.83992, 40.82174], [-73.83983, 40.82157], [-73.83984, 40.82143], [-73.83991, 40.82115], [-73.83986, 40.82101], [-73.83988, 40.8209], [-73.83998, 40.82079], [-73.83999, 40.82068], [-73.84005, 40.82061], [-73.84005, 40.82051], [-73.8401, 40.82032], [-73.84006, 40.82023], [-73.83997, 40.82018], [-73.84, 40.81993], [-73.84015, 40.81982], [-73.84025, 40.81983], [-73.84029, 40.81981], [-73.84023, 40.81973], [-73.84028, 40.81968], [-73.84029, 40.81963], [-73.84037, 40.81958], [-73.84052, 40.81954], [-73.84062, 40.81955], [-73.8407, 40.81948], [-73.84081, 40.81944], [-73.84084, 40.81935], [-73.84092, 40.81934], [-73.84104, 40.81923], [-73.84118, 40.81918], [-73.84125, 40.81916], [-73.84129, 40.81916], [-73.84131, 40.81914], [-73.84135, 40.81912], [-73.84142, 40.81904], [-73.84157, 40.81894], [-73.8417, 40.8189], [-73.84188, 40.81885], [-73.84192, 40.81883], [-73.84195, 40.8188], [-73.84199, 40.81877], [-73.84213, 40.81846], [-73.84214, 40.81826], [-73.84209, 40.81806], [-73.84238, 40.81749], [-73.8428, 40.81694], [-73.84289, 40.81673], [-73.84306, 40.81656], [-73.84304, 40.81638], [-73.84315, 40.81627], [-73.84317, 40.81605], [-73.84345, 40.8157], [-73.84358, 40.81547], [-73.84374, 40.81532], [-73.84377, 40.81514], [-73.84396, 40.8148], [-73.84408, 40.81457], [-73.84418, 40.81436], [-73.84418, 40.81419], [-73.84439, 40.81364], [-73.84452, 40.81342], [-73.84464, 40.8132], [-73.84476, 40.81298], [-73.84487, 40.81275], [-73.84496, 40.81254], [-73.84505, 40.81232], [-73.84513, 40.8121], [-73.84521, 40.81189], [-73.84528, 40.81178], [-73.84537, 40.81175], [-73.84547, 40.81176], [-73.84577, 40.81158], [-73.84585, 40.81143], [-73.84591, 40.81133], [-73.84603, 40.81102], [-73.84617, 40.81068], [-73.84689, 40.81052], [-73.8472, 40.81058], [-73.84747, 40.8109], [-73.84758, 40.81128], [-73.84763, 40.81135], [-73.8477, 40.81146], [-73.84821, 40.81246], [-73.84876, 40.8129], [-73.84939, 40.81324], [-73.85005, 40.81349], [-73.8502, 40.81353], [-73.85041, 40.81358], [-73.85052, 40.81383], [-73.8506, 40.81393], [-73.85091, 40.81419], [-73.85091, 40.81419], [-73.85114, 40.8144], [-73.8513, 40.81438], [-73.85247, 40.81428], [-73.85242, 40.81442], [-73.85262, 40.81451], [-73.85279, 40.81443], [-73.85291, 40.8145], [-73.85282, 40.81433], [-73.85265, 40.81436], [-73.85261, 40.81396], [-73.85289, 40.81388], [-73.85294, 40.81382], [-73.85294, 40.81375], [-73.85287, 40.81369], [-73.85298, 40.81367], [-73.85337, 40.81359], [-73.85374, 40.81365], [-73.85435, 40.81386], [-73.85484, 40.81409], [-73.85496, 40.81419], [-73.85515, 40.81437], [-73.85532, 40.81441], [-73.85538, 40.81429], [-73.85532, 40.81416], [-73.85505, 40.81407], [-73.85471, 40.81384], [-73.85443, 40.81372], [-73.85411, 40.81363], [-73.85385, 40.81357], [-73.85347, 40.81348], [-73.85335, 40.81349], [-73.85324, 40.81351], [-73.85313, 40.81353], [-73.85302, 40.81357], [-73.85291, 40.8136], [-73.85285, 40.81363], [-73.85278, 40.81366], [-73.85275, 40.81368], [-73.85271, 40.8137], [-73.85266, 40.81372], [-73.85261, 40.81373], [-73.85256, 40.81373], [-73.85252, 40.81374], [-73.85248, 40.81373], [-73.85206, 40.81373], [-73.85191, 40.81367], [-73.85171, 40.81365], [-73.85148, 40.81359], [-73.85136, 40.81355], [-73.8512, 40.81355], [-73.8511, 40.81351], [-73.85099, 40.81348], [-73.85084, 40.81339], [-73.85069, 40.8133], [-73.85055, 40.8132], [-73.85041, 40.8131], [-73.85035, 40.81306], [-73.85028, 40.81303], [-73.85022, 40.813], [-73.85015, 40.81297], [-73.8501, 40.81296], [-73.84998, 40.81291], [-73.84987, 40.81286], [-73.84976, 40.81281], [-73.84965, 40.81275], [-73.84955, 40.81269], [-73.84946, 40.81262], [-73.84937, 40.81254], [-73.84929, 40.81247], [-73.84921, 40.81238], [-73.84915, 40.8123], [-73.84909, 40.81221], [-73.84903, 40.81212], [-73.84904, 40.81205], [-73.84905, 40.81199], [-73.84906, 40.8119], [-73.84908, 40.81183], [-73.84911, 40.81177], [-73.84914, 40.8117], [-73.84917, 40.81165], [-73.84921, 40.81156], [-73.84924, 40.8115], [-73.84928, 40.81146], [-73.84934, 40.8114], [-73.84937, 40.81134], [-73.84938, 40.81129], [-73.84938, 40.81123], [-73.8493, 40.81116], [-73.84925, 40.81112], [-73.84921, 40.81106], [-73.84919, 40.811], [-73.84917, 40.81092], [-73.84919, 40.81086], [-73.84925, 40.81078], [-73.8493, 40.81071], [-73.84936, 40.81065], [-73.84942, 40.81059], [-73.84945, 40.81051], [-73.84948, 40.81042], [-73.8495, 40.81035], [-73.84953, 40.81028], [-73.84958, 40.81023], [-73.84964, 40.81019], [-73.84971, 40.81014], [-73.84977, 40.81009], [-73.8498, 40.81003], [-73.84981, 40.81], [-73.84981, 40.80993], [-73.84983, 40.80982], [-73.84987, 40.80975], [-73.84991, 40.80966], [-73.84977, 40.80967], [-73.84976, 40.80964], [-73.84979, 40.80964], [-73.84979, 40.80965], [-73.84989, 40.80964], [-73.84988, 40.80963], [-73.84992, 40.80963], [-73.84996, 40.80955], [-73.84999, 40.80948], [-73.85001, 40.80941], [-73.85002, 40.80933], [-73.85002, 40.80925], [-73.84985, 40.80927], [-73.84985, 40.80925], [-73.85003, 40.80923], [-73.85004, 40.80921], [-73.85004, 40.80919], [-73.85004, 40.80915], [-73.85002, 40.80912], [-73.85001, 40.80909], [-73.85, 40.80908], [-73.84998, 40.80902], [-73.84997, 40.80899], [-73.84997, 40.80895], [-73.84997, 40.80887], [-73.84975, 40.80891], [-73.84973, 40.80887], [-73.84996, 40.80883], [-73.84995, 40.80871], [-73.84956, 40.80874], [-73.84955, 40.80872], [-73.84995, 40.80869], [-73.84996, 40.80868], [-73.84997, 40.80865], [-73.84997, 40.80862], [-73.84997, 40.80858], [-73.84994, 40.80853], [-73.84991, 40.8085], [-73.84988, 40.80848], [-73.8499, 40.80841], [-73.84987, 40.80834], [-73.84979, 40.80831], [-73.84976, 40.80827], [-73.84975, 40.80825], [-73.84974, 40.80822], [-73.84973, 40.8082], [-73.8497, 40.80818], [-73.84968, 40.80815], [-73.84965, 40.80814], [-73.84961, 40.80812], [-73.84917, 40.80822], [-73.84917, 40.80824], [-73.84876, 40.80834], [-73.84871, 40.80824], [-73.84913, 40.80813], [-73.84913, 40.80815], [-73.84952, 40.80805], [-73.84943, 40.80802], [-73.84943, 40.80795], [-73.84937, 40.80788], [-73.84926, 40.80783], [-73.84909, 40.80777], [-73.84895, 40.80771], [-73.84877, 40.80764], [-73.84864, 40.80754], [-73.84852, 40.80746], [-73.84842, 40.80737], [-73.84837, 40.80722], [-73.84833, 40.80703], [-73.84828, 40.80685], [-73.84835, 40.80667], [-73.8484, 40.80652], [-73.84838, 40.80636], [-73.84828, 40.80624], [-73.84812, 40.80613], [-73.84799, 40.8061], [-73.84785, 40.80608], [-73.84763, 40.80601], [-73.84754, 40.80593], [-73.84752, 40.80572], [-73.84749, 40.80545], [-73.84753, 40.80533], [-73.84767, 40.80517], [-73.8479, 40.805], [-73.84808, 40.80492], [-73.84825, 40.8049], [-73.8484, 40.80486], [-73.84856, 40.80479], [-73.84861, 40.80474], [-73.84865, 40.8047], [-73.8487, 40.80473], [-73.8487, 40.80483], [-73.8487, 40.80486], [-73.84874, 40.8049], [-73.8488, 40.8049], [-73.84884, 40.80484], [-73.84884, 40.8048], [-73.84884, 40.8048], [-73.84887, 40.80477], [-73.84891, 40.80477], [-73.84895, 40.80476], [-73.84898, 40.80478], [-73.84903, 40.8048], [-73.84908, 40.80485], [-73.84911, 40.8049], [-73.84912, 40.80493], [-73.84917, 40.80498], [-73.84921, 40.80502], [-73.84933, 40.80505], [-73.84932, 40.80466], [-73.84941, 40.80467], [-73.84943, 40.80506], [-73.84953, 40.80506], [-73.84961, 40.80509], [-73.84971, 40.80509], [-73.84982, 40.80509], [-73.84998, 40.80506], [-73.85006, 40.80487], [-73.85008, 40.80478], [-73.85011, 40.80466], [-73.85012, 40.80463], [-73.85013, 40.80459], [-73.85015, 40.80453], [-73.8502, 40.80451], [-73.85034, 40.80452], [-73.85036, 40.80451], [-73.85065, 40.80448], [-73.85092, 40.80448], [-73.85119, 40.80449], [-73.85126, 40.80453], [-73.85132, 40.80456], [-73.85148, 40.8046], [-73.85178, 40.80459], [-73.85205, 40.8046], [-73.85235, 40.80458], [-73.85257, 40.80455], [-73.85399, 40.80446], [-73.85407, 40.80446], [-73.85412, 40.80447], [-73.85422, 40.80448], [-73.85435, 40.80451], [-73.8546, 40.80455], [-73.8548, 40.80455], [-73.85504, 40.80452], [-73.85516, 40.8045], [-73.85518, 40.8045], [-73.85539, 40.80446], [-73.85561, 40.80447], [-73.85585, 40.80451], [-73.85611, 40.8046], [-73.85637, 40.8047], [-73.85661, 40.8048], [-73.85686, 40.8049], [-73.85707, 40.805], [-73.85727, 40.80509], [-73.85737, 40.80515], [-73.85746, 40.80522], [-73.85755, 40.80529], [-73.85762, 40.80537], [-73.85769, 40.80545], [-73.85776, 40.80553], [-73.85781, 40.80562], [-73.85802, 40.80577], [-73.85809, 40.80584], [-73.85814, 40.80592], [-73.85818, 40.806], [-73.85822, 40.80607], [-73.85825, 40.80615], [-73.85826, 40.80622], [-73.85828, 40.80642], [-73.85828, 40.80664], [-73.85867, 40.80683], [-73.85857, 40.80731], [-73.85842, 40.80811], [-73.85839, 40.80826], [-73.85862, 40.80885], [-73.85877, 40.80923], [-73.85895, 40.81027], [-73.859, 40.8102], [-73.859, 40.8101], [-73.85903, 40.81005], [-73.85908, 40.80997], [-73.85915, 40.80995], [-73.85932, 40.80994], [-73.85954, 40.80989], [-73.85967, 40.80981], [-73.85983, 40.80973], [-73.86013, 40.8096], [-73.86012, 40.80957], [-73.86008, 40.80956], [-73.86004, 40.80951], [-73.86003, 40.80949], [-73.86001, 40.80949], [-73.85996, 40.80948], [-73.85993, 40.80944], [-73.85992, 40.8094], [-73.85987, 40.80938], [-73.85978, 40.80929], [-73.85975, 40.80928], [-73.85972, 40.80924], [-73.85972, 40.80922], [-73.85967, 40.8092], [-73.85968, 40.80917], [-73.85963, 40.80915], [-73.85954, 40.80902], [-73.85948, 40.80901], [-73.85942, 40.809], [-73.85936, 40.80899], [-73.85936, 40.80899], [-73.85935, 40.80898], [-73.85935, 40.80897], [-73.85935, 40.80897], [-73.85936, 40.80896], [-73.85936, 40.80895], [-73.85936, 40.80894], [-73.8594, 40.8089], [-73.85945, 40.80887], [-73.85932, 40.80822], [-73.85932, 40.80821], [-73.85933, 40.8082], [-73.85934, 40.80819], [-73.85934, 40.80818], [-73.85935, 40.80818], [-73.85936, 40.80817], [-73.85938, 40.80817], [-73.85939, 40.80817], [-73.8594, 40.80817], [-73.85941, 40.80817], [-73.85942, 40.80818], [-73.85943, 40.80818], [-73.85944, 40.80819], [-73.85945, 40.8082], [-73.85945, 40.80821], [-73.85946, 40.80822], [-73.85946, 40.80822], [-73.85951, 40.80849], [-73.85951, 40.80857], [-73.85953, 40.80864], [-73.85955, 40.80872], [-73.85959, 40.80879], [-73.85963, 40.80886], [-73.85968, 40.80894], [-73.85973, 40.80903], [-73.85979, 40.80911], [-73.85986, 40.80919], [-73.85994, 40.80926], [-73.86003, 40.80933], [-73.86012, 40.8094], [-73.86022, 40.80946], [-73.86032, 40.80951], [-73.86043, 40.80956], [-73.86054, 40.8096], [-73.86065, 40.80964], [-73.86077, 40.80967], [-73.86089, 40.80969], [-73.86229, 40.80995], [-73.86265, 40.81001], [-73.8644, 40.81028], [-73.86766, 40.81058], [-73.86869, 40.81185], [-73.86977, 40.81342], [-73.87078, 40.81449], [-73.87129, 40.81473], [-73.87172, 40.81492], [-73.87652, 40.81613], [-73.87663, 40.81571], [-73.87806, 40.81618], [-73.88098, 40.81824], [-73.88245, 40.81927], [-73.88379, 40.82193], [-73.88424, 40.82262], [-73.88429, 40.82272], [-73.88433, 40.82281], [-73.88436, 40.82287], [-73.8844, 40.82296], [-73.88422, 40.823], [-73.88276, 40.82325], [-73.88179, 40.8234], [-73.87993, 40.82364], [-73.87899, 40.82371], [-73.87806, 40.82383], [-73.87794, 40.82385], [-73.87714, 40.82396], [-73.87621, 40.82408], [-73.87529, 40.82421], [-73.87437, 40.82433], [-73.87423, 40.82435], [-73.87357, 40.82442], [-73.87288, 40.82452], [-73.87263, 40.82455], [-73.87258, 40.82456], [-73.87254, 40.82457], [-73.87217, 40.82461], [-73.87146, 40.82472], [-73.87052, 40.82484], [-73.86984, 40.82492], [-73.86923, 40.825], [-73.86912, 40.82502], [-73.86849, 40.8251], [-73.8684, 40.82511], [-73.86788, 40.82518], [-73.86779, 40.82519], [-73.8677, 40.8252], [-73.86762, 40.82521], [-73.86753, 40.82522], [-73.86719, 40.82527], [-73.86708, 40.82529], [-73.86663, 40.82535], [-73.86654, 40.82537], [-73.86577, 40.82547], [-73.86568, 40.82549], [-73.86538, 40.82553], [-73.8653, 40.82554], [-73.86491, 40.8256], [-73.86474, 40.82562], [-73.86456, 40.82564], [-73.86446, 40.82566], [-73.86407, 40.82571], [-73.86396, 40.82572], [-73.86362, 40.82577], [-73.86355, 40.82578], [-73.86217, 40.82596], [-73.86121, 40.82609], [-73.8597, 40.82628], [-73.85867, 40.82642], [-73.85728, 40.8266], [-73.857, 40.82666], [-73.85672, 40.82671], [-73.85644, 40.82674], [-73.85636, 40.82675], [-73.85633, 40.82662], [-73.85629, 40.82648], [-73.85627, 40.82639], [-73.85626, 40.82633], [-73.85622, 40.82616], [-73.8562, 40.82604], [-73.85597, 40.82606], [-73.85589, 40.82567], [-73.85565, 40.82463], [-73.85549, 40.82391], [-73.85531, 40.82319], [-73.85514, 40.82244], [-73.85208, 40.82285], [-73.84902, 40.82326], [-73.84596, 40.82367], [-73.8429, 40.82408], [-73.84307, 40.82482], [-73.84325, 40.82555], [-73.84341, 40.82628], [-73.84359, 40.827], [-73.84373, 40.82767], [-73.84374, 40.82773], [-73.84376, 40.82778], [-73.84379, 40.82789], [-73.84381, 40.82796], [-73.84384, 40.8281], [-73.84385, 40.82817], [-73.84386, 40.8282], [-73.84389, 40.82835], [-73.84391, 40.82841], [-73.84371, 40.82844], [-73.8431, 40.82853], [-73.8429, 40.82857], [-73.84287, 40.82853], [-73.84276, 40.82833], [-73.84272, 40.82828], [-73.84267, 40.82804], [-73.84265, 40.82791], [-73.8426, 40.82781], [-73.84257, 40.82774], [-73.84254, 40.8276], [-73.84253, 40.82753], [-73.84248, 40.82748], [-73.84246, 40.82737], [-73.84232, 40.82718]]]]}}, {"type": "Feature", "properties": {"zone_id": 215, "zone": "South Jamaica", "borough": "Queens", "demand": 35}, "geometry": {"type": "Polygon", "coordinates": [[[-73.77691, 40.70252], [-73.77638, 40.70209], [-73.77587, 40.70165], [-73.77537, 40.70121], [-73.77488, 40.70075], [-73.77441, 40.70028], [-73.77396, 40.6998], [-73.77446, 40.69899], [-73.77459, 40.6988], [-73.77489, 40.69839], [-73.77514, 40.69805], [-73.77533, 40.69778], [-73.77568, 40.6973], [-73.77576, 40.69718], [-73.77609, 40.69672], [-73.77619, 40.69657], [-73.7766, 40.69597], [-73.77704, 40.69536], [-73.77726, 40.69506], [-73.77784, 40.69432], [-73.77863, 40.69401], [-73.77944, 40.69364], [-73.78019, 40.69301], [-73.78024, 40.69297], [-73.7792, 40.69165], [-73.77789, 40.68992], [-73.77796, 40.68989], [-73.77891, 40.68957], [-73.77977, 40.68928], [-73.78078, 40.69103], [-73.7816, 40.69069], [-73.78243, 40.69034], [-73.78327, 40.68999], [-73.7841, 40.68965], [-73.78479, 40.68936], [-73.78581, 40.689], [-73.78644, 40.68878], [-73.78698, 40.68861], [-73.78764, 40.68843], [-73.78868, 40.68818], [-73.78921, 40.68805], [-73.78963, 40.68794], [-73.79038, 40.68775], [-73.79211, 40.68705], [-73.79248, 40.68689], [-73.79317, 40.6866], [-73.79391, 40.6863], [-73.79437, 40.68691], [-73.79478, 40.68747], [-73.79521, 40.68809], [-73.79562, 40.68866], [-73.79663, 40.68822], [-73.79746, 40.68787], [-73.79829, 40.68752], [-73.79914, 40.68718], [-73.79995, 40.68683], [-73.79898, 40.68486], [-73.79943, 40.68473], [-73.79986, 40.68461], [-73.80077, 40.68435], [-73.80169, 40.68409], [-73.80256, 40.68384], [-73.80345, 40.68359], [-73.80432, 40.68334], [-73.80519, 40.6831], [-73.80569, 40.68295], [-73.80577, 40.68293], [-73.80606, 40.68355], [-73.80661, 40.68468], [-73.80709, 40.68563], [-73.80734, 40.68612], [-73.80787, 40.6871], [-73.80807, 40.68745], [-73.80858, 40.68833], [-73.80874, 40.68863], [-73.80892, 40.68894], [-73.80913, 40.68931], [-73.80955, 40.69004], [-73.80972, 40.69035], [-73.80996, 40.69076], [-73.81024, 40.69126], [-73.81063, 40.69195], [-73.81054, 40.69197], [-73.81027, 40.69204], [-73.80971, 40.6922], [-73.8089, 40.69256], [-73.80828, 40.69215], [-73.80804, 40.69198], [-73.80724, 40.69143], [-73.80643, 40.69087], [-73.80556, 40.69161], [-73.80469, 40.69234], [-73.80382, 40.69308], [-73.80296, 40.69382], [-73.80211, 40.69454], [-73.8012, 40.69534], [-73.80053, 40.69586], [-73.79986, 40.69635], [-73.79918, 40.69687], [-73.79877, 40.69726], [-73.79855, 40.69747], [-73.79786, 40.69799], [-73.79754, 40.6982], [-73.79722, 40.69836], [-73.79648, 40.69869], [-73.79572, 40.69901], [-73.7945, 40.69939], [-73.79358, 40.69976], [-73.79284, 40.70024], [-73.79261, 40.70043], [-73.79246, 40.70055], [-73.79246, 40.70055], [-73.79233, 40.70068], [-73.79233, 40.70068], [-73.79233, 40.70068], [-73.79221, 40.70082], [-73.79221, 40.70082], [-73.79221, 40.70082], [-73.79211, 40.70097], [-73.79211, 40.70097], [-73.79211, 40.70097], [-73.79202, 40.70112], [-73.79194, 40.70127], [-73.79187, 40.70137], [-73.79235, 40.7021], [-73.79239, 40.70217], [-73.7922, 40.7022], [-73.792, 40.70222], [-73.7918, 40.70223], [-73.79164, 40.70222], [-73.79147, 40.70223], [-73.79131, 40.70225], [-73.79116, 40.70229], [-73.79056, 40.70257], [-73.78999, 40.70287], [-73.78978, 40.70298], [-73.78966, 40.70304], [-73.78919, 40.7032], [-73.78835, 40.70346], [-73.78804, 40.70355], [-73.78752, 40.70371], [-73.78598, 40.70419], [-73.78485, 40.70458], [-73.78442, 40.70476], [-73.78257, 40.70542], [-73.78148, 40.70545], [-73.78035, 40.70541], [-73.77982, 40.70493], [-73.77916, 40.70439], [-73.77849, 40.70383], [-73.77791, 40.70328], [-73.77691, 40.70252]]]}}, {"type": "Feature", "properties": {"zone_id": 216, "zone": "South Ozone Park", "borough": "Queens", "demand": 46}, "geometry": {"type": "Polygon", "coordinates": [[[-73.80858, 40.68833], [-73.80807, 40.68745], [-73.80787, 40.6871], [-73.80734, 40.68612], [-73.80709, 40.68563], [-73.80661, 40.68468], [-73.80606, 40.68355], [-73.80577, 40.68293], [-73.80552, 40.68241], [-73.80523, 40.6818], [-73.80493, 40.68118], [-73.80465, 40.68058], [-73.80428, 40.67982], [-73.8041, 40.67942], [-73.80323, 40.67768], [-73.80308, 40.67734], [-73.80268, 40.6765], [-73.80239, 40.67589], [-73.80203, 40.67511], [-73.80168, 40.67438], [-73.80143, 40.67367], [-73.8014, 40.67356], [-73.8013, 40.67312], [-73.80119, 40.67242], [-73.80117, 40.6722], [-73.80116, 40.67189], [-73.80116, 40.6718], [-73.80114, 40.67149], [-73.80114, 40.67136], [-73.80113, 40.67129], [-73.80113, 40.67055], [-73.80116, 40.6698], [-73.80118, 40.6691], [-73.80121, 40.66894], [-73.80125, 40.66839], [-73.80134, 40.66777], [-73.80141, 40.66736], [-73.80153, 40.66684], [-73.80156, 40.66675], [-73.80167, 40.66637], [-73.80168, 40.66632], [-73.8017, 40.66626], [-73.80184, 40.66588], [-73.80203, 40.66525], [-73.80215, 40.66525], [-73.803, 40.66522], [-73.80378, 40.66516], [-73.80432, 40.66512], [-73.80572, 40.66496], [-73.80614, 40.66491], [-73.80765, 40.66462], [-73.8078, 40.66459], [-73.80845, 40.66446], [-73.80885, 40.6643], [-73.80946, 40.66404], [-73.81007, 40.66379], [-73.81061, 40.66348], [-73.81117, 40.66318], [-73.81177, 40.66293], [-73.81229, 40.66282], [-73.81282, 40.66272], [-73.81335, 40.66264], [-73.81389, 40.66257], [-73.81443, 40.66251], [-73.81497, 40.66247], [-73.81792, 40.66296], [-73.82306, 40.66354], [-73.82427, 40.66358], [-73.82486, 40.66358], [-73.82503, 40.66358], [-73.82571, 40.66359], [-73.82629, 40.66364], [-73.82687, 40.6637], [-73.82713, 40.66375], [-73.8279, 40.66391], [-73.8291, 40.66425], [-73.82939, 40.66436], [-73.83003, 40.66458], [-73.83206, 40.66525], [-73.83249, 40.66535], [-73.83271, 40.66541], [-73.83292, 40.66576], [-73.83296, 40.66583], [-73.833, 40.66592], [-73.83335, 40.66677], [-73.83527, 40.6708], [-73.83601, 40.67227], [-73.83641, 40.67311], [-73.83681, 40.67396], [-73.83714, 40.67466], [-73.8375, 40.67541], [-73.83784, 40.67608], [-73.83812, 40.67663], [-73.83794, 40.67679], [-73.83952, 40.67996], [-73.84013, 40.68115], [-73.83953, 40.68126], [-73.83865, 40.68144], [-73.8378, 40.68167], [-73.83779, 40.68167], [-73.83772, 40.6817], [-73.83714, 40.68192], [-73.83712, 40.68193], [-73.83698, 40.68199], [-73.83808, 40.68424], [-73.83718, 40.68449], [-73.83595, 40.68484], [-73.83511, 40.68509], [-73.83427, 40.68533], [-73.83342, 40.68557], [-73.83258, 40.68581], [-73.83172, 40.68605], [-73.83089, 40.68629], [-73.83004, 40.68653], [-73.82918, 40.68677], [-73.82836, 40.687], [-73.82753, 40.68724], [-73.82851, 40.68924], [-73.82768, 40.68947], [-73.82685, 40.68971], [-73.82599, 40.68995], [-73.82501, 40.68795], [-73.82398, 40.68824], [-73.82293, 40.68854], [-73.82189, 40.68884], [-73.82085, 40.68913], [-73.81994, 40.68939], [-73.81906, 40.68964], [-73.81819, 40.68989], [-73.81693, 40.69025], [-73.81608, 40.69049], [-73.81523, 40.69073], [-73.81438, 40.69097], [-73.81354, 40.69121], [-73.8131, 40.69132], [-73.81272, 40.69141], [-73.81186, 40.69163], [-73.81099, 40.69185], [-73.81073, 40.69192], [-73.81063, 40.69195], [-73.81024, 40.69126], [-73.80996, 40.69076], [-73.80972, 40.69035], [-73.80955, 40.69004], [-73.80913, 40.68931], [-73.80892, 40.68894], [-73.80874, 40.68863], [-73.80858, 40.68833]]]}}, {"type": "Feature", "properties": {"zone_id": 217, "zone": "South Williamsburg", "borough": "Brooklyn", "demand": 34}, "geometry": {"type": "Polygon", "coordinates": [[[-73.95554, 40.70759], [-73.95402, 40.70708], [-73.95375, 40.70698], [-73.95291, 40.7067], [-73.95251, 40.70656], [-73.9523, 40.70649], [-73.95191, 40.70636], [-73.95109, 40.70591], [-73.95096, 40.70584], [-73.95024, 40.70547], [-73.94984, 40.70523], [-73.94947, 40.70502], [-73.94925, 40.7049], [-73.94866, 40.70456], [-73.94855, 40.7045], [-73.94814, 40.70427], [-73.94785, 40.70411], [-73.94705, 40.70366], [-73.94754, 40.70335], [-73.94938, 40.70216], [-73.95027, 40.70158], [-73.95129, 40.70092], [-73.95192, 40.70149], [-73.95255, 40.70205], [-73.95318, 40.70262], [-73.95381, 40.70318], [-73.95572, 40.70195], [-73.95746, 40.70082], [-73.95723, 40.7], [-73.95717, 40.69971], [-73.95702, 40.69897], [-73.95796, 40.69882], [-73.95886, 40.69868], [-73.9602, 40.69846], [-73.96105, 40.69833], [-73.9619, 40.69819], [-73.96214, 40.69815], [-73.96233, 40.69812], [-73.96236, 40.69811], [-73.9624, 40.69811], [-73.96248, 40.69809], [-73.96284, 40.69804], [-73.96237, 40.69961], [-73.96218, 40.70022], [-73.96257, 40.70051], [-73.96318, 40.701], [-73.96387, 40.70154], [-73.96452, 40.70207], [-73.9652, 40.70262], [-73.96587, 40.70316], [-73.96607, 40.70332], [-73.96654, 40.7037], [-73.96721, 40.70426], [-73.96762, 40.70496], [-73.96795, 40.70573], [-73.96839, 40.70683], [-73.96729, 40.707], [-73.96593, 40.70724], [-73.96485, 40.70745], [-73.96442, 40.70753], [-73.96328, 40.70773], [-73.96274, 40.70768], [-73.96213, 40.70762], [-73.96186, 40.70759], [-73.96114, 40.70752], [-73.9605, 40.70746], [-73.9604, 40.70745], [-73.95994, 40.70741], [-73.9594, 40.70735], [-73.9592, 40.70733], [-73.95846, 40.70725], [-73.95838, 40.70768], [-73.95815, 40.70804], [-73.9579, 40.70843], [-73.95736, 40.70823], [-73.95728, 40.70821], [-73.9572, 40.70818], [-73.95672, 40.70801], [-73.95627, 40.70785], [-73.95554, 40.70759]]]}}, {"type": "Feature", "properties": {"zone_id": 220, "zone": "Spuyten Duyvil/Kingsbridge", "borough": "Bronx", "demand": 24}, "geometry": {"type": "Polygon", "coordinates": [[[-73.89827, 40.88946], [-73.89922, 40.88753], [-73.89936, 40.88725], [-73.89965, 40.88666], [-73.89973, 40.88651], [-73.89893, 40.88638], [-73.89738, 40.88609], [-73.89716, 40.88604], [-73.89688, 40.886], [-73.89668, 40.88596], [-73.89662, 40.88595], [-73.89711, 40.88557], [-73.8976, 40.88518], [-73.89781, 40.885], [-73.89808, 40.88478], [-73.89835, 40.88454], [-73.89843, 40.88447], [-73.89855, 40.88437], [-73.89914, 40.88369], [-73.89989, 40.88283], [-73.90151, 40.88095], [-73.90226, 40.88011], [-73.90334, 40.87897], [-73.90369, 40.8785], [-73.9039, 40.87812], [-73.90418, 40.87734], [-73.90449, 40.87648], [-73.90466, 40.87606], [-73.90484, 40.87564], [-73.90504, 40.87523], [-73.90525, 40.87482], [-73.90526, 40.87479], [-73.90557, 40.87423], [-73.90605, 40.87329], [-73.90608, 40.87324], [-73.90615, 40.87326], [-73.90636, 40.87332], [-73.90663, 40.87338], [-73.9067, 40.8734], [-73.90746, 40.87355], [-73.90692, 40.87503], [-73.90667, 40.87572], [-73.90682, 40.87662], [-73.90704, 40.87689], [-73.90765, 40.87743], [-73.90836, 40.87792], [-73.90906, 40.87849], [-73.9095, 40.87878], [-73.91033, 40.87904], [-73.91149, 40.87902], [-73.91206, 40.87812], [-73.91487, 40.87664], [-73.91571, 40.8758], [-73.91574, 40.87576], [-73.91579, 40.87572], [-73.91726, 40.87581], [-73.91733, 40.8758], [-73.9174, 40.87579], [-73.91747, 40.87576], [-73.91769, 40.87568], [-73.91776, 40.87566], [-73.91779, 40.87568], [-73.91784, 40.87574], [-73.91792, 40.87578], [-73.91799, 40.8758], [-73.91808, 40.87579], [-73.91825, 40.87582], [-73.91826, 40.87584], [-73.91828, 40.87586], [-73.9183, 40.87585], [-73.91833, 40.87584], [-73.91908, 40.87606], [-73.91978, 40.87642], [-73.91978, 40.8765], [-73.91988, 40.87651], [-73.91992, 40.87654], [-73.91994, 40.87655], [-73.91997, 40.87655], [-73.92003, 40.87659], [-73.92007, 40.87663], [-73.92006, 40.87666], [-73.92005, 40.87666], [-73.92007, 40.87668], [-73.92008, 40.87668], [-73.92011, 40.87668], [-73.92015, 40.87672], [-73.92026, 40.87695], [-73.92158, 40.87814], [-73.92161, 40.87816], [-73.92163, 40.87818], [-73.92169, 40.87825], [-73.92182, 40.87835], [-73.92207, 40.87857], [-73.92215, 40.87863], [-73.92222, 40.87867], [-73.9223, 40.87868], [-73.92237, 40.8787], [-73.92243, 40.87872], [-73.92245, 40.87875], [-73.92252, 40.87876], [-73.92254, 40.87877], [-73.92259, 40.87878], [-73.92268, 40.87887], [-73.92274, 40.87891], [-73.9228, 40.87893], [-73.92287, 40.87895], [-73.92295, 40.87895], [-73.92304, 40.87893], [-73.92309, 40.87891], [-73.92312, 40.87892], [-73.92316, 40.87893], [-73.92319, 40.87894], [-73.92324, 40.87893], [-73.92326, 40.87892], [-73.92327, 40.87891], [-73.9233, 40.87891], [-73.92359, 40.87895], [-73.92363, 40.87896], [-73.92375, 40.87898], [-73.92379, 40.87899], [-73.92383, 40.87898], [-73.9239, 40.87898], [-73.92394, 40.87898], [-73.92397, 40.879], [-73.92399, 40.87901], [-73.92404, 40.87902], [-73.92406, 40.87902], [-73.92406, 40.87901], [-73.92418, 40.879], [-73.92431, 40.87902], [-73.92449, 40.87905], [-73.92452, 40.87906], [-73.92454, 40.87905], [-73.92454, 40.87902], [-73.92458, 40.879], [-73.92462, 40.87902], [-73.92466, 40.87901], [-73.92468, 40.87896], [-73.92472, 40.87893], [-73.92478, 40.8789], [-73.9249, 40.87889], [-73.92381, 40.88032], [-73.92183, 40.88451], [-73.92139, 40.88546], [-73.92106, 40.88616], [-73.92059, 40.88718], [-73.9204, 40.88713], [-73.9187, 40.88688], [-73.91867, 40.88667], [-73.91865, 40.88645], [-73.91865, 40.88622], [-73.91867, 40.886], [-73.91871, 40.88579], [-73.91876, 40.88557], [-73.9163, 40.88491], [-73.91587, 40.88486], [-73.91489, 40.88462], [-73.91441, 40.885], [-73.91394, 40.88538], [-73.91387, 40.88544], [-73.91347, 40.88577], [-73.91302, 40.88617], [-73.91281, 40.88639], [-73.91262, 40.88663], [-73.91244, 40.88687], [-73.91227, 40.88711], [-73.91211, 40.88738], [-73.91196, 40.88766], [-73.91184, 40.88794], [-73.91173, 40.88822], [-73.91131, 40.88824], [-73.91115, 40.88828], [-73.91075, 40.88849], [-73.90982, 40.889], [-73.90976, 40.88925], [-73.90929, 40.88928], [-73.90901, 40.8895], [-73.90887, 40.88942], [-73.90882, 40.88939], [-73.90878, 40.88937], [-73.90856, 40.88929], [-73.90853, 40.88917], [-73.90849, 40.88914], [-73.90843, 40.88912], [-73.90837, 40.88912], [-73.90832, 40.88912], [-73.90796, 40.88886], [-73.9076, 40.8882], [-73.90739, 40.88782], [-73.90626, 40.88757], [-73.90534, 40.88735], [-73.90414, 40.88708], [-73.90382, 40.88748], [-73.90359, 40.8878], [-73.90337, 40.88813], [-73.90318, 40.88847], [-73.90301, 40.88881], [-73.90286, 40.88916], [-73.90273, 40.88913], [-73.9026, 40.88911], [-73.90246, 40.8891], [-73.90233, 40.88911], [-73.9022, 40.88913], [-73.90207, 40.88915], [-73.90194, 40.88916], [-73.90181, 40.88914], [-73.90168, 40.88911], [-73.90156, 40.88907], [-73.90146, 40.88901], [-73.90137, 40.88896], [-73.90126, 40.88892], [-73.90114, 40.8889], [-73.90102, 40.88889], [-73.9009, 40.88891], [-73.90079, 40.88894], [-73.9007, 40.88899], [-73.90056, 40.88912], [-73.90041, 40.88924], [-73.90024, 40.88936], [-73.90006, 40.88946], [-73.89988, 40.88955], [-73.89959, 40.88982], [-73.89854, 40.89039], [-73.89843, 40.89043], [-73.89835, 40.89044], [-73.89829, 40.89044], [-73.89825, 40.89043], [-73.8982, 40.89042], [-73.89802, 40.89031], [-73.89788, 40.89028], [-73.89827, 40.88946]]]}}, {"type": "Feature", "properties": {"zone_id": 222, "zone": "Starrett City", "borough": "Brooklyn", "demand": 18}, "geometry": {"type": "MultiPolygon", "coordinates": [[[[-73.87909, 40.6502], [-73.87844, 40.64933], [-73.87798, 40.64872], [-73.8768, 40.64714], [-73.8761, 40.64621], [-73.87468, 40.64565], [-73.87458, 40.64561], [-73.87495, 40.64514], [-73.87531, 40.64466], [-73.87546, 40.64443], [-73.87596, 40.64364], [-73.87616, 40.64332], [-73.87618, 40.64329], [-73.8762, 40.64326], [-73.87655, 40.64264], [-73.87683, 40.64212], [-73.8771, 40.6416], [-73.87734, 40.64108], [-73.87753, 40.64072], [-73.87797, 40.63981], [-73.87842, 40.63891], [-73.87847, 40.63896], [-73.87852, 40.639], [-73.87856, 40.63905], [-73.87859, 40.6391], [-73.87862, 40.63915], [-73.87864, 40.6392], [-73.87865, 40.63925], [-73.87865, 40.6393], [-73.87865, 40.63932], [-73.87864, 40.63934], [-73.87864, 40.63936], [-73.87864, 40.63938], [-73.87865, 40.63939], [-73.87866, 40.63941], [-73.87867, 40.63942], [-73.87869, 40.63944], [-73.87871, 40.63945], [-73.87873, 40.63946], [-73.87875, 40.63946], [-73.87877, 40.63947], [-73.87879, 40.63947], [-73.8788, 40.63948], [-73.87882, 40.63949], [-73.87883, 40.6395], [-73.87884, 40.63951], [-73.87887, 40.63956], [-73.87891, 40.63961], [-73.87895, 40.63965], [-73.879, 40.63969], [-73.87905, 40.63973], [-73.87911, 40.63976], [-73.87913, 40.63982], [-73.87917, 40.63989], [-73.87921, 40.63995], [-73.87925, 40.64001], [-73.87931, 40.64007], [-73.87937, 40.64012], [-73.87944, 40.64017], [-73.87951, 40.64021], [-73.87959, 40.64024], [-73.87967, 40.64028], [-73.87976, 40.6403], [-73.8798, 40.64031], [-73.87986, 40.64034], [-73.87989, 40.64036], [-73.8799, 40.64037], [-73.8799, 40.64038], [-73.8799, 40.64044], [-73.8799, 40.64044], [-73.87988, 40.64045], [-73.87987, 40.64046], [-73.87987, 40.64048], [-73.87987, 40.64049], [-73.87988, 40.64049], [-73.87989, 40.64052], [-73.87991, 40.64054], [-73.87992, 40.64056], [-73.87994, 40.64058], [-73.87995, 40.6406], [-73.87998, 40.64061], [-73.88005, 40.64063], [-73.88006, 40.64063], [-73.8801, 40.64065], [-73.8801, 40.64066], [-73.88011, 40.64067], [-73.88012, 40.64072], [-73.88013, 40.64073], [-73.88013, 40.64073], [-73.88013, 40.64073], [-73.88016, 40.64074], [-73.88016, 40.64074], [-73.88017, 40.64075], [-73.88017, 40.64076], [-73.88017, 40.64079], [-73.88017, 40.64082], [-73.88017, 40.64082], [-73.88017, 40.64086], [-73.88017, 40.6409], [-73.88017, 40.6409], [-73.88019, 40.64091], [-73.88019, 40.64091], [-73.88019, 40.64091], [-73.88021, 40.64091], [-73.88021, 40.64091], [-73.88021, 40.64091], [-73.88022, 40.64092], [-73.88024, 40.64093], [-73.88023, 40.64094], [-73.88023, 40.64094], [-73.88026, 40.64097], [-73.88026, 40.64097], [-73.88029, 40.64099], [-73.88034, 40.64099], [-73.8804, 40.64097], [-73.88047, 40.64096], [-73.88048, 40.64098], [-73.88049, 40.64101], [-73.88048, 40.64106], [-73.88048, 40.64112], [-73.8805, 40.64115], [-73.88053, 40.6412], [-73.88055, 40.64126], [-73.88058, 40.64131], [-73.8806, 40.64136], [-73.88063, 40.64141], [-73.88068, 40.64145], [-73.88069, 40.6415], [-73.88073, 40.64155], [-73.88074, 40.64157], [-73.88073, 40.64158], [-73.88072, 40.64157], [-73.88068, 40.64152], [-73.88063, 40.6415], [-73.88061, 40.64147], [-73.88059, 40.64146], [-73.88054, 40.64144], [-73.88053, 40.64146], [-73.88046, 40.64145], [-73.88046, 40.64142], [-73.88041, 40.64142], [-73.88039, 40.6414], [-73.88036, 40.6414], [-73.88033, 40.64139], [-73.88029, 40.6414], [-73.88024, 40.64144], [-73.88019, 40.64148], [-73.88019, 40.64148], [-73.88019, 40.64148], [-73.88014, 40.64152], [-73.8801, 40.64156], [-73.88007, 40.64162], [-73.88005, 40.64167], [-73.88003, 40.64172], [-73.88003, 40.64173], [-73.88003, 40.64173], [-73.88002, 40.64177], [-73.88002, 40.64181], [-73.88002, 40.64183], [-73.88002, 40.64188], [-73.88004, 40.64194], [-73.88004, 40.64194], [-73.88006, 40.64199], [-73.88006, 40.64199], [-73.88007, 40.642], [-73.88012, 40.64204], [-73.88017, 40.64206], [-73.88019, 40.64208], [-73.88019, 40.64208], [-73.88022, 40.6421], [-73.88025, 40.64211], [-73.88028, 40.64212], [-73.88029, 40.64212], [-73.88032, 40.64212], [-73.88033, 40.64211], [-73.88034, 40.6421], [-73.88037, 40.64206], [-73.88037, 40.64206], [-73.8804, 40.64206], [-73.88043, 40.64207], [-73.88046, 40.64207], [-73.88048, 40.64207], [-73.8805, 40.64208], [-73.88053, 40.64206], [-73.88054, 40.64206], [-73.88054, 40.64206], [-73.88056, 40.64206], [-73.88057, 40.64207], [-73.8806, 40.6421], [-73.88064, 40.64211], [-73.88067, 40.64211], [-73.88068, 40.64211], [-73.8807, 40.64212], [-73.8807, 40.64213], [-73.88073, 40.64218], [-73.88073, 40.64218], [-73.88078, 40.64219], [-73.88085, 40.6422], [-73.88088, 40.6422], [-73.88092, 40.6422], [-73.88097, 40.64221], [-73.88097, 40.64221], [-73.88099, 40.64222], [-73.88101, 40.64223], [-73.88104, 40.64224], [-73.88106, 40.64226], [-73.88109, 40.64228], [-73.88113, 40.64229], [-73.88113, 40.64229], [-73.8812, 40.64231], [-73.88125, 40.64232], [-73.88127, 40.64232], [-73.88133, 40.64233], [-73.88135, 40.64233], [-73.88135, 40.64233], [-73.88139, 40.64235], [-73.88143, 40.64237], [-73.88144, 40.64238], [-73.88147, 40.64241], [-73.88149, 40.64242], [-73.88149, 40.64242], [-73.88153, 40.64245], [-73.88157, 40.64249], [-73.88157, 40.6425], [-73.88157, 40.6425], [-73.88158, 40.64251], [-73.88159, 40.64254], [-73.88159, 40.64257], [-73.8816, 40.64258], [-73.8816, 40.64261], [-73.88161, 40.64264], [-73.88162, 40.64267], [-73.88163, 40.64271], [-73.88163, 40.64272], [-73.88164, 40.64274], [-73.88165, 40.64275], [-73.88168, 40.6428], [-73.88169, 40.6428], [-73.88169, 40.6428], [-73.8817, 40.64283], [-73.88172, 40.64285], [-73.88175, 40.6429], [-73.88175, 40.6429], [-73.88177, 40.64291], [-73.88179, 40.64293], [-73.8818, 40.64294], [-73.88182, 40.64296], [-73.88187, 40.64301], [-73.88189, 40.64303], [-73.8819, 40.64305], [-73.88194, 40.6431], [-73.88199, 40.64314], [-73.88201, 40.64317], [-73.88203, 40.64319], [-73.88207, 40.64323], [-73.88208, 40.64324], [-73.8821, 40.64326], [-73.88213, 40.64331], [-73.88215, 40.64334], [-73.88216, 40.64336], [-73.8822, 40.64341], [-73.88224, 40.64345], [-73.88225, 40.64348], [-73.88225, 40.64349], [-73.88224, 40.64353], [-73.88221, 40.64357], [-73.88219, 40.64359], [-73.88217, 40.64361], [-73.88215, 40.64366], [-73.88214, 40.64371], [-73.88214, 40.64371], [-73.88214, 40.64371], [-73.88215, 40.64374], [-73.8827, 40.64405], [-73.88302, 40.64418], [-73.88315, 40.64431], [-73.88325, 40.64444], [-73.88342, 40.64452], [-73.88361, 40.64446], [-73.8837, 40.64435], [-73.88387, 40.64433], [-73.884, 40.64437], [-73.88413, 40.64429], [-73.88432, 40.6441], [-73.88455, 40.64401], [-73.88481, 40.64395], [-73.88558, 40.64404], [-73.88574, 40.64418], [-73.88601, 40.6445], [-73.88601, 40.64457], [-73.88609, 40.64464], [-73.88624, 40.64475], [-73.88673, 40.64513], [-73.8868, 40.64524], [-73.8872, 40.6456], [-73.88722, 40.64568], [-73.88722, 40.64568], [-73.88727, 40.64571], [-73.88728, 40.64576], [-73.88732, 40.64579], [-73.88733, 40.6458], [-73.88733, 40.64581], [-73.88735, 40.64586], [-73.88743, 40.64594], [-73.8874, 40.64596], [-73.88736, 40.64599], [-73.88739, 40.64608], [-73.88745, 40.6461], [-73.88746, 40.64612], [-73.88746, 40.64616], [-73.88753, 40.64618], [-73.88764, 40.64632], [-73.88767, 40.6465], [-73.88764, 40.64659], [-73.88767, 40.64666], [-73.88766, 40.64672], [-73.88771, 40.64703], [-73.88773, 40.64714], [-73.88764, 40.64719], [-73.88757, 40.64727], [-73.88753, 40.64734], [-73.88752, 40.64741], [-73.88757, 40.64747], [-73.88762, 40.64752], [-73.88764, 40.64759], [-73.88765, 40.64762], [-73.88762, 40.6477], [-73.88764, 40.6478], [-73.88771, 40.64787], [-73.88777, 40.64789], [-73.88784, 40.64788], [-73.88796, 40.64788], [-73.88797, 40.64788], [-73.88797, 40.64788], [-73.88802, 40.6479], [-73.88807, 40.6479], [-73.88812, 40.64788], [-73.88815, 40.64787], [-73.88823, 40.64791], [-73.88843, 40.64801], [-73.88864, 40.64802], [-73.88864, 40.64802], [-73.88865, 40.64804], [-73.88867, 40.64807], [-73.88868, 40.64809], [-73.8887, 40.64811], [-73.88871, 40.64812], [-73.88874, 40.64813], [-73.88875, 40.64815], [-73.88875, 40.64815], [-73.88876, 40.64818], [-73.88878, 40.6482], [-73.88878, 40.6482], [-73.88878, 40.6482], [-73.88879, 40.64823], [-73.88879, 40.64826], [-73.88879, 40.64828], [-73.88879, 40.64831], [-73.8888, 40.64832], [-73.88881, 40.64834], [-73.88888, 40.64836], [-73.88891, 40.64839], [-73.88892, 40.64841], [-73.88893, 40.64844], [-73.88893, 40.64844], [-73.88895, 40.64845], [-73.88897, 40.64848], [-73.88905, 40.64856], [-73.88912, 40.64859], [-73.88915, 40.64864], [-73.88922, 40.64872], [-73.88925, 40.64875], [-73.88925, 40.64875], [-73.88926, 40.64876], [-73.88927, 40.64876], [-73.88929, 40.64877], [-73.88931, 40.64878], [-73.88933, 40.64879], [-73.88935, 40.6488], [-73.88938, 40.64881], [-73.8894, 40.64882], [-73.88942, 40.64882], [-73.88944, 40.64883], [-73.88946, 40.64884], [-73.88947, 40.64884], [-73.88949, 40.64885], [-73.8895, 40.64886], [-73.88952, 40.64887], [-73.88953, 40.64888], [-73.88955, 40.64889], [-73.88956, 40.6489], [-73.88958, 40.64891], [-73.88959, 40.64892], [-73.88961, 40.64894], [-73.88963, 40.64896], [-73.88965, 40.64899], [-73.88967, 40.64901], [-73.88969, 40.64903], [-73.88971, 40.64905], [-73.88972, 40.64906], [-73.88973, 40.64907], [-73.88975, 40.64908], [-73.88976, 40.64908], [-73.88977, 40.64909], [-73.88979, 40.6491], [-73.8898, 40.64911], [-73.88982, 40.64911], [-73.88984, 40.64914], [-73.88985, 40.64914], [-73.88986, 40.64915], [-73.88986, 40.64916], [-73.88987, 40.64917], [-73.88988, 40.64918], [-73.88989, 40.64919], [-73.88989, 40.64921], [-73.8899, 40.64922], [-73.88992, 40.64923], [-73.88993, 40.64924], [-73.88994, 40.64925], [-73.88996, 40.64926], [-73.88997, 40.64927], [-73.88999, 40.64928], [-73.89001, 40.64929], [-73.89003, 40.6493], [-73.89005, 40.64931], [-73.89007, 40.64932], [-73.89009, 40.64933], [-73.89011, 40.64934], [-73.89013, 40.64935], [-73.89015, 40.64936], [-73.89017, 40.64936], [-73.8902, 40.64937], [-73.89022, 40.64938], [-73.89023, 40.64938], [-73.89024, 40.64938], [-73.89025, 40.64937], [-73.89026, 40.64937], [-73.89027, 40.64937], [-73.89029, 40.64937], [-73.8903, 40.64937], [-73.89031, 40.64936], [-73.89031, 40.64936], [-73.89032, 40.64936], [-73.89033, 40.64935], [-73.89034, 40.64935], [-73.89014, 40.64917], [-73.89035, 40.64903], [-73.89054, 40.64921], [-73.89057, 40.64921], [-73.89122, 40.64999], [-73.89125, 40.65003], [-73.89004, 40.65112], [-73.89001, 40.65115], [-73.88959, 40.65134], [-73.88877, 40.65169], [-73.88795, 40.65204], [-73.88713, 40.65239], [-73.88637, 40.65273], [-73.88629, 40.65277], [-73.88621, 40.6528], [-73.88551, 40.65309], [-73.88465, 40.65345], [-73.88278, 40.65427], [-73.88221, 40.65452], [-73.8822, 40.65444], [-73.88172, 40.65375], [-73.88142, 40.65335], [-73.87993, 40.65133], [-73.87909, 40.6502]]], [[[-73.88829, 40.64672], [-73.88829, 40.64672], [-73.88847, 40.6469], [-73.88846, 40.6469], [-73.88845, 40.6469], [-73.88845, 40.64691], [-73.88845, 40.64692], [-73.88845, 40.64693], [-73.88845, 40.64693], [-73.88845, 40.64694], [-73.88846, 40.64695], [-73.88846, 40.64695], [-73.88848, 40.64696], [-73.88848, 40.64696], [-73.88854, 40.64697], [-73.88864, 40.64708], [-73.88861, 40.64708], [-73.88859, 40.64709], [-73.88858, 40.64711], [-73.88859, 40.64714], [-73.88861, 40.64715], [-73.88863, 40.64716], [-73.88864, 40.64718], [-73.88864, 40.64722], [-73.88861, 40.64724], [-73.88859, 40.64728], [-73.88858, 40.64733], [-73.88855, 40.64734], [-73.88852, 40.64736], [-73.88846, 40.64736], [-73.88846, 40.64736], [-73.88844, 40.64736], [-73.8884, 40.64731], [-73.88839, 40.64729], [-73.88838, 40.64726], [-73.88835, 40.64725], [-73.88834, 40.64724], [-73.88834, 40.64724], [-73.88832, 40.64721], [-73.88831, 40.64718], [-73.88831, 40.64717], [-73.88831, 40.64717], [-73.8883, 40.64716], [-73.88829, 40.64715], [-73.88827, 40.64714], [-73.8882, 40.64714], [-73.8882, 40.64714], [-73.8882, 40.64712], [-73.8882, 40.64712], [-73.88819, 40.6471], [-73.88819, 40.64709], [-73.88819, 40.64709], [-73.88819, 40.64708], [-73.88818, 40.64703], [-73.88819, 40.64698], [-73.8882, 40.64696], [-73.8882, 40.64696], [-73.88821, 40.64692], [-73.88821, 40.6469], [-73.8882, 40.64689], [-73.88819, 40.64686], [-73.88819, 40.64686], [-73.88818, 40.64681], [-73.88819, 40.64677], [-73.88823, 40.64674], [-73.88827, 40.64673], [-73.88829, 40.64672]]]]}}, {"type": "Feature", "properties": {"zone_id": 228, "zone": "Sunset Park West", "borough": "Brooklyn", "demand": 33}, "geometry": {"type": "Polygon", "coordinates": [[[-73.99692, 40.66915], [-73.99667, 40.66874], [-73.9966, 40.66881], [-73.99648, 40.66892], [-73.99617, 40.66844], [-73.99585, 40.66797], [-73.99507, 40.66708], [-73.9949, 40.66679], [-73.99495, 40.6667], [-73.99497, 40.66666], [-73.99499, 40.66663], [-73.99503, 40.66651], [-73.99512, 40.66638], [-73.99531, 40.66616], [-73.99576, 40.66578], [-73.99587, 40.66573], [-73.99596, 40.6657], [-73.99581, 40.66553], [-73.99583, 40.66551], [-73.99593, 40.66541], [-73.99605, 40.66528], [-73.99637, 40.66496], [-73.99693, 40.66437], [-73.99521, 40.66332], [-73.99511, 40.66326], [-73.99502, 40.66321], [-73.99284, 40.66191], [-73.99157, 40.66114], [-73.99064, 40.66058], [-73.99005, 40.66114], [-73.98947, 40.6617], [-73.98888, 40.66225], [-73.98877, 40.66236], [-73.98872, 40.6624], [-73.98804, 40.66148], [-73.9873, 40.66044], [-73.98725, 40.66038], [-73.98731, 40.66033], [-73.98745, 40.66019], [-73.98784, 40.65982], [-73.98843, 40.65925], [-73.98901, 40.65869], [-73.98959, 40.65813], [-73.99019, 40.6576], [-73.99238, 40.6589], [-73.99296, 40.65834], [-73.99517, 40.65967], [-73.99575, 40.65911], [-73.99634, 40.65855], [-73.99692, 40.65799], [-73.9975, 40.65743], [-73.99809, 40.65686], [-73.99867, 40.65631], [-73.99926, 40.65575], [-73.99984, 40.65519], [-74.00041, 40.65463], [-74.001, 40.65407], [-74.00159, 40.65349], [-74.00214, 40.65296], [-74.00275, 40.65238], [-74.00317, 40.65198], [-74.00333, 40.65183], [-74.00391, 40.65127], [-74.00449, 40.65071], [-74.00507, 40.65015], [-74.00566, 40.64958], [-74.00624, 40.64902], [-74.00682, 40.64846], [-74.00741, 40.6479], [-74.00799, 40.64734], [-74.00857, 40.64679], [-74.00915, 40.64623], [-74.00974, 40.64567], [-74.01032, 40.64511], [-74.0109, 40.64455], [-74.01148, 40.64399], [-74.01207, 40.64342], [-74.01265, 40.64287], [-74.01323, 40.6423], [-74.01381, 40.64174], [-74.0144, 40.64119], [-74.01498, 40.64063], [-74.01556, 40.64007], [-74.01617, 40.63948], [-74.01396, 40.63815], [-74.01457, 40.63757], [-74.01515, 40.63701], [-74.01574, 40.63645], [-74.01591, 40.63629], [-74.01607, 40.63614], [-74.01631, 40.6359], [-74.01669, 40.63552], [-74.01678, 40.6354], [-74.01684, 40.63536], [-74.01705, 40.63553], [-74.01727, 40.6357], [-74.0175, 40.63586], [-74.01755, 40.63589], [-74.018, 40.63616], [-74.019, 40.63675], [-74.01955, 40.63709], [-74.01962, 40.63713], [-74.01976, 40.63722], [-74.02003, 40.63738], [-74.02033, 40.63757], [-74.0206, 40.63777], [-74.02085, 40.63798], [-74.02108, 40.6382], [-74.02111, 40.63824], [-74.02116, 40.63828], [-74.02129, 40.63843], [-74.02141, 40.63858], [-74.02151, 40.63875], [-74.02155, 40.63883], [-74.02161, 40.63898], [-74.02165, 40.63909], [-74.02168, 40.63919], [-74.0217, 40.63927], [-74.02171, 40.6393], [-74.02174, 40.63944], [-74.02174, 40.63947], [-74.02176, 40.63982], [-74.02173, 40.64011], [-74.02171, 40.6402], [-74.02166, 40.64037], [-74.02162, 40.64051], [-74.02159, 40.64057], [-74.02147, 40.64083], [-74.02127, 40.64117], [-74.02114, 40.64136], [-74.02111, 40.64141], [-74.02109, 40.64144], [-74.02106, 40.64148], [-74.02108, 40.64149], [-74.02111, 40.64145], [-74.02114, 40.64143], [-74.0212, 40.64139], [-74.02152, 40.64115], [-74.02173, 40.641], [-74.02181, 40.64095], [-74.02223, 40.64068], [-74.02229, 40.64064], [-74.02246, 40.64054], [-74.02259, 40.64044], [-74.02311, 40.64], [-74.02322, 40.6399], [-74.02332, 40.6398], [-74.0234, 40.63969], [-74.02347, 40.63957], [-74.02348, 40.63953], [-74.02352, 40.63944], [-74.02355, 40.63932], [-74.02393, 40.6389], [-74.02417, 40.63867], [-74.02454, 40.63832], [-74.02475, 40.63812], [-74.02695, 40.63945], [-74.02686, 40.63954], [-74.02664, 40.63975], [-74.0266, 40.63979], [-74.02646, 40.63992], [-74.02635, 40.64002], [-74.02629, 40.64007], [-74.02626, 40.64009], [-74.02662, 40.6402], [-74.02674, 40.64024], [-74.02692, 40.64031], [-74.02703, 40.64035], [-74.02743, 40.64051], [-74.02803, 40.64079], [-74.02839, 40.64096], [-74.02891, 40.64117], [-74.0289, 40.64121], [-74.02906, 40.64173], [-74.03261, 40.6437], [-74.03267, 40.64372], [-74.03262, 40.64377], [-74.03231, 40.64357], [-74.03224, 40.64364], [-74.03247, 40.64379], [-74.03254, 40.64383], [-74.03231, 40.64404], [-74.03227, 40.64407], [-74.03221, 40.64403], [-74.03198, 40.64389], [-74.0319, 40.64389], [-74.0316, 40.6442], [-74.03052, 40.64527], [-74.02908, 40.6444], [-74.029, 40.64447], [-74.02915, 40.64458], [-74.02886, 40.64487], [-74.02882, 40.64484], [-74.02909, 40.6446], [-74.02909, 40.64458], [-74.02897, 40.6445], [-74.0285, 40.64418], [-74.02843, 40.64425], [-74.02823, 40.64444], [-74.02819, 40.64441], [-74.02846, 40.64416], [-74.02821, 40.64402], [-74.02775, 40.64451], [-74.02703, 40.6452], [-74.02605, 40.64626], [-74.02955, 40.64837], [-74.02974, 40.64849], [-74.02939, 40.6488], [-74.02919, 40.64869], [-74.02572, 40.64662], [-74.02552, 40.64675], [-74.02519, 40.6471], [-74.02516, 40.64714], [-74.02484, 40.64694], [-74.02467, 40.64709], [-74.02461, 40.64715], [-74.0263, 40.64817], [-74.02626, 40.64821], [-74.02624, 40.64823], [-74.02622, 40.64825], [-74.02488, 40.64741], [-74.02468, 40.64761], [-74.02435, 40.6474], [-74.02415, 40.64761], [-74.02513, 40.64832], [-74.02497, 40.64861], [-74.02554, 40.64978], [-74.02484, 40.6506], [-74.02521, 40.65082], [-74.02542, 40.65062], [-74.02605, 40.65099], [-74.02587, 40.65116], [-74.02593, 40.6512], [-74.02578, 40.65133], [-74.02569, 40.65132], [-74.02553, 40.65148], [-74.02491, 40.65111], [-74.02509, 40.65092], [-74.02508, 40.65091], [-74.0251, 40.65089], [-74.02477, 40.65069], [-74.02452, 40.65094], [-74.02449, 40.65092], [-74.02446, 40.65094], [-74.02429, 40.65111], [-74.02427, 40.6511], [-74.02424, 40.65113], [-74.0255, 40.65184], [-74.02542, 40.65193], [-74.02418, 40.65119], [-74.02382, 40.65135], [-74.02365, 40.65126], [-74.02359, 40.65132], [-74.02306, 40.65097], [-74.02302, 40.651], [-74.02302, 40.65101], [-74.02285, 40.65117], [-74.02537, 40.65272], [-74.02523, 40.65283], [-74.02272, 40.6513], [-74.02262, 40.65131], [-74.02154, 40.65067], [-74.02134, 40.65085], [-74.02128, 40.65082], [-74.02125, 40.65083], [-74.02128, 40.65086], [-74.02128, 40.65089], [-74.02139, 40.65097], [-74.02136, 40.651], [-74.02124, 40.65093], [-74.02119, 40.65098], [-74.02113, 40.65094], [-74.02105, 40.6511], [-74.02134, 40.65126], [-74.02234, 40.65191], [-74.02225, 40.65198], [-74.02126, 40.65133], [-74.02098, 40.65116], [-74.0209, 40.65125], [-74.02381, 40.65304], [-74.02359, 40.65322], [-74.02353, 40.6531], [-74.02333, 40.65294], [-74.0231, 40.65292], [-74.02294, 40.65288], [-74.02289, 40.65282], [-74.02285, 40.65274], [-74.02196, 40.65222], [-74.02187, 40.65222], [-74.02171, 40.65227], [-74.02162, 40.65232], [-74.02123, 40.6527], [-74.02119, 40.65284], [-74.0232, 40.6541], [-74.02306, 40.65423], [-74.0221, 40.65359], [-74.02194, 40.65358], [-74.02188, 40.65355], [-74.02163, 40.65364], [-74.02128, 40.65396], [-74.02124, 40.65413], [-74.02115, 40.65421], [-74.02182, 40.65466], [-74.02164, 40.65488], [-74.02089, 40.65443], [-74.02064, 40.65444], [-74.0206, 40.65441], [-74.0206, 40.65429], [-74.02047, 40.65422], [-74.02024, 40.65422], [-74.02002, 40.65416], [-74.01962, 40.65417], [-74.01942, 40.654], [-74.01925, 40.65403], [-74.01919, 40.65402], [-74.01924, 40.65394], [-74.01918, 40.65389], [-74.01905, 40.65387], [-74.01897, 40.65387], [-74.01892, 40.65377], [-74.01885, 40.65365], [-74.01877, 40.65354], [-74.01873, 40.65347], [-74.01862, 40.65349], [-74.01812, 40.65388], [-74.02026, 40.65512], [-74.02005, 40.65534], [-74.01787, 40.65406], [-74.01715, 40.65477], [-74.01747, 40.65493], [-74.01742, 40.65499], [-74.0198, 40.65649], [-74.01971, 40.65658], [-74.01727, 40.65519], [-74.01692, 40.65548], [-74.01665, 40.65534], [-74.01639, 40.65562], [-74.01911, 40.65737], [-74.01891, 40.65755], [-74.01861, 40.65785], [-74.01585, 40.65621], [-74.01544, 40.65663], [-74.01774, 40.6581], [-74.01767, 40.65819], [-74.01787, 40.65831], [-74.01769, 40.65845], [-74.01749, 40.65834], [-74.01751, 40.65827], [-74.01505, 40.65695], [-74.01442, 40.65761], [-74.01746, 40.65945], [-74.01554, 40.66076], [-74.014, 40.65981], [-74.01366, 40.66003], [-74.01247, 40.65932], [-74.01184, 40.65891], [-74.01142, 40.65933], [-74.01111, 40.65971], [-74.01402, 40.66153], [-74.01316, 40.66198], [-74.01265, 40.66198], [-74.01023, 40.66046], [-74.0086, 40.65952], [-74.00857, 40.65955], [-74.00778, 40.66026], [-74.00746, 40.66056], [-74.01037, 40.6624], [-74.01046, 40.66264], [-74.00955, 40.66327], [-74.00868, 40.66337], [-74.00616, 40.66184], [-74.00569, 40.66227], [-74.00553, 40.66218], [-74.00428, 40.66144], [-74.00419, 40.66153], [-74.00415, 40.66156], [-74.00425, 40.66162], [-74.00425, 40.66163], [-74.00426, 40.66163], [-74.00426, 40.66163], [-74.00428, 40.66164], [-74.0044, 40.66171], [-74.00451, 40.66178], [-74.0047, 40.66189], [-74.00472, 40.66191], [-74.00475, 40.66192], [-74.00476, 40.66193], [-74.00477, 40.66193], [-74.00495, 40.66204], [-74.00512, 40.66214], [-74.00513, 40.66215], [-74.00513, 40.66215], [-74.00513, 40.66215], [-74.00514, 40.66218], [-74.00527, 40.66227], [-74.00562, 40.66249], [-74.00578, 40.66258], [-74.00583, 40.66259], [-74.00586, 40.66257], [-74.00586, 40.66257], [-74.00586, 40.66257], [-74.00604, 40.66268], [-74.0062, 40.66277], [-74.00623, 40.66279], [-74.00623, 40.66279], [-74.00622, 40.66279], [-74.00609, 40.66292], [-74.00593, 40.6631], [-74.00593, 40.6631], [-74.00592, 40.66311], [-74.00546, 40.66286], [-74.0046, 40.66238], [-74.00423, 40.66218], [-74.00391, 40.66198], [-74.0039, 40.66197], [-74.00383, 40.66192], [-74.00381, 40.66191], [-74.00349, 40.66224], [-74.00389, 40.66247], [-74.00424, 40.66266], [-74.00437, 40.66274], [-74.00439, 40.66271], [-74.00447, 40.66276], [-74.00455, 40.66282], [-74.00456, 40.66282], [-74.00456, 40.66281], [-74.00456, 40.66281], [-74.00456, 40.66281], [-74.00456, 40.66281], [-74.0046, 40.66277], [-74.00459, 40.66273], [-74.00461, 40.66272], [-74.00454, 40.66268], [-74.00473, 40.6625], [-74.00524, 40.6628], [-74.00536, 40.66287], [-74.00516, 40.66305], [-74.00506, 40.66299], [-74.00498, 40.66306], [-74.00498, 40.66306], [-74.00498, 40.66306], [-74.00498, 40.66306], [-74.00498, 40.66306], [-74.00497, 40.66307], [-74.00519, 40.6632], [-74.00519, 40.6632], [-74.0052, 40.6632], [-74.0052, 40.6632], [-74.0052, 40.66319], [-74.0052, 40.66319], [-74.00524, 40.66315], [-74.00523, 40.66312], [-74.00525, 40.66311], [-74.00519, 40.66307], [-74.00538, 40.66288], [-74.00566, 40.66306], [-74.006, 40.66326], [-74.00579, 40.66344], [-74.0057, 40.66338], [-74.00562, 40.66345], [-74.00562, 40.66345], [-74.00562, 40.66345], [-74.00561, 40.66346], [-74.00591, 40.66364], [-74.00592, 40.66364], [-74.00592, 40.66364], [-74.00592, 40.66364], [-74.00592, 40.66364], [-74.00631, 40.66386], [-74.00673, 40.66412], [-74.00743, 40.66454], [-74.00766, 40.66468], [-74.00772, 40.66472], [-74.00773, 40.66474], [-74.00767, 40.66479], [-74.00764, 40.6648], [-74.00731, 40.6646], [-74.00726, 40.66464], [-74.00727, 40.66467], [-74.00725, 40.66469], [-74.00732, 40.66473], [-74.00713, 40.66491], [-74.00652, 40.66455], [-74.00671, 40.66436], [-74.0068, 40.66442], [-74.00688, 40.66434], [-74.00663, 40.66419], [-74.00654, 40.66426], [-74.00664, 40.66432], [-74.00645, 40.66451], [-74.00584, 40.66414], [-74.00603, 40.66396], [-74.00612, 40.66401], [-74.0062, 40.66393], [-74.00605, 40.66384], [-74.00599, 40.66389], [-74.00592, 40.66385], [-74.0059, 40.66388], [-74.00581, 40.66387], [-74.00576, 40.66392], [-74.00578, 40.66399], [-74.00575, 40.66401], [-74.00582, 40.66405], [-74.00576, 40.66411], [-74.00589, 40.66419], [-74.00575, 40.66433], [-74.00574, 40.66438], [-74.00577, 40.6644], [-74.00574, 40.66442], [-74.00583, 40.66447], [-74.00581, 40.66448], [-74.00585, 40.6645], [-74.00582, 40.66453], [-74.00564, 40.66453], [-74.00565, 40.6639], [-74.00565, 40.6639], [-74.00564, 40.6639], [-74.00564, 40.6639], [-74.00556, 40.66385], [-74.0043, 40.66309], [-74.0043, 40.6631], [-74.00427, 40.66311], [-74.00426, 40.66311], [-74.00363, 40.66273], [-74.0034, 40.66299], [-74.00459, 40.66373], [-74.00432, 40.66405], [-74.00528, 40.66466], [-74.00486, 40.66506], [-74.00114, 40.6629], [-74.00094, 40.66308], [-74.00092, 40.66306], [-74.00083, 40.66301], [-74.00075, 40.66308], [-74.00049, 40.66331], [-74.00054, 40.66333], [-74.00023, 40.66363], [-74.00003, 40.66382], [-74.00008, 40.66384], [-74.0001, 40.66386], [-73.99984, 40.66411], [-73.99971, 40.66423], [-73.99953, 40.6644], [-74.00292, 40.66646], [-74.00224, 40.66679], [-74.00203, 40.66679], [-74.00205, 40.66677], [-74.00162, 40.66677], [-74.00121, 40.66702], [-74.00146, 40.66717], [-74.00069, 40.66755], [-73.99998, 40.66745], [-73.99955, 40.6679], [-73.99903, 40.66844], [-73.99905, 40.66885], [-73.99895, 40.66897], [-73.99903, 40.66901], [-73.99905, 40.66892], [-73.99904, 40.66892], [-73.99904, 40.66888], [-73.99906, 40.66887], [-73.99909, 40.66873], [-73.99918, 40.66832], [-73.99918, 40.6683], [-73.99919, 40.6683], [-73.99924, 40.66831], [-73.99915, 40.66867], [-73.99908, 40.66904], [-73.99897, 40.66916], [-73.99866, 40.66951], [-73.99881, 40.6696], [-73.99891, 40.66965], [-73.9989, 40.66973], [-73.99892, 40.6698], [-73.99889, 40.66994], [-73.99875, 40.67053], [-73.99871, 40.67069], [-73.99856, 40.67134], [-73.99871, 40.67153], [-73.99877, 40.6716], [-73.99868, 40.67174], [-73.99862, 40.67183], [-73.99846, 40.67157], [-73.99823, 40.6712], [-73.99799, 40.67084], [-73.99787, 40.67066], [-73.99771, 40.67042], [-73.99765, 40.67031], [-73.99758, 40.6702], [-73.99696, 40.66923], [-73.99692, 40.66915]]]}}, {"type": "Feature", "properties": {"zone_id": 235, "zone": "University Heights/Morris Heights", "borough": "Bronx", "demand": 25}, "geometry": {"type": "Polygon", "coordinates": [[[-73.90948, 40.86181], [-73.90965, 40.86161], [-73.90984, 40.86141], [-73.91005, 40.86123], [-73.91027, 40.86105], [-73.91051, 40.86089], [-73.91076, 40.86074], [-73.91101, 40.8606], [-73.91115, 40.86052], [-73.9113, 40.86046], [-73.91145, 40.8604], [-73.91161, 40.86036], [-73.91188, 40.8603], [-73.91213, 40.86022], [-73.91239, 40.86012], [-73.91263, 40.86001], [-73.91286, 40.85989], [-73.91308, 40.85976], [-73.91328, 40.85962], [-73.91088, 40.85878], [-73.91072, 40.85871], [-73.91057, 40.85862], [-73.91043, 40.85852], [-73.91031, 40.85841], [-73.91021, 40.85829], [-73.9098, 40.85761], [-73.90976, 40.85718], [-73.90957, 40.85759], [-73.90777, 40.85961], [-73.90726, 40.85935], [-73.90707, 40.85936], [-73.9068, 40.85937], [-73.90572, 40.85899], [-73.90487, 40.85869], [-73.90526, 40.85805], [-73.90566, 40.8574], [-73.90468, 40.85706], [-73.90509, 40.85641], [-73.90522, 40.8562], [-73.90557, 40.85579], [-73.90733, 40.85382], [-73.90842, 40.85264], [-73.90922, 40.8518], [-73.91058, 40.85018], [-73.91069, 40.85002], [-73.91112, 40.84942], [-73.91168, 40.84864], [-73.91197, 40.84823], [-73.91236, 40.84768], [-73.91306, 40.84671], [-73.91315, 40.84658], [-73.91346, 40.84615], [-73.91361, 40.84594], [-73.91375, 40.84574], [-73.91398, 40.84543], [-73.91413, 40.84523], [-73.91416, 40.84518], [-73.91479, 40.84516], [-73.91561, 40.84515], [-73.9169, 40.84512], [-73.91729, 40.84511], [-73.91838, 40.84505], [-73.91877, 40.84503], [-73.9193, 40.84499], [-73.92043, 40.84494], [-73.92151, 40.84487], [-73.92247, 40.84481], [-73.92263, 40.8448], [-73.92273, 40.8448], [-73.92354, 40.84476], [-73.92388, 40.84474], [-73.92478, 40.84475], [-73.92512, 40.84478], [-73.92526, 40.84479], [-73.92596, 40.84489], [-73.92662, 40.84504], [-73.92669, 40.84505], [-73.92677, 40.84507], [-73.92696, 40.84511], [-73.92706, 40.84514], [-73.9274, 40.84522], [-73.92778, 40.84532], [-73.92797, 40.84536], [-73.92808, 40.84539], [-73.92805, 40.84546], [-73.92787, 40.8456], [-73.92767, 40.84603], [-73.92763, 40.84602], [-73.92759, 40.84605], [-73.92755, 40.84609], [-73.92746, 40.84619], [-73.92742, 40.84625], [-73.92739, 40.84634], [-73.92737, 40.8464], [-73.92734, 40.84646], [-73.9273, 40.84651], [-73.92728, 40.84655], [-73.92722, 40.84659], [-73.92716, 40.84665], [-73.92702, 40.84682], [-73.92694, 40.84692], [-73.92688, 40.84704], [-73.92688, 40.8471], [-73.92686, 40.84719], [-73.92685, 40.84722], [-73.92683, 40.84729], [-73.92677, 40.84733], [-73.92676, 40.84734], [-73.9267, 40.84735], [-73.92663, 40.84739], [-73.92657, 40.84751], [-73.92652, 40.84756], [-73.92646, 40.84765], [-73.92641, 40.84773], [-73.9263, 40.84787], [-73.92619, 40.84796], [-73.92611, 40.84802], [-73.92603, 40.84807], [-73.92598, 40.84816], [-73.92594, 40.84827], [-73.92586, 40.84836], [-73.92577, 40.84842], [-73.92522, 40.84908], [-73.92465, 40.84978], [-73.92445, 40.85009], [-73.92422, 40.85057], [-73.92409, 40.85074], [-73.92385, 40.85118], [-73.92395, 40.85122], [-73.92352, 40.85184], [-73.92332, 40.85213], [-73.92256, 40.85319], [-73.92175, 40.85421], [-73.92154, 40.85411], [-73.92134, 40.85432], [-73.92149, 40.85449], [-73.92152, 40.85451], [-73.9208, 40.85538], [-73.92037, 40.85517], [-73.9203, 40.85525], [-73.92057, 40.85551], [-73.92055, 40.85562], [-73.92053, 40.85569], [-73.92044, 40.85575], [-73.92035, 40.85578], [-73.92029, 40.85584], [-73.92031, 40.85593], [-73.92002, 40.85627], [-73.91957, 40.85684], [-73.91902, 40.8574], [-73.91829, 40.85815], [-73.91811, 40.85831], [-73.91776, 40.85871], [-73.91721, 40.85893], [-73.91691, 40.85927], [-73.91581, 40.86047], [-73.91576, 40.86064], [-73.91487, 40.86169], [-73.91481, 40.86171], [-73.91472, 40.86185], [-73.91482, 40.8619], [-73.91477, 40.86195], [-73.91474, 40.86193], [-73.9147, 40.86195], [-73.91467, 40.86198], [-73.91463, 40.86202], [-73.91461, 40.86205], [-73.91461, 40.86207], [-73.91462, 40.8621], [-73.91429, 40.86243], [-73.91423, 40.86249], [-73.91343, 40.86214], [-73.91336, 40.86211], [-73.9133, 40.86209], [-73.91296, 40.86191], [-73.91279, 40.86187], [-73.91274, 40.86186], [-73.91266, 40.86185], [-73.91246, 40.86182], [-73.91208, 40.86177], [-73.91195, 40.86175], [-73.91181, 40.86173], [-73.91076, 40.86165], [-73.90987, 40.86231], [-73.90972, 40.86241], [-73.90956, 40.86249], [-73.9094, 40.86257], [-73.90922, 40.86263], [-73.90904, 40.86268], [-73.90905, 40.86254], [-73.90905, 40.86254], [-73.90905, 40.86254], [-73.90909, 40.8624], [-73.90909, 40.8624], [-73.90909, 40.8624], [-73.90915, 40.86226], [-73.90915, 40.86226], [-73.90915, 40.86226], [-73.90922, 40.86214], [-73.90922, 40.86214], [-73.90922, 40.86213], [-73.90932, 40.86202], [-73.90948, 40.86181], [-73.90948, 40.86181], [-73.90948, 40.86181]]]}}, {"type": "Feature", "properties": {"zone_id": 241, "zone": "Van Cortlandt Village", "borough": "Bronx", "demand": 30}, "geometry": {"type": "Polygon", "coordinates": [[[-73.8884, 40.88442], [-73.88759, 40.88426], [-73.88705, 40.88435], [-73.88704, 40.88404], [-73.88709, 40.8838], [-73.8871, 40.88373], [-73.88711, 40.88367], [-73.88712, 40.8832], [-73.88713, 40.88315], [-73.88715, 40.88312], [-73.88718, 40.88308], [-73.88723, 40.88305], [-73.88697, 40.8828], [-73.88694, 40.88268], [-73.88716, 40.88258], [-73.88707, 40.88248], [-73.88595, 40.88051], [-73.88583, 40.87991], [-73.88579, 40.87962], [-73.88576, 40.87931], [-73.88568, 40.87887], [-73.88774, 40.87703], [-73.88808, 40.87627], [-73.88824, 40.87589], [-73.88856, 40.8752], [-73.88937, 40.87338], [-73.88863, 40.87276], [-73.88858, 40.87272], [-73.88799, 40.87223], [-73.88785, 40.87211], [-73.88793, 40.87203], [-73.88834, 40.87171], [-73.88868, 40.87149], [-73.88884, 40.8714], [-73.8895, 40.87102], [-73.88992, 40.87078], [-73.89043, 40.87049], [-73.89099, 40.87016], [-73.89119, 40.87001], [-73.89139, 40.86985], [-73.89157, 40.86968], [-73.89175, 40.86951], [-73.89192, 40.8693], [-73.89221, 40.86891], [-73.89243, 40.86862], [-73.893, 40.86788], [-73.89368, 40.86698], [-73.89376, 40.86687], [-73.89397, 40.8666], [-73.89409, 40.86645], [-73.89432, 40.86615], [-73.89436, 40.86609], [-73.89438, 40.86607], [-73.89453, 40.86614], [-73.89536, 40.86656], [-73.89544, 40.8666], [-73.89631, 40.86704], [-73.8974, 40.86747], [-73.89656, 40.86856], [-73.89892, 40.86966], [-73.89907, 40.86952], [-73.89921, 40.86938], [-73.89934, 40.86923], [-73.89945, 40.86907], [-73.89953, 40.8689], [-73.8996, 40.86873], [-73.89965, 40.86855], [-73.89942, 40.86788], [-73.89996, 40.86802], [-73.90106, 40.86828], [-73.90236, 40.8687], [-73.90319, 40.86915], [-73.90375, 40.8696], [-73.90404, 40.86995], [-73.90442, 40.87036], [-73.90449, 40.87058], [-73.90443, 40.87224], [-73.90444, 40.87233], [-73.90444, 40.87233], [-73.90444, 40.87233], [-73.90447, 40.87241], [-73.90447, 40.87242], [-73.90447, 40.87242], [-73.90452, 40.87249], [-73.90452, 40.87249], [-73.90452, 40.87249], [-73.90459, 40.87256], [-73.90459, 40.87256], [-73.90459, 40.87256], [-73.90468, 40.87262], [-73.90571, 40.87314], [-73.90587, 40.87318], [-73.90591, 40.8732], [-73.90602, 40.87323], [-73.90608, 40.87324], [-73.90605, 40.87329], [-73.90557, 40.87423], [-73.90526, 40.87479], [-73.90525, 40.87482], [-73.90504, 40.87523], [-73.90484, 40.87564], [-73.90466, 40.87606], [-73.90449, 40.87648], [-73.90418, 40.87734], [-73.9039, 40.87812], [-73.90369, 40.8785], [-73.90334, 40.87897], [-73.90226, 40.88011], [-73.90151, 40.88095], [-73.89989, 40.88283], [-73.89914, 40.88369], [-73.89855, 40.88437], [-73.89843, 40.88447], [-73.89835, 40.88454], [-73.89808, 40.88478], [-73.89781, 40.885], [-73.8976, 40.88518], [-73.89711, 40.88557], [-73.89662, 40.88595], [-73.89652, 40.88594], [-73.89596, 40.88583], [-73.89508, 40.88564], [-73.89468, 40.88553], [-73.89289, 40.88526], [-73.89177, 40.88505], [-73.89081, 40.88487], [-73.88985, 40.88469], [-73.8889, 40.8845], [-73.8884, 40.88442]]]}}, {"type": "Feature", "properties": {"zone_id": 250, "zone": "Westchester Village/Unionport", "borough": "Bronx", "demand": 13}, "geometry": {"type": "Polygon", "coordinates": [[[-73.84553, 40.83917], [-73.84458, 40.83853], [-73.84392, 40.83909], [-73.84361, 40.83935], [-73.84306, 40.8398], [-73.84261, 40.84017], [-73.8424, 40.84035], [-73.84204, 40.84065], [-73.84189, 40.84062], [-73.84189, 40.84062], [-73.84189, 40.84062], [-73.84173, 40.8406], [-73.84173, 40.8406], [-73.84173, 40.8406], [-73.84157, 40.84059], [-73.84141, 40.8406], [-73.84125, 40.84062], [-73.83936, 40.84088], [-73.83957, 40.84055], [-73.83972, 40.83956], [-73.8403, 40.83952], [-73.84027, 40.83921], [-73.84022, 40.83914], [-73.84016, 40.83907], [-73.84017, 40.839], [-73.84015, 40.83894], [-73.84011, 40.83885], [-73.84003, 40.83886], [-73.84004, 40.83894], [-73.84003, 40.83895], [-73.84001, 40.83884], [-73.8401, 40.83883], [-73.84007, 40.83875], [-73.84011, 40.83863], [-73.84014, 40.83861], [-73.83996, 40.83829], [-73.84, 40.83825], [-73.83993, 40.8379], [-73.83992, 40.83782], [-73.83985, 40.83782], [-73.83986, 40.8379], [-73.83984, 40.8379], [-73.83983, 40.83769], [-73.83985, 40.83769], [-73.83985, 40.83779], [-73.83992, 40.83778], [-73.83995, 40.83758], [-73.83989, 40.83699], [-73.83984, 40.83688], [-73.83983, 40.83677], [-73.83986, 40.83668], [-73.83984, 40.83642], [-73.83984, 40.83612], [-73.83975, 40.83613], [-73.83978, 40.8363], [-73.83976, 40.8363], [-73.83973, 40.83613], [-73.8397, 40.83614], [-73.83969, 40.8361], [-73.83968, 40.8361], [-73.83968, 40.83613], [-73.83967, 40.83613], [-73.83966, 40.83607], [-73.83967, 40.83607], [-73.83967, 40.83608], [-73.83983, 40.83605], [-73.83982, 40.83602], [-73.83972, 40.83603], [-73.83971, 40.83602], [-73.83982, 40.836], [-73.83982, 40.83596], [-73.83972, 40.83596], [-73.83972, 40.83595], [-73.83981, 40.83594], [-73.83981, 40.83589], [-73.83976, 40.8359], [-73.83976, 40.83589], [-73.83981, 40.83587], [-73.8398, 40.83581], [-73.83965, 40.83583], [-73.8397, 40.83606], [-73.83968, 40.83606], [-73.83961, 40.83571], [-73.83963, 40.8357], [-73.83966, 40.8358], [-73.8398, 40.83579], [-73.83979, 40.83574], [-73.83966, 40.83576], [-73.83966, 40.83574], [-73.83979, 40.83573], [-73.83978, 40.83568], [-73.83969, 40.83569], [-73.83968, 40.83568], [-73.83978, 40.83566], [-73.83978, 40.83564], [-73.83979, 40.83562], [-73.83975, 40.83556], [-73.83972, 40.83548], [-73.83971, 40.83539], [-73.83968, 40.83531], [-73.83965, 40.83517], [-73.83963, 40.83509], [-73.83964, 40.83498], [-73.83962, 40.83493], [-73.83963, 40.83488], [-73.83965, 40.83484], [-73.83965, 40.83484], [-73.83959, 40.83456], [-73.83958, 40.83449], [-73.83953, 40.83437], [-73.83957, 40.83423], [-73.83959, 40.83404], [-73.83976, 40.83372], [-73.83978, 40.83367], [-73.83992, 40.83332], [-73.84018, 40.83304], [-73.84074, 40.8326], [-73.84113, 40.83229], [-73.84182, 40.83173], [-73.84221, 40.83155], [-73.84234, 40.8313], [-73.84253, 40.83112], [-73.84263, 40.831], [-73.84276, 40.83082], [-73.8427, 40.83074], [-73.84294, 40.83012], [-73.84305, 40.8301], [-73.84309, 40.83002], [-73.8431, 40.82996], [-73.84302, 40.82996], [-73.84305, 40.82976], [-73.84311, 40.82979], [-73.84304, 40.82931], [-73.84303, 40.82893], [-73.84299, 40.82883], [-73.84295, 40.8287], [-73.84292, 40.82862], [-73.8429, 40.82857], [-73.8431, 40.82853], [-73.84371, 40.82844], [-73.84391, 40.82841], [-73.84389, 40.82835], [-73.84386, 40.8282], [-73.84385, 40.82817], [-73.84384, 40.8281], [-73.84381, 40.82796], [-73.84379, 40.82789], [-73.84376, 40.82778], [-73.84374, 40.82773], [-73.84373, 40.82767], [-73.84359, 40.827], [-73.84341, 40.82628], [-73.84325, 40.82555], [-73.84307, 40.82482], [-73.8429, 40.82408], [-73.84596, 40.82367], [-73.84902, 40.82326], [-73.85208, 40.82285], [-73.85514, 40.82244], [-73.85531, 40.82319], [-73.85549, 40.82391], [-73.85565, 40.82463], [-73.85589, 40.82567], [-73.85597, 40.82606], [-73.8562, 40.82604], [-73.85622, 40.82616], [-73.85626, 40.82633], [-73.85627, 40.82639], [-73.85629, 40.82648], [-73.85633, 40.82662], [-73.85636, 40.82675], [-73.85615, 40.82677], [-73.85633, 40.82751], [-73.85638, 40.82775], [-73.85642, 40.8279], [-73.85649, 40.82822], [-73.85666, 40.82894], [-73.85682, 40.82966], [-73.85699, 40.83038], [-73.85716, 40.8311], [-73.85732, 40.83182], [-73.85738, 40.83205], [-73.85738, 40.83213], [-73.85739, 40.83225], [-73.85739, 40.8323], [-73.85766, 40.83238], [-73.85848, 40.83263], [-73.85912, 40.83282], [-73.85935, 40.83289], [-73.86008, 40.83311], [-73.86033, 40.8332], [-73.86034, 40.83325], [-73.85984, 40.83334], [-73.85906, 40.83341], [-73.85773, 40.83356], [-73.85465, 40.83389], [-73.85347, 40.83401], [-73.85281, 40.83408], [-73.85189, 40.83418], [-73.85168, 40.8342], [-73.85186, 40.83478], [-73.85207, 40.83562], [-73.85221, 40.83635], [-73.85233, 40.83701], [-73.85248, 40.83778], [-73.85266, 40.83878], [-73.85287, 40.83985], [-73.85304, 40.84073], [-73.85309, 40.84105], [-73.85334, 40.84247], [-73.85231, 40.84259], [-73.8518, 40.84265], [-73.85121, 40.84271], [-73.85089, 40.84275], [-73.85052, 40.84279], [-73.84899, 40.8416], [-73.84796, 40.84083], [-73.8478, 40.8407], [-73.84716, 40.84026], [-73.84648, 40.83981], [-73.84553, 40.83917]]]}}, {"type": "Feature", "properties": {"zone_id": 254, "zone": "Williamsbridge/Olinville", "borough": "Bronx", "demand": 22}, "geometry": {"type": "Polygon", "coordinates": [[[-73.85187, 40.87906], [-73.85138, 40.87848], [-73.85092, 40.87789], [-73.85211, 40.8773], [-73.85255, 40.87709], [-73.85172, 40.87684], [-73.85093, 40.87583], [-73.85069, 40.87549], [-73.85143, 40.87499], [-73.85206, 40.8745], [-73.85215, 40.87443], [-73.85278, 40.87395], [-73.85362, 40.87331], [-73.85364, 40.8733], [-73.85451, 40.87358], [-73.85552, 40.8739], [-73.85577, 40.87398], [-73.85651, 40.87422], [-73.85655, 40.87303], [-73.85661, 40.87125], [-73.85755, 40.87127], [-73.85849, 40.87128], [-73.85943, 40.8713], [-73.86037, 40.87132], [-73.86138, 40.87134], [-73.86239, 40.87136], [-73.86333, 40.87137], [-73.86427, 40.87139], [-73.86521, 40.87141], [-73.86614, 40.87142], [-73.86716, 40.87144], [-73.86826, 40.87146], [-73.86935, 40.87148], [-73.87056, 40.87151], [-73.87038, 40.87328], [-73.87031, 40.87534], [-73.87032, 40.87562], [-73.87032, 40.87574], [-73.87031, 40.87583], [-73.8703, 40.87593], [-73.87029, 40.87603], [-73.87026, 40.87612], [-73.87023, 40.87622], [-73.8702, 40.87631], [-73.87018, 40.87635], [-73.87015, 40.87642], [-73.87005, 40.87667], [-73.86949, 40.87799], [-73.86943, 40.87813], [-73.86925, 40.87843], [-73.86922, 40.87846], [-73.86919, 40.8785], [-73.86911, 40.87855], [-73.86903, 40.87858], [-73.86894, 40.87859], [-73.86885, 40.87859], [-73.86812, 40.88006], [-73.86705, 40.88225], [-73.86605, 40.88429], [-73.86604, 40.88436], [-73.86604, 40.88436], [-73.86604, 40.88436], [-73.86604, 40.88443], [-73.86604, 40.88443], [-73.86604, 40.88443], [-73.86606, 40.88451], [-73.86606, 40.88451], [-73.86606, 40.88451], [-73.8661, 40.88457], [-73.86616, 40.88468], [-73.86616, 40.88468], [-73.86616, 40.88468], [-73.86622, 40.88479], [-73.86625, 40.88491], [-73.86627, 40.88503], [-73.86627, 40.88503], [-73.86627, 40.88503], [-73.86627, 40.88515], [-73.86625, 40.88526], [-73.86625, 40.88527], [-73.86625, 40.88527], [-73.86621, 40.88538], [-73.86538, 40.88688], [-73.8646, 40.8883], [-73.86381, 40.88972], [-73.86304, 40.89112], [-73.86276, 40.89162], [-73.8628, 40.89172], [-73.86275, 40.89184], [-73.86225, 40.89267], [-73.86216, 40.89283], [-73.86198, 40.89316], [-73.86193, 40.89329], [-73.86149, 40.89428], [-73.86141, 40.89454], [-73.86136, 40.89466], [-73.86071, 40.89537], [-73.85983, 40.89508], [-73.85696, 40.89417], [-73.85736, 40.89341], [-73.85566, 40.89285], [-73.85525, 40.89272], [-73.85449, 40.89248], [-73.8534, 40.89213], [-73.85183, 40.89163], [-73.8515, 40.89153], [-73.85069, 40.8913], [-73.8504, 40.8912], [-73.84874, 40.89065], [-73.84741, 40.89022], [-73.84633, 40.88988], [-73.84591, 40.88974], [-73.84626, 40.8891], [-73.84646, 40.88875], [-73.84665, 40.88839], [-73.84705, 40.88767], [-73.84744, 40.88698], [-73.84749, 40.88691], [-73.84786, 40.88636], [-73.8479, 40.8863], [-73.84799, 40.88617], [-73.84802, 40.88612], [-73.84805, 40.88608], [-73.84809, 40.88601], [-73.84814, 40.88595], [-73.84817, 40.8859], [-73.84821, 40.88584], [-73.84825, 40.88578], [-73.84829, 40.88573], [-73.84832, 40.88567], [-73.84836, 40.88561], [-73.84846, 40.88546], [-73.84876, 40.885], [-73.84882, 40.88492], [-73.84928, 40.88424], [-73.84973, 40.88356], [-73.8502, 40.88287], [-73.85065, 40.88219], [-73.85111, 40.88151], [-73.85157, 40.88082], [-73.85203, 40.88014], [-73.85248, 40.87946], [-73.85207, 40.8793], [-73.85187, 40.87906]]]}}, {"type": "Feature", "properties": {"zone_id": 257, "zone": "Windsor Terrace", "borough": "Brooklyn", "demand": 38}, "geometry": {"type": "Polygon", "coordinates": [[[-73.97984, 40.66073], [-73.97984, 40.66073], [-73.97984, 40.66073], [-73.97976, 40.66074], [-73.97976, 40.66074], [-73.97976, 40.66074], [-73.97968, 40.66077], [-73.97968, 40.66077], [-73.97968, 40.66077], [-73.97962, 40.66081], [-73.97962, 40.66081], [-73.97962, 40.66081], [-73.97958, 40.66085], [-73.97751, 40.65986], [-73.97516, 40.65872], [-73.97448, 40.65834], [-73.97437, 40.65819], [-73.97427, 40.65803], [-73.97418, 40.65786], [-73.97418, 40.65786], [-73.97412, 40.65769], [-73.97407, 40.65752], [-73.97407, 40.65752], [-73.97407, 40.65752], [-73.97404, 40.65735], [-73.97379, 40.65639], [-73.97355, 40.65564], [-73.97327, 40.65465], [-73.97305, 40.65391], [-73.97268, 40.65264], [-73.97233, 40.6514], [-73.97252, 40.65131], [-73.97266, 40.65117], [-73.97267, 40.65112], [-73.97268, 40.65107], [-73.97268, 40.65102], [-73.97267, 40.65096], [-73.97266, 40.65091], [-73.97263, 40.65086], [-73.97253, 40.65075], [-73.97234, 40.65066], [-73.97211, 40.65066], [-73.97191, 40.65005], [-73.97156, 40.64882], [-73.9714, 40.64826], [-73.97121, 40.64762], [-73.97084, 40.64638], [-73.97174, 40.646], [-73.97209, 40.64586], [-73.9731, 40.64545], [-73.97414, 40.64503], [-73.97442, 40.64491], [-73.97464, 40.64481], [-73.97467, 40.64493], [-73.97475, 40.64526], [-73.97483, 40.64566], [-73.97592, 40.64554], [-73.97685, 40.64544], [-73.97777, 40.64534], [-73.97819, 40.64753], [-73.97912, 40.64743], [-73.98029, 40.6473], [-73.98036, 40.64769], [-73.98071, 40.64952], [-73.98105, 40.6513], [-73.98111, 40.65159], [-73.9813, 40.65264], [-73.98145, 40.65342], [-73.9818, 40.65525], [-73.98402, 40.65659], [-73.98623, 40.65792], [-73.98843, 40.65925], [-73.98784, 40.65982], [-73.98745, 40.66019], [-73.98731, 40.66033], [-73.98725, 40.66038], [-73.98713, 40.66037], [-73.98688, 40.66037], [-73.98681, 40.66024], [-73.98671, 40.66012], [-73.9866, 40.66001], [-73.98648, 40.65991], [-73.98509, 40.65901], [-73.98448, 40.6596], [-73.98392, 40.66014], [-73.98324, 40.66094], [-73.98273, 40.66154], [-73.98223, 40.66214], [-73.98017, 40.66115], [-73.98021, 40.66111], [-73.98021, 40.66111], [-73.98021, 40.66111], [-73.98023, 40.66105], [-73.98023, 40.66105], [-73.98023, 40.66105], [-73.98023, 40.66099], [-73.98023, 40.66098], [-73.98023, 40.66098], [-73.98021, 40.66092], [-73.98021, 40.66092], [-73.98021, 40.66092], [-73.98017, 40.66087], [-73.98017, 40.66087], [-73.98017, 40.66087], [-73.98012, 40.66082], [-73.98012, 40.66082], [-73.98012, 40.66082], [-73.98006, 40.66079], [-73.98, 40.66076], [-73.98, 40.66076], [-73.98, 40.66076], [-73.97993, 40.66073], [-73.97993, 40.66073], [-73.97993, 40.66073], [-73.97984, 40.66073]]]}}]}