{"type": "FeatureCollection", "features": [{"type": "Feature", "properties": {"zone_id": 17, "zone": "Bedford", "borough": "Brooklyn", "demand": 207}, "geometry": {"type": "Polygon", "coordinates": [[[-73.94306, 40.70142], [-73.9422, 40.70089], [-73.94193, 40.70072], [-73.94439, 40.70042], [-73.94424, 40.6997], [-73.9441, 40.69897], [-73.94395, 40.69822], [-73.94392, 40.69806], [-73.9438, 40.69747], [-73.94378, 40.69737], [-73.94374, 40.69715], [-73.94372, 40.69706], [-73.94368, 40.69685], [-73.94364, 40.69661], [-73.94362, 40.69653], [-73.94356, 40.69619], [-73.94354, 40.69611], [-73.94353, 40.69603], [-73.94339, 40.69529], [-73.94324, 40.69456], [-73.94313, 40.69397], [-73.94311, 40.69389], [-73.9431, 40.69382], [-73.94295, 40.69309], [-73.94281, 40.69236], [-73.94266, 40.69162], [-73.94252, 40.69089], [-73.94237, 40.69016], [-73.94222, 40.68943], [-73.94208, 40.6887], [-73.94193, 40.68796], [-73.94179, 40.68723], [-73.94164, 40.6865], [-73.94149, 40.68576], [-73.94135, 40.68503], [-73.9412, 40.6843], [-73.94106, 40.68357], [-73.94091, 40.68283], [-73.94077, 40.6821], [-73.94062, 40.68137], [-73.94048, 40.68064], [-73.94033, 40.67989], [-73.94121, 40.67994], [-73.94326, 40.68005], [-73.94397, 40.68009], [-73.94627, 40.68021], [-73.94675, 40.68024], [-73.94773, 40.68029], [-73.94956, 40.68039], [-73.95116, 40.68048], [-73.95156, 40.6805], [-73.95337, 40.68064], [-73.95352, 40.68138], [-73.95366, 40.68211], [-73.95381, 40.68285], [-73.95395, 40.68358], [-73.9541, 40.68431], [-73.95425, 40.68505], [-73.95439, 40.68578], [-73.95454, 40.68651], [-73.95468, 40.68724], [-73.95684, 40.687], [-73.95957, 40.68668], [-73.95971, 40.68742], [-73.95986, 40.68815], [-73.96001, 40.68888], [-73.9601, 40.68934], [-73.96012, 40.68947], [-73.96017, 40.68973], [-73.96019, 40.6898], [-73.96022, 40.68999], [-73.96024, 40.69006], [-73.96029, 40.69035], [-73.96014, 40.69036], [-73.96008, 40.69037], [-73.95958, 40.69043], [-73.95943, 40.69045], [-73.95935, 40.69046], [-73.95928, 40.69046], [-73.95899, 40.6905], [-73.95887, 40.69051], [-73.95858, 40.69055], [-73.95818, 40.69059], [-73.95809, 40.6906], [-73.95727, 40.69069], [-73.95636, 40.6908], [-73.95541, 40.69091], [-73.95583, 40.69299], [-73.95614, 40.69458], [-73.95709, 40.69447], [-73.958, 40.69437], [-73.95931, 40.69421], [-73.96016, 40.69412], [-73.96062, 40.69632], [-73.96093, 40.69774], [-73.96105, 40.69833], [-73.9602, 40.69846], [-73.95886, 40.69868], [-73.95796, 40.69882], [-73.95702, 40.69897], [-73.95717, 40.69971], [-73.95723, 40.7], [-73.95746, 40.70082], [-73.95572, 40.70195], [-73.95381, 40.70318], [-73.95318, 40.70262], [-73.95255, 40.70205], [-73.95192, 40.70149], [-73.95129, 40.70092], [-73.95027, 40.70158], [-73.94938, 40.70216], [-73.94754, 40.70335], [-73.94705, 40.70366], [-73.94625, 40.70321], [-73.94585, 40.70299], [-73.94545, 40.70276], [-73.94464, 40.70231], [-73.94431, 40.70213], [-73.944, 40.70196], [-73.94382, 40.70186], [-73.94323, 40.70152], [-73.94306, 40.70142]]]}}, {"type": "Feature", "properties": {"zone_id": 24, "zone": "Bloomingdale", "borough": "Manhattan", "demand": 697}, "geometry": {"type": "Polygon", "coordinates": [[[-73.95954, 40.79872], [-73.96004, 40.79804], [-73.96148, 40.79865], [-73.96287, 40.79924], [-73.96571, 40.80044], [-73.96776, 40.8013], [-73.96787, 40.80135], [-73.96798, 40.8014], [-73.96858, 40.80163], [-73.97005, 40.80226], [-73.97022, 40.80234], [-73.97027, 40.80236], [-73.97033, 40.80238], [-73.9715, 40.80284], [-73.9725, 40.80322], [-73.97258, 40.80325], [-73.97266, 40.80328], [-73.9728, 40.80333], [-73.97287, 40.80336], [-73.97255, 40.8038], [-73.97217, 40.80432], [-73.97205, 40.80453], [-73.97195, 40.80462], [-73.97182, 40.80472], [-73.9718, 40.80479], [-73.97171, 40.80493], [-73.97162, 40.80504], [-73.97161, 40.8051], [-73.97144, 40.80533], [-73.97129, 40.80553], [-73.97111, 40.80579], [-73.97099, 40.80574], [-73.97084, 40.80568], [-73.97076, 40.80566], [-73.97069, 40.80563], [-73.96979, 40.8053], [-73.96861, 40.80487], [-73.96856, 40.80485], [-73.96849, 40.80483], [-73.96805, 40.80468], [-73.9668, 40.80421], [-73.9667, 40.80417], [-73.9666, 40.80412], [-73.96386, 40.80297], [-73.96108, 40.8018], [-73.95965, 40.80116], [-73.95848, 40.80067], [-73.95817, 40.80058], [-73.95833, 40.80036], [-73.95862, 40.79998], [-73.95908, 40.79935], [-73.95954, 40.79872]]]}}, {"type": "Feature", "properties": {"zone_id": 25, "zone": "Boerum Hill", "borough": "Brooklyn", "demand": 397}, "geometry": {"type": "Polygon", "coordinates": [[[-73.98155, 40.68915], [-73.98102, 40.68894], [-73.98093, 40.6889], [-73.98084, 40.68876], [-73.98069, 40.68852], [-73.98065, 40.68846], [-73.98013, 40.68775], [-73.97984, 40.68734], [-73.97959, 40.687], [-73.97936, 40.68668], [-73.97909, 40.68629], [-73.97899, 40.68616], [-73.97827, 40.6852], [-73.97804, 40.68486], [-73.97839, 40.68442], [-73.97843, 40.68436], [-73.97876, 40.68376], [-73.97918, 40.68313], [-73.97962, 40.68249], [-73.98004, 40.68185], [-73.98046, 40.68122], [-73.98089, 40.68059], [-73.98132, 40.67995], [-73.98176, 40.67931], [-73.98186, 40.67935], [-73.98414, 40.68024], [-73.9861, 40.68101], [-73.98653, 40.68037], [-73.98729, 40.68067], [-73.98767, 40.68082], [-73.98722, 40.68145], [-73.98827, 40.68186], [-73.99042, 40.68269], [-73.99262, 40.68354], [-73.9949, 40.68443], [-73.99458, 40.6851], [-73.99441, 40.68545], [-73.99425, 40.68578], [-73.99409, 40.68611], [-73.99393, 40.68645], [-73.99379, 40.68676], [-73.9936, 40.68713], [-73.99334, 40.68768], [-73.99327, 40.68782], [-73.993, 40.68836], [-73.99293, 40.68851], [-73.99269, 40.68903], [-73.99262, 40.68916], [-73.99236, 40.68969], [-73.99071, 40.68914], [-73.99054, 40.68917], [-73.99017, 40.68973], [-73.98974, 40.69036], [-73.98931, 40.69099], [-73.9893, 40.69106], [-73.98903, 40.69212], [-73.98893, 40.69209], [-73.98821, 40.69181], [-73.98735, 40.69146], [-73.98646, 40.6911], [-73.98633, 40.69105], [-73.98536, 40.69067], [-73.9851, 40.69056], [-73.98443, 40.69029], [-73.98407, 40.69014], [-73.98372, 40.69001], [-73.98296, 40.6897], [-73.9821, 40.68936], [-73.98155, 40.68915]]]}}, {"type": "Feature", "properties": {"zone_id": 33, "zone": "Brooklyn Heights", "borough": "Brooklyn", "demand": 231}, "geometry": {"type": "Polygon", "coordinates": [[[-73.99619, 40.70338], [-73.99514, 40.70297], [-73.99506, 40.7031], [-73.99505, 40.70313], [-73.99491, 40.70305], [-73.99471, 40.70299], [-73.99444, 40.70291], [-73.99418, 40.70282], [-73.99381, 40.70267], [-73.99325, 40.70241], [-73.99286, 40.7022], [-73.99261, 40.70206], [-73.99233, 40.70185], [-73.99222, 40.70177], [-73.99211, 40.70169], [-73.99207, 40.70166], [-73.99203, 40.70163], [-73.99194, 40.70156], [-73.99126, 40.70103], [-73.99093, 40.70077], [-73.99087, 40.70067], [-73.99084, 40.70057], [-73.99082, 40.70046], [-73.99082, 40.70035], [-73.99084, 40.70028], [-73.99103, 40.69985], [-73.99124, 40.69937], [-73.99128, 40.69923], [-73.99132, 40.6991], [-73.99135, 40.69896], [-73.99138, 40.69883], [-73.9914, 40.69869], [-73.99142, 40.69856], [-73.99143, 40.69842], [-73.99143, 40.69828], [-73.99142, 40.69778], [-73.99137, 40.69701], [-73.99128, 40.69659], [-73.99121, 40.69636], [-73.99119, 40.69629], [-73.99116, 40.6962], [-73.99081, 40.69503], [-73.99067, 40.69457], [-73.99044, 40.69383], [-73.99045, 40.69372], [-73.99059, 40.69339], [-73.99073, 40.69305], [-73.99085, 40.6928], [-73.99097, 40.69255], [-73.99067, 40.6925], [-73.98947, 40.6923], [-73.98911, 40.69215], [-73.98903, 40.69212], [-73.9893, 40.69106], [-73.98931, 40.69099], [-73.98974, 40.69036], [-73.99017, 40.68973], [-73.99054, 40.68917], [-73.99071, 40.68914], [-73.99236, 40.68969], [-73.99436, 40.69024], [-73.99623, 40.69076], [-73.99777, 40.69119], [-73.99803, 40.69125], [-73.99843, 40.69136], [-73.9991, 40.69154], [-73.9992, 40.69157], [-73.99929, 40.69159], [-73.99937, 40.69161], [-73.99951, 40.69165], [-73.99992, 40.69177], [-74.00021, 40.69185], [-74.00032, 40.69187], [-74.00111, 40.69206], [-74.0017, 40.69238], [-74.00174, 40.69241], [-74.00154, 40.69279], [-74.00127, 40.6933], [-74.00096, 40.69407], [-74.00301, 40.69478], [-74.00264, 40.69536], [-74.0024, 40.69571], [-74.00027, 40.69497], [-73.99988, 40.6956], [-73.99946, 40.69628], [-73.99942, 40.69635], [-73.99941, 40.69636], [-73.99952, 40.69657], [-74.00049, 40.69693], [-74.00043, 40.69705], [-73.99959, 40.69678], [-73.99953, 40.69688], [-73.99959, 40.6969], [-73.99955, 40.69694], [-73.99941, 40.69688], [-73.9995, 40.69673], [-73.99947, 40.6967], [-73.99929, 40.69679], [-73.99918, 40.69688], [-73.999, 40.69681], [-73.99894, 40.69694], [-73.99887, 40.69692], [-73.99876, 40.69712], [-73.99887, 40.69716], [-74.00105, 40.69791], [-74.00049, 40.69876], [-73.99838, 40.69806], [-73.99802, 40.69876], [-74.00002, 40.69947], [-73.99947, 40.70032], [-73.9975, 40.69964], [-73.99737, 40.69963], [-73.99716, 40.69979], [-73.99718, 40.69999], [-73.99718, 40.70011], [-73.99724, 40.70014], [-73.9967, 40.70088], [-73.99682, 40.70099], [-73.99753, 40.70123], [-73.99776, 40.70136], [-73.9978, 40.70132], [-73.99814, 40.70152], [-73.99619, 40.70338]]]}}, {"type": "Feature", "properties": {"zone_id": 36, "zone": "Bushwick North", "borough": "Brooklyn", "demand": 275}, "geometry": {"type": "Polygon", "coordinates": [[[-73.91255, 40.70387], [-73.91181, 40.70343], [-73.9129, 40.70236], [-73.91216, 40.70192], [-73.91142, 40.70149], [-73.91068, 40.70105], [-73.91181, 40.69994], [-73.91103, 40.69953], [-73.90953, 40.69867], [-73.90877, 40.69825], [-73.90802, 40.69782], [-73.90757, 40.69757], [-73.90727, 40.6974], [-73.90685, 40.69716], [-73.90652, 40.69698], [-73.90612, 40.69675], [-73.90577, 40.69655], [-73.9054, 40.69635], [-73.905, 40.69612], [-73.90466, 40.69593], [-73.90426, 40.6957], [-73.9048, 40.69515], [-73.90491, 40.69507], [-73.9058, 40.69413], [-73.90504, 40.6937], [-73.90429, 40.69328], [-73.90387, 40.69304], [-73.90354, 40.69285], [-73.90279, 40.69242], [-73.90207, 40.692], [-73.90171, 40.69166], [-73.90149, 40.69156], [-73.90123, 40.69144], [-73.9018, 40.69077], [-73.90406, 40.68855], [-73.9042, 40.68858], [-73.90447, 40.68867], [-73.90483, 40.68881], [-73.90504, 40.68893], [-73.90579, 40.68936], [-73.90654, 40.68979], [-73.90729, 40.69022], [-73.90804, 40.69065], [-73.9088, 40.69107], [-73.90955, 40.6915], [-73.9103, 40.69193], [-73.91105, 40.69236], [-73.91181, 40.69278], [-73.91255, 40.69321], [-73.91331, 40.69363], [-73.91406, 40.69407], [-73.91481, 40.6945], [-73.91502, 40.69462], [-73.91507, 40.69464], [-73.91556, 40.69492], [-73.91631, 40.69535], [-73.91655, 40.69549], [-73.91661, 40.69552], [-73.91671, 40.69558], [-73.91677, 40.69561], [-73.91686, 40.69566], [-73.91692, 40.6957], [-73.91707, 40.69578], [-73.91729, 40.6959], [-73.91736, 40.69595], [-73.91743, 40.69599], [-73.91751, 40.69603], [-73.91761, 40.69609], [-73.9177, 40.69614], [-73.91782, 40.69621], [-73.91801, 40.69632], [-73.91812, 40.69638], [-73.91825, 40.69645], [-73.91835, 40.69651], [-73.91842, 40.69655], [-73.91849, 40.69659], [-73.91856, 40.69663], [-73.91932, 40.69706], [-73.91957, 40.6972], [-73.91961, 40.69722], [-73.92007, 40.69749], [-73.92043, 40.69769], [-73.9205, 40.69773], [-73.92082, 40.69792], [-73.92157, 40.69834], [-73.92176, 40.69845], [-73.92233, 40.69877], [-73.92269, 40.69898], [-73.92308, 40.6992], [-73.92383, 40.69963], [-73.92458, 40.70005], [-73.92533, 40.70048], [-73.92608, 40.70091], [-73.92684, 40.70133], [-73.92759, 40.70176], [-73.92834, 40.70219], [-73.92909, 40.70262], [-73.92984, 40.70305], [-73.93059, 40.70347], [-73.93116, 40.70377], [-73.93173, 40.70355], [-73.9327, 40.70317], [-73.93281, 40.70358], [-73.93293, 40.70399], [-73.93301, 40.70428], [-73.93313, 40.7047], [-73.9332, 40.70497], [-73.93332, 40.70539], [-73.9334, 40.70567], [-73.93351, 40.70609], [-73.93359, 40.70637], [-73.93371, 40.70679], [-73.93379, 40.70707], [-73.93392, 40.70749], [-73.9323, 40.70775], [-73.93207, 40.70779], [-73.92903, 40.70828], [-73.92741, 40.70854], [-73.92576, 40.7088], [-73.92419, 40.70906], [-73.92248, 40.70933], [-73.92189, 40.7094], [-73.92143, 40.70913], [-73.9207, 40.70869], [-73.91996, 40.70826], [-73.91956, 40.70802], [-73.91922, 40.70781], [-73.91884, 40.7076], [-73.91848, 40.70738], [-73.9181, 40.70716], [-73.91808, 40.70715], [-73.91774, 40.70694], [-73.91737, 40.70672], [-73.917, 40.7065], [-73.91665, 40.7063], [-73.91661, 40.70627], [-73.91625, 40.70606], [-73.9159, 40.70585], [-73.91551, 40.70563], [-73.91477, 40.70519], [-73.91403, 40.70475], [-73.91329, 40.70431], [-73.91255, 40.70387]]]}}, {"type": "Feature", "properties": {"zone_id": 37, "zone": "Bushwick South", "borough": "Brooklyn", "demand": 424}, "geometry": {"type": "Polygon", "coordinates": [[[-73.93313, 40.7047], [-73.93301, 40.70428], [-73.93293, 40.70399], [-73.93281, 40.70358], [-73.9327, 40.70317], [-73.93173, 40.70355], [-73.93116, 40.70377], [-73.93059, 40.70347], [-73.92984, 40.70305], [-73.92909, 40.70262], [-73.92834, 40.70219], [-73.92759, 40.70176], [-73.92684, 40.70133], [-73.92608, 40.70091], [-73.92533, 40.70048], [-73.92458, 40.70005], [-73.92383, 40.69963], [-73.92308, 40.6992], [-73.92269, 40.69898], [-73.92233, 40.69877], [-73.92176, 40.69845], [-73.92157, 40.69834], [-73.92082, 40.69792], [-73.9205, 40.69773], [-73.92043, 40.69769], [-73.92007, 40.69749], [-73.91961, 40.69722], [-73.91957, 40.6972], [-73.91932, 40.69706], [-73.91856, 40.69663], [-73.91849, 40.69659], [-73.91842, 40.69655], [-73.91835, 40.69651], [-73.91825, 40.69645], [-73.91812, 40.69638], [-73.91801, 40.69632], [-73.91782, 40.69621], [-73.9177, 40.69614], [-73.91761, 40.69609], [-73.91751, 40.69603], [-73.91743, 40.69599], [-73.91736, 40.69595], [-73.91729, 40.6959], [-73.91707, 40.69578], [-73.91692, 40.6957], [-73.91686, 40.69566], [-73.91677, 40.69561], [-73.91671, 40.69558], [-73.91661, 40.69552], [-73.91655, 40.69549], [-73.91631, 40.69535], [-73.91556, 40.69492], [-73.91507, 40.69464], [-73.91502, 40.69462], [-73.91481, 40.6945], [-73.91406, 40.69407], [-73.91331, 40.69363], [-73.91255, 40.69321], [-73.91181, 40.69278], [-73.91105, 40.69236], [-73.9103, 40.69193], [-73.90955, 40.6915], [-73.9088, 40.69107], [-73.90804, 40.69065], [-73.90729, 40.69022], [-73.90654, 40.68979], [-73.90579, 40.68936], [-73.90504, 40.68893], [-73.90483, 40.68881], [-73.90447, 40.68867], [-73.9042, 40.68858], [-73.90406, 40.68855], [-73.9018, 40.69077], [-73.90042, 40.68818], [-73.90116, 40.68788], [-73.89653, 40.6824], [-73.89647, 40.68234], [-73.89653, 40.682], [-73.89658, 40.68157], [-73.89664, 40.68156], [-73.89675, 40.68149], [-73.89687, 40.68089], [-73.89692, 40.68078], [-73.89698, 40.68067], [-73.89704, 40.68056], [-73.89712, 40.68046], [-73.8972, 40.68035], [-73.89729, 40.68026], [-73.89739, 40.68016], [-73.89749, 40.68007], [-73.89767, 40.67997], [-73.89786, 40.67987], [-73.89806, 40.67979], [-73.89827, 40.67972], [-73.89849, 40.67967], [-73.89871, 40.67963], [-73.8989, 40.67956], [-73.8997, 40.67954], [-73.90047, 40.67953], [-73.90075, 40.67968], [-73.90262, 40.68066], [-73.90359, 40.67967], [-73.90405, 40.67922], [-73.90457, 40.67951], [-73.90479, 40.67964], [-73.90541, 40.67999], [-73.90549, 40.68004], [-73.90555, 40.68007], [-73.90566, 40.68014], [-73.90628, 40.68051], [-73.90672, 40.68077], [-73.90702, 40.68095], [-73.90777, 40.68138], [-73.90852, 40.6818], [-73.90886, 40.68199], [-73.90906, 40.6821], [-73.90927, 40.68223], [-73.91002, 40.68266], [-73.91077, 40.68309], [-73.91151, 40.6835], [-73.91227, 40.68393], [-73.91304, 40.68437], [-73.91331, 40.68452], [-73.9138, 40.6848], [-73.91454, 40.68523], [-73.9147, 40.68532], [-73.91529, 40.68564], [-73.9155, 40.68576], [-73.91605, 40.68607], [-73.91661, 40.68639], [-73.9168, 40.6865], [-73.91755, 40.68693], [-73.91768, 40.687], [-73.91805, 40.68721], [-73.91829, 40.68736], [-73.91878, 40.68763], [-73.91906, 40.68778], [-73.91981, 40.68821], [-73.92055, 40.68864], [-73.92096, 40.68887], [-73.92121, 40.68902], [-73.92131, 40.68907], [-73.92207, 40.68949], [-73.92281, 40.68992], [-73.92317, 40.69012], [-73.92364, 40.6904], [-73.92429, 40.69077], [-73.92439, 40.69083], [-73.92536, 40.69137], [-73.92556, 40.69149], [-73.92632, 40.69193], [-73.92645, 40.692], [-73.92707, 40.69235], [-73.92751, 40.6926], [-73.92781, 40.69277], [-73.92804, 40.6929], [-73.92851, 40.69317], [-73.92864, 40.69324], [-73.92883, 40.69335], [-73.92883, 40.69335], [-73.9297, 40.69386], [-73.93051, 40.69432], [-73.93115, 40.69467], [-73.93146, 40.69485], [-73.93177, 40.69503], [-73.93193, 40.69511], [-73.93237, 40.69536], [-73.93312, 40.69579], [-73.93383, 40.69618], [-73.93413, 40.69636], [-73.93449, 40.69656], [-73.93458, 40.69661], [-73.93461, 40.69663], [-73.93469, 40.69667], [-73.9348, 40.69674], [-73.93522, 40.69699], [-73.93601, 40.69741], [-73.93639, 40.69761], [-73.93676, 40.69783], [-73.93739, 40.69819], [-73.93777, 40.6984], [-73.93818, 40.69864], [-73.93857, 40.69885], [-73.93896, 40.6988], [-73.93906, 40.69879], [-73.93952, 40.69873], [-73.93961, 40.69872], [-73.94002, 40.69867], [-73.94011, 40.69866], [-73.94051, 40.69862], [-73.94059, 40.69861], [-73.94072, 40.69859], [-73.94081, 40.69858], [-73.94115, 40.69854], [-73.94177, 40.69847], [-73.94185, 40.69846], [-73.94247, 40.69839], [-73.94254, 40.69838], [-73.94292, 40.69834], [-73.943, 40.69833], [-73.94395, 40.69822], [-73.9441, 40.69897], [-73.94424, 40.6997], [-73.94439, 40.70042], [-73.94193, 40.70072], [-73.94042, 40.70108], [-73.94054, 40.7018], [-73.9406, 40.70214], [-73.94062, 40.70225], [-73.94068, 40.70259], [-73.94076, 40.70313], [-73.94078, 40.70322], [-73.94089, 40.70391], [-73.94103, 40.70464], [-73.94168, 40.70457], [-73.94177, 40.70456], [-73.94214, 40.70453], [-73.94221, 40.70452], [-73.94273, 40.70447], [-73.94285, 40.70518], [-73.94297, 40.70589], [-73.94309, 40.7066], [-73.9432, 40.70733], [-73.94332, 40.70807], [-73.94344, 40.70878], [-73.94354, 40.70942], [-73.94356, 40.7095], [-73.94357, 40.70958], [-73.94359, 40.70966], [-73.94368, 40.71022], [-73.94369, 40.71029], [-73.94379, 40.7109], [-73.94358, 40.71092], [-73.94327, 40.71095], [-73.94284, 40.71099], [-73.94246, 40.71103], [-73.94211, 40.71106], [-73.94197, 40.71107], [-73.94159, 40.71111], [-73.94117, 40.71115], [-73.94075, 40.71119], [-73.94042, 40.71122], [-73.94048, 40.71156], [-73.94069, 40.71196], [-73.93847, 40.71249], [-73.93832, 40.71252], [-73.93725, 40.71278], [-73.9348, 40.71337], [-73.93453, 40.71275], [-73.93426, 40.71212], [-73.93389, 40.71134], [-73.9336, 40.71067], [-73.9333, 40.70999], [-73.933, 40.70932], [-73.93269, 40.70863], [-73.93252, 40.70824], [-73.9323, 40.70775], [-73.93392, 40.70749], [-73.93379, 40.70707], [-73.93371, 40.70679], [-73.93359, 40.70637], [-73.93351, 40.70609], [-73.9334, 40.70567], [-73.93332, 40.70539], [-73.9332, 40.70497], [-73.93313, 40.7047]]]}}, {"type": "Feature", "properties": {"zone_id": 45, "zone": "Chinatown", "borough": "Manhattan", "demand": 663}, "geometry": {"type": "Polygon", "coordinates": [[[-73.9975, 40.71407], [-73.99744, 40.71407], [-73.99648, 40.71411], [-73.99484, 40.71421], [-73.99472, 40.71422], [-73.99466, 40.71422], [-73.9945, 40.71423], [-73.99435, 40.71425], [-73.99432, 40.71425], [-73.99414, 40.71427], [-73.99395, 40.71429], [-73.99302, 40.71436], [-73.99282, 40.71436], [-73.99256, 40.71439], [-73.99247, 40.71386], [-73.99246, 40.71376], [-73.99239, 40.71319], [-73.99227, 40.71247], [-73.99225, 40.71235], [-73.99224, 40.71227], [-73.99222, 40.71207], [-73.99221, 40.71196], [-73.99218, 40.71177], [-73.99217, 40.71171], [-73.99215, 40.71166], [-73.99214, 40.71158], [-73.99202, 40.7111], [-73.992, 40.71102], [-73.99198, 40.71091], [-73.99192, 40.7106], [-73.99178, 40.70982], [-73.99184, 40.70981], [-73.99191, 40.7098], [-73.99205, 40.70978], [-73.99201, 40.7097], [-73.99197, 40.70965], [-73.99194, 40.70959], [-73.99192, 40.70955], [-73.99191, 40.70953], [-73.99204, 40.70952], [-73.99209, 40.70951], [-73.99215, 40.7095], [-73.99236, 40.70946], [-73.99285, 40.70938], [-73.99374, 40.70925], [-73.99401, 40.70924], [-73.99414, 40.70923], [-73.99438, 40.70919], [-73.99458, 40.70913], [-73.99518, 40.70903], [-73.9958, 40.70895], [-73.99602, 40.70892], [-73.99666, 40.70883], [-73.99728, 40.70873], [-73.99808, 40.70851], [-73.99829, 40.70843], [-73.99853, 40.70833], [-73.99856, 40.70831], [-73.99872, 40.70824], [-73.99875, 40.70822], [-73.99881, 40.7082], [-73.99882, 40.70818], [-73.99888, 40.70814], [-73.99898, 40.70809], [-73.99905, 40.70803], [-73.99913, 40.70798], [-73.99919, 40.70795], [-73.99929, 40.70802], [-73.99936, 40.70807], [-73.9994, 40.7081], [-73.99944, 40.70814], [-73.99956, 40.70824], [-73.99981, 40.70844], [-73.99993, 40.70854], [-74.00001, 40.7086], [-74.00012, 40.70868], [-74.00019, 40.70873], [-74.00027, 40.70879], [-74.00055, 40.70902], [-74.00134, 40.70965], [-74.00147, 40.70975], [-74.00156, 40.70982], [-74.00174, 40.70996], [-74.00224, 40.71036], [-74.00258, 40.71064], [-74.00332, 40.71124], [-74.00336, 40.71127], [-74.00366, 40.71149], [-74.00382, 40.71155], [-74.00418, 40.71169], [-74.00443, 40.71179], [-74.00491, 40.71197], [-74.005, 40.71201], [-74.00511, 40.71206], [-74.00519, 40.71207], [-74.00523, 40.71207], [-74.00538, 40.71208], [-74.00544, 40.71208], [-74.00573, 40.71198], [-74.00589, 40.71201], [-74.00574, 40.71209], [-74.00559, 40.71217], [-74.00543, 40.7122], [-74.00528, 40.71225], [-74.00513, 40.71231], [-74.00499, 40.71237], [-74.00486, 40.71245], [-74.00471, 40.71257], [-74.00429, 40.71291], [-74.00421, 40.71298], [-74.00406, 40.71313], [-74.0036, 40.71364], [-74.00322, 40.71404], [-74.00272, 40.71439], [-74.00245, 40.71479], [-74.00211, 40.71516], [-74.00168, 40.71574], [-74.00082, 40.71693], [-74.00027, 40.71762], [-73.99996, 40.71802], [-73.99931, 40.71755], [-73.99859, 40.7171], [-73.99776, 40.71681], [-73.99698, 40.71654], [-73.99606, 40.71623], [-73.99615, 40.71608], [-73.99622, 40.716], [-73.99653, 40.71549], [-73.99681, 40.71504], [-73.99709, 40.71462], [-73.9975, 40.71407]]]}}, {"type": "Feature", "properties": {"zone_id": 49, "zone": "Clinton Hill", "borough": "Brooklyn", "demand": 272}, "geometry": {"type": "Polygon", "coordinates": [[[-73.96062, 40.69632], [-73.96016, 40.69412], [-73.95931, 40.69421], [-73.958, 40.69437], [-73.95709, 40.69447], [-73.95614, 40.69458], [-73.95583, 40.69299], [-73.95541, 40.69091], [-73.95636, 40.6908], [-73.95727, 40.69069], [-73.95809, 40.6906], [-73.95818, 40.69059], [-73.95858, 40.69055], [-73.95887, 40.69051], [-73.95899, 40.6905], [-73.95928, 40.69046], [-73.95935, 40.69046], [-73.95943, 40.69045], [-73.95958, 40.69043], [-73.96008, 40.69037], [-73.96014, 40.69036], [-73.96029, 40.69035], [-73.96024, 40.69006], [-73.96022, 40.68999], [-73.96019, 40.6898], [-73.96017, 40.68973], [-73.96012, 40.68947], [-73.9601, 40.68934], [-73.96001, 40.68888], [-73.95986, 40.68815], [-73.95971, 40.68742], [-73.95957, 40.68668], [-73.95684, 40.687], [-73.95468, 40.68724], [-73.95454, 40.68651], [-73.95439, 40.68578], [-73.95425, 40.68505], [-73.9541, 40.68431], [-73.95395, 40.68358], [-73.95381, 40.68285], [-73.95366, 40.68211], [-73.95352, 40.68138], [-73.95337, 40.68064], [-73.95328, 40.6802], [-73.95437, 40.68007], [-73.95544, 40.67996], [-73.95531, 40.67927], [-73.95529, 40.6792], [-73.95596, 40.67935], [-73.95829, 40.67983], [-73.96135, 40.68046], [-73.96329, 40.68088], [-73.96442, 40.68112], [-73.96448, 40.68113], [-73.96551, 40.68134], [-73.96657, 40.68156], [-73.96753, 40.68177], [-73.96869, 40.682], [-73.96867, 40.68209], [-73.96906, 40.68416], [-73.96949, 40.68629], [-73.96978, 40.68775], [-73.97013, 40.68951], [-73.9691, 40.68947], [-73.96952, 40.69156], [-73.96983, 40.69313], [-73.96881, 40.69312], [-73.96934, 40.69577], [-73.96936, 40.69585], [-73.96937, 40.69594], [-73.96938, 40.69599], [-73.96939, 40.69608], [-73.96841, 40.69604], [-73.96741, 40.696], [-73.96642, 40.69596], [-73.96547, 40.69593], [-73.96455, 40.69611], [-73.96435, 40.69618], [-73.96415, 40.69627], [-73.96397, 40.69638], [-73.9638, 40.69649], [-73.96365, 40.69662], [-73.96348, 40.6968], [-73.96332, 40.69699], [-73.96318, 40.69719], [-73.96305, 40.69739], [-73.96295, 40.6976], [-73.96288, 40.69783], [-73.96284, 40.69804], [-73.96248, 40.69809], [-73.9624, 40.69811], [-73.96236, 40.69811], [-73.96233, 40.69812], [-73.96214, 40.69815], [-73.9619, 40.69819], [-73.96105, 40.69833], [-73.96093, 40.69774], [-73.96062, 40.69632]]]}}, {"type": "Feature", "properties": {"zone_id": 65, "zone": "Downtown Brooklyn/MetroTech", "borough": "Brooklyn", "demand": 366}, "geometry": {"type": "Polygon", "coordinates": [[[-73.98712, 40.70063], [-73.98706, 40.70063], [-73.98692, 40.70063], [-73.98679, 40.70063], [-73.9868, 40.7004], [-73.9868, 40.70019], [-73.98681, 40.70007], [-73.98682, 40.69993], [-73.98686, 40.69922], [-73.98695, 40.69873], [-73.98697, 40.6985], [-73.98616, 40.69848], [-73.98584, 40.69846], [-73.98571, 40.69845], [-73.98557, 40.69845], [-73.98538, 40.69844], [-73.98496, 40.69844], [-73.984, 40.69841], [-73.98315, 40.69838], [-73.98305, 40.69838], [-73.98306, 40.6983], [-73.98312, 40.69754], [-73.98227, 40.69751], [-73.9822, 40.6975], [-73.98211, 40.6975], [-73.98202, 40.6975], [-73.98051, 40.69745], [-73.98041, 40.69656], [-73.9804, 40.6965], [-73.9804, 40.69644], [-73.98039, 40.69638], [-73.98037, 40.69626], [-73.98036, 40.69618], [-73.98031, 40.69591], [-73.98026, 40.69563], [-73.98024, 40.69546], [-73.98022, 40.69529], [-73.98016, 40.69481], [-73.98014, 40.6947], [-73.98009, 40.69459], [-73.98003, 40.69448], [-73.97996, 40.69438], [-73.97986, 40.69429], [-73.97976, 40.69421], [-73.97962, 40.69412], [-73.97962, 40.69412], [-73.97962, 40.69411], [-73.97949, 40.69401], [-73.97949, 40.69401], [-73.97949, 40.69401], [-73.97938, 40.69389], [-73.97929, 40.69376], [-73.97929, 40.69376], [-73.97929, 40.69376], [-73.97922, 40.69363], [-73.97922, 40.69363], [-73.97922, 40.69363], [-73.97917, 40.69349], [-73.98011, 40.69352], [-73.98098, 40.69356], [-73.98147, 40.69357], [-73.98155, 40.69358], [-73.98175, 40.69358], [-73.98227, 40.6936], [-73.98235, 40.69361], [-73.98243, 40.69361], [-73.98251, 40.69361], [-73.98254, 40.693], [-73.98176, 40.69295], [-73.98179, 40.69202], [-73.98179, 40.69164], [-73.98206, 40.69131], [-73.98213, 40.69123], [-73.9815, 40.68999], [-73.98148, 40.68993], [-73.98157, 40.68993], [-73.98277, 40.68999], [-73.98313, 40.69], [-73.9835, 40.69001], [-73.98372, 40.69001], [-73.98407, 40.69014], [-73.98443, 40.69029], [-73.9851, 40.69056], [-73.98536, 40.69067], [-73.98633, 40.69105], [-73.98646, 40.6911], [-73.98735, 40.69146], [-73.98821, 40.69181], [-73.98893, 40.69209], [-73.98903, 40.69212], [-73.98911, 40.69215], [-73.98947, 40.6923], [-73.99067, 40.6925], [-73.99097, 40.69255], [-73.99085, 40.6928], [-73.99073, 40.69305], [-73.99059, 40.69339], [-73.99045, 40.69372], [-73.99044, 40.69383], [-73.99067, 40.69457], [-73.99081, 40.69503], [-73.99116, 40.6962], [-73.99119, 40.69629], [-73.99121, 40.69636], [-73.99128, 40.69659], [-73.99137, 40.69701], [-73.99142, 40.69778], [-73.99143, 40.69828], [-73.99143, 40.69842], [-73.99142, 40.69856], [-73.9914, 40.69869], [-73.99138, 40.69883], [-73.99135, 40.69896], [-73.99132, 40.6991], [-73.99128, 40.69923], [-73.99124, 40.69937], [-73.99103, 40.69985], [-73.99084, 40.70028], [-73.99082, 40.70035], [-73.99082, 40.70046], [-73.99084, 40.70057], [-73.99087, 40.70067], [-73.99093, 40.70077], [-73.99087, 40.70077], [-73.99038, 40.70075], [-73.99025, 40.70075], [-73.99013, 40.70074], [-73.98998, 40.70074], [-73.98973, 40.70073], [-73.98882, 40.70071], [-73.98867, 40.7007], [-73.98774, 40.70066], [-73.98718, 40.70064], [-73.98712, 40.70063]]]}}, {"type": "Feature", "properties": {"zone_id": 82, "zone": "Elmhurst", "borough": "Queens", "demand": 214}, "geometry": {"type": "Polygon", "coordinates": [[[-73.86769, 40.74407], [-73.86749, 40.7433], [-73.86747, 40.7421], [-73.86756, 40.74168], [-73.86756, 40.74094], [-73.86732, 40.74026], [-73.86715, 40.73984], [-73.86704, 40.73957], [-73.86676, 40.73889], [-73.86648, 40.73821], [-73.86609, 40.73725], [-73.86583, 40.73664], [-73.8655, 40.73599], [-73.86516, 40.73532], [-73.86482, 40.73466], [-73.86462, 40.73428], [-73.86457, 40.73419], [-73.8645, 40.73407], [-73.86447, 40.73401], [-73.86492, 40.73387], [-73.86525, 40.73376], [-73.8661, 40.73349], [-73.86683, 40.73325], [-73.86793, 40.73287], [-73.86811, 40.73283], [-73.86828, 40.73277], [-73.86832, 40.73275], [-73.86836, 40.73274], [-73.86845, 40.73271], [-73.86861, 40.73265], [-73.86905, 40.73251], [-73.86956, 40.73235], [-73.87055, 40.73204], [-73.87112, 40.73187], [-73.87129, 40.73182], [-73.87134, 40.7318], [-73.8715, 40.73175], [-73.87192, 40.73161], [-73.87316, 40.73124], [-73.87415, 40.73095], [-73.87481, 40.73075], [-73.87509, 40.73067], [-73.87539, 40.73059], [-73.87628, 40.73031], [-73.877, 40.73005], [-73.87789, 40.72972], [-73.87837, 40.72952], [-73.87847, 40.72947], [-73.87969, 40.72901], [-73.88009, 40.72891], [-73.88049, 40.72882], [-73.88088, 40.72874], [-73.8809, 40.72874], [-73.88131, 40.72868], [-73.88172, 40.72863], [-73.88209, 40.72861], [-73.88298, 40.72854], [-73.88353, 40.7285], [-73.88388, 40.72847], [-73.88392, 40.72846], [-73.88445, 40.72842], [-73.88501, 40.72837], [-73.88559, 40.72827], [-73.8859, 40.72821], [-73.88624, 40.72813], [-73.88657, 40.72803], [-73.88661, 40.72801], [-73.88673, 40.72797], [-73.88689, 40.72792], [-73.88721, 40.72779], [-73.8872, 40.72787], [-73.8872, 40.72801], [-73.8872, 40.72809], [-73.8872, 40.72818], [-73.8872, 40.72861], [-73.88724, 40.72893], [-73.88729, 40.72925], [-73.88736, 40.72957], [-73.88736, 40.72957], [-73.88736, 40.72957], [-73.88745, 40.72988], [-73.88745, 40.72989], [-73.88745, 40.72989], [-73.88756, 40.7302], [-73.88806, 40.73009], [-73.88811, 40.73059], [-73.88818, 40.73119], [-73.88825, 40.7319], [-73.88829, 40.73226], [-73.88831, 40.73251], [-73.88833, 40.73276], [-73.88835, 40.73294], [-73.88838, 40.7332], [-73.8884, 40.73345], [-73.88844, 40.73385], [-73.88848, 40.73416], [-73.88852, 40.73453], [-73.8877, 40.73429], [-73.88751, 40.73422], [-73.88719, 40.73416], [-73.88689, 40.7341], [-73.8864, 40.73407], [-73.88598, 40.73404], [-73.88549, 40.73401], [-73.88533, 40.73401], [-73.88533, 40.73401], [-73.88533, 40.73401], [-73.88516, 40.73399], [-73.885, 40.73397], [-73.885, 40.73397], [-73.885, 40.73397], [-73.88484, 40.73393], [-73.88484, 40.73393], [-73.88484, 40.73393], [-73.88469, 40.73389], [-73.88381, 40.73356], [-73.88353, 40.73385], [-73.88268, 40.73351], [-73.88182, 40.7332], [-73.88109, 40.73293], [-73.88029, 40.73256], [-73.87932, 40.73221], [-73.87844, 40.73192], [-73.87752, 40.73159], [-73.87725, 40.73179], [-73.87822, 40.7321], [-73.87708, 40.73291], [-73.87772, 40.73342], [-73.87835, 40.73391], [-73.87895, 40.73438], [-73.87931, 40.73466], [-73.87955, 40.73485], [-73.88016, 40.73533], [-73.88057, 40.73564], [-73.88066, 40.73571], [-73.88052, 40.73575], [-73.88035, 40.73713], [-73.88034, 40.73726], [-73.88033, 40.73733], [-73.88052, 40.73737], [-73.88151, 40.73754], [-73.88203, 40.73764], [-73.8823, 40.73771], [-73.88213, 40.73774], [-73.88178, 40.73781], [-73.88129, 40.73789], [-73.87965, 40.73819], [-73.87955, 40.73819], [-73.87945, 40.7382], [-73.87936, 40.73822], [-73.87927, 40.73826], [-73.87823, 40.73844], [-73.87798, 40.7385], [-73.87743, 40.7386], [-73.87792, 40.73939], [-73.87849, 40.73993], [-73.87863, 40.74006], [-73.87911, 40.74044], [-73.87932, 40.7406], [-73.87999, 40.74107], [-73.88011, 40.74117], [-73.88028, 40.7413], [-73.881, 40.74184], [-73.88186, 40.74173], [-73.88294, 40.74161], [-73.88283, 40.74099], [-73.88325, 40.74086], [-73.88333, 40.74083], [-73.88417, 40.74057], [-73.88461, 40.74043], [-73.88541, 40.7402], [-73.88551, 40.74016], [-73.88559, 40.74058], [-73.88573, 40.74129], [-73.88662, 40.74118], [-73.88667, 40.74118], [-73.88751, 40.74108], [-73.88799, 40.74355], [-73.88887, 40.7434], [-73.88974, 40.74327], [-73.88979, 40.74326], [-73.88984, 40.74325], [-73.89072, 40.74313], [-73.89111, 40.7452], [-73.89139, 40.74664], [-73.89175, 40.74681], [-73.89143, 40.74684], [-73.8905, 40.74694], [-73.88957, 40.74704], [-73.88868, 40.74713], [-73.88778, 40.74723], [-73.88765, 40.74724], [-73.88672, 40.74734], [-73.88579, 40.74744], [-73.88486, 40.74753], [-73.88394, 40.74763], [-73.883, 40.74773], [-73.88257, 40.74778], [-73.88207, 40.74783], [-73.88114, 40.74793], [-73.88021, 40.74802], [-73.87984, 40.74806], [-73.87928, 40.74812], [-73.87846, 40.74821], [-73.87834, 40.74822], [-73.87742, 40.74832], [-73.87692, 40.74837], [-73.87648, 40.74842], [-73.87625, 40.74844], [-73.87556, 40.74851], [-73.87543, 40.74853], [-73.87463, 40.74861], [-73.87398, 40.74868], [-73.8737, 40.74872], [-73.8733, 40.74876], [-73.87277, 40.74881], [-73.87237, 40.74885], [-73.87184, 40.7489], [-73.87136, 40.74896], [-73.87038, 40.74906], [-73.86942, 40.74916], [-73.86919, 40.74876], [-73.86891, 40.74837], [-73.86853, 40.74759], [-73.86844, 40.74703], [-73.86827, 40.74631], [-73.86809, 40.7456], [-73.86791, 40.74493], [-73.86788, 40.74481], [-73.86785, 40.74472], [-73.86783, 40.74463], [-73.86769, 40.74407]]]}}, {"type": "Feature", "properties": {"zone_id": 88, "zone": "Financial District South", "borough": "Manhattan", "demand": 712}, "geometry": {"type": "Polygon", "coordinates": [[[-74.00975, 40.70477], [-74.00945, 40.70453], [-74.00899, 40.70408], [-74.00854, 40.7037], [-74.00798, 40.70319], [-74.00785, 40.70311], [-74.00783, 40.70309], [-74.0078, 40.70306], [-74.00764, 40.703], [-74.0076, 40.70299], [-74.00765, 40.70293], [-74.00765, 40.70292], [-74.00766, 40.70291], [-74.00771, 40.70288], [-74.00771, 40.70287], [-74.00797, 40.70272], [-74.00837, 40.70247], [-74.00913, 40.70201], [-74.00916, 40.702], [-74.00931, 40.70195], [-74.0087, 40.70114], [-74.00776, 40.70155], [-74.00759, 40.70133], [-74.00854, 40.70092], [-74.00835, 40.70067], [-74.00862, 40.70055], [-74.0096, 40.70187], [-74.01027, 40.7017], [-74.01084, 40.70155], [-74.01117, 40.70148], [-74.0111, 40.70127], [-74.01112, 40.70127], [-74.01113, 40.70127], [-74.01129, 40.70125], [-74.01121, 40.70104], [-74.01113, 40.70106], [-74.01108, 40.70096], [-74.01107, 40.70091], [-74.01111, 40.7009], [-74.01109, 40.70087], [-74.01109, 40.70085], [-74.01108, 40.70085], [-74.01106, 40.70081], [-74.01106, 40.7008], [-74.01104, 40.70076], [-74.01102, 40.70074], [-74.01104, 40.70073], [-74.01103, 40.70071], [-74.01101, 40.70071], [-74.011, 40.70069], [-74.01102, 40.70068], [-74.01101, 40.70067], [-74.011, 40.70067], [-74.01098, 40.70065], [-74.011, 40.70063], [-74.01097, 40.70058], [-74.01095, 40.70058], [-74.01094, 40.70057], [-74.01094, 40.70056], [-74.01096, 40.70054], [-74.01093, 40.70049], [-74.01092, 40.70049], [-74.0109, 40.70046], [-74.01092, 40.70045], [-74.01081, 40.70023], [-74.01082, 40.70021], [-74.01084, 40.70021], [-74.01093, 40.70041], [-74.011, 40.70058], [-74.01104, 40.70068], [-74.01107, 40.70075], [-74.0111, 40.70081], [-74.01113, 40.70087], [-74.01115, 40.7009], [-74.01136, 40.70085], [-74.0113, 40.70065], [-74.0113, 40.7006], [-74.01131, 40.70058], [-74.01133, 40.70057], [-74.01136, 40.70057], [-74.01138, 40.70057], [-74.01139, 40.70059], [-74.01143, 40.70067], [-74.01147, 40.70075], [-74.0115, 40.70081], [-74.01173, 40.70077], [-74.0117, 40.70072], [-74.01168, 40.70069], [-74.01167, 40.70064], [-74.01163, 40.70055], [-74.01161, 40.70049], [-74.01161, 40.70047], [-74.01163, 40.70046], [-74.01168, 40.70046], [-74.0117, 40.70048], [-74.01173, 40.70048], [-74.01175, 40.70053], [-74.01178, 40.70057], [-74.01183, 40.70067], [-74.01183, 40.70069], [-74.01185, 40.70073], [-74.01185, 40.70074], [-74.01199, 40.7007], [-74.01209, 40.70068], [-74.01208, 40.70066], [-74.01207, 40.7006], [-74.01204, 40.70053], [-74.01198, 40.70038], [-74.0119, 40.70023], [-74.01186, 40.70011], [-74.01193, 40.70005], [-74.01196, 40.70004], [-74.01204, 40.70005], [-74.01209, 40.70009], [-74.01213, 40.70014], [-74.01216, 40.70021], [-74.01217, 40.70023], [-74.01224, 40.70032], [-74.01225, 40.70036], [-74.01232, 40.70049], [-74.01236, 40.70058], [-74.01239, 40.70062], [-74.01259, 40.70057], [-74.01259, 40.70051], [-74.01255, 40.70036], [-74.01253, 40.70025], [-74.01252, 40.70018], [-74.01251, 40.70015], [-74.01254, 40.70013], [-74.01261, 40.70011], [-74.01265, 40.70011], [-74.01268, 40.70015], [-74.01273, 40.70022], [-74.0128, 40.7003], [-74.01283, 40.70035], [-74.01287, 40.70041], [-74.01288, 40.70044], [-74.0129, 40.7005], [-74.01291, 40.70052], [-74.013, 40.70052], [-74.01311, 40.70051], [-74.01311, 40.70047], [-74.01311, 40.70036], [-74.01309, 40.70022], [-74.01308, 40.7001], [-74.01302, 40.69988], [-74.01301, 40.69982], [-74.01302, 40.69979], [-74.01304, 40.69977], [-74.01311, 40.69977], [-74.01314, 40.6998], [-74.01315, 40.69984], [-74.01317, 40.69993], [-74.01318, 40.70002], [-74.01319, 40.7001], [-74.0132, 40.70024], [-74.01321, 40.70027], [-74.01322, 40.70033], [-74.01327, 40.7005], [-74.01349, 40.70048], [-74.01348, 40.70036], [-74.01348, 40.70026], [-74.0135, 40.70018], [-74.01353, 40.70011], [-74.01359, 40.70008], [-74.01361, 40.70008], [-74.01367, 40.70013], [-74.01366, 40.70014], [-74.01364, 40.70016], [-74.01361, 40.70024], [-74.01357, 40.70023], [-74.01356, 40.70029], [-74.01353, 40.7003], [-74.01353, 40.70031], [-74.01356, 40.70031], [-74.01356, 40.70037], [-74.01353, 40.70037], [-74.01353, 40.70038], [-74.01356, 40.70038], [-74.01356, 40.70044], [-74.01352, 40.70044], [-74.01352, 40.70046], [-74.01358, 40.70046], [-74.01359, 40.7005], [-74.01355, 40.7005], [-74.01358, 40.70064], [-74.01351, 40.70065], [-74.01356, 40.70094], [-74.01395, 40.70099], [-74.01416, 40.7011], [-74.01377, 40.70114], [-74.01378, 40.70118], [-74.01378, 40.70122], [-74.01379, 40.70131], [-74.0139, 40.70227], [-74.01419, 40.70276], [-74.01443, 40.70315], [-74.01439, 40.7036], [-74.01426, 40.70443], [-74.01425, 40.70446], [-74.01426, 40.70449], [-74.01427, 40.70452], [-74.01429, 40.70455], [-74.01419, 40.70457], [-74.01327, 40.70455], [-74.01333, 40.70503], [-74.01335, 40.7052], [-74.01336, 40.70537], [-74.01334, 40.70554], [-74.01331, 40.70571], [-74.01325, 40.70587], [-74.01251, 40.70677], [-74.0124, 40.70678], [-74.01187, 40.70655], [-74.01119, 40.70628], [-74.00987, 40.7058], [-74.01, 40.70533], [-74.00998, 40.70515], [-74.00975, 40.70477]]]}}, {"type": "Feature", "properties": {"zone_id": 97, "zone": "Fort Greene", "borough": "Brooklyn", "demand": 430}, "geometry": {"type": "Polygon", "coordinates": [[[-73.96934, 40.69577], [-73.96881, 40.69312], [-73.96983, 40.69313], [-73.96952, 40.69156], [-73.9691, 40.68947], [-73.97013, 40.68951], [-73.96978, 40.68775], [-73.96949, 40.68629], [-73.96906, 40.68416], [-73.96867, 40.68209], [-73.96869, 40.682], [-73.96969, 40.68222], [-73.97067, 40.68242], [-73.97186, 40.68267], [-73.97265, 40.68283], [-73.97278, 40.68285], [-73.97376, 40.68303], [-73.97483, 40.68323], [-73.97595, 40.68347], [-73.97625, 40.68356], [-73.97654, 40.68365], [-73.97676, 40.68373], [-73.97682, 40.68375], [-73.9771, 40.68387], [-73.97746, 40.68405], [-73.97804, 40.68486], [-73.97827, 40.6852], [-73.97899, 40.68616], [-73.97909, 40.68629], [-73.97936, 40.68668], [-73.97959, 40.687], [-73.97984, 40.68734], [-73.98013, 40.68775], [-73.98065, 40.68846], [-73.98069, 40.68852], [-73.98084, 40.68876], [-73.98093, 40.6889], [-73.98102, 40.68894], [-73.98155, 40.68915], [-73.9821, 40.68936], [-73.98296, 40.6897], [-73.98372, 40.69001], [-73.9835, 40.69001], [-73.98313, 40.69], [-73.98277, 40.68999], [-73.98157, 40.68993], [-73.98148, 40.68993], [-73.9815, 40.68999], [-73.98213, 40.69123], [-73.98206, 40.69131], [-73.98179, 40.69164], [-73.98179, 40.69202], [-73.98176, 40.69295], [-73.98254, 40.693], [-73.98251, 40.69361], [-73.98243, 40.69361], [-73.98235, 40.69361], [-73.98227, 40.6936], [-73.98175, 40.69358], [-73.98155, 40.69358], [-73.98147, 40.69357], [-73.98098, 40.69356], [-73.98011, 40.69352], [-73.97917, 40.69349], [-73.97922, 40.69363], [-73.97922, 40.69363], [-73.97922, 40.69363], [-73.97929, 40.69376], [-73.97929, 40.69376], [-73.97929, 40.69376], [-73.97938, 40.69389], [-73.97949, 40.69401], [-73.97949, 40.69401], [-73.97949, 40.69401], [-73.97962, 40.69411], [-73.97962, 40.69412], [-73.97962, 40.69412], [-73.97976, 40.69421], [-73.97986, 40.69429], [-73.97996, 40.69438], [-73.98003, 40.69448], [-73.98009, 40.69459], [-73.98014, 40.6947], [-73.98016, 40.69481], [-73.98022, 40.69529], [-73.98024, 40.69546], [-73.98026, 40.69563], [-73.98031, 40.69591], [-73.98036, 40.69618], [-73.98037, 40.69626], [-73.98039, 40.69638], [-73.9804, 40.69644], [-73.9804, 40.6965], [-73.98041, 40.69656], [-73.98051, 40.69745], [-73.98054, 40.69825], [-73.97809, 40.69814], [-73.97753, 40.69812], [-73.97679, 40.69809], [-73.97578, 40.69805], [-73.97479, 40.698], [-73.97378, 40.69796], [-73.97332, 40.69794], [-73.97279, 40.69792], [-73.97178, 40.69788], [-73.97076, 40.69784], [-73.96973, 40.6978], [-73.96939, 40.69608], [-73.96938, 40.69599], [-73.96937, 40.69594], [-73.96936, 40.69585], [-73.96934, 40.69577]]]}}, {"type": "Feature", "properties": {"zone_id": 112, "zone": "Greenpoint", "borough": "Brooklyn", "demand": 474}, "geometry": {"type": "MultiPolygon", "coordinates": [[[[-73.9544, 40.73911], [-73.95428, 40.73911], [-73.95423, 40.73911], [-73.95419, 40.73911], [-73.95416, 40.73911], [-73.95412, 40.7391], [-73.95403, 40.73908], [-73.95397, 40.73907], [-73.95382, 40.73905], [-73.95374, 40.73904], [-73.95358, 40.73903], [-73.95351, 40.73903], [-73.95337, 40.73901], [-73.95323, 40.73899], [-73.95292, 40.73893], [-73.95286, 40.73892], [-73.95279, 40.7389], [-73.95272, 40.73889], [-73.95266, 40.73888], [-73.95256, 40.73886], [-73.95238, 40.73882], [-73.95219, 40.73878], [-73.95218, 40.73878], [-73.95214, 40.73878], [-73.95211, 40.73877], [-73.95203, 40.73876], [-73.95202, 40.73875], [-73.952, 40.73875], [-73.95199, 40.73875], [-73.95198, 40.73873], [-73.95197, 40.73873], [-73.95195, 40.73871], [-73.95195, 40.7387], [-73.95194, 40.7387], [-73.95194, 40.7387], [-73.95193, 40.7387], [-73.95191, 40.73869], [-73.9519, 40.73869], [-73.95189, 40.73869], [-73.95189, 40.73869], [-73.95188, 40.73869], [-73.95188, 40.73869], [-73.95188, 40.73869], [-73.95188, 40.73869], [-73.95188, 40.7387], [-73.95188, 40.7387], [-73.95188, 40.7387], [-73.95188, 40.7387], [-73.95188, 40.7387], [-73.95188, 40.7387], [-73.95188, 40.7387], [-73.95188, 40.7387], [-73.95188, 40.73871], [-73.95188, 40.73871], [-73.95188, 40.73871], [-73.95188, 40.73871], [-73.95188, 40.73871], [-73.95188, 40.73871], [-73.95188, 40.73871], [-73.95188, 40.73871], [-73.95188, 40.73871], [-73.95188, 40.73871], [-73.95188, 40.73871], [-73.95188, 40.73871], [-73.95188, 40.73871], [-73.95188, 40.73871], [-73.95188, 40.73871], [-73.95186, 40.73871], [-73.95181, 40.73869], [-73.95172, 40.73866], [-73.95154, 40.73861], [-73.95065, 40.73836], [-73.95051, 40.73832], [-73.95046, 40.73831], [-73.95039, 40.73828], [-73.95022, 40.73822], [-73.95005, 40.73816], [-73.94996, 40.73812], [-73.94965, 40.738], [-73.94948, 40.73793], [-73.9494, 40.7379], [-73.94926, 40.73784], [-73.94884, 40.73769], [-73.94861, 40.73759], [-73.94858, 40.73758], [-73.94841, 40.73751], [-73.94812, 40.7374], [-73.94811, 40.73743], [-73.94809, 40.73747], [-73.94754, 40.73728], [-73.9472, 40.73717], [-73.94718, 40.73716], [-73.94716, 40.73715], [-73.94714, 40.73714], [-73.9471, 40.73712], [-73.94705, 40.7371], [-73.94704, 40.73709], [-73.94703, 40.73709], [-73.94701, 40.73707], [-73.94699, 40.73706], [-73.94697, 40.73705], [-73.94691, 40.73703], [-73.94686, 40.73701], [-73.94684, 40.737], [-73.94682, 40.73699], [-73.94678, 40.73698], [-73.94676, 40.73698], [-73.9467, 40.73696], [-73.94662, 40.73692], [-73.94658, 40.73694], [-73.94652, 40.73693], [-73.94645, 40.73681], [-73.94662, 40.73647], [-73.94663, 40.73645], [-73.94681, 40.7361], [-73.94688, 40.73594], [-73.9472, 40.73535], [-73.94719, 40.73523], [-73.94716, 40.73503], [-73.94709, 40.73455], [-73.94707, 40.7344], [-73.9466, 40.73444], [-73.94663, 40.73458], [-73.94674, 40.73529], [-73.94676, 40.73526], [-73.94693, 40.73531], [-73.94663, 40.73586], [-73.94644, 40.73581], [-73.94643, 40.73583], [-73.9464, 40.73589], [-73.94631, 40.73606], [-73.94625, 40.73617], [-73.94617, 40.7362], [-73.94587, 40.7361], [-73.94557, 40.73661], [-73.94553, 40.7366], [-73.94552, 40.73659], [-73.94555, 40.73654], [-73.94542, 40.7365], [-73.9454, 40.73654], [-73.94536, 40.73655], [-73.94521, 40.73651], [-73.9452, 40.73649], [-73.94522, 40.73644], [-73.94508, 40.73639], [-73.94506, 40.73644], [-73.94503, 40.73645], [-73.945, 40.73644], [-73.945, 40.73642], [-73.94525, 40.73589], [-73.94518, 40.73548], [-73.94503, 40.73543], [-73.94503, 40.73545], [-73.94502, 40.73547], [-73.94501, 40.73553], [-73.94499, 40.73557], [-73.94496, 40.73563], [-73.94492, 40.7357], [-73.94489, 40.73577], [-73.94486, 40.73581], [-73.94484, 40.73587], [-73.94479, 40.73596], [-73.94477, 40.73599], [-73.94476, 40.736], [-73.94474, 40.73602], [-73.94469, 40.73606], [-73.94467, 40.73608], [-73.94463, 40.73612], [-73.94461, 40.73615], [-73.94458, 40.73619], [-73.94457, 40.7362], [-73.94455, 40.73622], [-73.94455, 40.73622], [-73.94455, 40.73623], [-73.94455, 40.73623], [-73.94454, 40.73623], [-73.94454, 40.73623], [-73.94454, 40.73623], [-73.94453, 40.73623], [-73.94452, 40.73623], [-73.94452, 40.73623], [-73.94452, 40.73623], [-73.94452, 40.73623], [-73.94452, 40.73623], [-73.94452, 40.73624], [-73.94452, 40.73624], [-73.94452, 40.73624], [-73.94452, 40.73624], [-73.94452, 40.73624], [-73.94452, 40.73624], [-73.94452, 40.73624], [-73.94452, 40.73624], [-73.94452, 40.73624], [-73.94452, 40.73624], [-73.94452, 40.73624], [-73.94452, 40.73624], [-73.94452, 40.73624], [-73.94452, 40.73624], [-73.94454, 40.73625], [-73.94454, 40.73625], [-73.94454, 40.73625], [-73.94454, 40.73625], [-73.94454, 40.73625], [-73.94454, 40.73625], [-73.94454, 40.73626], [-73.94454, 40.73626], [-73.94454, 40.73626], [-73.94454, 40.73626], [-73.94454, 40.73626], [-73.94454, 40.73626], [-73.94454, 40.73627], [-73.94454, 40.73627], [-73.94454, 40.73627], [-73.94453, 40.73628], [-73.94453, 40.73628], [-73.94453, 40.73628], [-73.94452, 40.73628], [-73.94452, 40.73628], [-73.94449, 40.73628], [-73.94448, 40.73628], [-73.94447, 40.73628], [-73.94445, 40.73627], [-73.94442, 40.73627], [-73.94438, 40.73625], [-73.94432, 40.73622], [-73.9433, 40.73582], [-73.94321, 40.73579], [-73.94317, 40.73577], [-73.9431, 40.73574], [-73.94301, 40.73569], [-73.94294, 40.73566], [-73.94288, 40.73563], [-73.94284, 40.73562], [-73.94239, 40.73543], [-73.94212, 40.73523], [-73.94211, 40.73522], [-73.94197, 40.73512], [-73.94177, 40.73498], [-73.94174, 40.73495], [-73.94179, 40.73491], [-73.94179, 40.73489], [-73.94176, 40.73486], [-73.94169, 40.73477], [-73.94161, 40.73469], [-73.94155, 40.73473], [-73.9413, 40.73438], [-73.94115, 40.73415], [-73.941, 40.73379], [-73.94116, 40.73375], [-73.94114, 40.7337], [-73.94104, 40.73349], [-73.94094, 40.73351], [-73.94093, 40.73351], [-73.94092, 40.73348], [-73.94082, 40.73325], [-73.94075, 40.73328], [-73.94073, 40.73329], [-73.94064, 40.73317], [-73.94059, 40.73309], [-73.94057, 40.73306], [-73.94068, 40.73302], [-73.94037, 40.73221], [-73.93989, 40.73129], [-73.93981, 40.73115], [-73.93975, 40.73106], [-73.93891, 40.73038], [-73.93856, 40.73013], [-73.9381, 40.72973], [-73.93809, 40.72975], [-73.93729, 40.7293], [-73.93712, 40.72919], [-73.93693, 40.72911], [-73.93684, 40.72909], [-73.93656, 40.72902], [-73.93608, 40.72888], [-73.93564, 40.72875], [-73.93561, 40.72875], [-73.93527, 40.72865], [-73.93501, 40.72857], [-73.93493, 40.72854], [-73.93481, 40.72853], [-73.93426, 40.72843], [-73.93423, 40.72843], [-73.93424, 40.72839], [-73.93423, 40.72839], [-73.93415, 40.72838], [-73.93377, 40.72833], [-73.93353, 40.72831], [-73.9335, 40.7283], [-73.93349, 40.72829], [-73.93348, 40.72828], [-73.93326, 40.72824], [-73.93302, 40.72821], [-73.93291, 40.72823], [-73.93263, 40.72818], [-73.93241, 40.72815], [-73.93239, 40.72815], [-73.93236, 40.72817], [-73.93235, 40.72818], [-73.93227, 40.72817], [-73.93255, 40.72786], [-73.93412, 40.72685], [-73.9354, 40.72591], [-73.93676, 40.72484], [-73.93765, 40.72426], [-73.93849, 40.72381], [-73.93891, 40.72358], [-73.93931, 40.72335], [-73.94022, 40.72289], [-73.94109, 40.72231], [-73.9415, 40.72199], [-73.94196, 40.72165], [-73.94282, 40.72114], [-73.94368, 40.72066], [-73.94441, 40.72024], [-73.9456, 40.71957], [-73.94679, 40.71882], [-73.94721, 40.71856], [-73.94842, 40.71845], [-73.94853, 40.71917], [-73.94887, 40.72129], [-73.94908, 40.72254], [-73.94987, 40.72218], [-73.95065, 40.72171], [-73.95165, 40.72349], [-73.9525, 40.72322], [-73.95332, 40.72293], [-73.95382, 40.72276], [-73.95418, 40.72264], [-73.95478, 40.72246], [-73.95627, 40.72339], [-73.95772, 40.72428], [-73.95814, 40.7244], [-73.95804, 40.72443], [-73.95794, 40.72465], [-73.95795, 40.72504], [-73.95828, 40.72517], [-73.95835, 40.7252], [-73.95843, 40.7254], [-73.96012, 40.72532], [-73.96029, 40.72595], [-73.96106, 40.72584], [-73.96162, 40.72586], [-73.96165, 40.7262], [-73.96162, 40.72666], [-73.9615, 40.72675], [-73.96142, 40.72736], [-73.96114, 40.7281], [-73.96105, 40.72847], [-73.96101, 40.72852], [-73.961, 40.72877], [-73.96106, 40.72878], [-73.96107, 40.72922], [-73.96114, 40.72942], [-73.96119, 40.72942], [-73.96122, 40.72953], [-73.96135, 40.73016], [-73.96129, 40.73016], [-73.96128, 40.73016], [-73.9613, 40.73025], [-73.96143, 40.73096], [-73.96172, 40.73157], [-73.96183, 40.73161], [-73.96191, 40.73165], [-73.96212, 40.73237], [-73.96226, 40.73291], [-73.96236, 40.73291], [-73.96285, 40.73287], [-73.96333, 40.73283], [-73.96334, 40.73284], [-73.96352, 40.73283], [-73.96353, 40.73285], [-73.96356, 40.73285], [-73.96357, 40.73289], [-73.96357, 40.73289], [-73.96358, 40.73291], [-73.96359, 40.73291], [-73.96359, 40.73292], [-73.96368, 40.73292], [-73.96366, 40.7328], [-73.96403, 40.73276], [-73.96405, 40.73276], [-73.96406, 40.73278], [-73.96409, 40.73292], [-73.96408, 40.73293], [-73.96406, 40.73294], [-73.96372, 40.73298], [-73.96365, 40.73299], [-73.96365, 40.73299], [-73.96358, 40.733], [-73.96357, 40.73299], [-73.96354, 40.733], [-73.96354, 40.733], [-73.96276, 40.73307], [-73.96236, 40.73311], [-73.96236, 40.73311], [-73.9623, 40.73311], [-73.96234, 40.73339], [-73.96231, 40.73353], [-73.96235, 40.73371], [-73.96232, 40.73391], [-73.96229, 40.73405], [-73.96219, 40.73425], [-73.96209, 40.73451], [-73.96198, 40.73464], [-73.96191, 40.73475], [-73.96176, 40.73489], [-73.96157, 40.73518], [-73.96119, 40.7356], [-73.96052, 40.73634], [-73.96051, 40.73635], [-73.96047, 40.7364], [-73.96042, 40.73644], [-73.9603, 40.73656], [-73.96024, 40.73661], [-73.96022, 40.73664], [-73.96022, 40.73664], [-73.96019, 40.73667], [-73.96015, 40.73672], [-73.9601, 40.73676], [-73.96008, 40.73678], [-73.96003, 40.73683], [-73.96, 40.73687], [-73.95992, 40.73695], [-73.95989, 40.73698], [-73.95985, 40.73704], [-73.95983, 40.73706], [-73.95982, 40.73707], [-73.9598, 40.73708], [-73.95978, 40.7371], [-73.95972, 40.73713], [-73.95971, 40.73714], [-73.95969, 40.73715], [-73.95967, 40.73717], [-73.9596, 40.73724], [-73.95958, 40.73725], [-73.95956, 40.73727], [-73.95947, 40.73733], [-73.9594, 40.73738], [-73.95937, 40.7374], [-73.95931, 40.73745], [-73.95919, 40.73754], [-73.95916, 40.73756], [-73.95911, 40.73759], [-73.95909, 40.7376], [-73.95903, 40.73764], [-73.95899, 40.73766], [-73.95889, 40.73774], [-73.95883, 40.73778], [-73.95882, 40.73779], [-73.95881, 40.7378], [-73.95878, 40.73781], [-73.95877, 40.73781], [-73.95873, 40.73783], [-73.95868, 40.73787], [-73.95864, 40.7379], [-73.95861, 40.73792], [-73.95849, 40.73802], [-73.95846, 40.73804], [-73.95843, 40.73806], [-73.95837, 40.7381], [-73.95831, 40.73814], [-73.95824, 40.73818], [-73.95816, 40.73823], [-73.95796, 40.73835], [-73.95789, 40.73839], [-73.95785, 40.73841], [-73.95776, 40.73846], [-73.95772, 40.73849], [-73.95763, 40.73854], [-73.95755, 40.73858], [-73.95742, 40.73865], [-73.95715, 40.73878], [-73.95709, 40.73881], [-73.95696, 40.73887], [-73.95695, 40.73888], [-73.95693, 40.73889], [-73.95692, 40.73889], [-73.9569, 40.73889], [-73.95678, 40.7389], [-73.95564, 40.73904], [-73.95563, 40.73904], [-73.95563, 40.73904], [-73.95561, 40.73905], [-73.95558, 40.73904], [-73.95553, 40.73903], [-73.9552, 40.73908], [-73.95492, 40.7391], [-73.95481, 40.73912], [-73.95476, 40.73912], [-73.95472, 40.73913], [-73.95466, 40.73913], [-73.9546, 40.73913], [-73.95455, 40.73912], [-73.95444, 40.73912], [-73.9544, 40.73911]]], [[[-73.96237, 40.72421], [-73.96201, 40.72399], [-73.96207, 40.72388], [-73.96247, 40.72413], [-73.96247, 40.72417], [-73.96244, 40.7242], [-73.96239, 40.72419], [-73.96237, 40.72421]]]]}}, {"type": "Feature", "properties": {"zone_id": 116, "zone": "Hamilton Heights", "borough": "Manhattan", "demand": 710}, "geometry": {"type": "Polygon", "coordinates": [[[-73.93925, 40.8283], [-73.93969, 40.82766], [-73.94014, 40.82704], [-73.94059, 40.82641], [-73.94105, 40.82579], [-73.9415, 40.82517], [-73.94196, 40.82455], [-73.94243, 40.82391], [-73.94292, 40.82326], [-73.94351, 40.82263], [-73.94405, 40.82205], [-73.9446, 40.82146], [-73.94515, 40.82088], [-73.94608, 40.82126], [-73.94724, 40.82175], [-73.94808, 40.82211], [-73.94854, 40.82149], [-73.94992, 40.82207], [-73.95038, 40.82145], [-73.95083, 40.82083], [-73.95291, 40.8217], [-73.95357, 40.82198], [-73.95367, 40.82202], [-73.95377, 40.82206], [-73.9557, 40.82288], [-73.95573, 40.82289], [-73.95577, 40.8229], [-73.95634, 40.82309], [-73.95651, 40.82312], [-73.95683, 40.82316], [-73.95708, 40.8232], [-73.95715, 40.82321], [-73.95722, 40.82323], [-73.95951, 40.8236], [-73.95953, 40.82362], [-73.95954, 40.82363], [-73.95954, 40.82364], [-73.95954, 40.82364], [-73.95954, 40.82365], [-73.95953, 40.82368], [-73.95956, 40.82369], [-73.95902, 40.8245], [-73.959, 40.8245], [-73.95726, 40.82712], [-73.95695, 40.827], [-73.95632, 40.82794], [-73.9562, 40.8279], [-73.9562, 40.8279], [-73.95622, 40.82787], [-73.95504, 40.82741], [-73.9547, 40.82792], [-73.95454, 40.82786], [-73.95446, 40.82797], [-73.95446, 40.82797], [-73.95436, 40.82812], [-73.95427, 40.82824], [-73.95422, 40.82831], [-73.95417, 40.82836], [-73.95414, 40.82839], [-73.95406, 40.82846], [-73.95403, 40.82849], [-73.95402, 40.8285], [-73.95399, 40.82854], [-73.95395, 40.82858], [-73.95359, 40.8291], [-73.95298, 40.83009], [-73.95234, 40.83102], [-73.9522, 40.83122], [-73.95215, 40.83127], [-73.9517, 40.83192], [-73.9516, 40.83205], [-73.9514, 40.83232], [-73.95132, 40.83245], [-73.95119, 40.83265], [-73.9511, 40.8328], [-73.95106, 40.8329], [-73.95105, 40.83292], [-73.951, 40.83311], [-73.95097, 40.83322], [-73.95094, 40.83329], [-73.95066, 40.83364], [-73.95042, 40.83405], [-73.95024, 40.83427], [-73.95015, 40.8344], [-73.94998, 40.83443], [-73.94986, 40.83446], [-73.94978, 40.83446], [-73.94971, 40.83445], [-73.94964, 40.83443], [-73.94957, 40.83442], [-73.94955, 40.83441], [-73.94942, 40.83436], [-73.94919, 40.83421], [-73.94891, 40.83406], [-73.94829, 40.83386], [-73.94593, 40.83281], [-73.94582, 40.83276], [-73.94572, 40.83272], [-73.94298, 40.83157], [-73.94137, 40.83089], [-73.94035, 40.83046], [-73.94017, 40.83038], [-73.93963, 40.83016], [-73.939, 40.82989], [-73.93864, 40.82974], [-73.93896, 40.82899], [-73.93925, 40.8283]]]}}, {"type": "Feature", "properties": {"zone_id": 129, "zone": "Jackson Heights", "borough": "Queens", "demand": 578}, "geometry": {"type": "Polygon", "coordinates": [[[-73.87587, 40.76605], [-73.87554, 40.76423], [-73.87533, 40.76306], [-73.87532, 40.76301], [-73.87532, 40.76294], [-73.875, 40.76126], [-73.87549, 40.76135], [-73.87601, 40.76144], [-73.87581, 40.76031], [-73.87551, 40.75868], [-73.87514, 40.75663], [-73.87421, 40.75673], [-73.87366, 40.7568], [-73.87271, 40.75506], [-73.87269, 40.75503], [-73.87267, 40.75499], [-73.87214, 40.75399], [-73.87207, 40.75386], [-73.87179, 40.75332], [-73.87084, 40.75154], [-73.86969, 40.74961], [-73.86942, 40.74916], [-73.87038, 40.74906], [-73.87136, 40.74896], [-73.87184, 40.7489], [-73.87237, 40.74885], [-73.87277, 40.74881], [-73.8733, 40.74876], [-73.8737, 40.74872], [-73.87398, 40.74868], [-73.87463, 40.74861], [-73.87543, 40.74853], [-73.87556, 40.74851], [-73.87625, 40.74844], [-73.87648, 40.74842], [-73.87692, 40.74837], [-73.87742, 40.74832], [-73.87834, 40.74822], [-73.87846, 40.74821], [-73.87928, 40.74812], [-73.87984, 40.74806], [-73.88021, 40.74802], [-73.88114, 40.74793], [-73.88207, 40.74783], [-73.88257, 40.74778], [-73.883, 40.74773], [-73.88394, 40.74763], [-73.88486, 40.74753], [-73.88579, 40.74744], [-73.88672, 40.74734], [-73.88765, 40.74724], [-73.88778, 40.74723], [-73.88868, 40.74713], [-73.88957, 40.74704], [-73.8905, 40.74694], [-73.89143, 40.74684], [-73.89175, 40.74681], [-73.89241, 40.74713], [-73.8938, 40.74769], [-73.89521, 40.74829], [-73.8956, 40.74845], [-73.89584, 40.74855], [-73.89614, 40.74868], [-73.89624, 40.74872], [-73.89648, 40.74907], [-73.89708, 40.75012], [-73.89721, 40.75047], [-73.89729, 40.75087], [-73.89734, 40.75142], [-73.89749, 40.75201], [-73.89758, 40.75238], [-73.89762, 40.75252], [-73.89771, 40.75273], [-73.8979, 40.75309], [-73.89827, 40.75366], [-73.89856, 40.75414], [-73.89897, 40.75471], [-73.89905, 40.75495], [-73.89912, 40.75517], [-73.89924, 40.75553], [-73.8996, 40.75623], [-73.89969, 40.75645], [-73.89973, 40.75654], [-73.89977, 40.75666], [-73.8998, 40.75677], [-73.89982, 40.75689], [-73.89985, 40.75711], [-73.89986, 40.75734], [-73.89985, 40.75756], [-73.89981, 40.75778], [-73.89979, 40.7579], [-73.89976, 40.75799], [-73.89972, 40.75816], [-73.89968, 40.7583], [-73.89965, 40.75838], [-73.89961, 40.75845], [-73.89957, 40.75854], [-73.89948, 40.75868], [-73.89941, 40.75881], [-73.89906, 40.75933], [-73.89866, 40.75992], [-73.89825, 40.76051], [-73.89791, 40.76102], [-73.8979, 40.76104], [-73.89736, 40.76185], [-73.89723, 40.76203], [-73.8972, 40.76207], [-73.89701, 40.76235], [-73.89668, 40.76278], [-73.89641, 40.76315], [-73.89625, 40.76333], [-73.89608, 40.76347], [-73.89598, 40.76354], [-73.89586, 40.76363], [-73.89558, 40.76383], [-73.89542, 40.76395], [-73.89527, 40.76408], [-73.89517, 40.7642], [-73.89507, 40.76433], [-73.89506, 40.76435], [-73.89499, 40.76445], [-73.89484, 40.76465], [-73.89477, 40.76489], [-73.89471, 40.76507], [-73.89462, 40.76526], [-73.89454, 40.76536], [-73.89446, 40.76545], [-73.89438, 40.76553], [-73.89428, 40.76561], [-73.89415, 40.76569], [-73.89404, 40.76576], [-73.8939, 40.76582], [-73.89384, 40.76584], [-73.89378, 40.76587], [-73.8935, 40.76595], [-73.89326, 40.76621], [-73.89325, 40.76627], [-73.893, 40.76625], [-73.89277, 40.76623], [-73.89233, 40.76622], [-73.89207, 40.76622], [-73.89184, 40.76623], [-73.89165, 40.76616], [-73.89144, 40.76607], [-73.89089, 40.76586], [-73.89072, 40.76589], [-73.89042, 40.76596], [-73.88995, 40.7661], [-73.88919, 40.7663], [-73.88877, 40.76651], [-73.88835, 40.7667], [-73.88778, 40.76682], [-73.88771, 40.76684], [-73.88762, 40.76686], [-73.88713, 40.76698], [-73.88672, 40.76709], [-73.88668, 40.7671], [-73.88603, 40.76728], [-73.88565, 40.76741], [-73.88506, 40.7676], [-73.8844, 40.76784], [-73.88427, 40.76789], [-73.88357, 40.76818], [-73.88277, 40.76853], [-73.8816, 40.76913], [-73.88069, 40.76963], [-73.88056, 40.7697], [-73.8802, 40.7699], [-73.87961, 40.77023], [-73.87897, 40.77056], [-73.87855, 40.77077], [-73.87819, 40.77093], [-73.87781, 40.77107], [-73.87743, 40.7712], [-73.87705, 40.77132], [-73.87665, 40.77142], [-73.87615, 40.77152], [-73.87609, 40.77154], [-73.87605, 40.77144], [-73.87601, 40.77131], [-73.87598, 40.77118], [-73.87597, 40.77104], [-73.87598, 40.77091], [-73.87601, 40.77048], [-73.87602, 40.77031], [-73.87601, 40.76982], [-73.87639, 40.769], [-73.87625, 40.76817], [-73.87624, 40.76813], [-73.87623, 40.76809], [-73.87614, 40.76769], [-73.87587, 40.76605]]]}}, {"type": "Feature", "properties": {"zone_id": 145, "zone": "Long Island City/Hunters Point", "borough": "Queens", "demand": 441}, "geometry": {"type": "Polygon", "coordinates": [[[-73.94345, 40.75205], [-73.94291, 40.75182], [-73.94271, 40.75173], [-73.94256, 40.75167], [-73.94207, 40.75146], [-73.94143, 40.75119], [-73.94127, 40.75112], [-73.94069, 40.75085], [-73.94056, 40.75079], [-73.94044, 40.75074], [-73.94004, 40.75056], [-73.93963, 40.75038], [-73.93881, 40.75006], [-73.93812, 40.74979], [-73.93797, 40.74967], [-73.93783, 40.74941], [-73.93774, 40.74925], [-73.9376, 40.74912], [-73.93753, 40.74905], [-73.93746, 40.74898], [-73.9374, 40.74892], [-73.93683, 40.74839], [-73.93664, 40.7482], [-73.93673, 40.74813], [-73.93812, 40.74706], [-73.9388, 40.74653], [-73.93952, 40.74598], [-73.93996, 40.74574], [-73.94033, 40.74541], [-73.94185, 40.7449], [-73.94272, 40.74458], [-73.94343, 40.74423], [-73.94384, 40.74387], [-73.944, 40.74366], [-73.94401, 40.74364], [-73.9442, 40.74288], [-73.94298, 40.74337], [-73.94211, 40.74371], [-73.94174, 40.74386], [-73.94032, 40.7444], [-73.93926, 40.74475], [-73.93826, 40.74507], [-73.9377, 40.74524], [-73.93726, 40.74518], [-73.93765, 40.7433], [-73.93802, 40.74145], [-73.9382, 40.74054], [-73.93862, 40.7384], [-73.93865, 40.73833], [-73.93866, 40.73827], [-73.93868, 40.73821], [-73.9387, 40.73814], [-73.93982, 40.73844], [-73.93996, 40.73864], [-73.93994, 40.73869], [-73.94064, 40.73898], [-73.94141, 40.7393], [-73.94135, 40.73936], [-73.94102, 40.73968], [-73.94078, 40.73992], [-73.94051, 40.74011], [-73.94036, 40.74033], [-73.94056, 40.74042], [-73.94028, 40.7408], [-73.93992, 40.74135], [-73.93966, 40.74177], [-73.93911, 40.74262], [-73.93867, 40.74253], [-73.93859, 40.74293], [-73.93931, 40.74307], [-73.93974, 40.74316], [-73.93976, 40.74314], [-73.94002, 40.74321], [-73.94015, 40.74283], [-73.93965, 40.74273], [-73.94005, 40.74207], [-73.94008, 40.74206], [-73.94014, 40.74197], [-73.9408, 40.7409], [-73.94119, 40.74029], [-73.94159, 40.73986], [-73.94165, 40.73986], [-73.94183, 40.73969], [-73.94203, 40.73966], [-73.94209, 40.73959], [-73.94216, 40.73955], [-73.94238, 40.73943], [-73.94241, 40.73942], [-73.94245, 40.73941], [-73.94248, 40.73941], [-73.94251, 40.73941], [-73.94253, 40.73941], [-73.94257, 40.73941], [-73.9426, 40.73939], [-73.94262, 40.73937], [-73.94263, 40.73936], [-73.94265, 40.73932], [-73.94268, 40.7393], [-73.9427, 40.73928], [-73.94271, 40.73925], [-73.94273, 40.73923], [-73.94279, 40.73919], [-73.94271, 40.73914], [-73.9427, 40.73913], [-73.94271, 40.73911], [-73.94279, 40.73907], [-73.9429, 40.739], [-73.94329, 40.73901], [-73.94353, 40.73892], [-73.94357, 40.73892], [-73.94361, 40.73892], [-73.94364, 40.73892], [-73.94368, 40.73891], [-73.94375, 40.73889], [-73.94382, 40.73887], [-73.94389, 40.73885], [-73.94392, 40.73884], [-73.94394, 40.73882], [-73.94396, 40.7388], [-73.94397, 40.73878], [-73.94434, 40.73865], [-73.94459, 40.73857], [-73.9448, 40.7385], [-73.94524, 40.73836], [-73.94529, 40.73831], [-73.94536, 40.73827], [-73.94548, 40.73821], [-73.94601, 40.73812], [-73.94715, 40.7379], [-73.95034, 40.73901], [-73.95039, 40.73903], [-73.95072, 40.73913], [-73.95136, 40.73931], [-73.95138, 40.73934], [-73.95192, 40.73949], [-73.9522, 40.73954], [-73.95222, 40.7395], [-73.9523, 40.73952], [-73.95243, 40.73954], [-73.9525, 40.73956], [-73.95257, 40.73958], [-73.95263, 40.73959], [-73.9527, 40.73961], [-73.95275, 40.73962], [-73.95283, 40.73964], [-73.95292, 40.73965], [-73.95302, 40.73967], [-73.95332, 40.73972], [-73.95341, 40.73974], [-73.9535, 40.73975], [-73.95367, 40.73979], [-73.95375, 40.73981], [-73.95378, 40.73982], [-73.9538, 40.73982], [-73.95381, 40.73982], [-73.95382, 40.73982], [-73.95386, 40.73981], [-73.95387, 40.73981], [-73.954, 40.73981], [-73.95405, 40.73981], [-73.95416, 40.7398], [-73.95421, 40.7398], [-73.95434, 40.7398], [-73.95445, 40.7398], [-73.95457, 40.7398], [-73.95467, 40.73981], [-73.95474, 40.73982], [-73.95478, 40.73982], [-73.9548, 40.73981], [-73.95481, 40.73981], [-73.95486, 40.7398], [-73.95488, 40.7398], [-73.95491, 40.73979], [-73.95494, 40.73979], [-73.95499, 40.73978], [-73.95502, 40.73978], [-73.95506, 40.73978], [-73.9552, 40.73978], [-73.95523, 40.73978], [-73.95529, 40.73977], [-73.95532, 40.73976], [-73.95537, 40.73976], [-73.95541, 40.73977], [-73.95542, 40.73977], [-73.95543, 40.73977], [-73.95546, 40.73978], [-73.95547, 40.73978], [-73.95547, 40.73978], [-73.95549, 40.73978], [-73.95551, 40.73978], [-73.95551, 40.73978], [-73.95554, 40.73977], [-73.95555, 40.73977], [-73.95556, 40.73977], [-73.95557, 40.73977], [-73.95557, 40.73976], [-73.9556, 40.73975], [-73.95561, 40.73975], [-73.95561, 40.73975], [-73.95562, 40.73975], [-73.95564, 40.73975], [-73.95568, 40.73975], [-73.95569, 40.73975], [-73.9557, 40.73975], [-73.95588, 40.73972], [-73.95598, 40.73971], [-73.95612, 40.7397], [-73.95615, 40.7397], [-73.95621, 40.73969], [-73.95624, 40.73969], [-73.95637, 40.73968], [-73.95654, 40.73967], [-73.95656, 40.73967], [-73.95658, 40.73966], [-73.95663, 40.73965], [-73.95666, 40.73964], [-73.95674, 40.73963], [-73.9568, 40.73962], [-73.95682, 40.73961], [-73.95685, 40.73961], [-73.95688, 40.73961], [-73.95691, 40.73961], [-73.95692, 40.73962], [-73.95692, 40.73962], [-73.95693, 40.73962], [-73.95696, 40.73963], [-73.95697, 40.73963], [-73.95697, 40.73963], [-73.95698, 40.73963], [-73.95698, 40.73963], [-73.95702, 40.73963], [-73.95706, 40.73963], [-73.9571, 40.73963], [-73.95715, 40.73962], [-73.95717, 40.73961], [-73.95723, 40.73959], [-73.95725, 40.73959], [-73.95728, 40.73958], [-73.95737, 40.73957], [-73.95741, 40.73956], [-73.95747, 40.73954], [-73.95752, 40.73953], [-73.95758, 40.73951], [-73.95758, 40.73951], [-73.95759, 40.7395], [-73.9576, 40.7395], [-73.9576, 40.73949], [-73.95761, 40.73948], [-73.95763, 40.73945], [-73.95764, 40.73944], [-73.95764, 40.73944], [-73.95765, 40.73944], [-73.95765, 40.73943], [-73.95769, 40.73942], [-73.95779, 40.73939], [-73.95781, 40.73938], [-73.95783, 40.73937], [-73.95787, 40.73935], [-73.95796, 40.7393], [-73.95798, 40.73929], [-73.95801, 40.73928], [-73.95804, 40.73927], [-73.95811, 40.73925], [-73.95812, 40.73924], [-73.95814, 40.73924], [-73.95825, 40.73918], [-73.95837, 40.73913], [-73.95847, 40.73909], [-73.95858, 40.73904], [-73.95868, 40.739], [-73.95879, 40.73895], [-73.95881, 40.73894], [-73.95887, 40.73892], [-73.9589, 40.73891], [-73.95892, 40.7389], [-73.95898, 40.73887], [-73.95903, 40.73885], [-73.95914, 40.7388], [-73.95918, 40.73878], [-73.95921, 40.73877], [-73.95925, 40.73874], [-73.95926, 40.73873], [-73.95927, 40.73872], [-73.95939, 40.73868], [-73.95953, 40.73862], [-73.95964, 40.73858], [-73.95972, 40.73853], [-73.95978, 40.73851], [-73.95984, 40.73849], [-73.95985, 40.73849], [-73.95987, 40.73849], [-73.95993, 40.73848], [-73.95995, 40.73848], [-73.96, 40.73849], [-73.96002, 40.73849], [-73.96003, 40.73849], [-73.96004, 40.73849], [-73.96005, 40.73849], [-73.96007, 40.73848], [-73.96008, 40.73848], [-73.96009, 40.73847], [-73.96011, 40.73846], [-73.96012, 40.73845], [-73.96013, 40.73844], [-73.96013, 40.73844], [-73.96013, 40.73843], [-73.96014, 40.73842], [-73.96014, 40.73842], [-73.96014, 40.73838], [-73.96014, 40.73837], [-73.96014, 40.73836], [-73.96015, 40.73836], [-73.96015, 40.73835], [-73.96015, 40.73835], [-73.96016, 40.73834], [-73.96017, 40.73834], [-73.9602, 40.73833], [-73.96021, 40.73832], [-73.96022, 40.73832], [-73.96022, 40.73831], [-73.96023, 40.73831], [-73.96027, 40.73826], [-73.96029, 40.73824], [-73.96073, 40.73808], [-73.96171, 40.73822], [-73.96195, 40.73824], [-73.9621, 40.73826], [-73.96213, 40.73827], [-73.96216, 40.73827], [-73.96216, 40.73827], [-73.96217, 40.73827], [-73.96217, 40.73827], [-73.96217, 40.73827], [-73.96217, 40.73827], [-73.96217, 40.73827], [-73.96217, 40.73827], [-73.96217, 40.73827], [-73.96217, 40.73828], [-73.96217, 40.73828], [-73.96217, 40.73828], [-73.96217, 40.73828], [-73.96216, 40.73829], [-73.96216, 40.73832], [-73.96214, 40.73839], [-73.96213, 40.73841], [-73.96213, 40.73843], [-73.96213, 40.73843], [-73.96213, 40.73843], [-73.96213, 40.73844], [-73.96214, 40.73844], [-73.96214, 40.73844], [-73.96214, 40.73845], [-73.96215, 40.73845], [-73.96216, 40.73846], [-73.96219, 40.73847], [-73.96227, 40.73851], [-73.96235, 40.73855], [-73.9624, 40.73856], [-73.96242, 40.73858], [-73.96245, 40.73859], [-73.96247, 40.7386], [-73.96249, 40.73862], [-73.96251, 40.73864], [-73.96253, 40.73865], [-73.96255, 40.73867], [-73.96256, 40.73869], [-73.96259, 40.73874], [-73.96261, 40.73876], [-73.96262, 40.739], [-73.96243, 40.73966], [-73.96221, 40.74001], [-73.96159, 40.74], [-73.96152, 40.74016], [-73.96146, 40.7403], [-73.96145, 40.74034], [-73.96164, 40.74036], [-73.96163, 40.74046], [-73.96129, 40.74043], [-73.96127, 40.74054], [-73.96152, 40.74061], [-73.96173, 40.74067], [-73.96185, 40.74072], [-73.96191, 40.74087], [-73.96189, 40.74098], [-73.9618, 40.7411], [-73.96173, 40.74111], [-73.96165, 40.74113], [-73.96157, 40.74113], [-73.96149, 40.74114], [-73.96141, 40.74113], [-73.96139, 40.74114], [-73.96138, 40.74116], [-73.96137, 40.74117], [-73.96137, 40.74118], [-73.96136, 40.7412], [-73.96136, 40.74121], [-73.96137, 40.74123], [-73.96137, 40.74123], [-73.96137, 40.74123], [-73.96138, 40.74124], [-73.96138, 40.74125], [-73.96138, 40.74126], [-73.96138, 40.74126], [-73.96138, 40.74127], [-73.96138, 40.74128], [-73.96137, 40.74128], [-73.96137, 40.74129], [-73.96136, 40.74129], [-73.96135, 40.7413], [-73.96134, 40.7413], [-73.96134, 40.7413], [-73.96132, 40.74131], [-73.96131, 40.74132], [-73.96129, 40.74133], [-73.96127, 40.74133], [-73.96125, 40.74133], [-73.96123, 40.74133], [-73.96121, 40.74133], [-73.96121, 40.74133], [-73.96119, 40.74133], [-73.96118, 40.74133], [-73.96116, 40.74133], [-73.96115, 40.74133], [-73.96113, 40.74134], [-73.96112, 40.74135], [-73.9611, 40.74138], [-73.9611, 40.74142], [-73.9611, 40.74146], [-73.9611, 40.7415], [-73.96112, 40.74154], [-73.96112, 40.74154], [-73.96112, 40.74155], [-73.96113, 40.74161], [-73.96113, 40.74167], [-73.96113, 40.74173], [-73.96111, 40.7418], [-73.96127, 40.74183], [-73.96129, 40.7418], [-73.96136, 40.74181], [-73.96136, 40.74182], [-73.96136, 40.74183], [-73.96136, 40.74185], [-73.96136, 40.74186], [-73.96135, 40.74187], [-73.96134, 40.74188], [-73.96111, 40.74183], [-73.96117, 40.74189], [-73.96155, 40.74199], [-73.96119, 40.74264], [-73.96111, 40.74275], [-73.9611, 40.74278], [-73.96097, 40.74275], [-73.96093, 40.74283], [-73.96065, 40.74339], [-73.96061, 40.74343], [-73.96057, 40.74347], [-73.96052, 40.7435], [-73.96047, 40.74352], [-73.96041, 40.74354], [-73.96035, 40.74355], [-73.96029, 40.74356], [-73.96023, 40.74356], [-73.96016, 40.74355], [-73.95978, 40.7435], [-73.95972, 40.74369], [-73.9598, 40.74371], [-73.95974, 40.74387], [-73.95975, 40.7439], [-73.96051, 40.74405], [-73.96052, 40.74402], [-73.96057, 40.74403], [-73.96067, 40.74405], [-73.96065, 40.74413], [-73.96052, 40.7441], [-73.96012, 40.74403], [-73.96011, 40.74406], [-73.95992, 40.74403], [-73.95993, 40.74399], [-73.95963, 40.74393], [-73.95955, 40.74401], [-73.95936, 40.74421], [-73.9594, 40.74423], [-73.95939, 40.74428], [-73.95946, 40.74429], [-73.95947, 40.74427], [-73.95971, 40.74431], [-73.95973, 40.74427], [-73.96016, 40.74437], [-73.96013, 40.74444], [-73.96001, 40.74442], [-73.96003, 40.74437], [-73.9598, 40.74433], [-73.95979, 40.74436], [-73.95954, 40.74431], [-73.95952, 40.74435], [-73.95937, 40.74432], [-73.9593, 40.74432], [-73.95923, 40.74431], [-73.95922, 40.74433], [-73.95916, 40.74437], [-73.9591, 40.7444], [-73.95903, 40.74443], [-73.95898, 40.74445], [-73.95892, 40.74446], [-73.95885, 40.74447], [-73.95882, 40.74451], [-73.95878, 40.74455], [-73.95919, 40.74462], [-73.95922, 40.74455], [-73.95941, 40.74459], [-73.95942, 40.74459], [-73.95942, 40.74459], [-73.95943, 40.7446], [-73.95944, 40.7446], [-73.95944, 40.7446], [-73.95945, 40.74461], [-73.95945, 40.74461], [-73.95946, 40.74462], [-73.95946, 40.74462], [-73.95946, 40.74463], [-73.95946, 40.74463], [-73.95946, 40.74464], [-73.95946, 40.74464], [-73.95946, 40.74465], [-73.95946, 40.74465], [-73.95946, 40.74466], [-73.95946, 40.74467], [-73.95946, 40.74467], [-73.95945, 40.74468], [-73.95945, 40.74468], [-73.95944, 40.74469], [-73.95944, 40.74469], [-73.95943, 40.7447], [-73.95943, 40.7447], [-73.95942, 40.7447], [-73.95941, 40.74471], [-73.9594, 40.74471], [-73.9594, 40.74471], [-73.95939, 40.74471], [-73.95938, 40.74471], [-73.95937, 40.74471], [-73.95888, 40.74462], [-73.95888, 40.74461], [-73.95876, 40.74459], [-73.95864, 40.74495], [-73.95875, 40.74497], [-73.95876, 40.74495], [-73.95965, 40.74514], [-73.95965, 40.74522], [-73.95906, 40.74511], [-73.95908, 40.74509], [-73.95862, 40.74501], [-73.95849, 40.74499], [-73.95848, 40.74504], [-73.95847, 40.74506], [-73.95845, 40.74512], [-73.95862, 40.74515], [-73.95862, 40.74517], [-73.95874, 40.74519], [-73.95914, 40.74529], [-73.95917, 40.74529], [-73.9592, 40.7453], [-73.95923, 40.7453], [-73.95925, 40.74531], [-73.95927, 40.74533], [-73.95929, 40.74534], [-73.95931, 40.74536], [-73.95933, 40.7454], [-73.95934, 40.74543], [-73.95934, 40.74547], [-73.95934, 40.74551], [-73.95932, 40.74554], [-73.9593, 40.74558], [-73.95927, 40.74561], [-73.95924, 40.74564], [-73.95921, 40.74568], [-73.95916, 40.74571], [-73.95911, 40.74573], [-73.95906, 40.74575], [-73.95895, 40.74577], [-73.95878, 40.74573], [-73.95857, 40.74569], [-73.95848, 40.74569], [-73.9584, 40.74572], [-73.95838, 40.74575], [-73.95837, 40.74579], [-73.95837, 40.74583], [-73.95837, 40.74587], [-73.95838, 40.7459], [-73.95838, 40.74595], [-73.95899, 40.74606], [-73.95865, 40.74654], [-73.95867, 40.74664], [-73.95855, 40.74678], [-73.95845, 40.74688], [-73.9584, 40.7469], [-73.95839, 40.74694], [-73.95835, 40.74698], [-73.95834, 40.74702], [-73.95832, 40.74707], [-73.95679, 40.74884], [-73.95485, 40.74804], [-73.95473, 40.74802], [-73.95468, 40.74813], [-73.95471, 40.74815], [-73.95465, 40.74823], [-73.95432, 40.7481], [-73.95439, 40.74802], [-73.95465, 40.74813], [-73.95471, 40.74801], [-73.95318, 40.74773], [-73.95305, 40.74809], [-73.95478, 40.74843], [-73.95632, 40.74908], [-73.95638, 40.74903], [-73.95649, 40.74911], [-73.95626, 40.74933], [-73.95613, 40.74926], [-73.95576, 40.7496], [-73.95617, 40.74966], [-73.9562, 40.74967], [-73.9562, 40.74969], [-73.95612, 40.74976], [-73.95609, 40.74977], [-73.95606, 40.74976], [-73.95559, 40.74968], [-73.95546, 40.74967], [-73.95535, 40.75001], [-73.95522, 40.74999], [-73.95523, 40.74994], [-73.95513, 40.74993], [-73.9552, 40.74968], [-73.95507, 40.74963], [-73.95452, 40.75059], [-73.95465, 40.75083], [-73.95432, 40.75126], [-73.95394, 40.75174], [-73.95399, 40.75179], [-73.9538, 40.75196], [-73.95368, 40.75205], [-73.95364, 40.75204], [-73.95297, 40.75275], [-73.95301, 40.75277], [-73.95285, 40.75294], [-73.95266, 40.75311], [-73.95217, 40.7537], [-73.95208, 40.75376], [-73.95178, 40.75409], [-73.95163, 40.75425], [-73.95137, 40.75452], [-73.95102, 40.75509], [-73.95088, 40.75517], [-73.95084, 40.75522], [-73.95081, 40.75526], [-73.94911, 40.75452], [-73.94827, 40.75415], [-73.94745, 40.7538], [-73.94656, 40.75341], [-73.94636, 40.75332], [-73.94597, 40.75316], [-73.94572, 40.75304], [-73.94553, 40.75296], [-73.94505, 40.75274], [-73.94482, 40.75263], [-73.94458, 40.75253], [-73.94405, 40.75231], [-73.94345, 40.75205]]]}}, {"type": "Feature", "properties": {"zone_id": 146, "zone": "Long Island City/Queens Plaza", "borough": "Queens", "demand": 373}, "geometry": {"type": "Polygon", "coordinates": [[[-73.93676, 40.74915], [-73.9374, 40.74892], [-73.93746, 40.74898], [-73.93753, 40.74905], [-73.9376, 40.74912], [-73.93774, 40.74925], [-73.93783, 40.74941], [-73.93797, 40.74967], [-73.93812, 40.74979], [-73.93881, 40.75006], [-73.93963, 40.75038], [-73.94004, 40.75056], [-73.94044, 40.75074], [-73.94056, 40.75079], [-73.94069, 40.75085], [-73.94127, 40.75112], [-73.94143, 40.75119], [-73.94207, 40.75146], [-73.94256, 40.75167], [-73.94271, 40.75173], [-73.94291, 40.75182], [-73.94345, 40.75205], [-73.94405, 40.75231], [-73.94402, 40.75235], [-73.94396, 40.7524], [-73.94393, 40.75244], [-73.94392, 40.75245], [-73.94384, 40.75253], [-73.94243, 40.754], [-73.94124, 40.75523], [-73.94004, 40.75649], [-73.9391, 40.75749], [-73.93792, 40.75871], [-73.93679, 40.75988], [-73.93588, 40.75946], [-73.9358, 40.75942], [-73.93506, 40.75907], [-73.93503, 40.75906], [-73.93496, 40.75902], [-73.93425, 40.75869], [-73.93335, 40.75827], [-73.93215, 40.75771], [-73.93135, 40.75733], [-73.93055, 40.75696], [-73.92975, 40.75658], [-73.92896, 40.75621], [-73.92815, 40.75584], [-73.92735, 40.75546], [-73.92655, 40.75508], [-73.92575, 40.75471], [-73.92495, 40.75434], [-73.92416, 40.75396], [-73.92563, 40.75214], [-73.92596, 40.7521], [-73.92647, 40.75207], [-73.92791, 40.75205], [-73.92874, 40.75204], [-73.92914, 40.75203], [-73.93015, 40.75201], [-73.93126, 40.75199], [-73.93196, 40.75197], [-73.93228, 40.75195], [-73.93383, 40.7516], [-73.93474, 40.75098], [-73.93609, 40.74973], [-73.93616, 40.74967], [-73.93646, 40.74941], [-73.93676, 40.74915]]]}}, {"type": "Feature", "properties": {"zone_id": 152, "zone": "Manhattanville", "borough": "Manhattan", "demand": 357}, "geometry": {"type": "Polygon", "coordinates": [[[-73.95357, 40.82198], [-73.95291, 40.8217], [-73.95083, 40.82083], [-73.95038, 40.82145], [-73.94992, 40.82207], [-73.94854, 40.82149], [-73.94808, 40.82211], [-73.94724, 40.82175], [-73.94608, 40.82126], [-73.9464, 40.82057], [-73.94672, 40.81989], [-73.94704, 40.81921], [-73.94735, 40.81853], [-73.94767, 40.81785], [-73.94801, 40.81712], [-73.94836, 40.81637], [-73.94868, 40.81569], [-73.94883, 40.81536], [-73.94901, 40.81504], [-73.9492, 40.81472], [-73.94941, 40.81441], [-73.94963, 40.8141], [-73.94963, 40.8141], [-73.94963, 40.8141], [-73.94986, 40.8138], [-73.95035, 40.81316], [-73.95093, 40.81257], [-73.95098, 40.81252], [-73.95151, 40.81201], [-73.9521, 40.81144], [-73.95354, 40.81205], [-73.95408, 40.81228], [-73.9552, 40.81355], [-73.95571, 40.81414], [-73.95627, 40.81337], [-73.95708, 40.8143], [-73.95711, 40.81433], [-73.95717, 40.8144], [-73.95783, 40.81516], [-73.9582, 40.81558], [-73.95829, 40.81569], [-73.95839, 40.8158], [-73.95949, 40.81701], [-73.96069, 40.81751], [-73.96102, 40.81765], [-73.96139, 40.81782], [-73.96158, 40.81791], [-73.96164, 40.81794], [-73.96169, 40.81797], [-73.96182, 40.81802], [-73.9619, 40.81805], [-73.96203, 40.81809], [-73.96132, 40.81889], [-73.96095, 40.81931], [-73.96045, 40.81988], [-73.96, 40.82038], [-73.95981, 40.8203], [-73.95939, 40.82085], [-73.95933, 40.82095], [-73.95928, 40.82099], [-73.95913, 40.82117], [-73.95921, 40.82121], [-73.95926, 40.82124], [-73.9593, 40.82119], [-73.95943, 40.82125], [-73.95915, 40.82157], [-73.95903, 40.82151], [-73.95923, 40.82128], [-73.95918, 40.82125], [-73.95909, 40.82121], [-73.95882, 40.82152], [-73.95894, 40.82157], [-73.95875, 40.82181], [-73.95896, 40.82237], [-73.959, 40.82241], [-73.95911, 40.82245], [-73.95923, 40.82229], [-73.95991, 40.82257], [-73.9596, 40.82299], [-73.95893, 40.82271], [-73.95905, 40.82254], [-73.95892, 40.82249], [-73.95887, 40.82245], [-73.95884, 40.8224], [-73.95865, 40.82192], [-73.95865, 40.8219], [-73.95853, 40.82184], [-73.9582, 40.82228], [-73.95817, 40.82246], [-73.95813, 40.82253], [-73.95807, 40.82261], [-73.95794, 40.82277], [-73.95823, 40.82289], [-73.95821, 40.82292], [-73.95814, 40.82302], [-73.95916, 40.82345], [-73.95918, 40.82346], [-73.95944, 40.82356], [-73.95946, 40.82357], [-73.95948, 40.82358], [-73.9595, 40.82359], [-73.9595, 40.82359], [-73.95951, 40.8236], [-73.95722, 40.82323], [-73.95715, 40.82321], [-73.95708, 40.8232], [-73.95651, 40.82312], [-73.95634, 40.82309], [-73.95577, 40.8229], [-73.95573, 40.82289], [-73.9557, 40.82288], [-73.95377, 40.82206], [-73.95367, 40.82202], [-73.95357, 40.82198]]]}}, {"type": "Feature", "properties": {"zone_id": 179, "zone": "Old Astoria", "borough": "Queens", "demand": 307}, "geometry": {"type": "Polygon", "coordinates": [[[-73.9329, 40.77794], [-73.93277, 40.77792], [-73.93274, 40.77799], [-73.93272, 40.77803], [-73.93265, 40.77802], [-73.93185, 40.77788], [-73.93179, 40.77787], [-73.93105, 40.77744], [-73.93107, 40.77726], [-73.93088, 40.77697], [-73.93063, 40.77659], [-73.92988, 40.77622], [-73.92904, 40.77647], [-73.9286, 40.77659], [-73.9284, 40.77679], [-73.92828, 40.7769], [-73.92782, 40.7767], [-73.92738, 40.77647], [-73.92658, 40.77604], [-73.92602, 40.77573], [-73.92531, 40.77534], [-73.92523, 40.7753], [-73.92398, 40.77461], [-73.92279, 40.77396], [-73.92217, 40.77355], [-73.92147, 40.77305], [-73.92076, 40.77255], [-73.92008, 40.77207], [-73.91942, 40.77159], [-73.9188, 40.77115], [-73.91871, 40.77108], [-73.91815, 40.7707], [-73.9177, 40.77039], [-73.91812, 40.77003], [-73.91829, 40.76988], [-73.91996, 40.76844], [-73.91911, 40.76802], [-73.91849, 40.76773], [-73.91891, 40.76723], [-73.91978, 40.76615], [-73.92059, 40.76652], [-73.92139, 40.76689], [-73.92219, 40.76727], [-73.92354, 40.7656], [-73.92425, 40.76472], [-73.92506, 40.7651], [-73.92644, 40.76573], [-73.92856, 40.76671], [-73.92986, 40.76733], [-73.93202, 40.76826], [-73.93344, 40.76882], [-73.93423, 40.76785], [-73.93493, 40.76701], [-73.93595, 40.76758], [-73.93618, 40.76769], [-73.93593, 40.76778], [-73.93582, 40.76863], [-73.93577, 40.76905], [-73.93523, 40.76953], [-73.93504, 40.76968], [-73.93487, 40.76985], [-73.93487, 40.76985], [-73.93487, 40.76985], [-73.93472, 40.77003], [-73.93459, 40.77022], [-73.93447, 40.77041], [-73.93425, 40.77103], [-73.93453, 40.77118], [-73.93449, 40.77131], [-73.93486, 40.77138], [-73.93487, 40.77135], [-73.93495, 40.77137], [-73.93493, 40.77144], [-73.93484, 40.77142], [-73.93484, 40.7714], [-73.93448, 40.77132], [-73.93444, 40.77146], [-73.93483, 40.77158], [-73.93481, 40.7717], [-73.93481, 40.77173], [-73.93512, 40.77182], [-73.93605, 40.77211], [-73.93747, 40.77253], [-73.93781, 40.77356], [-73.93786, 40.77409], [-73.93765, 40.77509], [-73.93705, 40.77587], [-73.93703, 40.77589], [-73.93638, 40.77692], [-73.93609, 40.77718], [-73.93585, 40.77721], [-73.93551, 40.77754], [-73.93508, 40.77794], [-73.93474, 40.77808], [-73.93441, 40.77809], [-73.93391, 40.77812], [-73.9329, 40.77794]]]}}, {"type": "Feature", "properties": {"zone_id": 181, "zone": "Park Slope", "borough": "Brooklyn", "demand": 642}, "geometry": {"type": "Polygon", "coordinates": [[[-73.97583, 40.66581], [-73.97633, 40.66521], [-73.97685, 40.66461], [-73.97734, 40.66401], [-73.97784, 40.6634], [-73.97835, 40.6628], [-73.97885, 40.6622], [-73.97935, 40.66159], [-73.97965, 40.66124], [-73.97971, 40.66126], [-73.97976, 40.66127], [-73.97982, 40.66128], [-73.97988, 40.66128], [-73.97993, 40.66127], [-73.97999, 40.66126], [-73.98004, 40.66124], [-73.98009, 40.66122], [-73.98013, 40.66119], [-73.98017, 40.66115], [-73.98223, 40.66214], [-73.98273, 40.66154], [-73.98324, 40.66094], [-73.98392, 40.66014], [-73.98448, 40.6596], [-73.98509, 40.65901], [-73.98648, 40.65991], [-73.9866, 40.66001], [-73.98671, 40.66012], [-73.98681, 40.66024], [-73.98688, 40.66037], [-73.98713, 40.66037], [-73.98725, 40.66038], [-73.9873, 40.66044], [-73.98804, 40.66148], [-73.98872, 40.6624], [-73.98877, 40.66236], [-73.98888, 40.66225], [-73.98947, 40.6617], [-73.99005, 40.66114], [-73.99064, 40.66058], [-73.99157, 40.66114], [-73.99284, 40.66191], [-73.99502, 40.66321], [-73.99511, 40.66326], [-73.99521, 40.66332], [-73.99693, 40.66437], [-73.99637, 40.66496], [-73.99605, 40.66528], [-73.99593, 40.66541], [-73.99583, 40.66551], [-73.99581, 40.66553], [-73.99596, 40.6657], [-73.99587, 40.66573], [-73.99576, 40.66578], [-73.99531, 40.66616], [-73.99512, 40.66638], [-73.99503, 40.66651], [-73.99499, 40.66663], [-73.99497, 40.66666], [-73.99495, 40.6667], [-73.9949, 40.66679], [-73.99285, 40.66555], [-73.99277, 40.66551], [-73.99223, 40.66614], [-73.99173, 40.66674], [-73.99123, 40.66734], [-73.99073, 40.66795], [-73.99022, 40.66855], [-73.98972, 40.66915], [-73.98922, 40.66975], [-73.98907, 40.66993], [-73.98907, 40.66993], [-73.98871, 40.67036], [-73.98821, 40.67096], [-73.98772, 40.67155], [-73.98744, 40.67188], [-73.98721, 40.67216], [-73.98671, 40.67277], [-73.98622, 40.67335], [-73.9857, 40.67397], [-73.9852, 40.67457], [-73.9847, 40.67518], [-73.9842, 40.67577], [-73.9839, 40.67615], [-73.98347, 40.67678], [-73.98305, 40.67741], [-73.98262, 40.67804], [-73.98219, 40.67868], [-73.98176, 40.67931], [-73.98132, 40.67995], [-73.98089, 40.68059], [-73.98046, 40.68122], [-73.98004, 40.68185], [-73.97962, 40.68249], [-73.97918, 40.68313], [-73.97876, 40.68376], [-73.97843, 40.68436], [-73.97839, 40.68442], [-73.97804, 40.68486], [-73.97746, 40.68405], [-73.9771, 40.68387], [-73.97682, 40.68375], [-73.97676, 40.68373], [-73.97654, 40.68365], [-73.97625, 40.68356], [-73.97595, 40.68347], [-73.97483, 40.68323], [-73.97376, 40.68303], [-73.97374, 40.68289], [-73.97385, 40.68259], [-73.97395, 40.68228], [-73.97423, 40.6815], [-73.97439, 40.68105], [-73.9745, 40.68073], [-73.97469, 40.68027], [-73.9749, 40.67995], [-73.97496, 40.67988], [-73.97532, 40.67933], [-73.97575, 40.6787], [-73.97618, 40.67806], [-73.97369, 40.67708], [-73.97189, 40.67639], [-73.9695, 40.67591], [-73.96969, 40.67536], [-73.96955, 40.67528], [-73.96955, 40.67528], [-73.96941, 40.67518], [-73.96941, 40.67518], [-73.96928, 40.67508], [-73.96917, 40.67496], [-73.96917, 40.67496], [-73.96917, 40.67496], [-73.96908, 40.67484], [-73.96908, 40.67484], [-73.96908, 40.67484], [-73.969, 40.67471], [-73.96891, 40.67456], [-73.96884, 40.67441], [-73.96878, 40.67425], [-73.96874, 40.67409], [-73.96872, 40.67392], [-73.96871, 40.6738], [-73.96871, 40.67369], [-73.96872, 40.67357], [-73.96874, 40.67345], [-73.96877, 40.67333], [-73.9688, 40.67321], [-73.96885, 40.6731], [-73.9689, 40.67299], [-73.96892, 40.67294], [-73.96927, 40.6728], [-73.96966, 40.67264], [-73.97, 40.67263], [-73.97041, 40.67259], [-73.97085, 40.67186], [-73.97133, 40.67125], [-73.97182, 40.67063], [-73.97232, 40.67003], [-73.97282, 40.66943], [-73.97332, 40.66882], [-73.97383, 40.66822], [-73.97433, 40.66762], [-73.97483, 40.66702], [-73.97534, 40.66642], [-73.97583, 40.66581]]]}}, {"type": "Feature", "properties": {"zone_id": 189, "zone": "Prospect Heights", "borough": "Brooklyn", "demand": 223}, "geometry": {"type": "Polygon", "coordinates": [[[-73.96071, 40.67312], [-73.96103, 40.67224], [-73.96126, 40.67156], [-73.96132, 40.67141], [-73.96259, 40.67171], [-73.96314, 40.67186], [-73.96468, 40.67226], [-73.96746, 40.67293], [-73.9677, 40.67297], [-73.96794, 40.673], [-73.96817, 40.67302], [-73.9684, 40.67303], [-73.96842, 40.67303], [-73.96866, 40.67302], [-73.96892, 40.67294], [-73.9689, 40.67299], [-73.96885, 40.6731], [-73.9688, 40.67321], [-73.96877, 40.67333], [-73.96874, 40.67345], [-73.96872, 40.67357], [-73.96871, 40.67369], [-73.96871, 40.6738], [-73.96872, 40.67392], [-73.96874, 40.67409], [-73.96878, 40.67425], [-73.96884, 40.67441], [-73.96891, 40.67456], [-73.969, 40.67471], [-73.96908, 40.67484], [-73.96908, 40.67484], [-73.96908, 40.67484], [-73.96917, 40.67496], [-73.96917, 40.67496], [-73.96917, 40.67496], [-73.96928, 40.67508], [-73.96941, 40.67518], [-73.96941, 40.67518], [-73.96955, 40.67528], [-73.96955, 40.67528], [-73.96969, 40.67536], [-73.9695, 40.67591], [-73.97189, 40.67639], [-73.97369, 40.67708], [-73.97618, 40.67806], [-73.97575, 40.6787], [-73.97532, 40.67933], [-73.97496, 40.67988], [-73.9749, 40.67995], [-73.97469, 40.68027], [-73.9745, 40.68073], [-73.97439, 40.68105], [-73.97423, 40.6815], [-73.97395, 40.68228], [-73.97385, 40.68259], [-73.97374, 40.68289], [-73.97376, 40.68303], [-73.97278, 40.68285], [-73.97265, 40.68283], [-73.97186, 40.68267], [-73.97067, 40.68242], [-73.96969, 40.68222], [-73.96869, 40.682], [-73.96753, 40.68177], [-73.96657, 40.68156], [-73.96551, 40.68134], [-73.96448, 40.68113], [-73.96442, 40.68112], [-73.96329, 40.68088], [-73.96135, 40.68046], [-73.96141, 40.68041], [-73.96154, 40.68009], [-73.96168, 40.6797], [-73.96196, 40.67893], [-73.96223, 40.67817], [-73.96255, 40.67729], [-73.96286, 40.6764], [-73.96318, 40.67553], [-73.96007, 40.67488], [-73.96039, 40.674], [-73.96071, 40.67312]]]}}, {"type": "Feature", "properties": {"zone_id": 209, "zone": "Seaport", "borough": "Manhattan", "demand": 734}, "geometry": {"type": "Polygon", "coordinates": [[[-74.005, 40.71201], [-74.00491, 40.71197], [-74.00443, 40.71179], [-74.00418, 40.71169], [-74.00382, 40.71155], [-74.00366, 40.71149], [-74.00336, 40.71127], [-74.00332, 40.71124], [-74.00258, 40.71064], [-74.00224, 40.71036], [-74.00174, 40.70996], [-74.00156, 40.70982], [-74.00147, 40.70975], [-74.00134, 40.70965], [-74.00055, 40.70902], [-74.00027, 40.70879], [-74.00019, 40.70873], [-74.00012, 40.70868], [-74.00001, 40.7086], [-73.99993, 40.70854], [-73.99981, 40.70844], [-73.99956, 40.70824], [-73.99944, 40.70814], [-73.9994, 40.7081], [-73.99936, 40.70807], [-73.99929, 40.70802], [-73.99929, 40.70802], [-73.99919, 40.70795], [-73.99926, 40.70791], [-73.99933, 40.70788], [-73.99938, 40.70784], [-73.99942, 40.70782], [-73.99946, 40.7078], [-73.99952, 40.70776], [-73.99951, 40.70775], [-73.99949, 40.70772], [-73.99954, 40.70769], [-73.99955, 40.70769], [-73.99957, 40.70772], [-73.99961, 40.70776], [-73.99988, 40.70762], [-73.99995, 40.70759], [-73.99994, 40.70758], [-73.99995, 40.70756], [-73.99996, 40.70753], [-73.99997, 40.70751], [-74.0, 40.70749], [-74.00014, 40.7074], [-74.00023, 40.70735], [-74.0004, 40.70726], [-74.00055, 40.70718], [-74.00077, 40.70708], [-74.00085, 40.70704], [-74.00088, 40.70702], [-74.00119, 40.70686], [-74.00113, 40.7068], [-74.00122, 40.70674], [-74.00123, 40.70674], [-74.00123, 40.70673], [-74.00116, 40.70666], [-74.00118, 40.70665], [-74.00117, 40.70664], [-74.00118, 40.70663], [-74.00118, 40.70663], [-74.00098, 40.70642], [-74.00141, 40.70618], [-74.00141, 40.70618], [-74.00141, 40.70618], [-74.00058, 40.70543], [-74.00059, 40.70541], [-74.00082, 40.70527], [-74.00144, 40.70487], [-74.00145, 40.70487], [-74.00146, 40.70487], [-74.00183, 40.70521], [-74.00206, 40.70541], [-74.00206, 40.70542], [-74.00206, 40.70542], [-74.00212, 40.70538], [-74.00216, 40.70536], [-74.00257, 40.70552], [-74.00295, 40.70603], [-74.00296, 40.70603], [-74.00297, 40.70604], [-74.00299, 40.70608], [-74.00303, 40.70611], [-74.00307, 40.70614], [-74.00316, 40.70623], [-74.00361, 40.70678], [-74.00372, 40.70693], [-74.00392, 40.70724], [-74.00406, 40.70744], [-74.00433, 40.70782], [-74.00479, 40.7084], [-74.00506, 40.70879], [-74.00526, 40.70892], [-74.00551, 40.70909], [-74.00644, 40.70956], [-74.00705, 40.70987], [-74.00774, 40.71022], [-74.00906, 40.71089], [-74.0086, 40.71139], [-74.00835, 40.71136], [-74.00797, 40.71145], [-74.00747, 40.71157], [-74.00739, 40.71164], [-74.00699, 40.71174], [-74.00608, 40.71196], [-74.00589, 40.71201], [-74.00573, 40.71198], [-74.00544, 40.71208], [-74.00538, 40.71208], [-74.00523, 40.71207], [-74.00519, 40.71207], [-74.00511, 40.71206], [-74.005, 40.71201]]]}}, {"type": "Feature", "properties": {"zone_id": 223, "zone": "Steinway", "borough": "Queens", "demand": 250}, "geometry": {"type": "Polygon", "coordinates": [[[-73.90649, 40.79018], [-73.90251, 40.78947], [-73.9024, 40.78955], [-73.90206, 40.78949], [-73.90203, 40.78941], [-73.9017, 40.78932], [-73.90077, 40.78914], [-73.90033, 40.78901], [-73.90011, 40.78885], [-73.89962, 40.7884], [-73.89925, 40.78815], [-73.89783, 40.78718], [-73.89726, 40.78675], [-73.89702, 40.78666], [-73.89694, 40.78662], [-73.89651, 40.78607], [-73.89638, 40.78613], [-73.8964, 40.78616], [-73.89635, 40.78618], [-73.8963, 40.78612], [-73.89635, 40.7861], [-73.89637, 40.78612], [-73.8965, 40.78606], [-73.89638, 40.78591], [-73.89627, 40.78596], [-73.89629, 40.78598], [-73.89622, 40.78602], [-73.89604, 40.7858], [-73.89611, 40.78577], [-73.89613, 40.78579], [-73.89624, 40.78574], [-73.89614, 40.78561], [-73.89601, 40.78567], [-73.89603, 40.78569], [-73.89598, 40.78571], [-73.89593, 40.78565], [-73.89598, 40.78563], [-73.896, 40.78566], [-73.89613, 40.78559], [-73.89583, 40.78522], [-73.89683, 40.78443], [-73.89678, 40.78439], [-73.89676, 40.7844], [-73.89672, 40.78438], [-73.89673, 40.78437], [-73.89672, 40.78436], [-73.89673, 40.78436], [-73.89672, 40.78435], [-73.89676, 40.78432], [-73.89677, 40.78433], [-73.89679, 40.78432], [-73.89683, 40.78435], [-73.89681, 40.78437], [-73.89686, 40.7844], [-73.89708, 40.78425], [-73.89697, 40.78416], [-73.89875, 40.78278], [-73.90115, 40.78271], [-73.90172, 40.78213], [-73.90175, 40.78212], [-73.90179, 40.7821], [-73.90185, 40.78208], [-73.90187, 40.78207], [-73.90189, 40.78207], [-73.90192, 40.78204], [-73.90195, 40.78202], [-73.90198, 40.78199], [-73.90205, 40.78192], [-73.90212, 40.78185], [-73.90217, 40.78179], [-73.90218, 40.78178], [-73.90218, 40.78177], [-73.90219, 40.78176], [-73.9023, 40.78152], [-73.90251, 40.78111], [-73.90258, 40.78081], [-73.90268, 40.78059], [-73.90268, 40.78035], [-73.90258, 40.78029], [-73.90234, 40.78019], [-73.90225, 40.78027], [-73.90218, 40.78036], [-73.90215, 40.78078], [-73.90204, 40.7812], [-73.90129, 40.78186], [-73.90122, 40.78182], [-73.90073, 40.78198], [-73.90035, 40.78207], [-73.90035, 40.78216], [-73.89948, 40.78217], [-73.89865, 40.78199], [-73.89719, 40.78281], [-73.89711, 40.78272], [-73.89705, 40.78276], [-73.89705, 40.78276], [-73.89704, 40.78277], [-73.89704, 40.78278], [-73.89703, 40.78279], [-73.89702, 40.78279], [-73.897, 40.7828], [-73.89699, 40.7828], [-73.89698, 40.7828], [-73.89694, 40.78282], [-73.89693, 40.78283], [-73.89693, 40.78284], [-73.89693, 40.78284], [-73.89692, 40.78285], [-73.89691, 40.78285], [-73.8969, 40.78286], [-73.89689, 40.78286], [-73.89688, 40.78286], [-73.89687, 40.78286], [-73.89682, 40.78289], [-73.89681, 40.78289], [-73.89681, 40.7829], [-73.8968, 40.78291], [-73.89679, 40.78291], [-73.89678, 40.78292], [-73.89677, 40.78292], [-73.89676, 40.78292], [-73.89671, 40.78295], [-73.89671, 40.78296], [-73.8967, 40.78296], [-73.89669, 40.78297], [-73.89667, 40.78298], [-73.89666, 40.78298], [-73.89665, 40.78298], [-73.89659, 40.78301], [-73.89659, 40.78302], [-73.89659, 40.78302], [-73.89659, 40.78303], [-73.89658, 40.78303], [-73.89657, 40.78304], [-73.89657, 40.78304], [-73.89656, 40.78304], [-73.89655, 40.78305], [-73.89654, 40.78305], [-73.89653, 40.78304], [-73.89648, 40.78307], [-73.89648, 40.78308], [-73.89647, 40.78309], [-73.89647, 40.78309], [-73.89646, 40.7831], [-73.89645, 40.7831], [-73.89644, 40.78311], [-73.89643, 40.78311], [-73.89642, 40.78311], [-73.89636, 40.78314], [-73.89636, 40.78315], [-73.89636, 40.78315], [-73.89635, 40.78316], [-73.89635, 40.78316], [-73.89634, 40.78316], [-73.89633, 40.78317], [-73.89633, 40.78317], [-73.89632, 40.78317], [-73.89631, 40.78317], [-73.89626, 40.7832], [-73.89625, 40.78321], [-73.89624, 40.78322], [-73.89623, 40.78323], [-73.89621, 40.78323], [-73.8962, 40.78324], [-73.89618, 40.78324], [-73.896, 40.78334], [-73.896, 40.78334], [-73.896, 40.78334], [-73.896, 40.78334], [-73.896, 40.78334], [-73.896, 40.78335], [-73.896, 40.78335], [-73.89599, 40.78335], [-73.89599, 40.78335], [-73.89599, 40.78335], [-73.89599, 40.78336], [-73.89599, 40.78336], [-73.89599, 40.78336], [-73.89598, 40.78336], [-73.89598, 40.78336], [-73.89598, 40.78336], [-73.89598, 40.78337], [-73.89598, 40.78337], [-73.89597, 40.78337], [-73.89597, 40.78337], [-73.89597, 40.78337], [-73.89597, 40.78337], [-73.89596, 40.78337], [-73.89596, 40.78338], [-73.89596, 40.78338], [-73.89596, 40.78338], [-73.89595, 40.78338], [-73.89595, 40.78338], [-73.89595, 40.78338], [-73.89595, 40.78338], [-73.89594, 40.78338], [-73.89594, 40.78338], [-73.89594, 40.78338], [-73.89593, 40.78338], [-73.89593, 40.78338], [-73.89593, 40.78338], [-73.89593, 40.78338], [-73.89592, 40.78338], [-73.89592, 40.78338], [-73.89574, 40.78348], [-73.89574, 40.78348], [-73.89574, 40.78349], [-73.89574, 40.78349], [-73.89574, 40.78349], [-73.89574, 40.78349], [-73.89574, 40.78349], [-73.89573, 40.7835], [-73.89573, 40.7835], [-73.89573, 40.7835], [-73.89573, 40.7835], [-73.89573, 40.7835], [-73.89572, 40.7835], [-73.89572, 40.78351], [-73.89572, 40.78351], [-73.89572, 40.78351], [-73.89571, 40.78351], [-73.89571, 40.78351], [-73.89571, 40.78351], [-73.89571, 40.78351], [-73.8957, 40.78352], [-73.8957, 40.78352], [-73.8957, 40.78352], [-73.8957, 40.78352], [-73.89569, 40.78352], [-73.89569, 40.78352], [-73.89569, 40.78352], [-73.89569, 40.78352], [-73.89568, 40.78352], [-73.89568, 40.78352], [-73.89568, 40.78352], [-73.89567, 40.78352], [-73.89567, 40.78352], [-73.89567, 40.78352], [-73.89567, 40.78352], [-73.89566, 40.78352], [-73.89548, 40.78363], [-73.89548, 40.78363], [-73.89548, 40.78363], [-73.89548, 40.78363], [-73.89548, 40.78363], [-73.89548, 40.78364], [-73.89548, 40.78364], [-73.89547, 40.78364], [-73.89547, 40.78364], [-73.89547, 40.78364], [-73.89547, 40.78365], [-73.89547, 40.78365], [-73.89546, 40.78365], [-73.89546, 40.78365], [-73.89546, 40.78365], [-73.89546, 40.78366], [-73.89545, 40.78366], [-73.89545, 40.78366], [-73.89545, 40.78366], [-73.89544, 40.78366], [-73.89544, 40.78366], [-73.89544, 40.78366], [-73.89544, 40.78367], [-73.89543, 40.78367], [-73.89543, 40.78367], [-73.89543, 40.78367], [-73.89542, 40.78367], [-73.89542, 40.78367], [-73.89542, 40.78367], [-73.89541, 40.78367], [-73.89541, 40.78367], [-73.89541, 40.78367], [-73.8954, 40.78367], [-73.8954, 40.78367], [-73.8954, 40.78367], [-73.89539, 40.78367], [-73.89497, 40.78391], [-73.89497, 40.78391], [-73.89497, 40.78391], [-73.89497, 40.78392], [-73.89497, 40.78392], [-73.89496, 40.78392], [-73.89496, 40.78392], [-73.89496, 40.78392], [-73.89496, 40.78393], [-73.89496, 40.78393], [-73.89496, 40.78393], [-73.89495, 40.78393], [-73.89495, 40.78393], [-73.89495, 40.78394], [-73.89495, 40.78394], [-73.89495, 40.78394], [-73.89494, 40.78394], [-73.89494, 40.78394], [-73.89494, 40.78394], [-73.89494, 40.78395], [-73.89493, 40.78395], [-73.89493, 40.78395], [-73.89493, 40.78395], [-73.89493, 40.78395], [-73.89492, 40.78395], [-73.89492, 40.78395], [-73.89492, 40.78396], [-73.89491, 40.78396], [-73.89491, 40.78396], [-73.89491, 40.78396], [-73.89491, 40.78396], [-73.8949, 40.78396], [-73.8949, 40.78396], [-73.89489, 40.78396], [-73.89489, 40.78396], [-73.89489, 40.78396], [-73.89489, 40.78396], [-73.89488, 40.78396], [-73.89488, 40.78396], [-73.89471, 40.78405], [-73.89471, 40.78405], [-73.89471, 40.78406], [-73.89471, 40.78406], [-73.89471, 40.78406], [-73.89471, 40.78406], [-73.89471, 40.78407], [-73.8947, 40.78407], [-73.8947, 40.78407], [-73.8947, 40.78407], [-73.8947, 40.78407], [-73.8947, 40.78408], [-73.8947, 40.78408], [-73.89469, 40.78408], [-73.89469, 40.78408], [-73.89469, 40.78408], [-73.89469, 40.78408], [-73.89468, 40.78409], [-73.89468, 40.78409], [-73.89468, 40.78409], [-73.89468, 40.78409], [-73.89467, 40.78409], [-73.89467, 40.78409], [-73.89467, 40.78409], [-73.89467, 40.7841], [-73.89466, 40.7841], [-73.89466, 40.7841], [-73.89466, 40.7841], [-73.89465, 40.7841], [-73.89465, 40.7841], [-73.89465, 40.7841], [-73.89464, 40.7841], [-73.89464, 40.7841], [-73.89464, 40.7841], [-73.89464, 40.7841], [-73.89463, 40.7841], [-73.89463, 40.7841], [-73.89463, 40.7841], [-73.89462, 40.7841], [-73.89462, 40.7841], [-73.89462, 40.7841], [-73.89461, 40.7841], [-73.89461, 40.7841], [-73.89461, 40.7841], [-73.8946, 40.7841], [-73.8946, 40.7841], [-73.8946, 40.7841], [-73.89459, 40.7841], [-73.89459, 40.7841], [-73.89459, 40.7841], [-73.89458, 40.7841], [-73.89458, 40.78409], [-73.89458, 40.78409], [-73.89458, 40.78409], [-73.89457, 40.78409], [-73.89457, 40.78409], [-73.89457, 40.78409], [-73.89457, 40.78409], [-73.89456, 40.78409], [-73.89456, 40.78408], [-73.89456, 40.78408], [-73.89456, 40.78408], [-73.89455, 40.78408], [-73.89455, 40.78408], [-73.89444, 40.78413], [-73.89444, 40.78414], [-73.89445, 40.78414], [-73.89445, 40.78414], [-73.89445, 40.78414], [-73.89445, 40.78415], [-73.89445, 40.78415], [-73.89445, 40.78415], [-73.89445, 40.78415], [-73.89445, 40.78416], [-73.89445, 40.78416], [-73.89445, 40.78416], [-73.89445, 40.78416], [-73.89445, 40.78417], [-73.89446, 40.78417], [-73.89446, 40.78417], [-73.89446, 40.78417], [-73.89445, 40.78418], [-73.89445, 40.78418], [-73.89445, 40.78418], [-73.89445, 40.78418], [-73.89445, 40.78419], [-73.89445, 40.78419], [-73.89445, 40.78419], [-73.89445, 40.78419], [-73.89445, 40.7842], [-73.89445, 40.7842], [-73.89445, 40.7842], [-73.89445, 40.7842], [-73.89445, 40.7842], [-73.89444, 40.7842], [-73.89444, 40.78421], [-73.89444, 40.78421], [-73.89444, 40.78421], [-73.89444, 40.78421], [-73.89443, 40.78422], [-73.89443, 40.78422], [-73.89443, 40.78422], [-73.89443, 40.78422], [-73.89443, 40.78422], [-73.89442, 40.78422], [-73.89442, 40.78423], [-73.89442, 40.78423], [-73.89442, 40.78423], [-73.89441, 40.78423], [-73.89441, 40.78423], [-73.89441, 40.78423], [-73.8944, 40.78423], [-73.8944, 40.78424], [-73.8944, 40.78424], [-73.8944, 40.78424], [-73.89439, 40.78424], [-73.89439, 40.78424], [-73.89439, 40.78424], [-73.89438, 40.78424], [-73.89438, 40.78424], [-73.89438, 40.78424], [-73.89437, 40.78424], [-73.89437, 40.78424], [-73.89437, 40.78424], [-73.89436, 40.78424], [-73.89436, 40.78424], [-73.89436, 40.78424], [-73.89435, 40.78424], [-73.89435, 40.78424], [-73.89435, 40.78424], [-73.89434, 40.78424], [-73.89434, 40.78424], [-73.89434, 40.78424], [-73.89433, 40.78424], [-73.89433, 40.78424], [-73.89433, 40.78424], [-73.89432, 40.78424], [-73.89432, 40.78424], [-73.89432, 40.78424], [-73.89432, 40.78424], [-73.89431, 40.78423], [-73.89431, 40.78423], [-73.89431, 40.78423], [-73.8943, 40.78423], [-73.8943, 40.78423], [-73.8943, 40.78423], [-73.8943, 40.78423], [-73.89429, 40.78422], [-73.89429, 40.78422], [-73.89429, 40.78422], [-73.89429, 40.78422], [-73.89429, 40.78422], [-73.89428, 40.78422], [-73.89428, 40.78421], [-73.89428, 40.78421], [-73.89428, 40.78421], [-73.89428, 40.78421], [-73.89427, 40.7842], [-73.89427, 40.7842], [-73.89427, 40.7842], [-73.89427, 40.7842], [-73.89427, 40.7842], [-73.89427, 40.7842], [-73.89427, 40.78419], [-73.89427, 40.78419], [-73.89427, 40.78419], [-73.89427, 40.78419], [-73.89427, 40.78418], [-73.89426, 40.78418], [-73.89426, 40.78418], [-73.89426, 40.78418], [-73.89426, 40.78417], [-73.89426, 40.78417], [-73.89426, 40.78417], [-73.89426, 40.78417], [-73.89426, 40.78416], [-73.89426, 40.78416], [-73.89427, 40.78416], [-73.89427, 40.78416], [-73.89427, 40.78415], [-73.89427, 40.78415], [-73.89427, 40.78415], [-73.89427, 40.78415], [-73.89427, 40.78414], [-73.89427, 40.78414], [-73.89427, 40.78414], [-73.89427, 40.78414], [-73.89428, 40.78413], [-73.89428, 40.78413], [-73.89428, 40.78413], [-73.89428, 40.78413], [-73.89428, 40.78413], [-73.89429, 40.78412], [-73.89429, 40.78412], [-73.89429, 40.78412], [-73.89429, 40.78412], [-73.89429, 40.78412], [-73.8943, 40.78412], [-73.8943, 40.78411], [-73.8943, 40.78411], [-73.89431, 40.78411], [-73.89431, 40.78411], [-73.89431, 40.78411], [-73.89431, 40.78411], [-73.89432, 40.78411], [-73.89432, 40.7841], [-73.89432, 40.7841], [-73.89433, 40.7841], [-73.89433, 40.7841], [-73.89433, 40.7841], [-73.89434, 40.7841], [-73.89434, 40.7841], [-73.89434, 40.7841], [-73.89435, 40.7841], [-73.89435, 40.7841], [-73.89435, 40.7841], [-73.89436, 40.7841], [-73.89436, 40.7841], [-73.89436, 40.7841], [-73.89437, 40.7841], [-73.89437, 40.7841], [-73.89437, 40.7841], [-73.89437, 40.7841], [-73.89438, 40.7841], [-73.89438, 40.7841], [-73.89438, 40.7841], [-73.89439, 40.7841], [-73.89439, 40.7841], [-73.89439, 40.7841], [-73.8944, 40.7841], [-73.8944, 40.78411], [-73.8944, 40.78411], [-73.89441, 40.78411], [-73.89441, 40.78411], [-73.89441, 40.78411], [-73.89441, 40.78411], [-73.89442, 40.78411], [-73.89442, 40.78411], [-73.89442, 40.78412], [-73.89443, 40.78412], [-73.89443, 40.78412], [-73.89443, 40.78412], [-73.89443, 40.78412], [-73.89454, 40.78406], [-73.89454, 40.78406], [-73.89454, 40.78406], [-73.89454, 40.78406], [-73.89454, 40.78406], [-73.89453, 40.78405], [-73.89453, 40.78405], [-73.89453, 40.78405], [-73.89453, 40.78405], [-73.89453, 40.78405], [-73.89453, 40.78404], [-73.89453, 40.78404], [-73.89453, 40.78404], [-73.89453, 40.78404], [-73.89453, 40.78403], [-73.89453, 40.78403], [-73.89453, 40.78403], [-73.89453, 40.78403], [-73.89453, 40.78402], [-73.89453, 40.78402], [-73.89453, 40.78402], [-73.89453, 40.78402], [-73.89453, 40.78401], [-73.89453, 40.78401], [-73.89453, 40.78401], [-73.89453, 40.78401], [-73.89453, 40.78401], [-73.89453, 40.784], [-73.89453, 40.784], [-73.89453, 40.784], [-73.89453, 40.784], [-73.89454, 40.78399], [-73.89454, 40.78399], [-73.89454, 40.78399], [-73.89454, 40.78399], [-73.89454, 40.78399], [-73.89454, 40.78398], [-73.89455, 40.78398], [-73.89455, 40.78398], [-73.89455, 40.78398], [-73.89455, 40.78398], [-73.89455, 40.78397], [-73.89456, 40.78397], [-73.89456, 40.78397], [-73.89456, 40.78397], [-73.89456, 40.78397], [-73.89457, 40.78397], [-73.89457, 40.78397], [-73.89457, 40.78397], [-73.89457, 40.78396], [-73.89458, 40.78396], [-73.89458, 40.78396], [-73.89458, 40.78396], [-73.89459, 40.78396], [-73.89459, 40.78396], [-73.89459, 40.78396], [-73.8946, 40.78396], [-73.8946, 40.78396], [-73.8946, 40.78396], [-73.89461, 40.78396], [-73.89461, 40.78396], [-73.89461, 40.78396], [-73.89462, 40.78396], [-73.89462, 40.78396], [-73.89462, 40.78396], [-73.89478, 40.78387], [-73.89478, 40.78386], [-73.89479, 40.78386], [-73.89479, 40.78386], [-73.89479, 40.78386], [-73.89479, 40.78386], [-73.89479, 40.78385], [-73.89479, 40.78385], [-73.89479, 40.78385], [-73.89479, 40.78385], [-73.8948, 40.78384], [-73.8948, 40.78384], [-73.8948, 40.78384], [-73.8948, 40.78384], [-73.8948, 40.78384], [-73.89481, 40.78384], [-73.89481, 40.78383], [-73.89481, 40.78383], [-73.89481, 40.78383], [-73.89482, 40.78383], [-73.89482, 40.78383], [-73.89482, 40.78383], [-73.89482, 40.78382], [-73.89483, 40.78382], [-73.89483, 40.78382], [-73.89483, 40.78382], [-73.89483, 40.78382], [-73.89484, 40.78382], [-73.89484, 40.78382], [-73.89484, 40.78382], [-73.89485, 40.78382], [-73.89485, 40.78382], [-73.89485, 40.78382], [-73.89486, 40.78382], [-73.89486, 40.78381], [-73.89486, 40.78381], [-73.89487, 40.78381], [-73.89487, 40.78381], [-73.89487, 40.78381], [-73.89488, 40.78381], [-73.89488, 40.78381], [-73.89531, 40.78358], [-73.89531, 40.78357], [-73.89531, 40.78357], [-73.89531, 40.78357], [-73.89531, 40.78357], [-73.89531, 40.78356], [-73.89532, 40.78356], [-73.89532, 40.78356], [-73.89532, 40.78356], [-73.89532, 40.78356], [-73.89532, 40.78355], [-73.89532, 40.78355], [-73.89533, 40.78355], [-73.89533, 40.78355], [-73.89533, 40.78355], [-73.89533, 40.78355], [-73.89533, 40.78354], [-73.89534, 40.78354], [-73.89534, 40.78354], [-73.89534, 40.78354], [-73.89534, 40.78354], [-73.89535, 40.78354], [-73.89535, 40.78354], [-73.89535, 40.78353], [-73.89535, 40.78353], [-73.89536, 40.78353], [-73.89536, 40.78353], [-73.89536, 40.78353], [-73.89536, 40.78353], [-73.89537, 40.78353], [-73.89537, 40.78353], [-73.89537, 40.78353], [-73.89538, 40.78353], [-73.89538, 40.78353], [-73.89538, 40.78353], [-73.89539, 40.78353], [-73.89539, 40.78353], [-73.89539, 40.78353], [-73.89539, 40.78353], [-73.89557, 40.78343], [-73.89557, 40.78343], [-73.89557, 40.78343], [-73.89557, 40.78342], [-73.89557, 40.78342], [-73.89557, 40.78342], [-73.89558, 40.78342], [-73.89558, 40.78342], [-73.89558, 40.78342], [-73.89558, 40.78341], [-73.89558, 40.78341], [-73.89558, 40.78341], [-73.89558, 40.78341], [-73.89559, 40.78341], [-73.89559, 40.7834], [-73.89559, 40.7834], [-73.89559, 40.7834], [-73.89559, 40.7834], [-73.89559, 40.7834], [-73.8956, 40.7834], [-73.8956, 40.7834], [-73.8956, 40.7834], [-73.8956, 40.78339], [-73.8956, 40.78339], [-73.89561, 40.78339], [-73.89561, 40.78339], [-73.89561, 40.78339], [-73.89561, 40.78339], [-73.89562, 40.78339], [-73.89562, 40.78339], [-73.89562, 40.78339], [-73.89562, 40.78339], [-73.89563, 40.78339], [-73.89563, 40.78339], [-73.89563, 40.78339], [-73.89563, 40.78339], [-73.89564, 40.78339], [-73.89564, 40.78339], [-73.89564, 40.78339], [-73.89564, 40.78339], [-73.89565, 40.78339], [-73.89583, 40.78329], [-73.89583, 40.78329], [-73.89583, 40.78328], [-73.89583, 40.78328], [-73.89583, 40.78328], [-73.89583, 40.78328], [-73.89584, 40.78328], [-73.89584, 40.78327], [-73.89584, 40.78327], [-73.89584, 40.78327], [-73.89584, 40.78327], [-73.89584, 40.78327], [-73.89584, 40.78326], [-73.89585, 40.78326], [-73.89585, 40.78326], [-73.89585, 40.78326], [-73.89585, 40.78326], [-73.89585, 40.78326], [-73.89585, 40.78326], [-73.89586, 40.78325], [-73.89586, 40.78325], [-73.89586, 40.78325], [-73.89586, 40.78325], [-73.89587, 40.78325], [-73.89587, 40.78325], [-73.89587, 40.78325], [-73.89587, 40.78325], [-73.89588, 40.78325], [-73.89588, 40.78325], [-73.89588, 40.78325], [-73.89588, 40.78324], [-73.89589, 40.78324], [-73.89589, 40.78324], [-73.89589, 40.78324], [-73.89589, 40.78324], [-73.8959, 40.78324], [-73.8959, 40.78324], [-73.8959, 40.78324], [-73.89591, 40.78324], [-73.89591, 40.78324], [-73.89606, 40.78316], [-73.89605, 40.78315], [-73.89605, 40.78315], [-73.89604, 40.78314], [-73.89603, 40.78314], [-73.89603, 40.78313], [-73.89602, 40.78312], [-73.89602, 40.78311], [-73.89602, 40.78311], [-73.89602, 40.78311], [-73.89602, 40.7831], [-73.89601, 40.7831], [-73.89601, 40.7831], [-73.896, 40.7831], [-73.896, 40.7831], [-73.896, 40.78309], [-73.896, 40.78309], [-73.896, 40.78309], [-73.89599, 40.78309], [-73.89598, 40.78309], [-73.89597, 40.78309], [-73.89596, 40.78308], [-73.89595, 40.78308], [-73.89594, 40.78308], [-73.89593, 40.78307], [-73.89593, 40.78306], [-73.89592, 40.78306], [-73.89592, 40.78305], [-73.89592, 40.78304], [-73.89592, 40.78303], [-73.89592, 40.78303], [-73.89592, 40.78303], [-73.89592, 40.78303], [-73.89591, 40.78303], [-73.89591, 40.78303], [-73.89591, 40.78303], [-73.89591, 40.78303], [-73.8959, 40.78302], [-73.8959, 40.78302], [-73.8959, 40.78302], [-73.8959, 40.78302], [-73.8959, 40.78302], [-73.8959, 40.78302], [-73.8959, 40.78301], [-73.89589, 40.78302], [-73.89588, 40.78302], [-73.89587, 40.78302], [-73.89586, 40.78302], [-73.89585, 40.78301], [-73.89584, 40.78301], [-73.89584, 40.78301], [-73.89583, 40.783], [-73.89583, 40.783], [-73.89582, 40.78299], [-73.89582, 40.78298], [-73.89582, 40.78297], [-73.89582, 40.78297], [-73.89582, 40.78296], [-73.89582, 40.78296], [-73.89581, 40.78296], [-73.89581, 40.78296], [-73.89581, 40.78296], [-73.89581, 40.78296], [-73.8958, 40.78296], [-73.8958, 40.78296], [-73.8958, 40.78296], [-73.8958, 40.78295], [-73.8958, 40.78295], [-73.89579, 40.78295], [-73.89579, 40.78295], [-73.89579, 40.78295], [-73.8958, 40.78294], [-73.89579, 40.78295], [-73.89577, 40.78295], [-73.89576, 40.78294], [-73.89575, 40.78294], [-73.89575, 40.78294], [-73.89574, 40.78293], [-73.89573, 40.78293], [-73.89572, 40.78292], [-73.89572, 40.78292], [-73.89572, 40.78291], [-73.89571, 40.7829], [-73.89571, 40.78289], [-73.89572, 40.78289], [-73.89571, 40.78289], [-73.89571, 40.78289], [-73.89571, 40.78289], [-73.8957, 40.78289], [-73.8957, 40.78289], [-73.8957, 40.78289], [-73.89569, 40.78288], [-73.89569, 40.78288], [-73.89569, 40.78288], [-73.89569, 40.78288], [-73.89569, 40.78288], [-73.89569, 40.78287], [-73.89569, 40.78287], [-73.89569, 40.78287], [-73.89569, 40.78287], [-73.89568, 40.78287], [-73.89567, 40.78287], [-73.89566, 40.78287], [-73.89565, 40.78287], [-73.89564, 40.78287], [-73.89563, 40.78287], [-73.89562, 40.78286], [-73.89562, 40.78286], [-73.89561, 40.78285], [-73.89561, 40.78284], [-73.8956, 40.78284], [-73.8956, 40.78283], [-73.8956, 40.78282], [-73.89561, 40.78281], [-73.8956, 40.78281], [-73.8956, 40.78281], [-73.8956, 40.78281], [-73.89559, 40.78281], [-73.89559, 40.78281], [-73.89559, 40.78281], [-73.89558, 40.78281], [-73.89558, 40.78281], [-73.89558, 40.7828], [-73.89558, 40.7828], [-73.89558, 40.7828], [-73.89558, 40.7828], [-73.89558, 40.78279], [-73.89558, 40.78279], [-73.89557, 40.78279], [-73.89556, 40.78279], [-73.89555, 40.78279], [-73.89554, 40.78279], [-73.89552, 40.78278], [-73.89552, 40.78278], [-73.89543, 40.78272], [-73.89477, 40.78225], [-73.89542, 40.78172], [-73.89536, 40.78166], [-73.89535, 40.78166], [-73.89528, 40.78172], [-73.89529, 40.78173], [-73.89462, 40.78227], [-73.8946, 40.78225], [-73.89524, 40.78173], [-73.89521, 40.78172], [-73.89524, 40.78169], [-73.89527, 40.78171], [-73.89531, 40.78167], [-73.89532, 40.78167], [-73.89534, 40.78166], [-73.89535, 40.78165], [-73.89533, 40.78163], [-73.89535, 40.7816], [-73.89534, 40.78159], [-73.89528, 40.78154], [-73.89528, 40.78155], [-73.89527, 40.78156], [-73.89525, 40.78157], [-73.89524, 40.78158], [-73.89523, 40.78159], [-73.89522, 40.7816], [-73.89521, 40.78161], [-73.8952, 40.78162], [-73.89519, 40.78162], [-73.89519, 40.78164], [-73.89518, 40.78167], [-73.89517, 40.78169], [-73.89516, 40.7817], [-73.89514, 40.78172], [-73.89512, 40.78173], [-73.89509, 40.78175], [-73.89506, 40.78175], [-73.89506, 40.78176], [-73.89506, 40.78177], [-73.89505, 40.78178], [-73.89504, 40.78178], [-73.89503, 40.78179], [-73.89502, 40.78179], [-73.89501, 40.78179], [-73.895, 40.78181], [-73.89499, 40.78183], [-73.89498, 40.78185], [-73.89496, 40.78186], [-73.89494, 40.78188], [-73.89491, 40.78189], [-73.89489, 40.78189], [-73.89488, 40.7819], [-73.89488, 40.78191], [-73.89488, 40.78192], [-73.89487, 40.78192], [-73.89486, 40.78193], [-73.89485, 40.78194], [-73.89484, 40.78194], [-73.89483, 40.78194], [-73.89482, 40.78196], [-73.89481, 40.78198], [-73.89479, 40.782], [-73.89477, 40.78201], [-73.89475, 40.78203], [-73.89473, 40.78204], [-73.8947, 40.78204], [-73.8947, 40.78205], [-73.8947, 40.78206], [-73.89469, 40.78207], [-73.89469, 40.78207], [-73.89468, 40.78208], [-73.89467, 40.78208], [-73.89466, 40.78209], [-73.89465, 40.78209], [-73.89464, 40.78211], [-73.89463, 40.78213], [-73.89462, 40.78214], [-73.8946, 40.78216], [-73.89458, 40.78217], [-73.89455, 40.78218], [-73.89453, 40.78219], [-73.89452, 40.7822], [-73.89451, 40.78221], [-73.8945, 40.78222], [-73.89449, 40.78223], [-73.89448, 40.78223], [-73.89446, 40.78224], [-73.89446, 40.78226], [-73.89445, 40.78227], [-73.89444, 40.78229], [-73.89442, 40.7823], [-73.8944, 40.78231], [-73.89438, 40.78232], [-73.89436, 40.78233], [-73.89434, 40.78233], [-73.89434, 40.78234], [-73.89433, 40.78235], [-73.89433, 40.78236], [-73.89432, 40.78236], [-73.89432, 40.78237], [-73.89431, 40.78237], [-73.8943, 40.78238], [-73.89429, 40.78238], [-73.89428, 40.78238], [-73.89427, 40.7824], [-73.89426, 40.78242], [-73.89425, 40.78243], [-73.89423, 40.78245], [-73.89421, 40.78246], [-73.89419, 40.78247], [-73.89416, 40.78247], [-73.89414, 40.78247], [-73.89411, 40.78247], [-73.89409, 40.78247], [-73.89407, 40.78246], [-73.89405, 40.78245], [-73.89403, 40.78244], [-73.89401, 40.78242], [-73.894, 40.78242], [-73.89399, 40.78242], [-73.89398, 40.78242], [-73.89397, 40.78242], [-73.89396, 40.78242], [-73.89395, 40.78241], [-73.89394, 40.7824], [-73.89393, 40.7824], [-73.89391, 40.7824], [-73.89388, 40.7824], [-73.89386, 40.7824], [-73.89384, 40.78239], [-73.89382, 40.78238], [-73.8938, 40.78237], [-73.89378, 40.78236], [-73.89377, 40.78234], [-73.89376, 40.78233], [-73.89375, 40.78231], [-73.89374, 40.78231], [-73.89373, 40.7823], [-73.89372, 40.7823], [-73.89371, 40.78229], [-73.8937, 40.78228], [-73.8937, 40.78227], [-73.89367, 40.78226], [-73.89364, 40.78225], [-73.89361, 40.78224], [-73.89359, 40.78222], [-73.89357, 40.7822], [-73.89356, 40.78218], [-73.89355, 40.78217], [-73.89355, 40.78217], [-73.89354, 40.78217], [-73.89353, 40.78216], [-73.89353, 40.78216], [-73.89352, 40.78215], [-73.89352, 40.78215], [-73.89352, 40.78214], [-73.89349, 40.78213], [-73.89347, 40.78213], [-73.89344, 40.78211], [-73.89342, 40.7821], [-73.89341, 40.78208], [-73.8934, 40.78206], [-73.89339, 40.78204], [-73.89338, 40.78204], [-73.89337, 40.78204], [-73.89336, 40.78204], [-73.89336, 40.78204], [-73.89335, 40.78204], [-73.89334, 40.78203], [-73.89334, 40.78202], [-73.89333, 40.78202], [-73.89333, 40.78201], [-73.89333, 40.78201], [-73.89333, 40.782], [-73.89331, 40.782], [-73.89329, 40.782], [-73.89327, 40.78199], [-73.89326, 40.78199], [-73.89324, 40.78198], [-73.89323, 40.78197], [-73.89321, 40.78196], [-73.8932, 40.78195], [-73.8932, 40.78193], [-73.89319, 40.78192], [-73.89316, 40.7819], [-73.89313, 40.78188], [-73.89311, 40.78187], [-73.89308, 40.78186], [-73.89306, 40.78185], [-73.89231, 40.78247], [-73.8923, 40.78253], [-73.89281, 40.78291], [-73.89275, 40.78297], [-73.89215, 40.78254], [-73.89165, 40.78219], [-73.89172, 40.78214], [-73.89189, 40.78226], [-73.89214, 40.78243], [-73.89224, 40.78241], [-73.89301, 40.7818], [-73.893, 40.78178], [-73.89299, 40.78178], [-73.89298, 40.78177], [-73.89297, 40.78177], [-73.89296, 40.78176], [-73.89296, 40.78175], [-73.89295, 40.78174], [-73.89292, 40.78174], [-73.8929, 40.78173], [-73.89287, 40.78172], [-73.89285, 40.7817], [-73.89284, 40.78169], [-73.89282, 40.78167], [-73.89281, 40.78165], [-73.8928, 40.78164], [-73.89278, 40.78163], [-73.89276, 40.78162], [-73.89275, 40.78161], [-73.89273, 40.7816], [-73.8927, 40.7816], [-73.89268, 40.78158], [-73.89267, 40.78157], [-73.89265, 40.78156], [-73.89264, 40.78154], [-73.89263, 40.78152], [-73.89262, 40.78152], [-73.8926, 40.78151], [-73.89259, 40.7815], [-73.89258, 40.7815], [-73.89257, 40.78149], [-73.89257, 40.78148], [-73.89254, 40.78147], [-73.89252, 40.78146], [-73.8925, 40.78145], [-73.89248, 40.78144], [-73.89246, 40.78142], [-73.89245, 40.78141], [-73.89244, 40.78139], [-73.89243, 40.78139], [-73.89242, 40.78138], [-73.89241, 40.78138], [-73.8924, 40.78137], [-73.89239, 40.78136], [-73.89239, 40.78135], [-73.89235, 40.78135], [-73.89233, 40.78133], [-73.8923, 40.78132], [-73.89228, 40.7813], [-73.89218, 40.78137], [-73.89216, 40.78136], [-73.89211, 40.78139], [-73.89208, 40.78137], [-73.89225, 40.78125], [-73.89222, 40.78124], [-73.89221, 40.78123], [-73.89219, 40.78121], [-73.89217, 40.78121], [-73.89215, 40.7812], [-73.89213, 40.7812], [-73.89211, 40.78119], [-73.8921, 40.78118], [-73.89209, 40.78116], [-73.89208, 40.78115], [-73.89207, 40.78113], [-73.89207, 40.78112], [-73.89206, 40.78112], [-73.89205, 40.78111], [-73.89204, 40.78111], [-73.89203, 40.78111], [-73.89203, 40.7811], [-73.89202, 40.78109], [-73.89202, 40.78109], [-73.89202, 40.78108], [-73.89199, 40.78108], [-73.89197, 40.78108], [-73.89195, 40.78107], [-73.89194, 40.78106], [-73.89192, 40.78105], [-73.89191, 40.78103], [-73.8919, 40.78102], [-73.89189, 40.781], [-73.89189, 40.78099], [-73.89189, 40.78097], [-73.89189, 40.78096], [-73.8919, 40.78094], [-73.89191, 40.78093], [-73.89186, 40.78089], [-73.89184, 40.7809], [-73.89182, 40.78091], [-73.8918, 40.78091], [-73.89178, 40.78091], [-73.89175, 40.78091], [-73.89173, 40.78091], [-73.89171, 40.7809], [-73.89169, 40.78089], [-73.89167, 40.78087], [-73.89166, 40.78086], [-73.89165, 40.78084], [-73.89164, 40.78083], [-73.89164, 40.78081], [-73.89164, 40.78079], [-73.89165, 40.78077], [-73.89164, 40.78077], [-73.89163, 40.78076], [-73.89162, 40.78075], [-73.89162, 40.78074], [-73.89162, 40.78073], [-73.89161, 40.78072], [-73.89162, 40.78072], [-73.89162, 40.78071], [-73.8916, 40.78069], [-73.89159, 40.78068], [-73.89158, 40.78066], [-73.89157, 40.78064], [-73.89157, 40.78062], [-73.89157, 40.78061], [-73.89158, 40.78059], [-73.89159, 40.78057], [-73.8916, 40.78055], [-73.89162, 40.78054], [-73.89163, 40.78053], [-73.89166, 40.78052], [-73.89166, 40.78051], [-73.89167, 40.78049], [-73.89168, 40.78048], [-73.89169, 40.78047], [-73.89171, 40.78046], [-73.89171, 40.78044], [-73.89172, 40.78042], [-73.89172, 40.78041], [-73.89174, 40.78039], [-73.89175, 40.78038], [-73.89177, 40.78037], [-73.89179, 40.78036], [-73.89181, 40.78035], [-73.89183, 40.78035], [-73.89183, 40.78035], [-73.89183, 40.78034], [-73.89183, 40.78033], [-73.89183, 40.78033], [-73.89183, 40.78032], [-73.89184, 40.78032], [-73.89184, 40.78031], [-73.89185, 40.78031], [-73.89185, 40.78031], [-73.89186, 40.7803], [-73.89186, 40.7803], [-73.89187, 40.7803], [-73.89188, 40.7803], [-73.89189, 40.7803], [-73.89189, 40.78029], [-73.8919, 40.78027], [-73.89191, 40.78025], [-73.89192, 40.78024], [-73.89194, 40.78022], [-73.89196, 40.78021], [-73.89198, 40.78021], [-73.89201, 40.7802], [-73.89201, 40.78019], [-73.89201, 40.78018], [-73.89201, 40.78018], [-73.89202, 40.78017], [-73.89203, 40.78016], [-73.89204, 40.78016], [-73.89205, 40.78015], [-73.89206, 40.78015], [-73.89207, 40.78015], [-73.89207, 40.78013], [-73.89208, 40.78011], [-73.8921, 40.78009], [-73.89212, 40.78008], [-73.89214, 40.78006], [-73.89216, 40.78005], [-73.89219, 40.78005], [-73.89219, 40.78004], [-73.8922, 40.78003], [-73.89221, 40.78002], [-73.89222, 40.78002], [-73.89223, 40.78001], [-73.89224, 40.78001], [-73.89225, 40.78001], [-73.89225, 40.78], [-73.89225, 40.77999], [-73.89226, 40.77997], [-73.89227, 40.77995], [-73.89228, 40.77994], [-73.8923, 40.77993], [-73.89232, 40.77992], [-73.89234, 40.77991], [-73.89237, 40.7799], [-73.89237, 40.7799], [-73.89237, 40.77989], [-73.89237, 40.77989], [-73.89238, 40.77988], [-73.89238, 40.77987], [-73.89239, 40.77987], [-73.8924, 40.77986], [-73.8924, 40.77986], [-73.89241, 40.77986], [-73.89242, 40.77986], [-73.89243, 40.77986], [-73.89243, 40.77985], [-73.89243, 40.77984], [-73.89243, 40.77983], [-73.89244, 40.77981], [-73.89244, 40.77981], [-73.89245, 40.7798], [-73.89246, 40.77979], [-73.89247, 40.77978], [-73.89249, 40.77978], [-73.8925, 40.77977], [-73.89248, 40.77977], [-73.89247, 40.77976], [-73.89246, 40.77975], [-73.89245, 40.77974], [-73.89244, 40.77973], [-73.89243, 40.77972], [-73.89243, 40.7797], [-73.89243, 40.77969], [-73.89243, 40.77968], [-73.89244, 40.77967], [-73.89245, 40.77966], [-73.89246, 40.77964], [-73.89254, 40.77955], [-73.89248, 40.77951], [-73.89246, 40.77953], [-73.89244, 40.77954], [-73.89242, 40.77955], [-73.89239, 40.77956], [-73.89236, 40.77957], [-73.89234, 40.77957], [-73.89231, 40.77957], [-73.89228, 40.77956], [-73.89222, 40.77956], [-73.89215, 40.77956], [-73.89209, 40.77957], [-73.89202, 40.77958], [-73.89196, 40.7796], [-73.89182, 40.77959], [-73.89167, 40.77949], [-73.89153, 40.77926], [-73.89124, 40.77895], [-73.8912, 40.77856], [-73.89218, 40.77772], [-73.89251, 40.77739], [-73.8925, 40.77736], [-73.89225, 40.7772], [-73.89213, 40.77709], [-73.89204, 40.77696], [-73.89187, 40.77666], [-73.89177, 40.77659], [-73.89165, 40.77656], [-73.89153, 40.77648], [-73.89143, 40.77638], [-73.89142, 40.77634], [-73.8914, 40.77604], [-73.89148, 40.7759], [-73.89153, 40.7756], [-73.89167, 40.77548], [-73.89177, 40.77536], [-73.89181, 40.77522], [-73.89179, 40.77509], [-73.89183, 40.77488], [-73.89034, 40.77324], [-73.89009, 40.77363], [-73.88998, 40.77372], [-73.88985, 40.77375], [-73.88975, 40.77372], [-73.88961, 40.77362], [-73.88952, 40.77357], [-73.88945, 40.77353], [-73.88942, 40.77305], [-73.88904, 40.77092], [-73.88874, 40.76899], [-73.88873, 40.76892], [-73.88862, 40.76889], [-73.88852, 40.76886], [-73.88842, 40.76881], [-73.88834, 40.76874], [-73.88827, 40.76867], [-73.88822, 40.76859], [-73.88819, 40.76851], [-73.88818, 40.76843], [-73.88782, 40.7672], [-73.88773, 40.76691], [-73.88771, 40.76684], [-73.88778, 40.76682], [-73.88835, 40.7667], [-73.88877, 40.76651], [-73.88919, 40.7663], [-73.88995, 40.7661], [-73.89042, 40.76596], [-73.89072, 40.76589], [-73.89089, 40.76586], [-73.89144, 40.76607], [-73.89165, 40.76616], [-73.89184, 40.76623], [-73.89207, 40.76622], [-73.89233, 40.76622], [-73.89277, 40.76623], [-73.893, 40.76625], [-73.89325, 40.76627], [-73.89326, 40.76621], [-73.8935, 40.76595], [-73.89432, 40.76615], [-73.89596, 40.76643], [-73.90066, 40.76721], [-73.90203, 40.76742], [-73.90227, 40.76746], [-73.90251, 40.76749], [-73.90276, 40.7675], [-73.90301, 40.76751], [-73.90325, 40.7675], [-73.90414, 40.76752], [-73.90419, 40.76753], [-73.90427, 40.76754], [-73.90447, 40.76758], [-73.90491, 40.76774], [-73.90532, 40.7679], [-73.90555, 40.76798], [-73.90577, 40.76803], [-73.90611, 40.76807], [-73.90709, 40.76824], [-73.90803, 40.76838], [-73.90901, 40.76855], [-73.90998, 40.7687], [-73.91094, 40.76885], [-73.91194, 40.76901], [-73.91292, 40.76916], [-73.91389, 40.76932], [-73.91487, 40.76947], [-73.91585, 40.76963], [-73.91682, 40.76979], [-73.91759, 40.7699], [-73.91812, 40.77003], [-73.9177, 40.77039], [-73.91815, 40.7707], [-73.91871, 40.77108], [-73.9188, 40.77115], [-73.91942, 40.77159], [-73.92008, 40.77207], [-73.92076, 40.77255], [-73.92147, 40.77305], [-73.92217, 40.77355], [-73.92279, 40.77396], [-73.92398, 40.77461], [-73.92334, 40.77513], [-73.92328, 40.77518], [-73.92321, 40.77523], [-73.92303, 40.77538], [-73.92376, 40.77655], [-73.92331, 40.77688], [-73.92265, 40.77742], [-73.922, 40.77795], [-73.92139, 40.77845], [-73.92079, 40.77895], [-73.92013, 40.77949], [-73.91939, 40.78009], [-73.91906, 40.78036], [-73.91862, 40.78073], [-73.91797, 40.78126], [-73.91976, 40.78251], [-73.91996, 40.78263], [-73.91909, 40.78337], [-73.91847, 40.78375], [-73.91819, 40.78393], [-73.91774, 40.78408], [-73.91724, 40.78414], [-73.91717, 40.78419], [-73.91718, 40.78455], [-73.91683, 40.78519], [-73.91575, 40.78611], [-73.91542, 40.78606], [-73.91534, 40.78612], [-73.91526, 40.78619], [-73.91559, 40.78643], [-73.91424, 40.78786], [-73.9126, 40.78938], [-73.91223, 40.78918], [-73.91207, 40.78934], [-73.91195, 40.7894], [-73.91208, 40.78952], [-73.91177, 40.78972], [-73.91162, 40.78959], [-73.91125, 40.78974], [-73.91113, 40.79011], [-73.9103, 40.79066], [-73.90986, 40.79094], [-73.90678, 40.79037], [-73.90649, 40.79018]]]}}, {"type": "Feature", "properties": {"zone_id": 224, "zone": "Stuy Town/Peter Cooper Village", "borough": "Manhattan", "demand": 767}, "geometry": {"type": "Polygon", "coordinates": [[[-73.97511, 40.73539], [-73.97496, 40.73537], [-73.97489, 40.73537], [-73.97483, 40.73538], [-73.97475, 40.73542], [-73.97467, 40.7354], [-73.97444, 40.73532], [-73.97442, 40.73523], [-73.97441, 40.73518], [-73.97439, 40.73509], [-73.97437, 40.73503], [-73.97435, 40.73494], [-73.97431, 40.7348], [-73.97427, 40.73463], [-73.97425, 40.73457], [-73.97421, 40.73441], [-73.97418, 40.7343], [-73.97417, 40.73424], [-73.97415, 40.73416], [-73.97411, 40.73399], [-73.97406, 40.73381], [-73.97402, 40.73366], [-73.97399, 40.73355], [-73.97396, 40.73342], [-73.97394, 40.7334], [-73.97394, 40.73337], [-73.97391, 40.73335], [-73.9739, 40.73333], [-73.97389, 40.73331], [-73.97387, 40.73331], [-73.97386, 40.73329], [-73.97385, 40.73328], [-73.97384, 40.73326], [-73.97387, 40.73325], [-73.97386, 40.73322], [-73.97384, 40.73322], [-73.97385, 40.73323], [-73.97383, 40.73324], [-73.97381, 40.73325], [-73.97378, 40.73323], [-73.9738, 40.73321], [-73.97378, 40.7332], [-73.97376, 40.73321], [-73.97374, 40.73321], [-73.97373, 40.73322], [-73.97371, 40.73321], [-73.97369, 40.73322], [-73.97368, 40.73321], [-73.97369, 40.7332], [-73.97369, 40.73317], [-73.97372, 40.73317], [-73.97373, 40.73316], [-73.97374, 40.73314], [-73.97376, 40.73314], [-73.97378, 40.73312], [-73.97381, 40.73312], [-73.97382, 40.7331], [-73.97384, 40.7331], [-73.97387, 40.73309], [-73.97387, 40.73307], [-73.97377, 40.73269], [-73.97368, 40.73231], [-73.97365, 40.73217], [-73.97363, 40.73211], [-73.97361, 40.73204], [-73.97354, 40.73176], [-73.97352, 40.73169], [-73.97341, 40.73128], [-73.97338, 40.73124], [-73.97337, 40.73122], [-73.97334, 40.73118], [-73.97332, 40.73116], [-73.97328, 40.73111], [-73.97324, 40.73106], [-73.9732, 40.73102], [-73.97315, 40.73096], [-73.9731, 40.73091], [-73.97305, 40.73087], [-73.97301, 40.73082], [-73.97292, 40.73075], [-73.97283, 40.73068], [-73.97275, 40.73061], [-73.97264, 40.73052], [-73.97256, 40.73046], [-73.97248, 40.7304], [-73.97246, 40.73039], [-73.97233, 40.7303], [-73.97224, 40.73023], [-73.97223, 40.73023], [-73.97209, 40.73012], [-73.97205, 40.73009], [-73.97201, 40.73004], [-73.97196, 40.73], [-73.9719, 40.72993], [-73.97186, 40.72987], [-73.97183, 40.72985], [-73.97175, 40.72974], [-73.97174, 40.72973], [-73.9717, 40.72967], [-73.97163, 40.72956], [-73.97158, 40.72947], [-73.97152, 40.72935], [-73.97151, 40.72932], [-73.97148, 40.72925], [-73.97146, 40.72917], [-73.97144, 40.7291], [-73.97143, 40.72906], [-73.97142, 40.729], [-73.97141, 40.72888], [-73.97141, 40.72879], [-73.97141, 40.72872], [-73.97142, 40.72857], [-73.97143, 40.72849], [-73.97145, 40.72834], [-73.97146, 40.72832], [-73.97147, 40.72821], [-73.97151, 40.728], [-73.97156, 40.7277], [-73.97157, 40.72769], [-73.97157, 40.72765], [-73.97159, 40.72764], [-73.97162, 40.72765], [-73.97164, 40.72765], [-73.97165, 40.72764], [-73.97168, 40.72741], [-73.97159, 40.7274], [-73.97156, 40.72739], [-73.97154, 40.72739], [-73.97152, 40.72739], [-73.97151, 40.72737], [-73.97149, 40.72737], [-73.97149, 40.72735], [-73.97163, 40.72663], [-73.9718, 40.72671], [-73.97186, 40.72676], [-73.97191, 40.72679], [-73.97198, 40.72683], [-73.97205, 40.72688], [-73.9733, 40.72743], [-73.9757, 40.72847], [-73.9758, 40.72852], [-73.97613, 40.72864], [-73.97615, 40.72864], [-73.97627, 40.72869], [-73.9769, 40.72896], [-73.97739, 40.72916], [-73.97803, 40.72943], [-73.97927, 40.72998], [-73.98034, 40.73044], [-73.98082, 40.73064], [-73.9815, 40.73092], [-73.98247, 40.73131], [-73.98256, 40.73135], [-73.98239, 40.73141], [-73.98232, 40.7315], [-73.98197, 40.73198], [-73.9818, 40.7322], [-73.9815, 40.73262], [-73.98126, 40.73294], [-73.98105, 40.73321], [-73.98089, 40.73344], [-73.98064, 40.73378], [-73.98042, 40.73409], [-73.9802, 40.73438], [-73.98009, 40.73454], [-73.97979, 40.73496], [-73.97945, 40.73541], [-73.97935, 40.73555], [-73.97891, 40.73616], [-73.97857, 40.73668], [-73.9785, 40.73679], [-73.97834, 40.73672], [-73.97793, 40.73654], [-73.97712, 40.7362], [-73.97636, 40.73587], [-73.97589, 40.73567], [-73.97522, 40.7354], [-73.97511, 40.73539]]]}}, {"type": "Feature", "properties": {"zone_id": 226, "zone": "Sunnyside", "borough": "Queens", "demand": 551}, "geometry": {"type": "Polygon", "coordinates": [[[-73.9099, 40.74909], [-73.91016, 40.7485], [-73.91164, 40.74868], [-73.91176, 40.74844], [-73.91182, 40.74834], [-73.91183, 40.74833], [-73.91183, 40.74833], [-73.91183, 40.74833], [-73.91187, 40.74822], [-73.91191, 40.7481], [-73.91191, 40.7481], [-73.91191, 40.7481], [-73.91193, 40.74799], [-73.91212, 40.74729], [-73.91232, 40.74645], [-73.91245, 40.74592], [-73.91213, 40.74589], [-73.91125, 40.74578], [-73.91151, 40.74447], [-73.91191, 40.74255], [-73.91193, 40.74243], [-73.91194, 40.74238], [-73.9126, 40.74244], [-73.91289, 40.74248], [-73.91379, 40.74251], [-73.91383, 40.74241], [-73.91443, 40.74053], [-73.91538, 40.74073], [-73.91567, 40.74078], [-73.9163, 40.73907], [-73.91651, 40.73894], [-73.91709, 40.73714], [-73.91718, 40.7369], [-73.91652, 40.73676], [-73.91687, 40.73554], [-73.9169, 40.73544], [-73.91751, 40.73535], [-73.91756, 40.73529], [-73.91759, 40.73524], [-73.91835, 40.73315], [-73.91879, 40.73197], [-73.91902, 40.73209], [-73.91904, 40.73201], [-73.91881, 40.73192], [-73.91756, 40.73145], [-73.91734, 40.73138], [-73.91737, 40.73133], [-73.91752, 40.731], [-73.91761, 40.73057], [-73.91773, 40.72988], [-73.91797, 40.7285], [-73.91507, 40.72797], [-73.91505, 40.7286], [-73.91205, 40.72851], [-73.91201, 40.72923], [-73.91189, 40.72956], [-73.91177, 40.72985], [-73.91175, 40.72991], [-73.91149, 40.72983], [-73.91096, 40.72964], [-73.91055, 40.72947], [-73.91018, 40.72928], [-73.90981, 40.72907], [-73.90935, 40.7288], [-73.90712, 40.72742], [-73.90717, 40.72739], [-73.9073, 40.72729], [-73.90741, 40.72721], [-73.90805, 40.72673], [-73.90889, 40.72607], [-73.91134, 40.72418], [-73.91257, 40.72324], [-73.91271, 40.72328], [-73.91317, 40.72308], [-73.91385, 40.7229], [-73.91377, 40.72275], [-73.91367, 40.7226], [-73.91356, 40.72246], [-73.91343, 40.72233], [-73.91336, 40.72218], [-73.91336, 40.72218], [-73.91331, 40.72208], [-73.91329, 40.72203], [-73.9132, 40.72188], [-73.9131, 40.72174], [-73.9131, 40.72174], [-73.9131, 40.72174], [-73.91298, 40.7216], [-73.91246, 40.72093], [-73.91189, 40.72026], [-73.91132, 40.71962], [-73.91152, 40.71957], [-73.91232, 40.71935], [-73.9134, 40.71905], [-73.91427, 40.71881], [-73.91517, 40.71855], [-73.9161, 40.7183], [-73.91805, 40.71776], [-73.91931, 40.71742], [-73.92154, 40.71679], [-73.92233, 40.71659], [-73.92235, 40.71665], [-73.92236, 40.71667], [-73.92235, 40.71667], [-73.92241, 40.7168], [-73.92248, 40.71695], [-73.92252, 40.71702], [-73.9226, 40.71717], [-73.92268, 40.71731], [-73.92279, 40.71753], [-73.92306, 40.71776], [-73.92324, 40.71793], [-73.92343, 40.7181], [-73.92347, 40.71813], [-73.92346, 40.71814], [-73.92344, 40.71815], [-73.92344, 40.71816], [-73.92345, 40.71817], [-73.92346, 40.71818], [-73.92347, 40.71819], [-73.92348, 40.7182], [-73.92348, 40.71821], [-73.92349, 40.71822], [-73.9235, 40.71823], [-73.92351, 40.71825], [-73.92352, 40.71826], [-73.92353, 40.71827], [-73.92354, 40.71829], [-73.92354, 40.7183], [-73.92355, 40.71831], [-73.92355, 40.71832], [-73.92356, 40.71833], [-73.92356, 40.71834], [-73.92357, 40.71835], [-73.92357, 40.71837], [-73.92358, 40.71838], [-73.92358, 40.7184], [-73.92358, 40.71841], [-73.92359, 40.71843], [-73.92359, 40.71845], [-73.92359, 40.71846], [-73.9236, 40.71848], [-73.92361, 40.7185], [-73.92361, 40.71852], [-73.92362, 40.71854], [-73.92363, 40.71856], [-73.92363, 40.71857], [-73.92364, 40.71858], [-73.92364, 40.71859], [-73.92365, 40.71861], [-73.92366, 40.71862], [-73.92366, 40.71863], [-73.92367, 40.71864], [-73.92368, 40.71865], [-73.92368, 40.71867], [-73.92369, 40.71867], [-73.9237, 40.71869], [-73.9237, 40.7187], [-73.92371, 40.71871], [-73.92372, 40.71872], [-73.92373, 40.71874], [-73.92373, 40.71875], [-73.92374, 40.71876], [-73.92374, 40.71877], [-73.92375, 40.71878], [-73.92377, 40.71879], [-73.92378, 40.71881], [-73.92379, 40.71882], [-73.92381, 40.71883], [-73.92382, 40.71885], [-73.92384, 40.71887], [-73.92384, 40.71888], [-73.92385, 40.7189], [-73.92386, 40.71891], [-73.92387, 40.71892], [-73.92387, 40.71894], [-73.92388, 40.71895], [-73.92389, 40.71896], [-73.92389, 40.71897], [-73.9239, 40.71899], [-73.92391, 40.719], [-73.92392, 40.71901], [-73.92392, 40.71902], [-73.92393, 40.71903], [-73.92394, 40.71904], [-73.92394, 40.71906], [-73.92395, 40.71907], [-73.92395, 40.71909], [-73.92395, 40.7191], [-73.92395, 40.71911], [-73.92395, 40.71912], [-73.92395, 40.71913], [-73.92396, 40.71915], [-73.92396, 40.71916], [-73.92396, 40.71917], [-73.92397, 40.71919], [-73.92397, 40.71921], [-73.92397, 40.71922], [-73.92397, 40.71924], [-73.92397, 40.71926], [-73.92397, 40.71928], [-73.92397, 40.7193], [-73.92397, 40.71932], [-73.92398, 40.71932], [-73.92398, 40.71934], [-73.92398, 40.71936], [-73.92397, 40.71937], [-73.92397, 40.71939], [-73.92398, 40.71941], [-73.92398, 40.71943], [-73.92398, 40.71945], [-73.92398, 40.71947], [-73.92398, 40.71949], [-73.92397, 40.71951], [-73.92397, 40.71952], [-73.92397, 40.71953], [-73.92397, 40.71954], [-73.92397, 40.71956], [-73.92397, 40.71957], [-73.92397, 40.71959], [-73.92397, 40.71961], [-73.92397, 40.71962], [-73.92397, 40.71963], [-73.92397, 40.71965], [-73.92397, 40.71966], [-73.92397, 40.71967], [-73.92397, 40.71969], [-73.92397, 40.7197], [-73.92397, 40.71971], [-73.92396, 40.71973], [-73.92396, 40.71975], [-73.92396, 40.71976], [-73.92396, 40.71978], [-73.92396, 40.71979], [-73.92396, 40.71981], [-73.92395, 40.71982], [-73.92395, 40.71983], [-73.92395, 40.71984], [-73.92393, 40.71985], [-73.92392, 40.71985], [-73.9239, 40.71986], [-73.92388, 40.71987], [-73.92387, 40.71988], [-73.92385, 40.71989], [-73.92384, 40.7199], [-73.92384, 40.71991], [-73.92385, 40.71992], [-73.92386, 40.71993], [-73.92386, 40.71994], [-73.92387, 40.71995], [-73.92388, 40.71997], [-73.92388, 40.71998], [-73.92388, 40.71999], [-73.92388, 40.72], [-73.92387, 40.72002], [-73.92387, 40.72003], [-73.92386, 40.72004], [-73.92386, 40.72006], [-73.92385, 40.72007], [-73.92385, 40.72008], [-73.92384, 40.72009], [-73.92384, 40.72011], [-73.92384, 40.72012], [-73.92384, 40.72013], [-73.92384, 40.72015], [-73.92384, 40.72016], [-73.92384, 40.72018], [-73.92385, 40.72019], [-73.92385, 40.72021], [-73.92386, 40.72022], [-73.92387, 40.72023], [-73.92387, 40.72024], [-73.92388, 40.72025], [-73.92389, 40.72026], [-73.9239, 40.72027], [-73.92391, 40.72029], [-73.92391, 40.7203], [-73.92392, 40.72031], [-73.92393, 40.72033], [-73.92393, 40.72034], [-73.92394, 40.72035], [-73.92394, 40.72037], [-73.92395, 40.72038], [-73.92396, 40.72039], [-73.92396, 40.72041], [-73.92397, 40.72043], [-73.92398, 40.72043], [-73.92398, 40.72044], [-73.92399, 40.72046], [-73.92399, 40.72047], [-73.924, 40.72048], [-73.924, 40.7205], [-73.92401, 40.72052], [-73.92401, 40.72053], [-73.92402, 40.72054], [-73.92402, 40.72055], [-73.92403, 40.72057], [-73.92403, 40.72058], [-73.92404, 40.72059], [-73.92404, 40.7206], [-73.92405, 40.72062], [-73.92405, 40.72063], [-73.92406, 40.72064], [-73.92406, 40.72066], [-73.92406, 40.72067], [-73.92407, 40.72068], [-73.92408, 40.72069], [-73.92408, 40.72071], [-73.92409, 40.72072], [-73.9241, 40.72074], [-73.92411, 40.72075], [-73.92412, 40.72076], [-73.92414, 40.72077], [-73.92415, 40.72079], [-73.92416, 40.7208], [-73.92417, 40.72081], [-73.92418, 40.72082], [-73.92419, 40.72083], [-73.9242, 40.72084], [-73.92421, 40.72085], [-73.92422, 40.72086], [-73.92422, 40.72087], [-73.92423, 40.72089], [-73.92423, 40.7209], [-73.92423, 40.72091], [-73.92423, 40.72092], [-73.92422, 40.72093], [-73.92422, 40.72095], [-73.92422, 40.72096], [-73.92421, 40.72097], [-73.92421, 40.72098], [-73.92421, 40.72099], [-73.92421, 40.72101], [-73.92422, 40.72102], [-73.92421, 40.72103], [-73.9242, 40.72104], [-73.92419, 40.72105], [-73.92418, 40.72107], [-73.92418, 40.72109], [-73.92418, 40.7211], [-73.92417, 40.72111], [-73.92417, 40.72113], [-73.92417, 40.72115], [-73.92417, 40.72117], [-73.92417, 40.72118], [-73.92417, 40.72119], [-73.92417, 40.72121], [-73.92417, 40.72122], [-73.92418, 40.72124], [-73.92419, 40.72126], [-73.9242, 40.72127], [-73.9242, 40.72129], [-73.92421, 40.7213], [-73.92422, 40.72131], [-73.92422, 40.72132], [-73.92423, 40.72134], [-73.92423, 40.72135], [-73.92424, 40.72136], [-73.92423, 40.72138], [-73.92423, 40.72139], [-73.92423, 40.7214], [-73.92424, 40.72141], [-73.92424, 40.72143], [-73.92425, 40.72144], [-73.92427, 40.72146], [-73.92429, 40.72147], [-73.9243, 40.72148], [-73.92431, 40.72149], [-73.92433, 40.7215], [-73.92434, 40.72151], [-73.92435, 40.72152], [-73.92436, 40.72154], [-73.92438, 40.72155], [-73.92439, 40.72156], [-73.92441, 40.72157], [-73.92442, 40.72158], [-73.92444, 40.72159], [-73.92446, 40.7216], [-73.92447, 40.72162], [-73.92449, 40.72163], [-73.92451, 40.72165], [-73.92452, 40.72166], [-73.92454, 40.72168], [-73.92455, 40.72169], [-73.92456, 40.72171], [-73.92456, 40.72172], [-73.92456, 40.72173], [-73.92456, 40.72174], [-73.92456, 40.72176], [-73.92457, 40.72177], [-73.92458, 40.72178], [-73.92459, 40.72179], [-73.9246, 40.7218], [-73.92461, 40.72181], [-73.92462, 40.72182], [-73.92464, 40.72183], [-73.92465, 40.72184], [-73.92466, 40.72186], [-73.92469, 40.72187], [-73.92471, 40.72187], [-73.92474, 40.72188], [-73.92476, 40.72189], [-73.92478, 40.72189], [-73.9248, 40.7219], [-73.92481, 40.7219], [-73.92483, 40.72191], [-73.92484, 40.72191], [-73.92485, 40.72192], [-73.92487, 40.72193], [-73.92488, 40.72193], [-73.9249, 40.72195], [-73.92491, 40.72196], [-73.92493, 40.72197], [-73.92494, 40.72199], [-73.92494, 40.722], [-73.92495, 40.72201], [-73.92496, 40.72202], [-73.92497, 40.72204], [-73.92498, 40.72205], [-73.92498, 40.72206], [-73.92499, 40.72207], [-73.925, 40.72209], [-73.92501, 40.7221], [-73.92502, 40.72211], [-73.92503, 40.72213], [-73.92504, 40.72214], [-73.92505, 40.72215], [-73.92506, 40.72216], [-73.92507, 40.72218], [-73.92508, 40.72219], [-73.92509, 40.7222], [-73.9251, 40.72222], [-73.92511, 40.72223], [-73.92512, 40.72225], [-73.92513, 40.72226], [-73.92514, 40.72227], [-73.92514, 40.72228], [-73.92514, 40.72228], [-73.92515, 40.72229], [-73.92515, 40.7223], [-73.92515, 40.72232], [-73.92515, 40.72233], [-73.92515, 40.72235], [-73.92514, 40.72236], [-73.92514, 40.72237], [-73.92513, 40.72238], [-73.92513, 40.72239], [-73.92512, 40.7224], [-73.92511, 40.72241], [-73.9251, 40.72243], [-73.9251, 40.72245], [-73.92508, 40.72247], [-73.92508, 40.72248], [-73.92507, 40.72249], [-73.92506, 40.72251], [-73.92505, 40.72252], [-73.92504, 40.72254], [-73.92504, 40.72255], [-73.92502, 40.72257], [-73.92501, 40.72259], [-73.92501, 40.72261], [-73.925, 40.72262], [-73.92499, 40.72265], [-73.92498, 40.72266], [-73.92497, 40.72267], [-73.92496, 40.72269], [-73.92495, 40.7227], [-73.92494, 40.72272], [-73.92494, 40.72273], [-73.92493, 40.72275], [-73.92493, 40.72276], [-73.92492, 40.72278], [-73.92491, 40.72279], [-73.9249, 40.72281], [-73.92489, 40.72282], [-73.92488, 40.72284], [-73.92487, 40.72286], [-73.92487, 40.72288], [-73.92486, 40.7229], [-73.92485, 40.72291], [-73.92484, 40.72293], [-73.92483, 40.72295], [-73.92482, 40.72296], [-73.92481, 40.72297], [-73.9248, 40.72299], [-73.9248, 40.72299], [-73.92478, 40.72301], [-73.92477, 40.72303], [-73.92476, 40.72304], [-73.92476, 40.72305], [-73.92475, 40.72306], [-73.92474, 40.72308], [-73.92473, 40.72309], [-73.92473, 40.7231], [-73.92472, 40.72312], [-73.92471, 40.72313], [-73.92471, 40.72314], [-73.9247, 40.72315], [-73.9247, 40.72316], [-73.92469, 40.72317], [-73.92469, 40.72319], [-73.92468, 40.7232], [-73.92468, 40.72321], [-73.92467, 40.72323], [-73.92467, 40.72324], [-73.92466, 40.72325], [-73.92466, 40.72328], [-73.92465, 40.72329], [-73.92465, 40.72331], [-73.92464, 40.72332], [-73.92464, 40.72333], [-73.92463, 40.72335], [-73.92463, 40.72336], [-73.92462, 40.72338], [-73.92462, 40.72339], [-73.92461, 40.72341], [-73.9246, 40.72342], [-73.92459, 40.72344], [-73.92458, 40.72346], [-73.92457, 40.72347], [-73.92456, 40.72348], [-73.92455, 40.72349], [-73.92454, 40.72351], [-73.92454, 40.72352], [-73.92453, 40.72353], [-73.92453, 40.72354], [-73.92452, 40.72355], [-73.9245, 40.72356], [-73.92448, 40.72357], [-73.92442, 40.72359], [-73.92434, 40.7236], [-73.92431, 40.7236], [-73.92429, 40.7236], [-73.92426, 40.7236], [-73.92423, 40.7236], [-73.92421, 40.7236], [-73.9242, 40.7236], [-73.92418, 40.7236], [-73.92416, 40.7236], [-73.92414, 40.7236], [-73.92411, 40.7236], [-73.92409, 40.72361], [-73.92407, 40.72361], [-73.92405, 40.72361], [-73.92403, 40.72361], [-73.92402, 40.72361], [-73.924, 40.72361], [-73.92397, 40.72362], [-73.92395, 40.72362], [-73.92393, 40.72362], [-73.92391, 40.72362], [-73.92389, 40.72362], [-73.92387, 40.72362], [-73.92386, 40.72362], [-73.92384, 40.72361], [-73.92382, 40.72361], [-73.9238, 40.72361], [-73.92378, 40.72361], [-73.92375, 40.72362], [-73.92373, 40.72362], [-73.92372, 40.72362], [-73.9237, 40.72362], [-73.92368, 40.72362], [-73.92366, 40.72363], [-73.92364, 40.72363], [-73.92362, 40.72363], [-73.92361, 40.72363], [-73.92359, 40.72363], [-73.92357, 40.72363], [-73.92354, 40.72364], [-73.92352, 40.72364], [-73.9235, 40.72364], [-73.92349, 40.72364], [-73.92347, 40.72364], [-73.92346, 40.72363], [-73.92344, 40.72364], [-73.92342, 40.72364], [-73.92341, 40.72364], [-73.92338, 40.72364], [-73.92336, 40.72364], [-73.92334, 40.72364], [-73.92331, 40.72364], [-73.92329, 40.72365], [-73.92326, 40.72365], [-73.92324, 40.72365], [-73.92322, 40.72365], [-73.9232, 40.72365], [-73.92318, 40.72365], [-73.92316, 40.72366], [-73.92313, 40.72366], [-73.92311, 40.72366], [-73.9231, 40.72366], [-73.92308, 40.72366], [-73.92306, 40.72366], [-73.92304, 40.72366], [-73.92302, 40.72366], [-73.923, 40.72367], [-73.92296, 40.72367], [-73.92293, 40.72367], [-73.92291, 40.72366], [-73.92289, 40.72366], [-73.92288, 40.72366], [-73.92286, 40.72365], [-73.92284, 40.72365], [-73.92282, 40.72364], [-73.9228, 40.72364], [-73.92277, 40.72364], [-73.92275, 40.72364], [-73.92273, 40.72364], [-73.9227, 40.72363], [-73.92268, 40.72363], [-73.92266, 40.72363], [-73.92264, 40.72362], [-73.92262, 40.72362], [-73.92259, 40.72361], [-73.92257, 40.72361], [-73.92255, 40.72361], [-73.92253, 40.72361], [-73.92251, 40.72361], [-73.92249, 40.72361], [-73.92246, 40.72361], [-73.92245, 40.72361], [-73.92243, 40.72361], [-73.9224, 40.72361], [-73.92238, 40.72361], [-73.92236, 40.72361], [-73.92233, 40.72362], [-73.92231, 40.72362], [-73.9223, 40.72362], [-73.92229, 40.72364], [-73.92228, 40.72365], [-73.92227, 40.72367], [-73.92225, 40.72368], [-73.92223, 40.72369], [-73.92221, 40.7237], [-73.92219, 40.7237], [-73.92218, 40.72371], [-73.92216, 40.72371], [-73.92214, 40.72371], [-73.92212, 40.7237], [-73.92209, 40.7237], [-73.92208, 40.72369], [-73.92206, 40.72369], [-73.92204, 40.72369], [-73.92202, 40.72368], [-73.92201, 40.72368], [-73.92199, 40.72367], [-73.92198, 40.72367], [-73.92195, 40.72367], [-73.92193, 40.72366], [-73.92191, 40.72366], [-73.92188, 40.72365], [-73.92186, 40.72364], [-73.92185, 40.72364], [-73.92183, 40.72363], [-73.92181, 40.72363], [-73.9218, 40.72363], [-73.92178, 40.72362], [-73.92177, 40.72362], [-73.92175, 40.72361], [-73.92172, 40.7236], [-73.92171, 40.7236], [-73.92169, 40.72359], [-73.92166, 40.72359], [-73.92164, 40.72358], [-73.92162, 40.72357], [-73.92159, 40.72356], [-73.92157, 40.72355], [-73.92155, 40.72355], [-73.92153, 40.72354], [-73.92152, 40.72354], [-73.92151, 40.72353], [-73.92149, 40.72352], [-73.92147, 40.72352], [-73.92145, 40.72351], [-73.92144, 40.72351], [-73.92141, 40.7235], [-73.92139, 40.72349], [-73.92138, 40.72348], [-73.92135, 40.72347], [-73.92133, 40.72346], [-73.92131, 40.72344], [-73.92129, 40.72343], [-73.92127, 40.72342], [-73.92125, 40.72341], [-73.92123, 40.7234], [-73.92121, 40.7234], [-73.92119, 40.7234], [-73.92118, 40.7234], [-73.92118, 40.7234], [-73.92116, 40.72339], [-73.92115, 40.72339], [-73.92112, 40.72339], [-73.9211, 40.72338], [-73.92108, 40.72338], [-73.92106, 40.72337], [-73.92105, 40.72337], [-73.92103, 40.72337], [-73.921, 40.72336], [-73.92098, 40.72336], [-73.92094, 40.72335], [-73.92093, 40.72335], [-73.92091, 40.72334], [-73.9209, 40.72334], [-73.92088, 40.72334], [-73.92086, 40.72333], [-73.92084, 40.72332], [-73.92082, 40.72332], [-73.9208, 40.72331], [-73.92077, 40.72331], [-73.92075, 40.72331], [-73.92073, 40.72331], [-73.92072, 40.72331], [-73.92071, 40.72332], [-73.9207, 40.72333], [-73.92069, 40.72334], [-73.92068, 40.72335], [-73.92067, 40.72337], [-73.92066, 40.72338], [-73.92066, 40.72339], [-73.92066, 40.72341], [-73.92065, 40.72342], [-73.92065, 40.72343], [-73.92064, 40.72344], [-73.92063, 40.72346], [-73.92063, 40.72347], [-73.92062, 40.72347], [-73.92062, 40.72348], [-73.9206, 40.7235], [-73.92058, 40.72352], [-73.92057, 40.72353], [-73.92056, 40.72353], [-73.92054, 40.72353], [-73.92053, 40.72353], [-73.92051, 40.72353], [-73.92051, 40.72353], [-73.92049, 40.72353], [-73.92047, 40.72354], [-73.92046, 40.72355], [-73.92044, 40.72355], [-73.92043, 40.72355], [-73.9204, 40.7236], [-73.92037, 40.72368], [-73.92038, 40.72368], [-73.92039, 40.72369], [-73.92041, 40.72369], [-73.92042, 40.72369], [-73.92044, 40.72369], [-73.92046, 40.7237], [-73.92047, 40.7237], [-73.92049, 40.72371], [-73.92051, 40.72371], [-73.92053, 40.72372], [-73.92054, 40.72372], [-73.92056, 40.72373], [-73.92059, 40.72374], [-73.92061, 40.72375], [-73.92063, 40.72375], [-73.92064, 40.72375], [-73.92067, 40.72376], [-73.92069, 40.72376], [-73.92072, 40.72377], [-73.92074, 40.72377], [-73.92076, 40.72377], [-73.92078, 40.72377], [-73.92082, 40.72377], [-73.92084, 40.72378], [-73.92086, 40.72378], [-73.92088, 40.72378], [-73.92089, 40.72378], [-73.92091, 40.72378], [-73.92092, 40.72378], [-73.92095, 40.72378], [-73.92096, 40.72378], [-73.92098, 40.72379], [-73.92101, 40.72379], [-73.92103, 40.7238], [-73.92105, 40.7238], [-73.92107, 40.72381], [-73.92109, 40.72381], [-73.9211, 40.72382], [-73.92112, 40.72382], [-73.92114, 40.72383], [-73.92116, 40.72384], [-73.92118, 40.72385], [-73.9212, 40.72386], [-73.92122, 40.72387], [-73.92124, 40.72388], [-73.92126, 40.72388], [-73.92128, 40.72389], [-73.92129, 40.72389], [-73.92131, 40.72389], [-73.92133, 40.7239], [-73.92135, 40.7239], [-73.92136, 40.7239], [-73.92138, 40.72391], [-73.9214, 40.72392], [-73.9214, 40.72393], [-73.92142, 40.72393], [-73.92143, 40.72393], [-73.92146, 40.72395], [-73.92147, 40.72395], [-73.92148, 40.72396], [-73.9215, 40.72397], [-73.92151, 40.72397], [-73.92152, 40.72397], [-73.92153, 40.72398], [-73.92155, 40.72398], [-73.92156, 40.72399], [-73.92158, 40.724], [-73.92159, 40.72401], [-73.92161, 40.72402], [-73.92162, 40.72403], [-73.92163, 40.72404], [-73.92165, 40.72405], [-73.92167, 40.72405], [-73.92169, 40.72406], [-73.9217, 40.72407], [-73.92172, 40.72407], [-73.92174, 40.72407], [-73.92175, 40.72408], [-73.92178, 40.72408], [-73.92179, 40.72408], [-73.92181, 40.72408], [-73.92183, 40.72408], [-73.92184, 40.72408], [-73.92186, 40.72408], [-73.92188, 40.72408], [-73.92189, 40.72408], [-73.92191, 40.72409], [-73.92192, 40.72409], [-73.92193, 40.7241], [-73.92195, 40.72411], [-73.92196, 40.72411], [-73.92197, 40.72412], [-73.92199, 40.72412], [-73.92201, 40.72412], [-73.92203, 40.72413], [-73.92205, 40.72413], [-73.92207, 40.72413], [-73.92209, 40.72414], [-73.92211, 40.72414], [-73.92213, 40.72415], [-73.92215, 40.72415], [-73.92216, 40.72415], [-73.92218, 40.72415], [-73.9222, 40.72415], [-73.92222, 40.72416], [-73.92223, 40.72416], [-73.92225, 40.72417], [-73.92227, 40.72418], [-73.92229, 40.72418], [-73.9223, 40.72418], [-73.92232, 40.72418], [-73.92234, 40.72417], [-73.92236, 40.72417], [-73.92237, 40.72417], [-73.92239, 40.72417], [-73.92242, 40.72417], [-73.92244, 40.72417], [-73.92246, 40.72417], [-73.92248, 40.72418], [-73.9225, 40.72418], [-73.92252, 40.72418], [-73.92253, 40.72419], [-73.92255, 40.72419], [-73.92256, 40.72419], [-73.92258, 40.7242], [-73.92259, 40.7242], [-73.9226, 40.72421], [-73.92261, 40.72421], [-73.92263, 40.72422], [-73.92264, 40.72422], [-73.92266, 40.72423], [-73.92268, 40.72424], [-73.92269, 40.72424], [-73.92271, 40.72424], [-73.92273, 40.72425], [-73.92275, 40.72424], [-73.92276, 40.72424], [-73.92278, 40.72425], [-73.9228, 40.72425], [-73.92284, 40.72425], [-73.92286, 40.72425], [-73.92288, 40.72426], [-73.9229, 40.72426], [-73.92292, 40.72426], [-73.92293, 40.72426], [-73.92294, 40.72426], [-73.92296, 40.72426], [-73.92315, 40.72426], [-73.92321, 40.72426], [-73.92321, 40.72425], [-73.92326, 40.72425], [-73.92344, 40.72425], [-73.92346, 40.72425], [-73.9235, 40.72425], [-73.92365, 40.72427], [-73.92369, 40.72427], [-73.92374, 40.72428], [-73.92375, 40.72428], [-73.92407, 40.72429], [-73.92413, 40.72429], [-73.92415, 40.72429], [-73.92418, 40.72428], [-73.92419, 40.72428], [-73.92428, 40.72429], [-73.92436, 40.72431], [-73.92448, 40.72434], [-73.92456, 40.72436], [-73.92465, 40.72439], [-73.92469, 40.7244], [-73.9249, 40.72451], [-73.92499, 40.72455], [-73.92506, 40.72459], [-73.92514, 40.72463], [-73.92514, 40.72463], [-73.92517, 40.72465], [-73.92528, 40.72472], [-73.9253, 40.72473], [-73.92539, 40.7248], [-73.92552, 40.72489], [-73.92554, 40.7249], [-73.92569, 40.72502], [-73.9262, 40.7254], [-73.92623, 40.72542], [-73.92656, 40.72567], [-73.92657, 40.72569], [-73.92662, 40.72574], [-73.92693, 40.72607], [-73.92709, 40.72625], [-73.92714, 40.7263], [-73.92723, 40.72641], [-73.92722, 40.72646], [-73.92776, 40.72693], [-73.92785, 40.727], [-73.92811, 40.72726], [-73.92828, 40.72751], [-73.92856, 40.72784], [-73.92854, 40.72788], [-73.92861, 40.72792], [-73.92866, 40.72789], [-73.92878, 40.72798], [-73.92882, 40.72801], [-73.9289, 40.72806], [-73.9291, 40.7282], [-73.92923, 40.72826], [-73.92939, 40.72831], [-73.92994, 40.72843], [-73.93044, 40.72856], [-73.93071, 40.72861], [-73.93099, 40.72862], [-73.93119, 40.72864], [-73.93126, 40.72868], [-73.9313, 40.7287], [-73.93131, 40.72873], [-73.93204, 40.72881], [-73.93413, 40.72905], [-73.93453, 40.7291], [-73.93589, 40.72946], [-73.93593, 40.72948], [-73.93613, 40.72956], [-73.93636, 40.72964], [-73.93645, 40.72967], [-73.93648, 40.72969], [-73.93725, 40.73013], [-73.93778, 40.7304], [-73.93804, 40.73051], [-73.93876, 40.73108], [-73.93901, 40.7313], [-73.93911, 40.73138], [-73.93917, 40.73151], [-73.93921, 40.73156], [-73.93937, 40.73186], [-73.93941, 40.73193], [-73.93942, 40.73198], [-73.93945, 40.73209], [-73.93949, 40.73217], [-73.9395, 40.7322], [-73.93941, 40.73224], [-73.93946, 40.7323], [-73.93947, 40.73233], [-73.93948, 40.73238], [-73.93954, 40.73251], [-73.93967, 40.73275], [-73.93975, 40.73291], [-73.93978, 40.73298], [-73.93987, 40.73316], [-73.93991, 40.73328], [-73.94003, 40.73324], [-73.94006, 40.73329], [-73.9401, 40.73336], [-73.94016, 40.73349], [-73.9401, 40.73351], [-73.94002, 40.73354], [-73.94008, 40.73369], [-73.9401, 40.73375], [-73.94007, 40.73376], [-73.94034, 40.73419], [-73.94045, 40.73443], [-73.94066, 40.73478], [-73.94086, 40.73507], [-73.94122, 40.73544], [-73.94162, 40.7358], [-73.94164, 40.73582], [-73.94162, 40.73582], [-73.94162, 40.73583], [-73.94162, 40.73584], [-73.9418, 40.73596], [-73.9419, 40.73601], [-73.94197, 40.73604], [-73.94203, 40.73607], [-73.94206, 40.73608], [-73.94208, 40.73609], [-73.9421, 40.7361], [-73.94215, 40.73614], [-73.94217, 40.73615], [-73.94224, 40.73618], [-73.94228, 40.7362], [-73.9423, 40.73621], [-73.94241, 40.73625], [-73.94256, 40.73631], [-73.94262, 40.73634], [-73.94264, 40.73635], [-73.94265, 40.73635], [-73.94266, 40.73635], [-73.9427, 40.73635], [-73.94271, 40.73635], [-73.94272, 40.73636], [-73.94274, 40.73636], [-73.94276, 40.73637], [-73.94287, 40.73642], [-73.94291, 40.73644], [-73.94304, 40.7365], [-73.94317, 40.73655], [-73.94324, 40.73658], [-73.94329, 40.7366], [-73.94339, 40.73663], [-73.94343, 40.73665], [-73.94346, 40.73666], [-73.94358, 40.7367], [-73.94359, 40.73672], [-73.94378, 40.73677], [-73.94396, 40.73684], [-73.94445, 40.737], [-73.94485, 40.73713], [-73.94543, 40.73732], [-73.9456, 40.73738], [-73.9458, 40.73745], [-73.94589, 40.73748], [-73.94592, 40.73749], [-73.94593, 40.7375], [-73.94593, 40.7375], [-73.94593, 40.7375], [-73.94594, 40.7375], [-73.94594, 40.7375], [-73.94594, 40.7375], [-73.94594, 40.73751], [-73.94594, 40.73751], [-73.94594, 40.73752], [-73.94595, 40.73752], [-73.94595, 40.73753], [-73.94594, 40.73754], [-73.94594, 40.73756], [-73.94592, 40.73757], [-73.94591, 40.73757], [-73.94591, 40.73757], [-73.9459, 40.73757], [-73.9459, 40.73757], [-73.94589, 40.73757], [-73.94589, 40.73757], [-73.94589, 40.73757], [-73.94589, 40.73757], [-73.94586, 40.73757], [-73.94584, 40.73756], [-73.94583, 40.73755], [-73.94582, 40.73755], [-73.94582, 40.73755], [-73.94582, 40.73754], [-73.94581, 40.73754], [-73.94581, 40.73754], [-73.94581, 40.73754], [-73.9458, 40.73755], [-73.94579, 40.73755], [-73.94578, 40.73755], [-73.94572, 40.73758], [-73.94568, 40.73761], [-73.94567, 40.73762], [-73.94564, 40.73765], [-73.94562, 40.73766], [-73.94559, 40.73768], [-73.94553, 40.73772], [-73.94549, 40.73774], [-73.94546, 40.73775], [-73.94543, 40.73776], [-73.9454, 40.73777], [-73.94524, 40.73782], [-73.9451, 40.73786], [-73.94506, 40.73787], [-73.94501, 40.73788], [-73.94496, 40.73791], [-73.94491, 40.73793], [-73.9449, 40.73794], [-73.94487, 40.73796], [-73.94486, 40.73796], [-73.94485, 40.73797], [-73.94484, 40.73797], [-73.94479, 40.73799], [-73.94478, 40.738], [-73.94476, 40.738], [-73.94475, 40.73801], [-73.94468, 40.73811], [-73.94466, 40.73813], [-73.94464, 40.73814], [-73.94463, 40.73814], [-73.94463, 40.73814], [-73.94463, 40.73814], [-73.94462, 40.73814], [-73.94462, 40.73814], [-73.94461, 40.73813], [-73.9446, 40.73813], [-73.94457, 40.73811], [-73.94455, 40.73811], [-73.94455, 40.73811], [-73.94454, 40.73811], [-73.94453, 40.7381], [-73.94453, 40.7381], [-73.9445, 40.73811], [-73.94448, 40.73811], [-73.94446, 40.73812], [-73.94402, 40.73829], [-73.94258, 40.73882], [-73.9428, 40.73886], [-73.9428, 40.73888], [-73.94256, 40.73902], [-73.94215, 40.73908], [-73.94146, 40.73925], [-73.94141, 40.7393], [-73.94064, 40.73898], [-73.93994, 40.73869], [-73.93996, 40.73864], [-73.93982, 40.73844], [-73.9387, 40.73814], [-73.93868, 40.73821], [-73.93866, 40.73827], [-73.93865, 40.73833], [-73.93862, 40.7384], [-73.9382, 40.74054], [-73.93802, 40.74145], [-73.93765, 40.7433], [-73.93726, 40.74518], [-73.9377, 40.74524], [-73.93826, 40.74507], [-73.93926, 40.74475], [-73.94032, 40.7444], [-73.94174, 40.74386], [-73.94211, 40.74371], [-73.94298, 40.74337], [-73.9442, 40.74288], [-73.94401, 40.74364], [-73.944, 40.74366], [-73.94384, 40.74387], [-73.94343, 40.74423], [-73.94272, 40.74458], [-73.94185, 40.7449], [-73.94033, 40.74541], [-73.93996, 40.74574], [-73.93952, 40.74598], [-73.93673, 40.74813], [-73.93664, 40.7482], [-73.93683, 40.74839], [-73.9374, 40.74892], [-73.93676, 40.74915], [-73.93646, 40.74941], [-73.93616, 40.74967], [-73.93609, 40.74973], [-73.93474, 40.75098], [-73.93383, 40.7516], [-73.93228, 40.75195], [-73.93196, 40.75197], [-73.93126, 40.75199], [-73.93015, 40.75201], [-73.92914, 40.75203], [-73.92874, 40.75204], [-73.92791, 40.75205], [-73.92647, 40.75207], [-73.92596, 40.7521], [-73.92563, 40.75214], [-73.92442, 40.7524], [-73.92297, 40.75273], [-73.92204, 40.75294], [-73.92162, 40.75303], [-73.92048, 40.75328], [-73.92028, 40.75334], [-73.91892, 40.75364], [-73.91763, 40.75386], [-73.91651, 40.75389], [-73.91547, 40.75379], [-73.91468, 40.75368], [-73.91446, 40.75368], [-73.91354, 40.75347], [-73.91257, 40.7533], [-73.91067, 40.75299], [-73.91035, 40.75275], [-73.90984, 40.75164], [-73.90956, 40.75104], [-73.9095, 40.75095], [-73.9095, 40.75095], [-73.9095, 40.75095], [-73.90946, 40.75085], [-73.90946, 40.75085], [-73.90946, 40.75085], [-73.90944, 40.75075], [-73.90944, 40.75075], [-73.90944, 40.75075], [-73.90945, 40.75065], [-73.90945, 40.75065], [-73.90948, 40.75056], [-73.90952, 40.75044], [-73.90971, 40.74975], [-73.9099, 40.74909]]]}}, {"type": "Feature", "properties": {"zone_id": 243, "zone": "Washington Heights North", "borough": "Manhattan", "demand": 208}, "geometry": {"type": "Polygon", "coordinates": [[[-73.93157, 40.86958], [-73.93141, 40.86896], [-73.93128, 40.86884], [-73.93118, 40.86877], [-73.93092, 40.86857], [-73.92998, 40.8678], [-73.92934, 40.86726], [-73.92872, 40.86674], [-73.92806, 40.8662], [-73.92727, 40.86553], [-73.92662, 40.86452], [-73.92601, 40.86357], [-73.92537, 40.86258], [-73.92474, 40.86159], [-73.925, 40.86146], [-73.92497, 40.86128], [-73.92497, 40.86125], [-73.92496, 40.86109], [-73.92498, 40.86089], [-73.92502, 40.86069], [-73.92509, 40.8605], [-73.92518, 40.86031], [-73.92529, 40.86013], [-73.92542, 40.85995], [-73.92557, 40.85979], [-73.92574, 40.85964], [-73.92592, 40.8595], [-73.92611, 40.85938], [-73.9263, 40.85929], [-73.92647, 40.85918], [-73.92663, 40.85905], [-73.92677, 40.85891], [-73.92688, 40.85876], [-73.92698, 40.85861], [-73.92705, 40.85844], [-73.9271, 40.85828], [-73.92712, 40.85811], [-73.92691, 40.85751], [-73.92688, 40.85761], [-73.92682, 40.85772], [-73.92674, 40.85783], [-73.92664, 40.85793], [-73.9265, 40.85802], [-73.92635, 40.8581], [-73.92618, 40.85815], [-73.92599, 40.85819], [-73.92581, 40.85819], [-73.92563, 40.85818], [-73.92547, 40.85814], [-73.92532, 40.85809], [-73.92519, 40.85803], [-73.92508, 40.85796], [-73.92497, 40.85781], [-73.92487, 40.85766], [-73.92479, 40.85749], [-73.92473, 40.85733], [-73.92469, 40.85715], [-73.92467, 40.85698], [-73.92467, 40.85681], [-73.92469, 40.85664], [-73.9268, 40.85372], [-73.92724, 40.85311], [-73.9277, 40.85249], [-73.92703, 40.8522], [-73.92708, 40.85143], [-73.92748, 40.85069], [-73.92825, 40.84984], [-73.92842, 40.84975], [-73.92859, 40.84964], [-73.92873, 40.84952], [-73.92887, 40.84939], [-73.92898, 40.84926], [-73.92971, 40.84812], [-73.93062, 40.84848], [-73.93088, 40.84812], [-73.93116, 40.84774], [-73.93139, 40.84743], [-73.93285, 40.84804], [-73.93424, 40.84863], [-73.93547, 40.84914], [-73.9364, 40.84954], [-73.93575, 40.85017], [-73.93666, 40.85045], [-73.93737, 40.85064], [-73.93828, 40.85091], [-73.93924, 40.85118], [-73.9394, 40.85123], [-73.9394, 40.85123], [-73.9394, 40.85123], [-73.93957, 40.85128], [-73.93975, 40.85131], [-73.93975, 40.85131], [-73.93975, 40.85131], [-73.93993, 40.85132], [-73.93993, 40.85132], [-73.93993, 40.85132], [-73.94011, 40.85133], [-73.94011, 40.85133], [-73.94011, 40.85133], [-73.94028, 40.85132], [-73.94049, 40.85131], [-73.94049, 40.85131], [-73.94049, 40.85131], [-73.94069, 40.85131], [-73.94069, 40.85131], [-73.94069, 40.85131], [-73.94089, 40.85133], [-73.94089, 40.85133], [-73.94089, 40.85133], [-73.94109, 40.85136], [-73.94109, 40.85136], [-73.94109, 40.85136], [-73.94126, 40.85139], [-73.94185, 40.85182], [-73.94204, 40.85193], [-73.94222, 40.8518], [-73.94239, 40.85165], [-73.94248, 40.85156], [-73.94254, 40.8515], [-73.94268, 40.85134], [-73.9428, 40.85117], [-73.9429, 40.851], [-73.94299, 40.85082], [-73.9431, 40.85039], [-73.94312, 40.85024], [-73.94315, 40.85], [-73.94316, 40.84994], [-73.94317, 40.84985], [-73.94318, 40.8498], [-73.94381, 40.84992], [-73.94397, 40.84995], [-73.9441, 40.84998], [-73.94472, 40.8501], [-73.94477, 40.85011], [-73.94491, 40.85014], [-73.9459, 40.85033], [-73.94693, 40.85053], [-73.94687, 40.85059], [-73.94681, 40.85065], [-73.9468, 40.85066], [-73.94652, 40.85097], [-73.9465, 40.85098], [-73.94649, 40.85098], [-73.94647, 40.85099], [-73.94646, 40.85099], [-73.94644, 40.85099], [-73.94643, 40.85099], [-73.94641, 40.85099], [-73.9464, 40.85098], [-73.94638, 40.85098], [-73.94637, 40.85097], [-73.94634, 40.85095], [-73.94632, 40.85092], [-73.94633, 40.8509], [-73.94635, 40.85089], [-73.94635, 40.85087], [-73.94634, 40.85085], [-73.94633, 40.85085], [-73.94632, 40.85084], [-73.9463, 40.85083], [-73.94627, 40.85084], [-73.94624, 40.85088], [-73.9462, 40.85091], [-73.94617, 40.85096], [-73.9462, 40.85097], [-73.9462, 40.85103], [-73.94619, 40.85103], [-73.94617, 40.85105], [-73.94616, 40.85105], [-73.94615, 40.85103], [-73.94614, 40.85101], [-73.94613, 40.85098], [-73.94612, 40.85097], [-73.9461, 40.85097], [-73.94608, 40.85098], [-73.94609, 40.85101], [-73.9461, 40.85103], [-73.9461, 40.85103], [-73.94614, 40.85109], [-73.94614, 40.85116], [-73.94612, 40.85117], [-73.94605, 40.85119], [-73.94596, 40.85117], [-73.94593, 40.85119], [-73.9459, 40.85119], [-73.94584, 40.85117], [-73.94577, 40.85117], [-73.94572, 40.8512], [-73.94573, 40.85123], [-73.94568, 40.85123], [-73.94565, 40.85121], [-73.94561, 40.85124], [-73.94556, 40.85132], [-73.94553, 40.85132], [-73.94552, 40.85136], [-73.94548, 40.85137], [-73.94545, 40.85143], [-73.94542, 40.85143], [-73.9454, 40.85142], [-73.94538, 40.85143], [-73.94539, 40.85145], [-73.94532, 40.85147], [-73.94531, 40.85149], [-73.94528, 40.85149], [-73.94525, 40.85149], [-73.94524, 40.85152], [-73.94527, 40.85155], [-73.94527, 40.85157], [-73.9452, 40.85159], [-73.94515, 40.85159], [-73.94507, 40.85164], [-73.94504, 40.85167], [-73.94501, 40.8517], [-73.94498, 40.85173], [-73.94493, 40.85173], [-73.94488, 40.85175], [-73.94478, 40.8518], [-73.94477, 40.8518], [-73.94471, 40.85182], [-73.94469, 40.85182], [-73.94469, 40.85184], [-73.94469, 40.85186], [-73.94469, 40.85188], [-73.94468, 40.85191], [-73.94467, 40.85192], [-73.94463, 40.85191], [-73.94459, 40.85193], [-73.94458, 40.85194], [-73.9445, 40.85196], [-73.94449, 40.85192], [-73.9445, 40.8519], [-73.9445, 40.85189], [-73.94449, 40.85189], [-73.94446, 40.8519], [-73.94445, 40.8519], [-73.94442, 40.8519], [-73.9444, 40.85189], [-73.94441, 40.85185], [-73.94437, 40.85182], [-73.94432, 40.85182], [-73.94432, 40.85186], [-73.94429, 40.85188], [-73.94424, 40.85192], [-73.94421, 40.85193], [-73.94422, 40.85198], [-73.9442, 40.85202], [-73.94413, 40.85203], [-73.94407, 40.85202], [-73.94401, 40.852], [-73.94399, 40.85204], [-73.94396, 40.85212], [-73.94388, 40.85217], [-73.9438, 40.8522], [-73.9436, 40.85223], [-73.94348, 40.85228], [-73.94306, 40.8526], [-73.94303, 40.85263], [-73.9428, 40.85285], [-73.94261, 40.85307], [-73.94247, 40.85317], [-73.94205, 40.85365], [-73.94187, 40.85387], [-73.94183, 40.85399], [-73.94173, 40.85411], [-73.94158, 40.85435], [-73.94154, 40.85444], [-73.9415, 40.8545], [-73.9415, 40.85451], [-73.94141, 40.85468], [-73.94131, 40.8548], [-73.94127, 40.85494], [-73.94123, 40.85501], [-73.94103, 40.8553], [-73.941, 40.85536], [-73.94101, 40.85541], [-73.94096, 40.85552], [-73.94086, 40.85562], [-73.94077, 40.85581], [-73.94075, 40.85585], [-73.94069, 40.85585], [-73.94062, 40.85601], [-73.94049, 40.8562], [-73.9404, 40.85637], [-73.94035, 40.85652], [-73.94029, 40.85664], [-73.94015, 40.85683], [-73.94009, 40.85686], [-73.94002, 40.85695], [-73.93995, 40.85707], [-73.93978, 40.85723], [-73.93968, 40.85729], [-73.93961, 40.8574], [-73.9394, 40.85766], [-73.93936, 40.85774], [-73.93928, 40.85786], [-73.93922, 40.85789], [-73.93911, 40.85804], [-73.93904, 40.8582], [-73.93891, 40.85841], [-73.93866, 40.85873], [-73.93865, 40.85877], [-73.9385, 40.85901], [-73.93844, 40.85907], [-73.93842, 40.85917], [-73.93831, 40.85938], [-73.93785, 40.85983], [-73.93774, 40.85993], [-73.93756, 40.86008], [-73.93753, 40.8601], [-73.93753, 40.86011], [-73.93755, 40.86012], [-73.93759, 40.86015], [-73.93758, 40.8602], [-73.93735, 40.86051], [-73.93714, 40.86078], [-73.93709, 40.86092], [-73.93704, 40.86106], [-73.93697, 40.86114], [-73.93681, 40.86126], [-73.9368, 40.86128], [-73.93682, 40.86132], [-73.93681, 40.86136], [-73.93648, 40.86193], [-73.93597, 40.86254], [-73.93559, 40.86296], [-73.93485, 40.86397], [-73.93476, 40.8641], [-73.93462, 40.86427], [-73.93443, 40.8645], [-73.93436, 40.86473], [-73.93423, 40.86481], [-73.93419, 40.86488], [-73.93408, 40.86498], [-73.93402, 40.86504], [-73.93402, 40.8652], [-73.93395, 40.86535], [-73.93386, 40.86541], [-73.93379, 40.86543], [-73.93363, 40.86571], [-73.93357, 40.86577], [-73.93357, 40.86584], [-73.93349, 40.86595], [-73.93344, 40.86599], [-73.93344, 40.86605], [-73.9334, 40.86614], [-73.93332, 40.86624], [-73.93326, 40.86624], [-73.93313, 40.86643], [-73.93307, 40.86656], [-73.93283, 40.86698], [-73.93266, 40.86724], [-73.93276, 40.86726], [-73.93276, 40.86725], [-73.9329, 40.86729], [-73.93284, 40.86741], [-73.93265, 40.86736], [-73.93266, 40.86733], [-73.9326, 40.86731], [-73.93255, 40.86741], [-73.93252, 40.86741], [-73.93243, 40.86757], [-73.93239, 40.86769], [-73.93236, 40.86786], [-73.93235, 40.86798], [-73.93235, 40.86801], [-73.93237, 40.86804], [-73.93237, 40.86806], [-73.93227, 40.86848], [-73.93228, 40.86853], [-73.93227, 40.86856], [-73.93232, 40.86858], [-73.93232, 40.8686], [-73.93245, 40.86866], [-73.93249, 40.86868], [-73.93249, 40.86867], [-73.93253, 40.86861], [-73.93254, 40.8686], [-73.93257, 40.86855], [-73.93258, 40.86853], [-73.93261, 40.86847], [-73.93262, 40.86846], [-73.93263, 40.86846], [-73.93263, 40.86846], [-73.93265, 40.86846], [-73.93255, 40.86864], [-73.93255, 40.86864], [-73.93257, 40.86865], [-73.93252, 40.86872], [-73.9325, 40.86871], [-73.93251, 40.86871], [-73.9325, 40.8687], [-73.93235, 40.86865], [-73.93231, 40.86863], [-73.9323, 40.86865], [-73.93225, 40.86864], [-73.93225, 40.86868], [-73.93228, 40.86871], [-73.93229, 40.86887], [-73.93231, 40.86892], [-73.93236, 40.86895], [-73.93246, 40.86896], [-73.93254, 40.86897], [-73.93257, 40.86898], [-73.93257, 40.86904], [-73.9325, 40.86913], [-73.93239, 40.86919], [-73.93229, 40.8692], [-73.93219, 40.86937], [-73.93247, 40.86948], [-73.93235, 40.86975], [-73.93227, 40.86973], [-73.93236, 40.86951], [-73.93213, 40.86942], [-73.93211, 40.86948], [-73.93208, 40.86954], [-73.93206, 40.86958], [-73.93205, 40.8696], [-73.93205, 40.86964], [-73.93207, 40.8697], [-73.9321, 40.86976], [-73.93218, 40.86982], [-73.9322, 40.86984], [-73.93157, 40.86958]]]}}, {"type": "Feature", "properties": {"zone_id": 244, "zone": "Washington Heights South", "borough": "Manhattan", "demand": 686}, "geometry": {"type": "Polygon", "coordinates": [[[-73.94069, 40.85131], [-73.94069, 40.85131], [-73.94069, 40.85131], [-73.94049, 40.85131], [-73.94049, 40.85131], [-73.94049, 40.85131], [-73.94028, 40.85132], [-73.94011, 40.85133], [-73.94011, 40.85133], [-73.94011, 40.85133], [-73.93993, 40.85132], [-73.93993, 40.85132], [-73.93993, 40.85132], [-73.93975, 40.85131], [-73.93975, 40.85131], [-73.93975, 40.85131], [-73.93957, 40.85128], [-73.9394, 40.85123], [-73.9394, 40.85123], [-73.9394, 40.85123], [-73.93924, 40.85118], [-73.93828, 40.85091], [-73.93737, 40.85064], [-73.93666, 40.85045], [-73.93575, 40.85017], [-73.9364, 40.84954], [-73.93547, 40.84914], [-73.93424, 40.84863], [-73.93285, 40.84804], [-73.93139, 40.84743], [-73.93185, 40.8468], [-73.93191, 40.84671], [-73.93198, 40.84662], [-73.93201, 40.84658], [-73.93204, 40.84653], [-73.93207, 40.8465], [-73.9321, 40.84646], [-73.93219, 40.84634], [-73.93224, 40.84626], [-73.93232, 40.84615], [-73.93277, 40.84554], [-73.93315, 40.84502], [-73.93323, 40.84491], [-73.93372, 40.84425], [-73.93421, 40.84357], [-73.93467, 40.84296], [-73.93514, 40.84231], [-73.93557, 40.84171], [-73.93561, 40.84161], [-73.93561, 40.84161], [-73.93561, 40.84161], [-73.93564, 40.8415], [-73.93564, 40.8415], [-73.93564, 40.84139], [-73.93564, 40.84139], [-73.93564, 40.84139], [-73.93563, 40.84128], [-73.93563, 40.84128], [-73.93563, 40.84128], [-73.93559, 40.84117], [-73.93544, 40.84075], [-73.9353, 40.84047], [-73.93519, 40.84034], [-73.93519, 40.84034], [-73.93519, 40.84033], [-73.93511, 40.84018], [-73.93504, 40.84002], [-73.93504, 40.84002], [-73.93504, 40.84002], [-73.93501, 40.83985], [-73.93501, 40.83985], [-73.93501, 40.83985], [-73.93499, 40.83968], [-73.93499, 40.83968], [-73.93499, 40.83968], [-73.93501, 40.8395], [-73.93505, 40.83933], [-73.93512, 40.83917], [-73.93512, 40.83917], [-73.93512, 40.83917], [-73.93522, 40.83902], [-73.93522, 40.83902], [-73.93522, 40.83902], [-73.93533, 40.83887], [-73.93533, 40.83887], [-73.93533, 40.83887], [-73.93546, 40.83875], [-73.93564, 40.83863], [-73.9358, 40.8385], [-73.93596, 40.83837], [-73.9361, 40.83823], [-73.93623, 40.83808], [-73.93638, 40.83785], [-73.93669, 40.83719], [-73.93702, 40.83647], [-73.93738, 40.83569], [-73.93775, 40.83489], [-73.93786, 40.83464], [-73.9379, 40.83455], [-73.93794, 40.83446], [-73.93799, 40.83437], [-73.93804, 40.83429], [-73.9381, 40.83421], [-73.93817, 40.83413], [-73.93824, 40.83405], [-73.93832, 40.83398], [-73.9384, 40.83391], [-73.93849, 40.83384], [-73.93915, 40.83328], [-73.93927, 40.8332], [-73.93927, 40.8332], [-73.93927, 40.8332], [-73.93938, 40.83311], [-73.93938, 40.83311], [-73.93938, 40.83311], [-73.93948, 40.83301], [-73.93948, 40.83301], [-73.93948, 40.83301], [-73.93956, 40.83291], [-73.93956, 40.83291], [-73.93956, 40.83291], [-73.93963, 40.8328], [-73.93963, 40.8328], [-73.93963, 40.8328], [-73.93968, 40.83268], [-73.94008, 40.83207], [-73.94017, 40.83196], [-73.94025, 40.83184], [-73.94031, 40.83172], [-73.94035, 40.83159], [-73.94037, 40.83146], [-73.94037, 40.83133], [-73.94035, 40.83046], [-73.94137, 40.83089], [-73.94298, 40.83157], [-73.94572, 40.83272], [-73.94582, 40.83276], [-73.94593, 40.83281], [-73.94829, 40.83386], [-73.94891, 40.83406], [-73.94919, 40.83421], [-73.94942, 40.83436], [-73.94957, 40.83442], [-73.94964, 40.83443], [-73.94971, 40.83445], [-73.94978, 40.83446], [-73.94986, 40.83446], [-73.95015, 40.8344], [-73.94998, 40.83488], [-73.94989, 40.83528], [-73.9498, 40.83549], [-73.94978, 40.83552], [-73.94974, 40.83563], [-73.94974, 40.83571], [-73.94971, 40.83577], [-73.94969, 40.83586], [-73.94968, 40.83592], [-73.94969, 40.83604], [-73.94969, 40.83607], [-73.94969, 40.83611], [-73.94966, 40.83619], [-73.94965, 40.83622], [-73.94962, 40.83623], [-73.9496, 40.8363], [-73.94958, 40.83648], [-73.94955, 40.8366], [-73.94951, 40.83667], [-73.94946, 40.83671], [-73.94939, 40.83672], [-73.94933, 40.83672], [-73.94929, 40.83673], [-73.94929, 40.83673], [-73.94928, 40.83674], [-73.94928, 40.83674], [-73.94928, 40.83674], [-73.94928, 40.83675], [-73.94928, 40.83675], [-73.94929, 40.83676], [-73.94929, 40.83676], [-73.94929, 40.83676], [-73.9493, 40.83677], [-73.9493, 40.83677], [-73.94938, 40.83678], [-73.94944, 40.83679], [-73.94944, 40.83679], [-73.94946, 40.8368], [-73.94948, 40.83681], [-73.9495, 40.83681], [-73.94951, 40.83683], [-73.94952, 40.83684], [-73.94953, 40.83685], [-73.94954, 40.83686], [-73.94954, 40.83688], [-73.94918, 40.83786], [-73.94915, 40.83793], [-73.949, 40.83843], [-73.94893, 40.83864], [-73.94884, 40.83888], [-73.94876, 40.83902], [-73.94866, 40.8393], [-73.94856, 40.83956], [-73.9485, 40.83967], [-73.94843, 40.83986], [-73.94833, 40.84], [-73.94827, 40.84006], [-73.94823, 40.84012], [-73.94807, 40.84047], [-73.94797, 40.84065], [-73.94786, 40.8409], [-73.94776, 40.84113], [-73.94771, 40.84126], [-73.94761, 40.84141], [-73.94756, 40.84153], [-73.94749, 40.8417], [-73.94738, 40.84194], [-73.94727, 40.84205], [-73.94721, 40.8421], [-73.94717, 40.84216], [-73.94713, 40.84226], [-73.94712, 40.84229], [-73.94711, 40.84231], [-73.94696, 40.84254], [-73.94693, 40.84262], [-73.94687, 40.8427], [-73.94679, 40.84281], [-73.94675, 40.84289], [-73.94671, 40.84294], [-73.94662, 40.84302], [-73.94655, 40.84312], [-73.94646, 40.84325], [-73.94637, 40.84345], [-73.94631, 40.84356], [-73.94625, 40.84367], [-73.9462, 40.84375], [-73.94613, 40.84389], [-73.94612, 40.84389], [-73.94612, 40.844], [-73.9461, 40.84405], [-73.94609, 40.8441], [-73.94611, 40.8442], [-73.94612, 40.84422], [-73.94609, 40.84429], [-73.94611, 40.84435], [-73.94608, 40.84447], [-73.94609, 40.8445], [-73.94608, 40.8446], [-73.94611, 40.84486], [-73.94612, 40.84488], [-73.94613, 40.84491], [-73.94615, 40.84494], [-73.94616, 40.84503], [-73.94616, 40.84513], [-73.94619, 40.8452], [-73.94621, 40.84523], [-73.94622, 40.84526], [-73.94621, 40.84533], [-73.94618, 40.84537], [-73.94617, 40.84539], [-73.94621, 40.84546], [-73.94623, 40.84558], [-73.94628, 40.84569], [-73.94631, 40.84574], [-73.94644, 40.84589], [-73.94647, 40.84588], [-73.94648, 40.84592], [-73.94645, 40.84592], [-73.94648, 40.84596], [-73.94652, 40.84599], [-73.9465, 40.84603], [-73.94646, 40.84606], [-73.94643, 40.84606], [-73.94635, 40.84616], [-73.94635, 40.84624], [-73.9464, 40.84636], [-73.94644, 40.84644], [-73.94647, 40.84653], [-73.94652, 40.84659], [-73.94664, 40.84668], [-73.94672, 40.84682], [-73.94679, 40.847], [-73.94682, 40.84713], [-73.94681, 40.84729], [-73.94678, 40.84735], [-73.94675, 40.84741], [-73.9467, 40.8475], [-73.94669, 40.84773], [-73.94666, 40.84788], [-73.94664, 40.84794], [-73.94662, 40.84815], [-73.94662, 40.84821], [-73.94662, 40.84828], [-73.94664, 40.8484], [-73.94665, 40.84867], [-73.94668, 40.84884], [-73.94664, 40.84891], [-73.94665, 40.849], [-73.94666, 40.84905], [-73.94671, 40.84909], [-73.94672, 40.84923], [-73.94673, 40.84927], [-73.94676, 40.8493], [-73.94681, 40.84935], [-73.94684, 40.84938], [-73.94686, 40.84943], [-73.94685, 40.84954], [-73.94688, 40.84959], [-73.94689, 40.84964], [-73.9469, 40.84967], [-73.94697, 40.84981], [-73.94696, 40.84985], [-73.94695, 40.84986], [-73.94695, 40.84989], [-73.947, 40.84996], [-73.94696, 40.84998], [-73.94697, 40.85], [-73.94698, 40.84999], [-73.94703, 40.85004], [-73.94703, 40.85006], [-73.94701, 40.85008], [-73.94697, 40.85009], [-73.94695, 40.8501], [-73.94696, 40.85011], [-73.94699, 40.85012], [-73.94702, 40.85013], [-73.94703, 40.85014], [-73.94702, 40.85019], [-73.94705, 40.85022], [-73.94704, 40.85025], [-73.947, 40.85033], [-73.947, 40.85034], [-73.94701, 40.85036], [-73.947, 40.85039], [-73.947, 40.8504], [-73.94696, 40.85047], [-73.94693, 40.85053], [-73.9459, 40.85033], [-73.94491, 40.85014], [-73.94477, 40.85011], [-73.94472, 40.8501], [-73.9441, 40.84998], [-73.94397, 40.84995], [-73.94381, 40.84992], [-73.94318, 40.8498], [-73.94317, 40.84985], [-73.94316, 40.84994], [-73.94315, 40.85], [-73.94312, 40.85024], [-73.9431, 40.85039], [-73.94299, 40.85082], [-73.9429, 40.851], [-73.9428, 40.85117], [-73.94268, 40.85134], [-73.94254, 40.8515], [-73.94248, 40.85156], [-73.94239, 40.85165], [-73.94222, 40.8518], [-73.94204, 40.85193], [-73.94185, 40.85182], [-73.94126, 40.85139], [-73.94109, 40.85136], [-73.94109, 40.85136], [-73.94109, 40.85136], [-73.94089, 40.85133], [-73.94089, 40.85133], [-73.94089, 40.85133], [-73.94069, 40.85131]]]}}, {"type": "Feature", "properties": {"zone_id": 260, "zone": "Woodside", "borough": "Queens", "demand": 294}, "geometry": {"type": "Polygon", "coordinates": [[[-73.90175, 40.76077], [-73.90147, 40.75963], [-73.90138, 40.75964], [-73.90127, 40.75965], [-73.89902, 40.75989], [-73.89887, 40.7599], [-73.89877, 40.75991], [-73.89866, 40.75992], [-73.89906, 40.75933], [-73.89941, 40.75881], [-73.89948, 40.75868], [-73.89957, 40.75854], [-73.89961, 40.75845], [-73.89965, 40.75838], [-73.89968, 40.7583], [-73.89972, 40.75816], [-73.89976, 40.75799], [-73.89979, 40.7579], [-73.89981, 40.75778], [-73.89985, 40.75756], [-73.89986, 40.75734], [-73.89985, 40.75711], [-73.89982, 40.75689], [-73.8998, 40.75677], [-73.89977, 40.75666], [-73.89973, 40.75654], [-73.89969, 40.75645], [-73.8996, 40.75623], [-73.89924, 40.75553], [-73.89912, 40.75517], [-73.89905, 40.75495], [-73.89897, 40.75471], [-73.89856, 40.75414], [-73.89827, 40.75366], [-73.8979, 40.75309], [-73.89771, 40.75273], [-73.89762, 40.75252], [-73.89758, 40.75238], [-73.89749, 40.75201], [-73.89734, 40.75142], [-73.89729, 40.75087], [-73.89721, 40.75047], [-73.89708, 40.75012], [-73.89648, 40.74907], [-73.89624, 40.74872], [-73.89611, 40.7485], [-73.89583, 40.74801], [-73.89566, 40.74769], [-73.89536, 40.74711], [-73.89502, 40.74647], [-73.89496, 40.74637], [-73.8949, 40.74627], [-73.89481, 40.74606], [-73.89473, 40.74585], [-73.89469, 40.74562], [-73.89466, 40.7454], [-73.89467, 40.74518], [-73.89469, 40.74496], [-73.89475, 40.74474], [-73.89479, 40.74458], [-73.89484, 40.74443], [-73.89491, 40.74428], [-73.89499, 40.74413], [-73.89525, 40.74382], [-73.89541, 40.74366], [-73.89558, 40.7435], [-73.89576, 40.74336], [-73.89638, 40.74284], [-73.89707, 40.74228], [-73.89721, 40.74217], [-73.89733, 40.74208], [-73.89762, 40.74184], [-73.89818, 40.74139], [-73.89868, 40.74098], [-73.89883, 40.74086], [-73.89889, 40.74081], [-73.89897, 40.74075], [-73.89909, 40.74066], [-73.89916, 40.7406], [-73.89921, 40.74054], [-73.89975, 40.74013], [-73.90058, 40.73949], [-73.90102, 40.73927], [-73.90174, 40.7389], [-73.90268, 40.73857], [-73.90316, 40.73839], [-73.90358, 40.73824], [-73.90365, 40.73822], [-73.90369, 40.7382], [-73.90411, 40.73803], [-73.90463, 40.73782], [-73.90486, 40.73772], [-73.90557, 40.73741], [-73.90598, 40.73722], [-73.90646, 40.73703], [-73.90673, 40.73691], [-73.9074, 40.73671], [-73.90762, 40.73665], [-73.90789, 40.7366], [-73.9089, 40.73644], [-73.90926, 40.7364], [-73.90929, 40.73633], [-73.90931, 40.73629], [-73.90933, 40.73623], [-73.9096, 40.73566], [-73.90991, 40.735], [-73.91024, 40.73434], [-73.91069, 40.73347], [-73.90629, 40.7324], [-73.90598, 40.73326], [-73.90569, 40.73392], [-73.90602, 40.73401], [-73.90574, 40.73463], [-73.90517, 40.73586], [-73.9047, 40.73568], [-73.90456, 40.7356], [-73.90379, 40.73522], [-73.90337, 40.73501], [-73.90333, 40.735], [-73.90287, 40.73477], [-73.90245, 40.73457], [-73.90194, 40.73434], [-73.90108, 40.73391], [-73.9026, 40.7321], [-73.90422, 40.73013], [-73.90518, 40.72896], [-73.90573, 40.72851], [-73.90673, 40.72773], [-73.90693, 40.72758], [-73.90707, 40.72747], [-73.90712, 40.72742], [-73.90935, 40.7288], [-73.90981, 40.72907], [-73.91018, 40.72928], [-73.91055, 40.72947], [-73.91096, 40.72964], [-73.91149, 40.72983], [-73.91175, 40.72991], [-73.91177, 40.72985], [-73.91189, 40.72956], [-73.91201, 40.72923], [-73.91205, 40.72851], [-73.91505, 40.7286], [-73.91507, 40.72797], [-73.91797, 40.7285], [-73.91773, 40.72988], [-73.91761, 40.73057], [-73.91752, 40.731], [-73.91737, 40.73133], [-73.91734, 40.73138], [-73.91756, 40.73145], [-73.91881, 40.73192], [-73.91904, 40.73201], [-73.91902, 40.73209], [-73.91879, 40.73197], [-73.91835, 40.73315], [-73.91759, 40.73524], [-73.91756, 40.73529], [-73.91751, 40.73535], [-73.9169, 40.73544], [-73.91687, 40.73554], [-73.91652, 40.73676], [-73.91718, 40.7369], [-73.91709, 40.73714], [-73.91651, 40.73894], [-73.9163, 40.73907], [-73.91567, 40.74078], [-73.91538, 40.74073], [-73.91443, 40.74053], [-73.91383, 40.74241], [-73.91379, 40.74251], [-73.91289, 40.74248], [-73.9126, 40.74244], [-73.91194, 40.74238], [-73.91193, 40.74243], [-73.91191, 40.74255], [-73.91151, 40.74447], [-73.91125, 40.74578], [-73.91213, 40.74589], [-73.91245, 40.74592], [-73.91235, 40.74632], [-73.91232, 40.74645], [-73.91212, 40.74729], [-73.91193, 40.74799], [-73.91191, 40.7481], [-73.91191, 40.7481], [-73.91191, 40.7481], [-73.91187, 40.74822], [-73.91183, 40.74833], [-73.91183, 40.74833], [-73.91183, 40.74833], [-73.91182, 40.74834], [-73.91176, 40.74844], [-73.91164, 40.74868], [-73.91016, 40.7485], [-73.9099, 40.74909], [-73.90971, 40.74975], [-73.90952, 40.75044], [-73.90948, 40.75056], [-73.90945, 40.75065], [-73.90945, 40.75065], [-73.90944, 40.75075], [-73.90944, 40.75075], [-73.90944, 40.75075], [-73.90946, 40.75085], [-73.90946, 40.75085], [-73.90946, 40.75085], [-73.9095, 40.75095], [-73.9095, 40.75095], [-73.9095, 40.75095], [-73.90956, 40.75104], [-73.90984, 40.75164], [-73.91035, 40.75275], [-73.91067, 40.75299], [-73.91023, 40.75298], [-73.90995, 40.75322], [-73.90969, 40.75347], [-73.90945, 40.75373], [-73.90923, 40.75399], [-73.90922, 40.754], [-73.90917, 40.75406], [-73.90901, 40.75428], [-73.90879, 40.75468], [-73.90877, 40.75473], [-73.90874, 40.75479], [-73.90871, 40.75483], [-73.90868, 40.75489], [-73.90866, 40.75494], [-73.90862, 40.755], [-73.9086, 40.75504], [-73.90855, 40.75514], [-73.90853, 40.75517], [-73.90851, 40.75521], [-73.90847, 40.75529], [-73.90841, 40.75545], [-73.90836, 40.75558], [-73.90831, 40.75571], [-73.90828, 40.7558], [-73.90824, 40.75589], [-73.90821, 40.75599], [-73.90817, 40.75608], [-73.90814, 40.75617], [-73.9081, 40.75627], [-73.90806, 40.75638], [-73.90802, 40.75647], [-73.90799, 40.75657], [-73.90795, 40.75668], [-73.90783, 40.757], [-73.90743, 40.7581], [-73.90706, 40.75868], [-73.90649, 40.75956], [-73.90631, 40.75984], [-73.907, 40.76014], [-73.90779, 40.76052], [-73.90753, 40.76084], [-73.90742, 40.76098], [-73.90704, 40.76145], [-73.90678, 40.76178], [-73.90651, 40.76211], [-73.90626, 40.76242], [-73.90607, 40.76266], [-73.90566, 40.76317], [-73.90519, 40.76375], [-73.90451, 40.76459], [-73.90371, 40.7656], [-73.90361, 40.76573], [-73.90357, 40.76578], [-73.90331, 40.76517], [-73.90299, 40.76441], [-73.90277, 40.76388], [-73.90225, 40.76264], [-73.90175, 40.76077]]]}}]}