{"type": "FeatureCollection", "features": [{"type": "Feature", "properties": {"zone_id": 43, "zone": "Central Park", "borough": "Manhattan", "demand": 2818}, "geometry": {"type": "Polygon", "coordinates": [[[-73.97255, 40.7649], [-73.97301, 40.76428], [-73.97364, 40.76457], [-73.97419, 40.76481], [-73.97623, 40.76567], [-73.97836, 40.76657], [-73.97908, 40.76688], [-73.98136, 40.76784], [-73.98132, 40.7679], [-73.98129, 40.76797], [-73.98129, 40.76797], [-73.98129, 40.76797], [-73.98128, 40.76804], [-73.98129, 40.76812], [-73.98133, 40.76819], [-73.98137, 40.76825], [-73.98145, 40.76832], [-73.98145, 40.76832], [-73.98145, 40.76832], [-73.98155, 40.76838], [-73.98155, 40.76838], [-73.98165, 40.76844], [-73.98102, 40.76927], [-73.98056, 40.7699], [-73.98011, 40.77053], [-73.97965, 40.77115], [-73.97919, 40.77178], [-73.97872, 40.77242], [-73.97828, 40.77303], [-73.97783, 40.77366], [-73.97737, 40.77428], [-73.97691, 40.77491], [-73.97646, 40.77553], [-73.97595, 40.77622], [-73.97546, 40.7769], [-73.975, 40.77753], [-73.97453, 40.77817], [-73.97407, 40.7788], [-73.97357, 40.77948], [-73.97172, 40.78202], [-73.97122, 40.78271], [-73.97076, 40.78334], [-73.9703, 40.78397], [-73.96983, 40.78461], [-73.96934, 40.78529], [-73.96884, 40.78597], [-73.96838, 40.7866], [-73.96793, 40.78722], [-73.96745, 40.78786], [-73.96701, 40.78848], [-73.96655, 40.78911], [-73.96609, 40.78973], [-73.96563, 40.79036], [-73.96518, 40.79099], [-73.96469, 40.79166], [-73.96418, 40.79236], [-73.96371, 40.79301], [-73.96281, 40.79424], [-73.96236, 40.79485], [-73.9619, 40.79548], [-73.96144, 40.79611], [-73.96098, 40.79674], [-73.96052, 40.79737], [-73.96004, 40.79804], [-73.95954, 40.79872], [-73.95908, 40.79935], [-73.95862, 40.79998], [-73.95833, 40.80036], [-73.95817, 40.80058], [-73.95786, 40.80051], [-73.95537, 40.79947], [-73.95529, 40.79943], [-73.95522, 40.7994], [-73.95516, 40.79938], [-73.95254, 40.79827], [-73.95245, 40.79824], [-73.95237, 40.79821], [-73.9496, 40.79705], [-73.94922, 40.79691], [-73.9494, 40.79663], [-73.9497, 40.79622], [-73.95016, 40.79559], [-73.95061, 40.79497], [-73.95111, 40.79428], [-73.9516, 40.79361], [-73.95207, 40.79297], [-73.95252, 40.79235], [-73.95298, 40.79172], [-73.95344, 40.79108], [-73.95389, 40.79047], [-73.9544, 40.78977], [-73.95482, 40.7892], [-73.95527, 40.78858], [-73.95578, 40.78791], [-73.95626, 40.78722], [-73.95672, 40.7866], [-73.95717, 40.78598], [-73.95764, 40.78534], [-73.9581, 40.78472], [-73.95856, 40.7841], [-73.959, 40.78347], [-73.95947, 40.78283], [-73.95992, 40.78221], [-73.96042, 40.78153], [-73.96092, 40.78085], [-73.96137, 40.78023], [-73.96184, 40.77958], [-73.9623, 40.77895], [-73.96277, 40.77831], [-73.96323, 40.77768], [-73.96373, 40.77701], [-73.96376, 40.77695], [-73.96423, 40.77631], [-73.96469, 40.77568], [-73.96515, 40.77504], [-73.96561, 40.77441], [-73.96607, 40.77377], [-73.96654, 40.77314], [-73.96704, 40.77246], [-73.96753, 40.77178], [-73.96799, 40.77115], [-73.96844, 40.77052], [-73.9689, 40.7699], [-73.96936, 40.76927], [-73.96982, 40.76865], [-73.97028, 40.76802], [-73.97073, 40.76739], [-73.97119, 40.76677], [-73.97165, 40.76614], [-73.9721, 40.76552], [-73.97255, 40.7649]]]}}, {"type": "Feature", "properties": {"zone_id": 50, "zone": "Clinton West", "borough": "Manhattan", "demand": 3355}, "geometry": {"type": "Polygon", "coordinates": [[[-73.99668, 40.77351], [-73.99434, 40.77252], [-73.99425, 40.77253], [-73.99416, 40.77249], [-73.99383, 40.77293], [-73.99379, 40.7729], [-73.99373, 40.77286], [-73.99359, 40.77279], [-73.9935, 40.77275], [-73.99387, 40.77224], [-73.99378, 40.7722], [-73.99366, 40.77215], [-73.99091, 40.77099], [-73.9906, 40.77085], [-73.98806, 40.76979], [-73.98856, 40.76912], [-73.98905, 40.76844], [-73.9895, 40.76781], [-73.98996, 40.76719], [-73.99042, 40.76656], [-73.99088, 40.76593], [-73.99133, 40.76531], [-73.99179, 40.76468], [-73.99224, 40.76406], [-73.9927, 40.76343], [-73.99316, 40.76281], [-73.99361, 40.76218], [-73.99407, 40.76155], [-73.99453, 40.76093], [-73.99498, 40.7603], [-73.99547, 40.75963], [-73.99623, 40.75995], [-73.99831, 40.76082], [-74.00104, 40.76197], [-74.00115, 40.76203], [-74.00128, 40.76208], [-74.00134, 40.76221], [-74.00153, 40.76264], [-74.00376, 40.76358], [-74.00361, 40.76378], [-74.00139, 40.76285], [-74.00097, 40.76342], [-74.00315, 40.76433], [-74.00295, 40.76462], [-74.00306, 40.76467], [-74.00313, 40.76465], [-74.00316, 40.76461], [-74.00322, 40.76464], [-74.00316, 40.76473], [-74.00315, 40.76474], [-74.00314, 40.76474], [-74.00312, 40.76474], [-74.00311, 40.76475], [-74.0031, 40.76475], [-74.00309, 40.76474], [-74.00106, 40.76389], [-74.00073, 40.76375], [-73.99993, 40.76341], [-73.99964, 40.76357], [-73.99962, 40.76356], [-73.99952, 40.76371], [-73.99945, 40.76381], [-73.99943, 40.76382], [-73.99915, 40.7642], [-74.00227, 40.76552], [-74.00229, 40.76556], [-74.00206, 40.76588], [-74.00202, 40.76589], [-73.9992, 40.7647], [-73.99911, 40.76466], [-73.99888, 40.76457], [-73.99858, 40.765], [-73.9986, 40.76507], [-73.99863, 40.76509], [-73.99867, 40.7651], [-73.99869, 40.76514], [-73.9987, 40.76517], [-73.99869, 40.76521], [-73.99867, 40.76524], [-73.99863, 40.76526], [-73.99859, 40.76528], [-73.99848, 40.7653], [-73.99844, 40.76532], [-73.9984, 40.76535], [-73.99827, 40.76555], [-73.99828, 40.76557], [-74.00154, 40.76694], [-74.00157, 40.76698], [-74.00156, 40.767], [-74.00139, 40.76723], [-74.00136, 40.76725], [-74.00131, 40.76725], [-74.00129, 40.76724], [-73.99816, 40.76589], [-73.99815, 40.76591], [-73.99807, 40.76587], [-73.99772, 40.76635], [-73.99738, 40.76682], [-74.00063, 40.7682], [-74.00065, 40.76822], [-74.00065, 40.76824], [-74.00045, 40.7685], [-74.00042, 40.76851], [-74.00039, 40.7685], [-73.99716, 40.76713], [-73.99682, 40.7676], [-73.99646, 40.7681], [-73.99973, 40.76947], [-73.99974, 40.76951], [-73.99955, 40.76975], [-73.99952, 40.76977], [-73.99947, 40.76976], [-73.99707, 40.76873], [-73.99703, 40.76879], [-73.99715, 40.76885], [-73.99701, 40.76903], [-73.99689, 40.76898], [-73.99657, 40.76942], [-73.99903, 40.77046], [-73.99876, 40.77082], [-73.99631, 40.7698], [-73.99588, 40.7704], [-73.99602, 40.77045], [-73.9959, 40.77061], [-73.99577, 40.77055], [-73.99542, 40.77103], [-73.99576, 40.77116], [-73.99571, 40.77123], [-73.9958, 40.77128], [-73.99582, 40.77126], [-73.99591, 40.7713], [-73.99593, 40.77127], [-73.996, 40.77131], [-73.9959, 40.77145], [-73.99589, 40.77145], [-73.99585, 40.7715], [-73.99579, 40.77148], [-73.99583, 40.77142], [-73.99573, 40.77138], [-73.99575, 40.77135], [-73.99563, 40.77132], [-73.99562, 40.77134], [-73.99531, 40.7712], [-73.99512, 40.77145], [-73.99499, 40.77144], [-73.99496, 40.77145], [-73.99493, 40.77147], [-73.99492, 40.77149], [-73.99493, 40.77152], [-73.99501, 40.77161], [-73.99498, 40.77164], [-73.99498, 40.77166], [-73.99711, 40.77255], [-73.99691, 40.77283], [-73.99477, 40.77193], [-73.99444, 40.77238], [-73.99545, 40.7728], [-73.99554, 40.77267], [-73.99645, 40.77306], [-73.99636, 40.77318], [-73.99623, 40.77313], [-73.99614, 40.77325], [-73.99656, 40.77341], [-73.99669, 40.7735], [-73.99668, 40.77351]]]}}, {"type": "Feature", "properties": {"zone_id": 90, "zone": "Flatiron", "borough": "Manhattan", "demand": 4191}, "geometry": {"type": "Polygon", "coordinates": [[[-73.99634, 40.73804], [-73.99684, 40.73736], [-73.99968, 40.73855], [-74.00252, 40.73975], [-74.00202, 40.74044], [-74.00156, 40.74108], [-74.00113, 40.74167], [-74.0007, 40.74225], [-74.00027, 40.74284], [-73.99985, 40.74342], [-73.99942, 40.74401], [-73.99897, 40.74463], [-73.99849, 40.74529], [-73.99801, 40.74595], [-73.99755, 40.74658], [-73.9971, 40.7472], [-73.99426, 40.746], [-73.99142, 40.7448], [-73.99187, 40.74419], [-73.99207, 40.74392], [-73.99232, 40.74357], [-73.9928, 40.74291], [-73.99329, 40.74223], [-73.99374, 40.74162], [-73.99416, 40.74103], [-73.99459, 40.74044], [-73.99502, 40.73986], [-73.99545, 40.73927], [-73.99587, 40.73869], [-73.99634, 40.73804]]]}}, {"type": "Feature", "properties": {"zone_id": 100, "zone": "Garment District", "borough": "Manhattan", "demand": 2249}, "geometry": {"type": "Polygon", "coordinates": [[[-73.98729, 40.75045], [-73.98777, 40.74979], [-73.98794, 40.74985], [-73.99062, 40.75099], [-73.99212, 40.75162], [-73.99346, 40.75219], [-73.99298, 40.75285], [-73.99253, 40.75347], [-73.99208, 40.75409], [-73.99163, 40.75471], [-73.99118, 40.75533], [-73.99073, 40.75595], [-73.99028, 40.75657], [-73.98979, 40.75723], [-73.98842, 40.75665], [-73.98695, 40.75604], [-73.9864, 40.75581], [-73.98412, 40.75484], [-73.9846, 40.75418], [-73.98504, 40.75355], [-73.98549, 40.75293], [-73.98595, 40.75232], [-73.9864, 40.7517], [-73.98685, 40.75108], [-73.98729, 40.75045]]]}}, {"type": "Feature", "properties": {"zone_id": 113, "zone": "Greenwich Village North", "borough": "Manhattan", "demand": 2751}, "geometry": {"type": "Polygon", "coordinates": [[[-73.99136, 40.72756], [-73.99155, 40.72709], [-73.99315, 40.72787], [-73.99425, 40.72841], [-73.99506, 40.72881], [-73.99581, 40.72918], [-73.99657, 40.72955], [-73.99606, 40.73015], [-73.99556, 40.73071], [-73.99697, 40.73141], [-73.99861, 40.73221], [-74.00007, 40.73293], [-73.99976, 40.73334], [-73.99956, 40.73361], [-73.99919, 40.73413], [-73.99871, 40.73478], [-73.99853, 40.73504], [-73.99827, 40.73539], [-73.9978, 40.73603], [-73.99734, 40.73667], [-73.99684, 40.73736], [-73.99362, 40.736], [-73.99171, 40.73521], [-73.9912, 40.73501], [-73.99075, 40.73484], [-73.9899, 40.73443], [-73.98987, 40.73353], [-73.99003, 40.73276], [-73.99021, 40.732], [-73.99039, 40.73129], [-73.99051, 40.73056], [-73.99073, 40.72988], [-73.99076, 40.72974], [-73.99093, 40.72914], [-73.99112, 40.72857], [-73.99136, 40.72778], [-73.99136, 40.72756]]]}}, {"type": "Feature", "properties": {"zone_id": 114, "zone": "Greenwich Village South", "borough": "Manhattan", "demand": 3646}, "geometry": {"type": "Polygon", "coordinates": [[[-73.99258, 40.7242], [-73.9926, 40.72414], [-73.99267, 40.72416], [-73.9934, 40.72441], [-73.99346, 40.72443], [-73.99418, 40.72469], [-73.99491, 40.72495], [-73.99533, 40.72508], [-73.99585, 40.72521], [-73.99677, 40.72543], [-73.99761, 40.7258], [-73.99836, 40.72617], [-73.99912, 40.72654], [-73.99992, 40.72693], [-74.00063, 40.72729], [-74.00139, 40.72766], [-74.00215, 40.72803], [-74.00269, 40.72831], [-74.00282, 40.72836], [-74.00251, 40.72902], [-74.0022, 40.72965], [-74.00214, 40.7298], [-74.00168, 40.73058], [-74.00141, 40.73106], [-74.00095, 40.73171], [-74.00051, 40.73231], [-74.00007, 40.73293], [-73.99861, 40.73221], [-73.99697, 40.73141], [-73.99556, 40.73071], [-73.99606, 40.73015], [-73.99657, 40.72955], [-73.99581, 40.72918], [-73.99506, 40.72881], [-73.99425, 40.72841], [-73.99315, 40.72787], [-73.99155, 40.72709], [-73.99179, 40.72639], [-73.99206, 40.72564], [-73.99221, 40.72523], [-73.99233, 40.72491], [-73.99258, 40.7242]]]}}, {"type": "Feature", "properties": {"zone_id": 132, "zone": "JFK Airport", "borough": "Queens", "demand": 3959}, "geometry": {"type": "MultiPolygon", "coordinates": [[[[-73.82503, 40.66358], [-73.82486, 40.66358], [-73.82427, 40.66358], [-73.82306, 40.66354], [-73.81792, 40.66296], [-73.81497, 40.66247], [-73.81443, 40.66251], [-73.81389, 40.66257], [-73.81335, 40.66264], [-73.81282, 40.66272], [-73.81229, 40.66282], [-73.81177, 40.66293], [-73.81117, 40.66318], [-73.81061, 40.66348], [-73.81007, 40.66379], [-73.80946, 40.66404], [-73.80885, 40.6643], [-73.80845, 40.66446], [-73.8078, 40.66459], [-73.80765, 40.66462], [-73.80614, 40.66491], [-73.80572, 40.66496], [-73.80432, 40.66512], [-73.80378, 40.66516], [-73.803, 40.66522], [-73.80215, 40.66525], [-73.80203, 40.66525], [-73.80189, 40.66525], [-73.8018, 40.66525], [-73.80073, 40.66527], [-73.79983, 40.66522], [-73.79786, 40.66511], [-73.79763, 40.6651], [-73.79702, 40.66507], [-73.79642, 40.66502], [-73.7959, 40.66496], [-73.79582, 40.66495], [-73.79523, 40.66488], [-73.79394, 40.6647], [-73.79256, 40.66451], [-73.79199, 40.66444], [-73.79119, 40.66433], [-73.79058, 40.66424], [-73.79006, 40.66417], [-73.78997, 40.66415], [-73.78991, 40.66414], [-73.78984, 40.66414], [-73.78812, 40.66391], [-73.78751, 40.66382], [-73.78618, 40.66361], [-73.78503, 40.66342], [-73.78481, 40.6635], [-73.78435, 40.6634], [-73.78322, 40.66317], [-73.78211, 40.66283], [-73.7814, 40.66262], [-73.78128, 40.66258], [-73.78076, 40.66241], [-73.77933, 40.66184], [-73.77877, 40.66162], [-73.77872, 40.66159], [-73.77864, 40.66157], [-73.77849, 40.66151], [-73.77679, 40.66074], [-73.77671, 40.66071], [-73.77644, 40.66063], [-73.77561, 40.66039], [-73.77552, 40.66036], [-73.77485, 40.66015], [-73.77452, 40.66001], [-73.77435, 40.65993], [-73.77419, 40.65986], [-73.77388, 40.65968], [-73.77383, 40.65965], [-73.77378, 40.65962], [-73.77331, 40.65935], [-73.77306, 40.6592], [-73.77292, 40.65913], [-73.7705, 40.65788], [-73.76976, 40.65748], [-73.76878, 40.65694], [-73.76873, 40.65692], [-73.76807, 40.65655], [-73.76786, 40.65644], [-73.76771, 40.65636], [-73.76741, 40.65619], [-73.76735, 40.65616], [-73.76729, 40.65612], [-73.76683, 40.65588], [-73.7667, 40.6558], [-73.76628, 40.65558], [-73.76567, 40.65525], [-73.76475, 40.65475], [-73.76418, 40.65442], [-73.76406, 40.65436], [-73.75794, 40.65085], [-73.75466, 40.64901], [-73.75411, 40.6487], [-73.75416, 40.64865], [-73.75455, 40.64835], [-73.75484, 40.64807], [-73.75502, 40.64781], [-73.75522, 40.64744], [-73.7546, 40.6472], [-73.75379, 40.6467], [-73.75366, 40.64687], [-73.75377, 40.64693], [-73.75374, 40.64696], [-73.7534, 40.64681], [-73.75344, 40.64678], [-73.75361, 40.64686], [-73.75376, 40.64669], [-73.75057, 40.64473], [-73.75049, 40.64462], [-73.75033, 40.64446], [-73.75014, 40.64435], [-73.74908, 40.64363], [-73.749, 40.64356], [-73.74892, 40.64349], [-73.74883, 40.64342], [-73.74874, 40.64337], [-73.74871, 40.64334], [-73.74863, 40.64319], [-73.74855, 40.64304], [-73.74845, 40.6429], [-73.74836, 40.64275], [-73.74825, 40.64261], [-73.74814, 40.64247], [-73.74803, 40.64234], [-73.74778, 40.64209], [-73.74772, 40.64195], [-73.74765, 40.64182], [-73.74758, 40.64169], [-73.74758, 40.64168], [-73.74758, 40.64168], [-73.74757, 40.64162], [-73.74755, 40.64156], [-73.74752, 40.64151], [-73.74748, 40.64146], [-73.74744, 40.64141], [-73.74742, 40.64138], [-73.74742, 40.64134], [-73.74742, 40.64131], [-73.74742, 40.64128], [-73.74743, 40.64125], [-73.74745, 40.64122], [-73.74747, 40.6412], [-73.7475, 40.64117], [-73.74751, 40.64117], [-73.74752, 40.64117], [-73.74753, 40.64116], [-73.74754, 40.64116], [-73.74755, 40.64115], [-73.74756, 40.64114], [-73.74756, 40.64113], [-73.74756, 40.64112], [-73.74756, 40.64111], [-73.74756, 40.64111], [-73.74756, 40.6411], [-73.74755, 40.64109], [-73.74755, 40.64108], [-73.74754, 40.64107], [-73.74753, 40.64107], [-73.74751, 40.64042], [-73.7475, 40.64039], [-73.74749, 40.64036], [-73.74747, 40.64034], [-73.74744, 40.64032], [-73.74745, 40.64024], [-73.74747, 40.64016], [-73.74748, 40.64008], [-73.74749, 40.64], [-73.74748, 40.63992], [-73.74749, 40.63989], [-73.74749, 40.63985], [-73.74748, 40.63981], [-73.74746, 40.63977], [-73.74745, 40.63976], [-73.74745, 40.63974], [-73.74745, 40.63973], [-73.74745, 40.63971], [-73.74745, 40.63969], [-73.74746, 40.63968], [-73.74747, 40.63966], [-73.74749, 40.63965], [-73.74755, 40.63953], [-73.74757, 40.63948], [-73.74756, 40.63944], [-73.74755, 40.6394], [-73.74755, 40.63935], [-73.74755, 40.63931], [-73.74756, 40.63926], [-73.74758, 40.63922], [-73.74762, 40.63907], [-73.74763, 40.63901], [-73.74762, 40.63894], [-73.74763, 40.63891], [-73.74766, 40.63883], [-73.74768, 40.6388], [-73.74768, 40.63878], [-73.74772, 40.63873], [-73.74774, 40.6387], [-73.74773, 40.63864], [-73.74773, 40.63855], [-73.74778, 40.63837], [-73.74778, 40.63836], [-73.74779, 40.63835], [-73.74781, 40.6383], [-73.74782, 40.63829], [-73.74783, 40.63827], [-73.74783, 40.63826], [-73.74783, 40.63825], [-73.74783, 40.63825], [-73.74783, 40.63824], [-73.74782, 40.63823], [-73.74782, 40.63822], [-73.74782, 40.63822], [-73.74782, 40.63822], [-73.74782, 40.63817], [-73.74783, 40.63807], [-73.74784, 40.63803], [-73.74785, 40.63799], [-73.74786, 40.63795], [-73.7479, 40.63786], [-73.74791, 40.63781], [-73.74793, 40.63774], [-73.74794, 40.63767], [-73.74795, 40.63764], [-73.74795, 40.63755], [-73.74795, 40.63753], [-73.74795, 40.63751], [-73.74797, 40.63745], [-73.748, 40.63738], [-73.74803, 40.63731], [-73.74803, 40.6373], [-73.74803, 40.63729], [-73.74803, 40.63724], [-73.74803, 40.63722], [-73.74804, 40.6372], [-73.74805, 40.63718], [-73.74808, 40.63709], [-73.74809, 40.63706], [-73.7481, 40.63702], [-73.74811, 40.63694], [-73.74812, 40.6369], [-73.74813, 40.63687], [-73.74813, 40.63687], [-73.74814, 40.63686], [-73.74816, 40.63686], [-73.74818, 40.63686], [-73.74821, 40.63684], [-73.74827, 40.63681], [-73.74836, 40.63672], [-73.7484, 40.63665], [-73.74841, 40.63648], [-73.74843, 40.6363], [-73.74846, 40.63612], [-73.74849, 40.63598], [-73.74846, 40.63595], [-73.74847, 40.63586], [-73.74849, 40.63567], [-73.74854, 40.63555], [-73.74858, 40.6355], [-73.7486, 40.63546], [-73.74862, 40.63544], [-73.74869, 40.63543], [-73.74874, 40.63542], [-73.74876, 40.63539], [-73.74878, 40.63533], [-73.74881, 40.63529], [-73.74885, 40.63526], [-73.749, 40.63519], [-73.74908, 40.63514], [-73.74915, 40.63513], [-73.74923, 40.6351], [-73.74929, 40.63508], [-73.74934, 40.63506], [-73.74937, 40.63503], [-73.7494, 40.63501], [-73.74948, 40.63498], [-73.74955, 40.63498], [-73.74969, 40.63494], [-73.74981, 40.63491], [-73.74991, 40.63489], [-73.74996, 40.63487], [-73.74998, 40.63485], [-73.75, 40.63483], [-73.75011, 40.6348], [-73.75017, 40.63479], [-73.75031, 40.63479], [-73.75045, 40.63477], [-73.75052, 40.63476], [-73.75063, 40.63472], [-73.75073, 40.63467], [-73.75079, 40.63464], [-73.75081, 40.63462], [-73.75082, 40.6346], [-73.75083, 40.63459], [-73.75086, 40.63456], [-73.751, 40.63448], [-73.75113, 40.6344], [-73.75118, 40.63437], [-73.75126, 40.63433], [-73.75132, 40.63432], [-73.75133, 40.63432], [-73.75138, 40.63428], [-73.75144, 40.63425], [-73.75152, 40.63421], [-73.75154, 40.63417], [-73.75156, 40.63414], [-73.75158, 40.6341], [-73.7516, 40.63408], [-73.75166, 40.63408], [-73.75186, 40.634], [-73.75194, 40.63399], [-73.75205, 40.63395], [-73.7521, 40.63392], [-73.75215, 40.63388], [-73.75219, 40.63385], [-73.75221, 40.63383], [-73.75229, 40.63381], [-73.75236, 40.63379], [-73.75241, 40.63374], [-73.75246, 40.6337], [-73.75251, 40.63368], [-73.7526, 40.63365], [-73.75266, 40.63364], [-73.75276, 40.63364], [-73.75296, 40.63364], [-73.75307, 40.63362], [-73.75321, 40.63359], [-73.75342, 40.63355], [-73.7535, 40.63353], [-73.75351, 40.63351], [-73.75352, 40.63349], [-73.75353, 40.63347], [-73.75354, 40.63347], [-73.75356, 40.63346], [-73.75361, 40.63345], [-73.75369, 40.63343], [-73.75376, 40.6334], [-73.75378, 40.63338], [-73.75378, 40.63337], [-73.75376, 40.63335], [-73.75377, 40.63334], [-73.7538, 40.63333], [-73.75388, 40.63329], [-73.75396, 40.63326], [-73.75411, 40.63319], [-73.75411, 40.63319], [-73.75415, 40.63317], [-73.75418, 40.63316], [-73.75422, 40.63314], [-73.75428, 40.63313], [-73.75431, 40.63312], [-73.75434, 40.6331], [-73.75436, 40.63309], [-73.75439, 40.63309], [-73.75442, 40.63308], [-73.75445, 40.63308], [-73.75451, 40.63308], [-73.75455, 40.63307], [-73.75458, 40.63306], [-73.7546, 40.63305], [-73.75461, 40.63304], [-73.75463, 40.63301], [-73.75464, 40.63298], [-73.75467, 40.63295], [-73.75473, 40.63292], [-73.75476, 40.6329], [-73.75479, 40.63288], [-73.75483, 40.63287], [-73.7549, 40.63286], [-73.75493, 40.63286], [-73.75497, 40.63285], [-73.75499, 40.63285], [-73.755, 40.63284], [-73.75505, 40.63284], [-73.75508, 40.63283], [-73.75511, 40.63282], [-73.75513, 40.63281], [-73.75514, 40.6328], [-73.75517, 40.63278], [-73.75518, 40.63277], [-73.7552, 40.63274], [-73.75522, 40.63273], [-73.75523, 40.63273], [-73.75526, 40.63273], [-73.75528, 40.63273], [-73.75529, 40.63274], [-73.75531, 40.63274], [-73.75533, 40.63274], [-73.75534, 40.63275], [-73.75536, 40.63277], [-73.75539, 40.63278], [-73.75542, 40.63278], [-73.75546, 40.63277], [-73.7555, 40.63276], [-73.75552, 40.63275], [-73.75555, 40.63272], [-73.7556, 40.6327], [-73.75561, 40.63267], [-73.75561, 40.63265], [-73.75562, 40.63262], [-73.75564, 40.63261], [-73.75566, 40.6326], [-73.75568, 40.63258], [-73.7557, 40.63259], [-73.75575, 40.63258], [-73.75577, 40.63257], [-73.75578, 40.63256], [-73.7558, 40.63255], [-73.75582, 40.63256], [-73.75585, 40.63255], [-73.75586, 40.63256], [-73.75588, 40.63255], [-73.7559, 40.63254], [-73.75593, 40.63253], [-73.75598, 40.63253], [-73.756, 40.63252], [-73.75604, 40.63251], [-73.75606, 40.63251], [-73.75608, 40.6325], [-73.75611, 40.63249], [-73.75613, 40.63249], [-73.75616, 40.63248], [-73.75617, 40.63248], [-73.7562, 40.63248], [-73.75623, 40.63248], [-73.75626, 40.63247], [-73.75629, 40.63247], [-73.75632, 40.63245], [-73.75633, 40.63244], [-73.75634, 40.63243], [-73.75635, 40.63242], [-73.75636, 40.63241], [-73.75637, 40.63241], [-73.75639, 40.63242], [-73.75639, 40.63242], [-73.7564, 40.63242], [-73.75643, 40.63241], [-73.75645, 40.6324], [-73.75649, 40.63239], [-73.75655, 40.63238], [-73.75661, 40.63236], [-73.75664, 40.63235], [-73.75667, 40.63234], [-73.7567, 40.63233], [-73.75674, 40.63229], [-73.75679, 40.63226], [-73.75686, 40.63226], [-73.75695, 40.63226], [-73.75698, 40.63225], [-73.757, 40.63223], [-73.75701, 40.63222], [-73.75704, 40.63221], [-73.75707, 40.6322], [-73.75712, 40.63219], [-73.75713, 40.63219], [-73.75714, 40.6322], [-73.75715, 40.63219], [-73.75716, 40.63218], [-73.75717, 40.63218], [-73.75717, 40.63217], [-73.75718, 40.63216], [-73.75719, 40.63216], [-73.75722, 40.63215], [-73.75725, 40.63214], [-73.7573, 40.63213], [-73.75735, 40.63212], [-73.75739, 40.63211], [-73.75742, 40.63209], [-73.75745, 40.63207], [-73.75747, 40.63205], [-73.75748, 40.63201], [-73.7575, 40.63199], [-73.75753, 40.63195], [-73.75755, 40.63193], [-73.75757, 40.63191], [-73.75764, 40.63188], [-73.75766, 40.63186], [-73.75768, 40.63185], [-73.75771, 40.63184], [-73.75774, 40.63182], [-73.75777, 40.63182], [-73.75781, 40.63181], [-73.75786, 40.63182], [-73.7579, 40.63182], [-73.75796, 40.63181], [-73.758, 40.6318], [-73.75804, 40.63179], [-73.75809, 40.63178], [-73.75814, 40.63178], [-73.75819, 40.63178], [-73.75822, 40.63177], [-73.75827, 40.63175], [-73.75832, 40.63173], [-73.75837, 40.63171], [-73.75841, 40.63169], [-73.75844, 40.63168], [-73.75846, 40.63164], [-73.75849, 40.63161], [-73.75852, 40.63158], [-73.75855, 40.63155], [-73.75857, 40.63154], [-73.75862, 40.63154], [-73.75868, 40.63153], [-73.75874, 40.63153], [-73.75878, 40.63153], [-73.75885, 40.63152], [-73.75897, 40.6315], [-73.75901, 40.63149], [-73.75904, 40.63147], [-73.75907, 40.63144], [-73.7591, 40.63143], [-73.75913, 40.63141], [-73.75916, 40.63139], [-73.75919, 40.63139], [-73.75922, 40.63138], [-73.75926, 40.63137], [-73.75929, 40.63136], [-73.75931, 40.63135], [-73.75932, 40.63133], [-73.75933, 40.63131], [-73.75935, 40.63129], [-73.75938, 40.63124], [-73.75941, 40.63119], [-73.75943, 40.63117], [-73.75945, 40.63115], [-73.75948, 40.63114], [-73.75953, 40.63113], [-73.75956, 40.63111], [-73.75959, 40.6311], [-73.75962, 40.63108], [-73.75969, 40.63104], [-73.7598, 40.63099], [-73.75983, 40.63098], [-73.75987, 40.63097], [-73.75989, 40.63099], [-73.7599, 40.63099], [-73.75993, 40.631], [-73.75995, 40.63099], [-73.75998, 40.63098], [-73.76001, 40.63097], [-73.76006, 40.63094], [-73.76009, 40.63093], [-73.76011, 40.63091], [-73.76012, 40.6309], [-73.76016, 40.63088], [-73.76019, 40.63086], [-73.76021, 40.63084], [-73.76025, 40.63083], [-73.76028, 40.63082], [-73.76032, 40.63079], [-73.76034, 40.63078], [-73.76037, 40.63076], [-73.76042, 40.63074], [-73.76044, 40.63072], [-73.76046, 40.6307], [-73.76051, 40.63067], [-73.76053, 40.63066], [-73.76057, 40.63066], [-73.76061, 40.63066], [-73.76068, 40.63067], [-73.7607, 40.63067], [-73.76072, 40.63067], [-73.76075, 40.63067], [-73.76077, 40.63067], [-73.76078, 40.63067], [-73.76079, 40.63067], [-73.7608, 40.63065], [-73.76082, 40.63064], [-73.76085, 40.63062], [-73.76088, 40.63061], [-73.76091, 40.6306], [-73.76094, 40.63059], [-73.76097, 40.63058], [-73.761, 40.63057], [-73.76103, 40.63055], [-73.76106, 40.63054], [-73.7611, 40.63052], [-73.76113, 40.63051], [-73.76117, 40.63051], [-73.76121, 40.63051], [-73.76123, 40.63052], [-73.76126, 40.63053], [-73.76129, 40.63052], [-73.76131, 40.63051], [-73.76135, 40.6305], [-73.76139, 40.63049], [-73.76144, 40.63049], [-73.7615, 40.63048], [-73.76152, 40.63047], [-73.76155, 40.63045], [-73.76158, 40.63044], [-73.76163, 40.63045], [-73.76168, 40.63044], [-73.76171, 40.63043], [-73.76174, 40.63041], [-73.76177, 40.63038], [-73.76179, 40.63036], [-73.76181, 40.63035], [-73.76184, 40.63034], [-73.76189, 40.63034], [-73.76192, 40.63034], [-73.76197, 40.63033], [-73.76198, 40.63032], [-73.76202, 40.63029], [-73.76202, 40.63027], [-73.76204, 40.63025], [-73.76206, 40.63025], [-73.76208, 40.63026], [-73.7621, 40.63027], [-73.76211, 40.63028], [-73.76215, 40.63027], [-73.76219, 40.63026], [-73.76221, 40.63025], [-73.76222, 40.63023], [-73.76226, 40.63018], [-73.76228, 40.63016], [-73.76229, 40.63015], [-73.76234, 40.63013], [-73.76239, 40.6301], [-73.76243, 40.63006], [-73.76253, 40.63003], [-73.76259, 40.63], [-73.76265, 40.62997], [-73.7627, 40.62994], [-73.76275, 40.6299], [-73.76281, 40.62986], [-73.76286, 40.62983], [-73.7629, 40.6298], [-73.76295, 40.62976], [-73.76302, 40.62971], [-73.76309, 40.62966], [-73.76311, 40.62965], [-73.76312, 40.62965], [-73.76313, 40.62965], [-73.76316, 40.62968], [-73.76316, 40.62968], [-73.76316, 40.62968], [-73.76317, 40.62968], [-73.76317, 40.62968], [-73.76321, 40.62967], [-73.76322, 40.62967], [-73.76323, 40.62967], [-73.76324, 40.62967], [-73.76325, 40.62966], [-73.76326, 40.62966], [-73.76326, 40.62965], [-73.76331, 40.62963], [-73.76336, 40.62961], [-73.76337, 40.6296], [-73.76338, 40.6296], [-73.7634, 40.62959], [-73.76341, 40.62959], [-73.76342, 40.62959], [-73.76343, 40.62959], [-73.76344, 40.62959], [-73.76345, 40.62958], [-73.76346, 40.62958], [-73.76347, 40.62959], [-73.76348, 40.62959], [-73.7635, 40.62959], [-73.76352, 40.62959], [-73.76354, 40.62959], [-73.76357, 40.62959], [-73.76358, 40.62959], [-73.76359, 40.62958], [-73.7636, 40.62958], [-73.76361, 40.62958], [-73.76362, 40.62958], [-73.76362, 40.62957], [-73.76363, 40.62957], [-73.76363, 40.62957], [-73.76363, 40.62957], [-73.76363, 40.62956], [-73.76363, 40.62956], [-73.76363, 40.62956], [-73.76362, 40.62952], [-73.76362, 40.62952], [-73.76362, 40.62951], [-73.76362, 40.62951], [-73.76362, 40.62951], [-73.76362, 40.62951], [-73.76363, 40.62951], [-73.76363, 40.6295], [-73.76364, 40.6295], [-73.76368, 40.6295], [-73.76373, 40.62949], [-73.76379, 40.62947], [-73.76381, 40.62946], [-73.76382, 40.62946], [-73.76383, 40.62945], [-73.76387, 40.62944], [-73.76392, 40.62942], [-73.76398, 40.62941], [-73.76404, 40.62939], [-73.76406, 40.62938], [-73.76409, 40.62938], [-73.76411, 40.62937], [-73.76413, 40.62936], [-73.76417, 40.62935], [-73.7642, 40.62933], [-73.76424, 40.62932], [-73.76428, 40.62931], [-73.76431, 40.6293], [-73.76433, 40.62929], [-73.76434, 40.62929], [-73.76435, 40.62928], [-73.76436, 40.62928], [-73.76438, 40.62927], [-73.76441, 40.62925], [-73.76442, 40.62925], [-73.76442, 40.62925], [-73.76443, 40.62924], [-73.76443, 40.62924], [-73.76444, 40.62924], [-73.76445, 40.62924], [-73.76446, 40.62924], [-73.76447, 40.62924], [-73.76448, 40.62924], [-73.76449, 40.62924], [-73.76449, 40.62924], [-73.7645, 40.62924], [-73.7645, 40.62923], [-73.76451, 40.62923], [-73.76451, 40.62923], [-73.76452, 40.62922], [-73.76452, 40.62922], [-73.76453, 40.62922], [-73.76453, 40.62922], [-73.76454, 40.62922], [-73.76455, 40.62923], [-73.76455, 40.62923], [-73.76456, 40.62923], [-73.76456, 40.62924], [-73.76457, 40.62924], [-73.76458, 40.62925], [-73.76459, 40.62926], [-73.7646, 40.62926], [-73.76461, 40.62927], [-73.76462, 40.62927], [-73.76463, 40.62927], [-73.7647, 40.6293], [-73.76471, 40.62931], [-73.76473, 40.62932], [-73.76474, 40.62933], [-73.76476, 40.62934], [-73.76479, 40.62936], [-73.76482, 40.62938], [-73.76486, 40.6294], [-73.76487, 40.62941], [-73.76489, 40.62941], [-73.76491, 40.62942], [-73.76492, 40.62942], [-73.76493, 40.62943], [-73.76494, 40.62943], [-73.76496, 40.62943], [-73.76497, 40.62943], [-73.76498, 40.62943], [-73.76499, 40.62942], [-73.76499, 40.62942], [-73.765, 40.62942], [-73.76501, 40.62941], [-73.76501, 40.62941], [-73.76502, 40.6294], [-73.76502, 40.6294], [-73.76503, 40.62939], [-73.76503, 40.62939], [-73.76503, 40.62938], [-73.76504, 40.62938], [-73.76504, 40.62937], [-73.76504, 40.62937], [-73.76504, 40.62936], [-73.76503, 40.62936], [-73.76503, 40.62935], [-73.76503, 40.62935], [-73.76502, 40.62934], [-73.76502, 40.62934], [-73.76501, 40.62933], [-73.765, 40.62933], [-73.765, 40.62932], [-73.76499, 40.62932], [-73.76498, 40.62931], [-73.76497, 40.62931], [-73.76496, 40.62931], [-73.76495, 40.6293], [-73.76494, 40.6293], [-73.76493, 40.62929], [-73.76492, 40.62929], [-73.76491, 40.62928], [-73.76486, 40.62926], [-73.76485, 40.62925], [-73.76484, 40.62924], [-73.76483, 40.62924], [-73.76482, 40.62923], [-73.76481, 40.62923], [-73.7648, 40.62922], [-73.76479, 40.62922], [-73.76478, 40.62922], [-73.76477, 40.62921], [-73.76476, 40.62921], [-73.76475, 40.6292], [-73.76475, 40.6292], [-73.76474, 40.62919], [-73.76474, 40.62919], [-73.76474, 40.62919], [-73.76474, 40.62918], [-73.76474, 40.62918], [-73.76474, 40.62918], [-73.76474, 40.62917], [-73.76474, 40.62917], [-73.76475, 40.62916], [-73.76475, 40.62916], [-73.76476, 40.62916], [-73.76476, 40.62915], [-73.76477, 40.62915], [-73.76478, 40.62915], [-73.7648, 40.62914], [-73.76482, 40.62914], [-73.76484, 40.62913], [-73.76491, 40.6291], [-73.76493, 40.62909], [-73.76496, 40.62908], [-73.76499, 40.62907], [-73.76502, 40.62906], [-73.76505, 40.62905], [-73.76508, 40.62904], [-73.7651, 40.62903], [-73.76512, 40.62902], [-73.76515, 40.62901], [-73.76517, 40.629], [-73.76519, 40.629], [-73.76521, 40.62899], [-73.76523, 40.62898], [-73.76525, 40.62897], [-73.76529, 40.62895], [-73.76533, 40.62893], [-73.76537, 40.62891], [-73.76547, 40.62885], [-73.76554, 40.62882], [-73.76559, 40.62878], [-73.76565, 40.62874], [-73.76568, 40.62872], [-73.76573, 40.62869], [-73.76578, 40.62866], [-73.76581, 40.62865], [-73.76585, 40.62863], [-73.76589, 40.62861], [-73.76594, 40.6286], [-73.76597, 40.62859], [-73.76607, 40.62856], [-73.76612, 40.62853], [-73.76619, 40.62849], [-73.7664, 40.62835], [-73.76646, 40.62829], [-73.7665, 40.62825], [-73.76653, 40.62821], [-73.76667, 40.628], [-73.76668, 40.62798], [-73.7667, 40.62797], [-73.76671, 40.62795], [-73.76672, 40.62793], [-73.76673, 40.62791], [-73.76674, 40.62789], [-73.76675, 40.62788], [-73.76676, 40.62786], [-73.76677, 40.62784], [-73.76678, 40.62782], [-73.76685, 40.62767], [-73.76685, 40.62766], [-73.76685, 40.62765], [-73.76686, 40.62764], [-73.76686, 40.62763], [-73.76686, 40.62762], [-73.76686, 40.62761], [-73.76686, 40.62761], [-73.76686, 40.6276], [-73.76686, 40.62759], [-73.76686, 40.62759], [-73.76687, 40.62758], [-73.76687, 40.62758], [-73.76687, 40.62757], [-73.76688, 40.62757], [-73.76688, 40.62756], [-73.76689, 40.62756], [-73.76689, 40.62755], [-73.76691, 40.62755], [-73.76693, 40.62755], [-73.76695, 40.62755], [-73.76697, 40.62754], [-73.76699, 40.62754], [-73.767, 40.62753], [-73.76701, 40.62752], [-73.76701, 40.62751], [-73.76701, 40.6275], [-73.76702, 40.62749], [-73.76702, 40.62748], [-73.76702, 40.62747], [-73.76702, 40.62745], [-73.76701, 40.62743], [-73.76701, 40.62741], [-73.76701, 40.62738], [-73.76702, 40.62736], [-73.76701, 40.62735], [-73.76702, 40.62735], [-73.76702, 40.62734], [-73.76702, 40.62733], [-73.76702, 40.62732], [-73.76702, 40.62732], [-73.76703, 40.62731], [-73.76703, 40.6273], [-73.76704, 40.6273], [-73.76705, 40.62729], [-73.76705, 40.62729], [-73.76706, 40.62728], [-73.76707, 40.62727], [-73.76708, 40.62725], [-73.76709, 40.62724], [-73.76709, 40.62723], [-73.7671, 40.62721], [-73.7671, 40.6272], [-73.76712, 40.62714], [-73.76715, 40.62708], [-73.76717, 40.62702], [-73.76721, 40.62695], [-73.76726, 40.62688], [-73.76731, 40.6268], [-73.76735, 40.62673], [-73.7674, 40.62666], [-73.76741, 40.62663], [-73.76743, 40.62661], [-73.76744, 40.62658], [-73.76745, 40.62655], [-73.76747, 40.62653], [-73.76748, 40.6265], [-73.7675, 40.62648], [-73.76752, 40.62645], [-73.76772, 40.62619], [-73.76776, 40.62611], [-73.76777, 40.62601], [-73.76777, 40.626], [-73.76777, 40.62596], [-73.76777, 40.62594], [-73.76777, 40.62592], [-73.76778, 40.62592], [-73.76778, 40.62591], [-73.76785, 40.62583], [-73.76793, 40.62573], [-73.76814, 40.62546], [-73.76815, 40.62545], [-73.76817, 40.62543], [-73.76823, 40.62538], [-73.76826, 40.62536], [-73.76827, 40.62535], [-73.76828, 40.62533], [-73.76828, 40.62532], [-73.76829, 40.62531], [-73.76829, 40.62528], [-73.76829, 40.62524], [-73.76829, 40.62522], [-73.7683, 40.62516], [-73.76831, 40.62514], [-73.76831, 40.62512], [-73.76833, 40.6251], [-73.76835, 40.62507], [-73.76837, 40.62504], [-73.76842, 40.62499], [-73.76844, 40.62496], [-73.76846, 40.62494], [-73.7685, 40.6249], [-73.76851, 40.62488], [-73.76856, 40.6248], [-73.7686, 40.62473], [-73.76862, 40.62466], [-73.76862, 40.62458], [-73.76862, 40.62457], [-73.76862, 40.62456], [-73.76862, 40.62455], [-73.76862, 40.62454], [-73.76864, 40.62449], [-73.76866, 40.62445], [-73.76869, 40.62441], [-73.76872, 40.62437], [-73.76874, 40.62436], [-73.76875, 40.62436], [-73.76876, 40.62435], [-73.76877, 40.62434], [-73.76878, 40.62433], [-73.76878, 40.62432], [-73.76879, 40.62431], [-73.76879, 40.6243], [-73.76878, 40.62429], [-73.76878, 40.62422], [-73.76878, 40.62421], [-73.76878, 40.6242], [-73.76878, 40.62419], [-73.76878, 40.62419], [-73.76878, 40.62418], [-73.76879, 40.62417], [-73.7688, 40.62416], [-73.76881, 40.62416], [-73.76882, 40.62414], [-73.76882, 40.62413], [-73.76883, 40.62411], [-73.76883, 40.6241], [-73.76883, 40.62408], [-73.76882, 40.62407], [-73.76882, 40.62406], [-73.76881, 40.62404], [-73.76881, 40.62403], [-73.7688, 40.62401], [-73.76881, 40.624], [-73.76881, 40.62398], [-73.76882, 40.62397], [-73.76884, 40.62396], [-73.76884, 40.62395], [-73.76884, 40.62395], [-73.76884, 40.62394], [-73.76884, 40.62394], [-73.76884, 40.62393], [-73.76884, 40.62393], [-73.76884, 40.62393], [-73.76884, 40.62392], [-73.76876, 40.62382], [-73.76875, 40.62381], [-73.76875, 40.6238], [-73.76875, 40.62378], [-73.76876, 40.62377], [-73.76876, 40.62376], [-73.76877, 40.62375], [-73.76867, 40.62359], [-73.76864, 40.62348], [-73.76864, 40.62343], [-73.76861, 40.62337], [-73.76858, 40.62331], [-73.76857, 40.62325], [-73.76855, 40.62319], [-73.76855, 40.62319], [-73.76855, 40.62317], [-73.76855, 40.62315], [-73.76855, 40.62314], [-73.76856, 40.62312], [-73.76856, 40.62311], [-73.76856, 40.62309], [-73.76857, 40.62306], [-73.76858, 40.62304], [-73.76859, 40.62302], [-73.7686, 40.623], [-73.76861, 40.62298], [-73.76862, 40.62297], [-73.76863, 40.62293], [-73.76864, 40.62289], [-73.76864, 40.62285], [-73.76865, 40.62281], [-73.76866, 40.62277], [-73.76866, 40.62275], [-73.76867, 40.62273], [-73.76867, 40.62271], [-73.76868, 40.6227], [-73.76869, 40.62268], [-73.76869, 40.62266], [-73.7687, 40.62265], [-73.76871, 40.62263], [-73.76872, 40.62262], [-73.76873, 40.6226], [-73.76875, 40.62259], [-73.76875, 40.62258], [-73.76876, 40.62257], [-73.76877, 40.62255], [-73.76878, 40.62254], [-73.76879, 40.62253], [-73.7688, 40.62252], [-73.76881, 40.62252], [-73.76882, 40.62251], [-73.76883, 40.6225], [-73.76884, 40.62249], [-73.76886, 40.62248], [-73.76887, 40.62248], [-73.76888, 40.62247], [-73.76911, 40.6223], [-73.76915, 40.62228], [-73.76919, 40.62225], [-73.76922, 40.62223], [-73.76926, 40.6222], [-73.76929, 40.62218], [-73.76933, 40.62215], [-73.76934, 40.62214], [-73.76935, 40.62213], [-73.76937, 40.62212], [-73.76938, 40.6221], [-73.76939, 40.62209], [-73.7694, 40.62208], [-73.76941, 40.62207], [-73.76942, 40.62205], [-73.76943, 40.62204], [-73.76944, 40.62203], [-73.76944, 40.62202], [-73.76944, 40.62202], [-73.76944, 40.62202], [-73.76945, 40.62201], [-73.76945, 40.62201], [-73.76945, 40.62201], [-73.76946, 40.62201], [-73.76946, 40.62201], [-73.76947, 40.62201], [-73.76947, 40.62201], [-73.76948, 40.62201], [-73.76948, 40.62202], [-73.76948, 40.62202], [-73.76949, 40.62209], [-73.76949, 40.62209], [-73.76949, 40.6221], [-73.7695, 40.62211], [-73.7695, 40.62211], [-73.76951, 40.62212], [-73.76951, 40.62213], [-73.76952, 40.62212], [-73.76952, 40.62212], [-73.76952, 40.62212], [-73.76952, 40.62211], [-73.76953, 40.62211], [-73.76953, 40.62211], [-73.76953, 40.6221], [-73.76952, 40.6221], [-73.76952, 40.62209], [-73.76953, 40.62207], [-73.76953, 40.62205], [-73.76954, 40.62203], [-73.76954, 40.62202], [-73.76955, 40.622], [-73.76956, 40.62198], [-73.76957, 40.62196], [-73.76958, 40.62194], [-73.76958, 40.62193], [-73.76958, 40.62192], [-73.76958, 40.62191], [-73.76958, 40.6219], [-73.76958, 40.62189], [-73.76959, 40.62188], [-73.76959, 40.62187], [-73.7696, 40.62187], [-73.76961, 40.62186], [-73.76961, 40.62185], [-73.76963, 40.62184], [-73.76965, 40.62183], [-73.76966, 40.62182], [-73.76968, 40.62181], [-73.76969, 40.6218], [-73.76971, 40.62178], [-73.76971, 40.62178], [-73.76972, 40.62177], [-73.76972, 40.62176], [-73.76973, 40.62175], [-73.76973, 40.62175], [-73.76973, 40.62174], [-73.76973, 40.62173], [-73.76973, 40.62172], [-73.76973, 40.62171], [-73.76973, 40.6217], [-73.76973, 40.6217], [-73.76973, 40.62166], [-73.76975, 40.62163], [-73.76979, 40.6216], [-73.76979, 40.6216], [-73.7698, 40.6216], [-73.7698, 40.62159], [-73.7698, 40.62159], [-73.7698, 40.62158], [-73.76981, 40.62158], [-73.76981, 40.62157], [-73.7698, 40.62156], [-73.7698, 40.62156], [-73.7698, 40.62155], [-73.76981, 40.62153], [-73.76981, 40.62151], [-73.76981, 40.62149], [-73.7698, 40.62148], [-73.76981, 40.62146], [-73.76982, 40.62144], [-73.76982, 40.6214], [-73.76982, 40.62138], [-73.76975, 40.62113], [-73.76976, 40.62111], [-73.76978, 40.62109], [-73.76981, 40.62107], [-73.76984, 40.62106], [-73.76986, 40.62104], [-73.76988, 40.62104], [-73.76991, 40.62102], [-73.76995, 40.621], [-73.76997, 40.62099], [-73.76999, 40.62098], [-73.77001, 40.62096], [-73.77003, 40.62095], [-73.77007, 40.62093], [-73.77009, 40.62091], [-73.7701, 40.62089], [-73.7701, 40.62087], [-73.77009, 40.62086], [-73.77008, 40.62084], [-73.77008, 40.62082], [-73.77009, 40.62079], [-73.77011, 40.62077], [-73.77013, 40.62076], [-73.77014, 40.62075], [-73.77014, 40.62073], [-73.77014, 40.6207], [-73.77015, 40.62066], [-73.77024, 40.62048], [-73.77031, 40.62037], [-73.77037, 40.6203], [-73.77041, 40.62026], [-73.77044, 40.62022], [-73.77046, 40.6202], [-73.77049, 40.62018], [-73.77054, 40.62015], [-73.77059, 40.62011], [-73.77067, 40.62007], [-73.77077, 40.62003], [-73.77094, 40.62], [-73.7711, 40.62], [-73.77128, 40.62008], [-73.77139, 40.62015], [-73.77149, 40.62023], [-73.7716, 40.62034], [-73.77165, 40.62042], [-73.77171, 40.62067], [-73.77172, 40.62096], [-73.77156, 40.62136], [-73.77148, 40.6216], [-73.77141, 40.62168], [-73.77131, 40.62178], [-73.77124, 40.62189], [-73.77114, 40.62204], [-73.77107, 40.62214], [-73.77104, 40.62221], [-73.77103, 40.62227], [-73.77097, 40.62234], [-73.77092, 40.6224], [-73.7709, 40.62245], [-73.77093, 40.62251], [-73.77091, 40.62257], [-73.77095, 40.62265], [-73.77093, 40.6227], [-73.77089, 40.62275], [-73.77087, 40.62283], [-73.77083, 40.62291], [-73.77081, 40.62295], [-73.77084, 40.62299], [-73.77089, 40.623], [-73.77091, 40.62308], [-73.77089, 40.62316], [-73.77084, 40.6232], [-73.77082, 40.62328], [-73.77086, 40.62333], [-73.77092, 40.62337], [-73.77097, 40.62334], [-73.77099, 40.62332], [-73.77102, 40.62332], [-73.77107, 40.62334], [-73.77109, 40.62333], [-73.7711, 40.6233], [-73.77109, 40.62328], [-73.77108, 40.62325], [-73.7711, 40.62323], [-73.77115, 40.62322], [-73.77117, 40.62324], [-73.77125, 40.62328], [-73.77129, 40.62328], [-73.77136, 40.6233], [-73.77142, 40.62328], [-73.77144, 40.62328], [-73.77146, 40.62329], [-73.77156, 40.62336], [-73.7716, 40.62341], [-73.77166, 40.62348], [-73.77173, 40.62358], [-73.77174, 40.6236], [-73.77186, 40.62376], [-73.77256, 40.62445], [-73.77266, 40.62457], [-73.773, 40.62484], [-73.77324, 40.62499], [-73.77337, 40.62507], [-73.77344, 40.62503], [-73.77349, 40.62506], [-73.77349, 40.62508], [-73.77349, 40.62511], [-73.77349, 40.62514], [-73.77358, 40.62516], [-73.77364, 40.62521], [-73.77362, 40.62524], [-73.77366, 40.62526], [-73.77368, 40.62533], [-73.77408, 40.62578], [-73.77421, 40.62595], [-73.77436, 40.6261], [-73.77451, 40.62626], [-73.77467, 40.62641], [-73.77484, 40.62655], [-73.77502, 40.62669], [-73.7752, 40.62683], [-73.77539, 40.62696], [-73.77558, 40.62709], [-73.77578, 40.62721], [-73.77598, 40.62732], [-73.77619, 40.62743], [-73.77641, 40.62753], [-73.77656, 40.62758], [-73.77672, 40.62761], [-73.77688, 40.62764], [-73.77704, 40.62767], [-73.7772, 40.62768], [-73.77737, 40.62769], [-73.77753, 40.6277], [-73.7777, 40.62769], [-73.77786, 40.62768], [-73.77802, 40.62767], [-73.77818, 40.62765], [-73.77834, 40.62762], [-73.7785, 40.62758], [-73.77866, 40.62754], [-73.77881, 40.62749], [-73.77896, 40.62744], [-73.7791, 40.62738], [-73.77924, 40.62732], [-73.77944, 40.62717], [-73.77963, 40.62701], [-73.77982, 40.62685], [-73.77999, 40.62669], [-73.78017, 40.62652], [-73.78033, 40.62635], [-73.78049, 40.62617], [-73.78064, 40.62599], [-73.78078, 40.62581], [-73.78091, 40.62562], [-73.78104, 40.62543], [-73.78115, 40.62524], [-73.78126, 40.62504], [-73.78136, 40.62484], [-73.7842, 40.62089], [-73.7895, 40.62275], [-73.78926, 40.62289], [-73.7892, 40.62299], [-73.78919, 40.62301], [-73.78911, 40.62313], [-73.78896, 40.62329], [-73.78881, 40.62338], [-73.78843, 40.62364], [-73.78823, 40.62376], [-73.78488, 40.62663], [-73.78347, 40.62812], [-73.78284, 40.6294], [-73.78265, 40.63025], [-73.78378, 40.63063], [-73.78435, 40.63137], [-73.78501, 40.63173], [-73.7857, 40.63209], [-73.78571, 40.63209], [-73.78594, 40.63207], [-73.7865, 40.63223], [-73.78691, 40.63226], [-73.78743, 40.63258], [-73.7878, 40.63302], [-73.78832, 40.63342], [-73.78923, 40.63395], [-73.78944, 40.63405], [-73.78945, 40.63406], [-73.78946, 40.63408], [-73.78947, 40.6341], [-73.78947, 40.63411], [-73.78947, 40.63413], [-73.78946, 40.63415], [-73.78943, 40.63425], [-73.78949, 40.63428], [-73.7895, 40.63428], [-73.7895, 40.63427], [-73.78951, 40.63426], [-73.78952, 40.63425], [-73.78952, 40.63424], [-73.78952, 40.63423], [-73.78952, 40.63422], [-73.78952, 40.63421], [-73.78954, 40.63417], [-73.78957, 40.63413], [-73.78961, 40.6341], [-73.78965, 40.63407], [-73.7897, 40.63405], [-73.78979, 40.63403], [-73.78988, 40.63401], [-73.78997, 40.634], [-73.79007, 40.63399], [-73.79016, 40.63399], [-73.79018, 40.63399], [-73.79021, 40.63399], [-73.79023, 40.63399], [-73.79025, 40.63398], [-73.79027, 40.63397], [-73.79029, 40.63396], [-73.79039, 40.63396], [-73.79039, 40.63394], [-73.79049, 40.63396], [-73.79053, 40.63396], [-73.79057, 40.63394], [-73.79061, 40.63393], [-73.79064, 40.63391], [-73.79067, 40.63388], [-73.79067, 40.63388], [-73.79068, 40.63387], [-73.79069, 40.63387], [-73.79069, 40.63386], [-73.7907, 40.63386], [-73.79071, 40.63386], [-73.79073, 40.63385], [-73.79074, 40.63385], [-73.79075, 40.63386], [-73.79076, 40.63386], [-73.79077, 40.63386], [-73.79078, 40.63387], [-73.79079, 40.63388], [-73.7908, 40.63389], [-73.7908, 40.6339], [-73.7908, 40.63391], [-73.7908, 40.63392], [-73.7908, 40.63393], [-73.7908, 40.63394], [-73.79077, 40.63395], [-73.79076, 40.63396], [-73.79076, 40.63399], [-73.79073, 40.63403], [-73.79068, 40.63404], [-73.79068, 40.63405], [-73.7907, 40.63405], [-73.79075, 40.63405], [-73.79076, 40.63407], [-73.79073, 40.63408], [-73.79071, 40.63411], [-73.79069, 40.63411], [-73.79069, 40.63413], [-73.79066, 40.63414], [-73.79066, 40.63417], [-73.79068, 40.6342], [-73.7907, 40.63422], [-73.79073, 40.63425], [-73.79076, 40.63427], [-73.79079, 40.63428], [-73.79081, 40.63431], [-73.79108, 40.63423], [-73.79121, 40.63429], [-73.79131, 40.6344], [-73.79131, 40.63453], [-73.79125, 40.63469], [-73.79123, 40.63486], [-73.79175, 40.63549], [-73.79188, 40.63558], [-73.79197, 40.63564], [-73.79222, 40.63589], [-73.79287, 40.63601], [-73.79308, 40.63606], [-73.79323, 40.63608], [-73.79331, 40.63609], [-73.79343, 40.63609], [-73.79359, 40.63617], [-73.79374, 40.63627], [-73.79391, 40.63636], [-73.79395, 40.63639], [-73.7941, 40.63649], [-73.79426, 40.63657], [-73.79443, 40.6366], [-73.79445, 40.6366], [-73.79459, 40.63658], [-73.79474, 40.63663], [-73.79487, 40.63676], [-73.79496, 40.63682], [-73.79516, 40.63695], [-73.79543, 40.63711], [-73.79558, 40.63711], [-73.7958, 40.63719], [-73.79591, 40.63733], [-73.79608, 40.63741], [-73.79634, 40.63751], [-73.79661, 40.63767], [-73.79668, 40.63772], [-73.79681, 40.63773], [-73.79691, 40.63774], [-73.79695, 40.63786], [-73.79706, 40.63794], [-73.79725, 40.63802], [-73.7975, 40.63804], [-73.79765, 40.63805], [-73.79786, 40.63812], [-73.79802, 40.63822], [-73.79823, 40.63832], [-73.79838, 40.63832], [-73.79849, 40.63832], [-73.79852, 40.63832], [-73.79855, 40.63834], [-73.79863, 40.63841], [-73.79874, 40.63843], [-73.79877, 40.63843], [-73.7989, 40.63844], [-73.79908, 40.63838], [-73.79923, 40.63843], [-73.79973, 40.63874], [-73.80015, 40.6389], [-73.80042, 40.63913], [-73.80044, 40.63915], [-73.80177, 40.63978], [-73.80297, 40.64029], [-73.80465, 40.64093], [-73.80565, 40.64162], [-73.8058, 40.64159], [-73.80608, 40.64162], [-73.80621, 40.64167], [-73.80642, 40.64174], [-73.8067, 40.64179], [-73.80746, 40.64219], [-73.80864, 40.64283], [-73.80918, 40.64303], [-73.81002, 40.64332], [-73.81011, 40.64334], [-73.81076, 40.6435], [-73.81114, 40.6437], [-73.81147, 40.64399], [-73.81203, 40.6443], [-73.81278, 40.64451], [-73.81329, 40.64458], [-73.81351, 40.64464], [-73.81392, 40.64486], [-73.81414, 40.64493], [-73.81495, 40.64527], [-73.81589, 40.64568], [-73.81595, 40.64574], [-73.81602, 40.64579], [-73.81609, 40.64584], [-73.81617, 40.64589], [-73.81625, 40.64593], [-73.81634, 40.64596], [-73.81643, 40.646], [-73.81653, 40.64603], [-73.81663, 40.64605], [-73.81673, 40.64607], [-73.81684, 40.64608], [-73.81694, 40.64608], [-73.81705, 40.64608], [-73.81716, 40.64607], [-73.81727, 40.64608], [-73.81739, 40.6461], [-73.8175, 40.64612], [-73.81761, 40.64614], [-73.81772, 40.64617], [-73.81783, 40.6462], [-73.81795, 40.64624], [-73.81808, 40.64628], [-73.81819, 40.64633], [-73.81831, 40.64639], [-73.81842, 40.64645], [-73.81854, 40.64652], [-73.81865, 40.6466], [-73.81876, 40.64668], [-73.81886, 40.64677], [-73.81895, 40.64686], [-73.81904, 40.64696], [-73.81912, 40.64706], [-73.81925, 40.64724], [-73.81938, 40.64742], [-73.81953, 40.6476], [-73.81967, 40.64777], [-73.81983, 40.64794], [-73.81999, 40.6481], [-73.82015, 40.64826], [-73.82033, 40.64842], [-73.82048, 40.64851], [-73.82062, 40.6486], [-73.82076, 40.6487], [-73.82089, 40.6488], [-73.82102, 40.64891], [-73.82114, 40.64902], [-73.82125, 40.64914], [-73.82135, 40.64926], [-73.82145, 40.64938], [-73.82154, 40.64951], [-73.82162, 40.6496], [-73.8217, 40.6497], [-73.82177, 40.6498], [-73.82183, 40.6499], [-73.82188, 40.65], [-73.82192, 40.65011], [-73.82196, 40.65022], [-73.82198, 40.65033], [-73.82198, 40.65041], [-73.82199, 40.65049], [-73.822, 40.65056], [-73.82202, 40.65064], [-73.82204, 40.65073], [-73.82208, 40.65081], [-73.82212, 40.65089], [-73.82217, 40.65097], [-73.82219, 40.65101], [-73.82221, 40.65105], [-73.82223, 40.65109], [-73.82225, 40.65114], [-73.82225, 40.65118], [-73.82225, 40.65128], [-73.82225, 40.65137], [-73.82225, 40.65146], [-73.82239, 40.65178], [-73.82244, 40.65187], [-73.82247, 40.65195], [-73.8225, 40.65204], [-73.82253, 40.65213], [-73.82255, 40.65223], [-73.82256, 40.65233], [-73.82257, 40.65244], [-73.82257, 40.65254], [-73.82258, 40.65266], [-73.8226, 40.65277], [-73.82263, 40.65288], [-73.82266, 40.653], [-73.82271, 40.65311], [-73.82276, 40.65322], [-73.82286, 40.65337], [-73.82294, 40.65353], [-73.82302, 40.65369], [-73.82309, 40.65386], [-73.82315, 40.65402], [-73.8232, 40.65419], [-73.82322, 40.65424], [-73.82348, 40.65537], [-73.8234, 40.65608], [-73.82285, 40.6577], [-73.82247, 40.65916], [-73.82243, 40.65923], [-73.82239, 40.6593], [-73.82234, 40.65936], [-73.82228, 40.65942], [-73.82222, 40.65948], [-73.82215, 40.65954], [-73.82171, 40.65987], [-73.82166, 40.6599], [-73.82161, 40.65993], [-73.82164, 40.65998], [-73.82167, 40.65998], [-73.82169, 40.66001], [-73.82168, 40.66002], [-73.82169, 40.66003], [-73.82161, 40.66007], [-73.82157, 40.66001], [-73.82159, 40.66001], [-73.82157, 40.65996], [-73.82148, 40.66], [-73.82139, 40.66004], [-73.8213, 40.66007], [-73.8197, 40.66072], [-73.81974, 40.66079], [-73.81977, 40.66078], [-73.81979, 40.66081], [-73.81977, 40.66082], [-73.81978, 40.66085], [-73.81971, 40.66087], [-73.81967, 40.66081], [-73.8197, 40.6608], [-73.81966, 40.66074], [-73.81901, 40.66101], [-73.81894, 40.66104], [-73.81886, 40.66106], [-73.81878, 40.66109], [-73.8187, 40.6611], [-73.81862, 40.6611], [-73.81855, 40.66109], [-73.81848, 40.66108], [-73.81841, 40.66106], [-73.81834, 40.66104], [-73.81764, 40.66095], [-73.81764, 40.66099], [-73.81768, 40.66099], [-73.81768, 40.661], [-73.8177, 40.661], [-73.81769, 40.66103], [-73.81768, 40.66103], [-73.81767, 40.66106], [-73.81751, 40.66105], [-73.81751, 40.66099], [-73.81756, 40.66099], [-73.81757, 40.66094], [-73.81718, 40.66088], [-73.81699, 40.66083], [-73.81688, 40.6608], [-73.81678, 40.66078], [-73.81667, 40.66076], [-73.81657, 40.66074], [-73.81646, 40.66073], [-73.81614, 40.66071], [-73.81613, 40.66078], [-73.81617, 40.66079], [-73.81618, 40.66083], [-73.81616, 40.66083], [-73.81616, 40.66084], [-73.81598, 40.66084], [-73.816, 40.66077], [-73.81604, 40.66078], [-73.81605, 40.66071], [-73.81546, 40.66066], [-73.81536, 40.66064], [-73.81525, 40.66062], [-73.81515, 40.66059], [-73.81468, 40.66051], [-73.81467, 40.66058], [-73.8147, 40.66058], [-73.8147, 40.66062], [-73.81468, 40.66062], [-73.81468, 40.66065], [-73.81457, 40.66063], [-73.81459, 40.66057], [-73.81461, 40.66057], [-73.81463, 40.66051], [-73.81409, 40.66042], [-73.81388, 40.66037], [-73.81376, 40.66035], [-73.81375, 40.66035], [-73.81358, 40.66031], [-73.81325, 40.66023], [-73.81309, 40.66019], [-73.81262, 40.66016], [-73.8126, 40.66016], [-73.81231, 40.6602], [-73.812, 40.66021], [-73.81199, 40.66021], [-73.81193, 40.66019], [-73.81157, 40.66022], [-73.81154, 40.66023], [-73.8115, 40.66022], [-73.81143, 40.66025], [-73.81142, 40.66031], [-73.81129, 40.66037], [-73.81123, 40.66055], [-73.81128, 40.66063], [-73.8113, 40.66063], [-73.81132, 40.66064], [-73.81134, 40.66065], [-73.81137, 40.66066], [-73.81139, 40.66067], [-73.81141, 40.66069], [-73.81142, 40.6607], [-73.81143, 40.66072], [-73.81144, 40.66074], [-73.8115, 40.66078], [-73.81171, 40.66081], [-73.81199, 40.66089], [-73.8122, 40.6609], [-73.81282, 40.66102], [-73.81285, 40.66101], [-73.81287, 40.66102], [-73.81407, 40.66126], [-73.81411, 40.66125], [-73.81413, 40.66126], [-73.81414, 40.66127], [-73.81494, 40.66142], [-73.81509, 40.66146], [-73.81528, 40.66149], [-73.81576, 40.66157], [-73.81622, 40.66164], [-73.81657, 40.66169], [-73.81687, 40.66174], [-73.8169, 40.66175], [-73.81699, 40.66176], [-73.81707, 40.66179], [-73.81716, 40.66179], [-73.81719, 40.66178], [-73.81721, 40.66178], [-73.81724, 40.66179], [-73.81727, 40.66181], [-73.81736, 40.66184], [-73.81747, 40.66186], [-73.81759, 40.66189], [-73.81769, 40.66191], [-73.81771, 40.6619], [-73.81775, 40.6619], [-73.81775, 40.66191], [-73.81777, 40.66192], [-73.81792, 40.66194], [-73.81802, 40.66195], [-73.81808, 40.66196], [-73.81817, 40.66196], [-73.8183, 40.66197], [-73.81837, 40.66199], [-73.81845, 40.66203], [-73.81848, 40.66205], [-73.8185, 40.66205], [-73.81851, 40.6621], [-73.81867, 40.66213], [-73.81873, 40.66205], [-73.81874, 40.66205], [-73.81874, 40.66207], [-73.8188, 40.66206], [-73.81886, 40.66205], [-73.81892, 40.66203], [-73.81897, 40.66201], [-73.819, 40.662], [-73.81905, 40.66198], [-73.81919, 40.66194], [-73.81933, 40.6619], [-73.81946, 40.66185], [-73.81962, 40.66179], [-73.81977, 40.66173], [-73.81992, 40.66166], [-73.82006, 40.66159], [-73.8201, 40.66157], [-73.82013, 40.66155], [-73.82016, 40.66152], [-73.82018, 40.66151], [-73.82019, 40.66151], [-73.82019, 40.6615], [-73.8202, 40.6615], [-73.82021, 40.6615], [-73.82022, 40.6615], [-73.82022, 40.66151], [-73.82023, 40.66151], [-73.82026, 40.66151], [-73.82029, 40.66152], [-73.82032, 40.66151], [-73.82035, 40.66151], [-73.82038, 40.6615], [-73.82041, 40.66149], [-73.82062, 40.6614], [-73.82077, 40.66134], [-73.82092, 40.66128], [-73.82106, 40.66121], [-73.8212, 40.66113], [-73.82134, 40.66106], [-73.82136, 40.66104], [-73.82144, 40.661], [-73.82151, 40.66097], [-73.82158, 40.66094], [-73.82172, 40.6609], [-73.82185, 40.66085], [-73.82194, 40.66083], [-73.82202, 40.6608], [-73.8221, 40.66076], [-73.82217, 40.66072], [-73.82224, 40.66068], [-73.82228, 40.66065], [-73.82233, 40.66062], [-73.82238, 40.6606], [-73.82244, 40.66058], [-73.8225, 40.66057], [-73.82255, 40.66057], [-73.82262, 40.66056], [-73.82269, 40.66055], [-73.82276, 40.66053], [-73.82281, 40.66051], [-73.82285, 40.6605], [-73.82295, 40.66046], [-73.82305, 40.66042], [-73.82314, 40.66037], [-73.82322, 40.66032], [-73.82331, 40.66026], [-73.82338, 40.66021], [-73.82346, 40.66014], [-73.82352, 40.66007], [-73.82404, 40.6586], [-73.82406, 40.65854], [-73.82408, 40.65849], [-73.82409, 40.65843], [-73.8241, 40.65837], [-73.8241, 40.65832], [-73.82388, 40.65828], [-73.82388, 40.65826], [-73.82393, 40.65826], [-73.82393, 40.65827], [-73.82409, 40.65829], [-73.82409, 40.65816], [-73.8241, 40.6581], [-73.82412, 40.65803], [-73.82415, 40.65797], [-73.82419, 40.65791], [-73.82422, 40.65788], [-73.82424, 40.65785], [-73.82425, 40.65781], [-73.82426, 40.65778], [-73.82411, 40.65775], [-73.8241, 40.65776], [-73.82404, 40.65775], [-73.82406, 40.6577], [-73.82411, 40.6577], [-73.82411, 40.65772], [-73.82427, 40.65775], [-73.82429, 40.65768], [-73.8243, 40.65762], [-73.82431, 40.65756], [-73.82431, 40.65749], [-73.82431, 40.65748], [-73.82431, 40.65746], [-73.82432, 40.65745], [-73.82434, 40.65738], [-73.82437, 40.65732], [-73.8244, 40.65726], [-73.82445, 40.6572], [-73.82489, 40.65589], [-73.82497, 40.65566], [-73.82498, 40.65543], [-73.8249, 40.65515], [-73.8246, 40.654], [-73.82459, 40.65397], [-73.82458, 40.65393], [-73.82456, 40.65389], [-73.82453, 40.65384], [-73.82451, 40.65382], [-73.82448, 40.6538], [-73.82446, 40.65376], [-73.82444, 40.65372], [-73.82443, 40.65367], [-73.82442, 40.65363], [-73.82442, 40.65358], [-73.82444, 40.65354], [-73.82443, 40.6535], [-73.82442, 40.65345], [-73.8244, 40.65341], [-73.82438, 40.65336], [-73.82435, 40.65332], [-73.82431, 40.65327], [-73.82428, 40.65322], [-73.82426, 40.65317], [-73.82425, 40.65311], [-73.82424, 40.65306], [-73.82425, 40.653], [-73.82426, 40.65294], [-73.82424, 40.65282], [-73.82422, 40.6527], [-73.82419, 40.65258], [-73.82415, 40.65246], [-73.8241, 40.65235], [-73.82406, 40.65229], [-73.82402, 40.65223], [-73.824, 40.65217], [-73.82397, 40.65211], [-73.82396, 40.65205], [-73.82395, 40.65198], [-73.82395, 40.65192], [-73.82394, 40.65181], [-73.82393, 40.6517], [-73.82391, 40.6516], [-73.82388, 40.65149], [-73.82384, 40.65138], [-73.82379, 40.65128], [-73.82374, 40.65118], [-73.82372, 40.65114], [-73.82371, 40.65111], [-73.8237, 40.65107], [-73.8237, 40.65103], [-73.8237, 40.65099], [-73.82371, 40.65097], [-73.82372, 40.65094], [-73.82373, 40.65092], [-73.82374, 40.65088], [-73.82374, 40.65084], [-73.82373, 40.6508], [-73.82372, 40.65077], [-73.8237, 40.65073], [-73.82367, 40.6507], [-73.82362, 40.65062], [-73.82359, 40.65054], [-73.82356, 40.65046], [-73.82353, 40.65038], [-73.82352, 40.6503], [-73.82352, 40.65021], [-73.82352, 40.65013], [-73.82353, 40.65006], [-73.82354, 40.64999], [-73.82354, 40.64995], [-73.82353, 40.64991], [-73.82352, 40.64987], [-73.8235, 40.64983], [-73.82348, 40.64979], [-73.82347, 40.64977], [-73.82346, 40.64975], [-73.82345, 40.64973], [-73.82345, 40.64971], [-73.82345, 40.64969], [-73.82344, 40.64957], [-73.82342, 40.64946], [-73.82339, 40.64935], [-73.82335, 40.64924], [-73.82331, 40.64914], [-73.82318, 40.64916], [-73.82291, 40.64809], [-73.82293, 40.64807], [-73.82296, 40.64805], [-73.823, 40.64803], [-73.82303, 40.64801], [-73.82307, 40.64801], [-73.82311, 40.648], [-73.82315, 40.648], [-73.82319, 40.64801], [-73.82339, 40.6483], [-73.82341, 40.64834], [-73.82344, 40.64838], [-73.82349, 40.64845], [-73.82354, 40.64849], [-73.82359, 40.64854], [-73.82364, 40.64858], [-73.82371, 40.64864], [-73.82377, 40.6487], [-73.82383, 40.64877], [-73.82387, 40.64882], [-73.8239, 40.64887], [-73.82393, 40.6489], [-73.82394, 40.64894], [-73.82394, 40.64898], [-73.82394, 40.64902], [-73.82393, 40.64906], [-73.82391, 40.64909], [-73.82391, 40.64911], [-73.82391, 40.64913], [-73.82392, 40.64915], [-73.82393, 40.64916], [-73.82394, 40.64918], [-73.82396, 40.64919], [-73.82398, 40.6492], [-73.82404, 40.64926], [-73.82412, 40.6493], [-73.82419, 40.64935], [-73.82427, 40.64939], [-73.82433, 40.64942], [-73.82439, 40.64946], [-73.82445, 40.64951], [-73.82451, 40.64955], [-73.82456, 40.6496], [-73.82461, 40.64966], [-73.82465, 40.64971], [-73.82466, 40.64972], [-73.82468, 40.64973], [-73.8247, 40.64974], [-73.82472, 40.64974], [-73.82474, 40.64974], [-73.82476, 40.64974], [-73.82478, 40.64973], [-73.82479, 40.64973], [-73.82481, 40.64972], [-73.82482, 40.64971], [-73.82484, 40.64969], [-73.82484, 40.64968], [-73.82485, 40.64967], [-73.82482, 40.64963], [-73.82479, 40.6496], [-73.82476, 40.64957], [-73.82474, 40.64953], [-73.82473, 40.64952], [-73.82473, 40.6495], [-73.82472, 40.64949], [-73.82472, 40.64947], [-73.82473, 40.64946], [-73.82473, 40.64945], [-73.82474, 40.64943], [-73.82475, 40.64942], [-73.82476, 40.64942], [-73.82478, 40.64941], [-73.82479, 40.64941], [-73.82483, 40.64939], [-73.82487, 40.64938], [-73.82491, 40.64937], [-73.82496, 40.64937], [-73.825, 40.64938], [-73.82505, 40.6494], [-73.8251, 40.64943], [-73.82515, 40.64946], [-73.82519, 40.6495], [-73.82522, 40.64954], [-73.82524, 40.64959], [-73.82526, 40.64963], [-73.82536, 40.64991], [-73.82549, 40.64989], [-73.82556, 40.64966], [-73.82555, 40.64963], [-73.82556, 40.6496], [-73.82557, 40.64958], [-73.82558, 40.64955], [-73.8256, 40.64953], [-73.82563, 40.64951], [-73.82565, 40.64949], [-73.82569, 40.64948], [-73.82572, 40.64947], [-73.82576, 40.64946], [-73.82579, 40.64946], [-73.82583, 40.64947], [-73.82586, 40.64947], [-73.82589, 40.64949], [-73.82592, 40.6495], [-73.82594, 40.64952], [-73.82596, 40.64954], [-73.82598, 40.64956], [-73.82599, 40.64958], [-73.82599, 40.64961], [-73.82599, 40.64963], [-73.82602, 40.64965], [-73.82604, 40.64968], [-73.82606, 40.64971], [-73.82607, 40.64974], [-73.82608, 40.64977], [-73.8261, 40.65002], [-73.82611, 40.65003], [-73.82611, 40.65005], [-73.82612, 40.65006], [-73.82613, 40.65007], [-73.82615, 40.65008], [-73.82617, 40.65008], [-73.8262, 40.65008], [-73.82622, 40.65007], [-73.82625, 40.65007], [-73.82627, 40.65005], [-73.82629, 40.65004], [-73.8263, 40.65002], [-73.82628, 40.64998], [-73.82625, 40.64993], [-73.82622, 40.64989], [-73.82621, 40.64986], [-73.82621, 40.64984], [-73.8262, 40.64981], [-73.82618, 40.6498], [-73.82616, 40.64979], [-73.82615, 40.64978], [-73.82614, 40.64977], [-73.82613, 40.64975], [-73.82612, 40.64974], [-73.82612, 40.64972], [-73.82612, 40.6497], [-73.82613, 40.64969], [-73.82614, 40.64967], [-73.82615, 40.64966], [-73.82616, 40.64964], [-73.82617, 40.64963], [-73.82618, 40.64961], [-73.82618, 40.64959], [-73.82618, 40.64958], [-73.82618, 40.64956], [-73.82617, 40.64954], [-73.82617, 40.64953], [-73.82618, 40.64951], [-73.82619, 40.64949], [-73.8262, 40.64948], [-73.82622, 40.64947], [-73.82624, 40.64946], [-73.82626, 40.64945], [-73.82628, 40.64945], [-73.82631, 40.64945], [-73.82633, 40.64944], [-73.82635, 40.64943], [-73.82637, 40.64942], [-73.8264, 40.64936], [-73.82642, 40.6493], [-73.82644, 40.64924], [-73.82645, 40.64917], [-73.82644, 40.64911], [-73.82643, 40.64905], [-73.82642, 40.64898], [-73.82639, 40.64892], [-73.82636, 40.64886], [-73.82633, 40.6488], [-73.82631, 40.64873], [-73.8263, 40.64866], [-73.82631, 40.64864], [-73.82632, 40.64861], [-73.82632, 40.64858], [-73.82631, 40.64855], [-73.8263, 40.64852], [-73.82627, 40.6484], [-73.82629, 40.64838], [-73.82631, 40.64836], [-73.82633, 40.64835], [-73.82636, 40.64833], [-73.82639, 40.64832], [-73.82672, 40.64958], [-73.8269, 40.65035], [-73.82701, 40.65086], [-73.82713, 40.65133], [-73.82724, 40.65181], [-73.82736, 40.65231], [-73.82748, 40.65279], [-73.8276, 40.65329], [-73.82771, 40.65375], [-73.82783, 40.65424], [-73.82807, 40.65527], [-73.82828, 40.65603], [-73.8286, 40.6572], [-73.82931, 40.6589], [-73.82991, 40.65967], [-73.83031, 40.66042], [-73.83108, 40.66206], [-73.83186, 40.66365], [-73.83248, 40.66497], [-73.83271, 40.66541], [-73.83249, 40.66535], [-73.83206, 40.66525], [-73.83003, 40.66458], [-73.82939, 40.66436], [-73.8291, 40.66425], [-73.8279, 40.66391], [-73.82713, 40.66375], [-73.82687, 40.6637], [-73.82629, 40.66364], [-73.82571, 40.66359], [-73.82503, 40.66358]]], [[[-73.74661, 40.63872], [-73.7466, 40.63871], [-73.74654, 40.63871], [-73.74654, 40.6387], [-73.74661, 40.6387], [-73.7466, 40.63868], [-73.74664, 40.63866], [-73.74667, 40.63871], [-73.74661, 40.63872]]], [[[-73.74694, 40.63756], [-73.74694, 40.63753], [-73.74705, 40.63754], [-73.74704, 40.63757], [-73.74694, 40.63756]]], [[[-73.74712, 40.63716], [-73.74707, 40.63715], [-73.74707, 40.63716], [-73.74703, 40.63715], [-73.74701, 40.63715], [-73.74699, 40.63715], [-73.747, 40.63713], [-73.74701, 40.63713], [-73.74704, 40.63713], [-73.74707, 40.63714], [-73.74707, 40.63714], [-73.74712, 40.63715], [-73.74714, 40.63706], [-73.74716, 40.63706], [-73.74715, 40.63713], [-73.74715, 40.63713], [-73.74713, 40.63722], [-73.7471, 40.63721], [-73.74712, 40.63716]]]]}}, {"type": "Feature", "properties": {"zone_id": 137, "zone": "Kips Bay", "borough": "Manhattan", "demand": 3273}, "geometry": {"type": "Polygon", "coordinates": [[[-73.9722, 40.7404], [-73.97222, 40.74031], [-73.97227, 40.74031], [-73.97227, 40.74031], [-73.97225, 40.7403], [-73.97225, 40.74029], [-73.9723, 40.74003], [-73.97231, 40.74002], [-73.97233, 40.74001], [-73.97244, 40.74002], [-73.97254, 40.73966], [-73.97266, 40.73922], [-73.97266, 40.73918], [-73.97265, 40.73906], [-73.97264, 40.73902], [-73.97264, 40.73896], [-73.97265, 40.73885], [-73.97263, 40.73879], [-73.97263, 40.73874], [-73.97263, 40.73871], [-73.97263, 40.73867], [-73.97263, 40.73859], [-73.97262, 40.73852], [-73.97262, 40.73846], [-73.97263, 40.7384], [-73.97264, 40.73839], [-73.97264, 40.73838], [-73.97263, 40.73837], [-73.97262, 40.73824], [-73.97263, 40.73823], [-73.97263, 40.73822], [-73.97262, 40.73822], [-73.97262, 40.73804], [-73.97261, 40.73803], [-73.97261, 40.73794], [-73.97262, 40.73791], [-73.97261, 40.7379], [-73.9726, 40.73782], [-73.97261, 40.7378], [-73.97261, 40.73767], [-73.97261, 40.73749], [-73.97258, 40.73749], [-73.97258, 40.73735], [-73.97257, 40.73726], [-73.97259, 40.73726], [-73.9726, 40.73723], [-73.9726, 40.73722], [-73.97259, 40.73719], [-73.97261, 40.73717], [-73.97259, 40.73715], [-73.9726, 40.73712], [-73.9726, 40.7371], [-73.97258, 40.73702], [-73.97258, 40.73687], [-73.97259, 40.73677], [-73.97258, 40.73674], [-73.97258, 40.73669], [-73.97258, 40.73665], [-73.97256, 40.73646], [-73.97256, 40.73645], [-73.97249, 40.7358], [-73.97251, 40.73579], [-73.97287, 40.73577], [-73.97441, 40.73641], [-73.97446, 40.73629], [-73.97442, 40.73628], [-73.97441, 40.73628], [-73.9744, 40.73628], [-73.97403, 40.73613], [-73.97405, 40.7361], [-73.97443, 40.73626], [-73.97443, 40.73627], [-73.97447, 40.73628], [-73.9745, 40.73606], [-73.97447, 40.73606], [-73.97444, 40.73605], [-73.97443, 40.73605], [-73.97414, 40.73596], [-73.97415, 40.73593], [-73.97445, 40.73603], [-73.97445, 40.73604], [-73.97448, 40.73604], [-73.9745, 40.73604], [-73.97451, 40.73589], [-73.97451, 40.7358], [-73.97449, 40.73588], [-73.97445, 40.73587], [-73.97446, 40.73583], [-73.97425, 40.7358], [-73.97425, 40.73578], [-73.97426, 40.73577], [-73.97447, 40.7358], [-73.97447, 40.73579], [-73.97448, 40.73579], [-73.97447, 40.73573], [-73.97446, 40.73567], [-73.97439, 40.73567], [-73.97439, 40.73567], [-73.97426, 40.73567], [-73.97426, 40.73568], [-73.97419, 40.73568], [-73.97419, 40.73566], [-73.97416, 40.73566], [-73.97415, 40.73567], [-73.97409, 40.73564], [-73.97409, 40.73564], [-73.97342, 40.73537], [-73.97344, 40.73534], [-73.97306, 40.73518], [-73.97281, 40.73552], [-73.97294, 40.7356], [-73.97293, 40.73561], [-73.97276, 40.7355], [-73.973, 40.73519], [-73.97296, 40.73517], [-73.97293, 40.7352], [-73.97288, 40.73518], [-73.97286, 40.73521], [-73.97284, 40.7352], [-73.97295, 40.73506], [-73.97297, 40.73508], [-73.97294, 40.73511], [-73.973, 40.73513], [-73.97297, 40.73516], [-73.973, 40.73517], [-73.97304, 40.73513], [-73.9733, 40.73524], [-73.97332, 40.7352], [-73.97332, 40.7352], [-73.9733, 40.73518], [-73.97328, 40.73515], [-73.97327, 40.73512], [-73.97328, 40.73508], [-73.9733, 40.73504], [-73.97333, 40.73501], [-73.97337, 40.73499], [-73.97342, 40.73497], [-73.97346, 40.73497], [-73.97352, 40.73497], [-73.97354, 40.73494], [-73.97444, 40.73532], [-73.97467, 40.7354], [-73.97475, 40.73542], [-73.97483, 40.73538], [-73.97489, 40.73537], [-73.97496, 40.73537], [-73.97511, 40.73539], [-73.97522, 40.7354], [-73.97589, 40.73567], [-73.97636, 40.73587], [-73.97712, 40.7362], [-73.97793, 40.73654], [-73.97834, 40.73672], [-73.9785, 40.73679], [-73.97805, 40.73755], [-73.97892, 40.73792], [-73.97949, 40.73816], [-73.98042, 40.73855], [-73.98266, 40.7395], [-73.98221, 40.74011], [-73.98176, 40.74073], [-73.98131, 40.74135], [-73.98086, 40.74197], [-73.98041, 40.74259], [-73.97996, 40.7432], [-73.97951, 40.74382], [-73.97906, 40.74444], [-73.97861, 40.74506], [-73.97812, 40.74573], [-73.97736, 40.7454], [-73.97588, 40.74478], [-73.97522, 40.7445], [-73.97351, 40.74378], [-73.97223, 40.74325], [-73.97211, 40.7432], [-73.97206, 40.74319], [-73.97199, 40.74316], [-73.97192, 40.74314], [-73.97168, 40.74305], [-73.97189, 40.74272], [-73.97176, 40.74267], [-73.97174, 40.74266], [-73.97177, 40.74262], [-73.97196, 40.74234], [-73.97205, 40.74189], [-73.97207, 40.74179], [-73.9721, 40.74162], [-73.97215, 40.74139], [-73.9722, 40.74114], [-73.97229, 40.74074], [-73.97229, 40.74072], [-73.97221, 40.74071], [-73.9722, 40.74071], [-73.97218, 40.74071], [-73.97217, 40.74069], [-73.97216, 40.74068], [-73.97217, 40.74067], [-73.97222, 40.74043], [-73.97222, 40.74042], [-73.97223, 40.74041], [-73.97224, 40.7404], [-73.9722, 40.7404]]]}}, {"type": "Feature", "properties": {"zone_id": 140, "zone": "Lenox Hill East", "borough": "Manhattan", "demand": 2221}, "geometry": {"type": "Polygon", "coordinates": [[[-73.95854, 40.7585], [-73.95878, 40.75827], [-73.95893, 40.75833], [-73.95904, 40.75838], [-73.95972, 40.75866], [-73.96197, 40.75962], [-73.96178, 40.75988], [-73.96177, 40.75989], [-73.96173, 40.75995], [-73.9617, 40.75999], [-73.96168, 40.76001], [-73.96164, 40.76006], [-73.96162, 40.76009], [-73.96152, 40.76023], [-73.96107, 40.76086], [-73.96061, 40.76149], [-73.96015, 40.76211], [-73.95969, 40.76274], [-73.95924, 40.76337], [-73.95878, 40.76399], [-73.95832, 40.76462], [-73.95787, 40.76524], [-73.95741, 40.76587], [-73.95696, 40.76649], [-73.9565, 40.76712], [-73.956, 40.7678], [-73.9555, 40.76848], [-73.95504, 40.76912], [-73.95458, 40.76975], [-73.95411, 40.77039], [-73.95365, 40.77102], [-73.95319, 40.77166], [-73.95268, 40.77234], [-73.95044, 40.77139], [-73.94807, 40.77039], [-73.94779, 40.77025], [-73.94772, 40.77022], [-73.94767, 40.77019], [-73.94761, 40.77017], [-73.94752, 40.77013], [-73.94749, 40.77011], [-73.94814, 40.76942], [-73.94866, 40.76886], [-73.94909, 40.76828], [-73.94937, 40.76788], [-73.94958, 40.76763], [-73.95007, 40.76702], [-73.95066, 40.76638], [-73.95122, 40.76577], [-73.95176, 40.76516], [-73.95231, 40.76455], [-73.95337, 40.76337], [-73.95442, 40.76218], [-73.95557, 40.76117], [-73.95587, 40.7609], [-73.95633, 40.76049], [-73.95698, 40.7599], [-73.95732, 40.75959], [-73.9576, 40.75934], [-73.95764, 40.75931], [-73.958, 40.75897], [-73.95826, 40.75875], [-73.95836, 40.75866], [-73.95839, 40.75864], [-73.95843, 40.7586], [-73.95845, 40.75858], [-73.95849, 40.75855], [-73.95854, 40.7585]]]}}, {"type": "Feature", "properties": {"zone_id": 141, "zone": "Lenox Hill West", "borough": "Manhattan", "demand": 4794}, "geometry": {"type": "Polygon", "coordinates": [[[-73.96178, 40.75988], [-73.96197, 40.75962], [-73.96308, 40.76008], [-73.96356, 40.76028], [-73.96431, 40.7606], [-73.96658, 40.76155], [-73.96613, 40.76218], [-73.96567, 40.7628], [-73.96521, 40.76343], [-73.96476, 40.76406], [-73.9643, 40.76468], [-73.96384, 40.76531], [-73.9634, 40.76591], [-73.96293, 40.76656], [-73.96247, 40.76718], [-73.96201, 40.76781], [-73.96156, 40.76844], [-73.9611, 40.76906], [-73.9606, 40.76975], [-73.96011, 40.77043], [-73.95964, 40.77106], [-73.95918, 40.7717], [-73.95872, 40.77233], [-73.95826, 40.77296], [-73.95779, 40.7736], [-73.95729, 40.77428], [-73.95505, 40.77334], [-73.95268, 40.77234], [-73.95319, 40.77166], [-73.95365, 40.77102], [-73.95411, 40.77039], [-73.95458, 40.76975], [-73.95504, 40.76912], [-73.9555, 40.76848], [-73.956, 40.7678], [-73.9565, 40.76712], [-73.95696, 40.76649], [-73.95741, 40.76587], [-73.95787, 40.76524], [-73.95832, 40.76462], [-73.95878, 40.76399], [-73.95924, 40.76337], [-73.95969, 40.76274], [-73.96015, 40.76211], [-73.96061, 40.76149], [-73.96107, 40.76086], [-73.96152, 40.76023], [-73.96162, 40.76009], [-73.96164, 40.76006], [-73.96168, 40.76001], [-73.9617, 40.75999], [-73.96173, 40.75995], [-73.96177, 40.75989], [-73.96178, 40.75988]]]}}, {"type": "Feature", "properties": {"zone_id": 144, "zone": "Little Italy/NoLiTa", "borough": "Manhattan", "demand": 2868}, "geometry": {"type": "Polygon", "coordinates": [[[-73.99581, 40.71664], [-73.99606, 40.71623], [-73.99698, 40.71654], [-73.99776, 40.71681], [-73.99859, 40.7171], [-73.99931, 40.71755], [-73.99996, 40.71802], [-74.00053, 40.71843], [-74.00127, 40.71896], [-74.0014, 40.71905], [-74.00188, 40.7194], [-74.00152, 40.71982], [-74.00142, 40.71994], [-74.00066, 40.72084], [-73.99985, 40.72179], [-73.99952, 40.72218], [-73.99881, 40.72302], [-73.99778, 40.72423], [-73.99684, 40.72535], [-73.99677, 40.72543], [-73.99585, 40.72521], [-73.99533, 40.72508], [-73.99491, 40.72495], [-73.99418, 40.72469], [-73.99346, 40.72443], [-73.9934, 40.72441], [-73.99267, 40.72416], [-73.9926, 40.72414], [-73.99263, 40.72406], [-73.99309, 40.72282], [-73.99326, 40.72235], [-73.99352, 40.72163], [-73.9938, 40.72094], [-73.99403, 40.72032], [-73.99438, 40.71952], [-73.99442, 40.71939], [-73.99481, 40.71846], [-73.99543, 40.71728], [-73.99581, 40.71664]]]}}, {"type": "Feature", "properties": {"zone_id": 158, "zone": "Meatpacking/West Village West", "borough": "Manhattan", "demand": 2520}, "geometry": {"type": "Polygon", "coordinates": [[[-74.00779, 40.74197], [-74.00697, 40.74163], [-74.00537, 40.74094], [-74.00516, 40.74086], [-74.00529, 40.74002], [-74.00539, 40.73941], [-74.00549, 40.73875], [-74.00559, 40.73814], [-74.00569, 40.73755], [-74.0058, 40.73692], [-74.00585, 40.73653], [-74.00596, 40.73584], [-74.00607, 40.73513], [-74.00618, 40.73444], [-74.00629, 40.73374], [-74.00641, 40.73305], [-74.0065, 40.73243], [-74.00662, 40.73167], [-74.00674, 40.73095], [-74.00686, 40.73023], [-74.00697, 40.72949], [-74.00709, 40.72877], [-74.00859, 40.72891], [-74.00935, 40.72899], [-74.01054, 40.7291], [-74.01067, 40.72911], [-74.01077, 40.72817], [-74.01087, 40.72818], [-74.011, 40.72819], [-74.01138, 40.72823], [-74.01439, 40.72846], [-74.01434, 40.72862], [-74.01422, 40.72952], [-74.01408, 40.73064], [-74.01409, 40.73066], [-74.01404, 40.73069], [-74.01402, 40.73068], [-74.01116, 40.73045], [-74.01109, 40.73129], [-74.01099, 40.73232], [-74.01094, 40.73302], [-74.014, 40.73307], [-74.014, 40.73333], [-74.0109, 40.7333], [-74.01089, 40.73335], [-74.01087, 40.73335], [-74.01084, 40.73335], [-74.01081, 40.73336], [-74.01079, 40.73337], [-74.01077, 40.73338], [-74.01075, 40.7334], [-74.01074, 40.73342], [-74.01073, 40.73344], [-74.01072, 40.73346], [-74.01072, 40.73348], [-74.01073, 40.7335], [-74.01074, 40.73352], [-74.01075, 40.73354], [-74.01077, 40.73356], [-74.01079, 40.73357], [-74.01081, 40.73358], [-74.01084, 40.73359], [-74.01086, 40.73359], [-74.01083, 40.73401], [-74.01202, 40.73406], [-74.012, 40.73434], [-74.01081, 40.73428], [-74.01079, 40.73455], [-74.01071, 40.73536], [-74.01064, 40.73605], [-74.01068, 40.73606], [-74.01067, 40.7361], [-74.01069, 40.73611], [-74.0107, 40.73613], [-74.01072, 40.73615], [-74.01073, 40.73616], [-74.01073, 40.73618], [-74.01073, 40.7362], [-74.01073, 40.73622], [-74.01072, 40.73624], [-74.01071, 40.73626], [-74.01069, 40.73628], [-74.01068, 40.73629], [-74.01065, 40.7363], [-74.01065, 40.73635], [-74.01062, 40.73634], [-74.01057, 40.73697], [-74.01052, 40.7376], [-74.01048, 40.73806], [-74.01109, 40.73809], [-74.01107, 40.7383], [-74.01109, 40.73832], [-74.01111, 40.73833], [-74.01112, 40.73835], [-74.01113, 40.73837], [-74.01114, 40.73839], [-74.01112, 40.73839], [-74.0111, 40.73839], [-74.01107, 40.73839], [-74.01105, 40.73839], [-74.01105, 40.7384], [-74.01045, 40.73836], [-74.01043, 40.7387], [-74.01039, 40.73917], [-74.0105, 40.73917], [-74.01055, 40.73919], [-74.01075, 40.73918], [-74.01139, 40.73922], [-74.01148, 40.73926], [-74.01158, 40.73926], [-74.01159, 40.73927], [-74.01159, 40.73948], [-74.01163, 40.73951], [-74.01163, 40.73956], [-74.01155, 40.73956], [-74.01153, 40.73987], [-74.01159, 40.73987], [-74.01161, 40.73971], [-74.01235, 40.73974], [-74.01237, 40.73975], [-74.01237, 40.73978], [-74.01235, 40.73979], [-74.01229, 40.73979], [-74.01229, 40.7399], [-74.01231, 40.7399], [-74.01234, 40.73992], [-74.01236, 40.73994], [-74.01235, 40.74002], [-74.01232, 40.74003], [-74.01227, 40.74003], [-74.01226, 40.74014], [-74.01231, 40.74015], [-74.01233, 40.74016], [-74.01233, 40.74018], [-74.01231, 40.74019], [-74.01158, 40.74016], [-74.01159, 40.73997], [-74.01151, 40.73997], [-74.01146, 40.74058], [-74.01216, 40.74061], [-74.01215, 40.74067], [-74.01266, 40.7407], [-74.01266, 40.74075], [-74.01257, 40.74074], [-74.01257, 40.74073], [-74.01147, 40.74069], [-74.01137, 40.74072], [-74.01072, 40.74069], [-74.00963, 40.74064], [-74.0095, 40.74073], [-74.00949, 40.74074], [-74.00952, 40.74077], [-74.00952, 40.74081], [-74.0095, 40.74083], [-74.00946, 40.7409], [-74.00941, 40.74115], [-74.00958, 40.74117], [-74.00958, 40.74121], [-74.01216, 40.74149], [-74.01212, 40.74176], [-74.00952, 40.74149], [-74.00945, 40.74189], [-74.00928, 40.74188], [-74.00917, 40.74242], [-74.00902, 40.7424], [-74.00889, 40.74238], [-74.00879, 40.74237], [-74.0087, 40.74236], [-74.0082, 40.74215], [-74.00779, 40.74197]]]}}, {"type": "Feature", "properties": {"zone_id": 162, "zone": "Midtown East", "borough": "Manhattan", "demand": 4009}, "geometry": {"type": "Polygon", "coordinates": [[[-73.97122, 40.75519], [-73.97168, 40.75457], [-73.97214, 40.75394], [-73.97259, 40.75332], [-73.97304, 40.75269], [-73.9735, 40.75206], [-73.97396, 40.75144], [-73.97445, 40.75077], [-73.97605, 40.75144], [-73.97685, 40.75178], [-73.97711, 40.75188], [-73.97754, 40.75206], [-73.97768, 40.75212], [-73.97779, 40.75217], [-73.97837, 40.75242], [-73.97787, 40.7531], [-73.97743, 40.75372], [-73.97697, 40.75435], [-73.97652, 40.75497], [-73.9759, 40.75471], [-73.97581, 40.75468], [-73.97534, 40.7553], [-73.97489, 40.75592], [-73.97444, 40.75656], [-73.97398, 40.75718], [-73.97352, 40.75781], [-73.97307, 40.75843], [-73.97261, 40.75906], [-73.97216, 40.75968], [-73.9717, 40.76031], [-73.97124, 40.76094], [-73.97075, 40.76161], [-73.97026, 40.76229], [-73.9698, 40.76291], [-73.96969, 40.76287], [-73.96819, 40.76223], [-73.96658, 40.76155], [-73.96657, 40.76148], [-73.96699, 40.7609], [-73.96746, 40.76022], [-73.96792, 40.75959], [-73.96802, 40.75958], [-73.96848, 40.75895], [-73.96893, 40.75833], [-73.96939, 40.7577], [-73.96985, 40.75708], [-73.97031, 40.75645], [-73.97076, 40.75582], [-73.97122, 40.75519]]]}}, {"type": "Feature", "properties": {"zone_id": 163, "zone": "Midtown North", "borough": "Manhattan", "demand": 4058}, "geometry": {"type": "Polygon", "coordinates": [[[-73.98136, 40.76784], [-73.97908, 40.76688], [-73.97836, 40.76657], [-73.97623, 40.76567], [-73.97419, 40.76481], [-73.97364, 40.76457], [-73.97301, 40.76428], [-73.97141, 40.76359], [-73.9699, 40.76296], [-73.9698, 40.76291], [-73.97026, 40.76229], [-73.97075, 40.76161], [-73.97124, 40.76094], [-73.97134, 40.76098], [-73.97285, 40.76161], [-73.97446, 40.76229], [-73.97769, 40.76364], [-73.97814, 40.76302], [-73.9786, 40.7624], [-73.98143, 40.76359], [-73.98247, 40.76403], [-73.98428, 40.76479], [-73.98382, 40.76542], [-73.98337, 40.76604], [-73.98288, 40.76672], [-73.98237, 40.76739], [-73.98215, 40.76768], [-73.98206, 40.76764], [-73.98206, 40.76764], [-73.98206, 40.76764], [-73.98195, 40.76762], [-73.98195, 40.76762], [-73.98195, 40.76762], [-73.98184, 40.76761], [-73.98184, 40.76761], [-73.98184, 40.76761], [-73.98173, 40.76762], [-73.98173, 40.76762], [-73.98173, 40.76762], [-73.98163, 40.76764], [-73.98155, 40.76768], [-73.98148, 40.76772], [-73.98141, 40.76778], [-73.98136, 40.76784]]]}}, {"type": "Feature", "properties": {"zone_id": 229, "zone": "Sutton Place/Turtle Bay North", "borough": "Manhattan", "demand": 4870}, "geometry": {"type": "Polygon", "coordinates": [[[-73.96163, 40.75515], [-73.96219, 40.7545], [-73.96223, 40.75452], [-73.96269, 40.754], [-73.9629, 40.75376], [-73.96287, 40.75374], [-73.96316, 40.75341], [-73.96374, 40.75278], [-73.96426, 40.75221], [-73.96482, 40.7516], [-73.96485, 40.7517], [-73.96496, 40.75174], [-73.96506, 40.75181], [-73.96522, 40.75181], [-73.96519, 40.75195], [-73.9653, 40.75193], [-73.96532, 40.75193], [-73.96547, 40.75194], [-73.96688, 40.75254], [-73.96702, 40.7526], [-73.96707, 40.75262], [-73.96695, 40.75278], [-73.96678, 40.75302], [-73.96666, 40.75319], [-73.96662, 40.75324], [-73.96898, 40.75425], [-73.97122, 40.75519], [-73.97076, 40.75582], [-73.97031, 40.75645], [-73.96985, 40.75708], [-73.96939, 40.7577], [-73.96893, 40.75833], [-73.96848, 40.75895], [-73.96802, 40.75958], [-73.96792, 40.75959], [-73.96746, 40.76022], [-73.96699, 40.7609], [-73.96657, 40.76148], [-73.96658, 40.76155], [-73.96431, 40.7606], [-73.96356, 40.76028], [-73.96308, 40.76008], [-73.96197, 40.75962], [-73.95972, 40.75866], [-73.95904, 40.75838], [-73.95893, 40.75833], [-73.95878, 40.75827], [-73.95907, 40.75794], [-73.95917, 40.75786], [-73.95918, 40.75786], [-73.95966, 40.75726], [-73.95966, 40.75721], [-73.96004, 40.75672], [-73.96036, 40.75627], [-73.96066, 40.75592], [-73.9608, 40.7558], [-73.9608, 40.7558], [-73.96103, 40.75561], [-73.96163, 40.75515]]]}}, {"type": "Feature", "properties": {"zone_id": 230, "zone": "Times Sq/Theatre District", "borough": "Manhattan", "demand": 4649}, "geometry": {"type": "Polygon", "coordinates": [[[-73.98362, 40.75552], [-73.98412, 40.75484], [-73.9864, 40.75581], [-73.98695, 40.75604], [-73.98842, 40.75665], [-73.98979, 40.75723], [-73.9893, 40.75791], [-73.98884, 40.75853], [-73.98839, 40.75916], [-73.98793, 40.75979], [-73.98747, 40.7604], [-73.98701, 40.76104], [-73.98656, 40.76166], [-73.9861, 40.76229], [-73.98565, 40.76291], [-73.98519, 40.76354], [-73.98473, 40.76417], [-73.98428, 40.76479], [-73.98247, 40.76403], [-73.98143, 40.76359], [-73.9786, 40.7624], [-73.97906, 40.76177], [-73.97951, 40.76115], [-73.97997, 40.76052], [-73.98043, 40.7599], [-73.98089, 40.75927], [-73.98134, 40.75864], [-73.98179, 40.75802], [-73.98226, 40.75739], [-73.98271, 40.75677], [-73.98317, 40.75614], [-73.98362, 40.75552]]]}}, {"type": "Feature", "properties": {"zone_id": 231, "zone": "TriBeCa/Civic Center", "borough": "Manhattan", "demand": 3897}, "geometry": {"type": "Polygon", "coordinates": [[[-74.00932, 40.7247], [-74.00864, 40.72422], [-74.00857, 40.72417], [-74.0083, 40.72398], [-74.00808, 40.72383], [-74.00791, 40.7237], [-74.00763, 40.7235], [-74.0063, 40.72255], [-74.00591, 40.72225], [-74.00531, 40.72182], [-74.00523, 40.72174], [-74.00463, 40.72135], [-74.00393, 40.72085], [-74.00351, 40.72056], [-74.00326, 40.72038], [-74.0026, 40.7199], [-74.00188, 40.7194], [-74.0014, 40.71905], [-74.00127, 40.71896], [-74.00053, 40.71843], [-73.99996, 40.71802], [-74.00027, 40.71762], [-74.00082, 40.71693], [-74.00168, 40.71574], [-74.00211, 40.71516], [-74.00245, 40.71479], [-74.00272, 40.71439], [-74.00322, 40.71404], [-74.0036, 40.71364], [-74.00406, 40.71313], [-74.00421, 40.71298], [-74.00429, 40.71291], [-74.00471, 40.71257], [-74.00486, 40.71245], [-74.00499, 40.71237], [-74.00513, 40.71231], [-74.00528, 40.71225], [-74.00543, 40.7122], [-74.00559, 40.71217], [-74.00574, 40.71209], [-74.00589, 40.71201], [-74.00608, 40.71196], [-74.00699, 40.71174], [-74.00739, 40.71164], [-74.00747, 40.71157], [-74.00797, 40.71145], [-74.00835, 40.71136], [-74.0086, 40.71139], [-74.00884, 40.7115], [-74.01012, 40.71208], [-74.01166, 40.7128], [-74.01254, 40.71318], [-74.0136, 40.71362], [-74.01375, 40.71369], [-74.01359, 40.71449], [-74.01348, 40.71511], [-74.01335, 40.71523], [-74.01323, 40.71566], [-74.01315, 40.71603], [-74.01305, 40.71645], [-74.01287, 40.71718], [-74.01282, 40.71736], [-74.01244, 40.71906], [-74.01255, 40.71907], [-74.0127, 40.71909], [-74.01303, 40.71913], [-74.01301, 40.71921], [-74.01296, 40.71947], [-74.01296, 40.71948], [-74.01291, 40.71971], [-74.01294, 40.71971], [-74.01295, 40.7197], [-74.01303, 40.71971], [-74.01302, 40.71973], [-74.01345, 40.71978], [-74.01339, 40.72004], [-74.01397, 40.72012], [-74.01452, 40.72019], [-74.01451, 40.72027], [-74.01457, 40.72027], [-74.01452, 40.72052], [-74.01453, 40.72052], [-74.01452, 40.72053], [-74.01419, 40.72049], [-74.01415, 40.72048], [-74.01416, 40.72043], [-74.01409, 40.72042], [-74.01408, 40.72047], [-74.014, 40.72047], [-74.01396, 40.72046], [-74.01397, 40.72041], [-74.01387, 40.72041], [-74.01386, 40.72045], [-74.01368, 40.72043], [-74.01369, 40.72039], [-74.01364, 40.72038], [-74.01364, 40.72042], [-74.01355, 40.72041], [-74.01355, 40.72037], [-74.01351, 40.72036], [-74.0135, 40.7204], [-74.01297, 40.72033], [-74.01287, 40.72083], [-74.01324, 40.72089], [-74.01316, 40.72125], [-74.01314, 40.72125], [-74.01308, 40.72153], [-74.01308, 40.72155], [-74.01308, 40.72155], [-74.01304, 40.72154], [-74.01301, 40.72156], [-74.01254, 40.7215], [-74.01249, 40.72178], [-74.01237, 40.72239], [-74.01223, 40.72306], [-74.01209, 40.72371], [-74.01196, 40.72433], [-74.01159, 40.7243], [-74.01144, 40.72428], [-74.01135, 40.72428], [-74.01118, 40.72517], [-74.01104, 40.72572], [-74.01102, 40.72579], [-74.01092, 40.72579], [-74.01081, 40.72579], [-74.01004, 40.72521], [-74.00932, 40.7247]]]}}, {"type": "Feature", "properties": {"zone_id": 233, "zone": "UN/Turtle Bay South", "borough": "Manhattan", "demand": 2377}, "geometry": {"type": "MultiPolygon", "coordinates": [[[[-73.96547, 40.75194], [-73.96532, 40.75193], [-73.9653, 40.75193], [-73.96519, 40.75195], [-73.96522, 40.75181], [-73.96506, 40.75181], [-73.96496, 40.75174], [-73.96485, 40.7517], [-73.96482, 40.7516], [-73.96532, 40.75105], [-73.96791, 40.74797], [-73.96812, 40.74773], [-73.96817, 40.74767], [-73.96824, 40.74759], [-73.96836, 40.74743], [-73.96823, 40.74737], [-73.9683, 40.7473], [-73.9683, 40.74728], [-73.9683, 40.74727], [-73.96832, 40.74727], [-73.96833, 40.74725], [-73.96835, 40.74724], [-73.96836, 40.74722], [-73.9684, 40.74717], [-73.96843, 40.74713], [-73.96846, 40.74709], [-73.96848, 40.74707], [-73.9685, 40.74704], [-73.96851, 40.74703], [-73.96853, 40.747], [-73.96854, 40.74699], [-73.96859, 40.74694], [-73.96859, 40.74693], [-73.9686, 40.74692], [-73.96861, 40.74691], [-73.96862, 40.7469], [-73.96864, 40.74688], [-73.96866, 40.74685], [-73.96867, 40.74684], [-73.96869, 40.74681], [-73.9687, 40.7468], [-73.96871, 40.74679], [-73.96875, 40.74674], [-73.96894, 40.74652], [-73.96897, 40.74653], [-73.96897, 40.74653], [-73.96899, 40.74651], [-73.969, 40.7465], [-73.969, 40.74649], [-73.96902, 40.74648], [-73.96902, 40.74647], [-73.96907, 40.74641], [-73.96913, 40.74634], [-73.96921, 40.74624], [-73.96923, 40.74622], [-73.96925, 40.74621], [-73.96925, 40.7462], [-73.96933, 40.7461], [-73.96933, 40.7461], [-73.96934, 40.74609], [-73.96938, 40.74604], [-73.9694, 40.74602], [-73.9694, 40.74601], [-73.96942, 40.746], [-73.96943, 40.74598], [-73.96946, 40.74594], [-73.96952, 40.74587], [-73.96955, 40.74584], [-73.9696, 40.74578], [-73.96962, 40.74575], [-73.96963, 40.74574], [-73.96969, 40.74567], [-73.9697, 40.74566], [-73.96988, 40.74544], [-73.96991, 40.74546], [-73.96991, 40.74545], [-73.96993, 40.74546], [-73.96993, 40.74547], [-73.96997, 40.7455], [-73.97005, 40.7454], [-73.97009, 40.74535], [-73.97013, 40.7453], [-73.97022, 40.7452], [-73.97034, 40.74505], [-73.97033, 40.74504], [-73.97033, 40.74502], [-73.97038, 40.74495], [-73.97044, 40.74487], [-73.97046, 40.74486], [-73.97047, 40.74487], [-73.97051, 40.74482], [-73.97057, 40.74473], [-73.97062, 40.74466], [-73.97079, 40.74441], [-73.97086, 40.74443], [-73.97088, 40.74444], [-73.97089, 40.74445], [-73.9709, 40.74445], [-73.97091, 40.74446], [-73.97092, 40.74446], [-73.97093, 40.74446], [-73.97094, 40.74447], [-73.97102, 40.74435], [-73.97112, 40.74419], [-73.97111, 40.74418], [-73.97109, 40.74418], [-73.97108, 40.74418], [-73.97106, 40.74417], [-73.97093, 40.74411], [-73.97091, 40.7441], [-73.9709, 40.7441], [-73.9709, 40.7441], [-73.97088, 40.74409], [-73.97086, 40.74408], [-73.97085, 40.74408], [-73.97084, 40.74407], [-73.97082, 40.74406], [-73.9708, 40.74405], [-73.97078, 40.74405], [-73.97078, 40.74405], [-73.97076, 40.74404], [-73.97075, 40.74403], [-73.97072, 40.74402], [-73.97071, 40.744], [-73.9707, 40.74399], [-73.97074, 40.74395], [-73.97075, 40.74395], [-73.97076, 40.74394], [-73.97079, 40.74396], [-73.9708, 40.74395], [-73.97084, 40.74397], [-73.97084, 40.74397], [-73.97087, 40.74399], [-73.97096, 40.74403], [-73.97096, 40.74402], [-73.97117, 40.74411], [-73.97118, 40.7441], [-73.97121, 40.74407], [-73.97127, 40.74396], [-73.97136, 40.74384], [-73.97123, 40.74378], [-73.97121, 40.74377], [-73.97128, 40.74365], [-73.97124, 40.74364], [-73.97121, 40.7437], [-73.9712, 40.74371], [-73.97119, 40.74371], [-73.9711, 40.74368], [-73.97109, 40.74366], [-73.97123, 40.74341], [-73.97125, 40.7434], [-73.97126, 40.7434], [-73.97127, 40.74339], [-73.97131, 40.74341], [-73.97135, 40.74342], [-73.97135, 40.74343], [-73.97136, 40.74344], [-73.97136, 40.74344], [-73.97131, 40.74352], [-73.97136, 40.74354], [-73.97149, 40.74333], [-73.97164, 40.74312], [-73.97168, 40.74305], [-73.97192, 40.74314], [-73.97199, 40.74316], [-73.97206, 40.74319], [-73.97211, 40.7432], [-73.97223, 40.74325], [-73.97351, 40.74378], [-73.97303, 40.74445], [-73.97258, 40.74507], [-73.97213, 40.74568], [-73.97203, 40.7458], [-73.97194, 40.74593], [-73.97166, 40.7463], [-73.97122, 40.74692], [-73.97274, 40.74756], [-73.97359, 40.74792], [-73.97497, 40.7485], [-73.97583, 40.74886], [-73.97538, 40.74948], [-73.97493, 40.7501], [-73.97445, 40.75077], [-73.97396, 40.75144], [-73.9735, 40.75206], [-73.97304, 40.75269], [-73.97259, 40.75332], [-73.97214, 40.75394], [-73.97168, 40.75457], [-73.97122, 40.75519], [-73.96898, 40.75425], [-73.96662, 40.75324], [-73.96666, 40.75319], [-73.96678, 40.75302], [-73.96695, 40.75278], [-73.96707, 40.75262], [-73.96702, 40.7526], [-73.96688, 40.75254], [-73.96547, 40.75194]]], [[[-73.96421, 40.7466], [-73.96427, 40.74654], [-73.96434, 40.74655], [-73.96438, 40.74649], [-73.96445, 40.74641], [-73.96458, 40.74645], [-73.96459, 40.74652], [-73.96454, 40.74656], [-73.96448, 40.74664], [-73.96437, 40.7467], [-73.96434, 40.74673], [-73.96427, 40.74675], [-73.96422, 40.74684], [-73.96416, 40.74686], [-73.96412, 40.74685], [-73.96413, 40.74681], [-73.96421, 40.74667], [-73.96421, 40.7466]]]]}}, {"type": "Feature", "properties": {"zone_id": 236, "zone": "Upper East Side North", "borough": "Manhattan", "demand": 3816}, "geometry": {"type": "Polygon", "coordinates": [[[-73.95779, 40.7736], [-73.95826, 40.77296], [-73.95986, 40.77364], [-73.96137, 40.77428], [-73.96148, 40.77432], [-73.96158, 40.77437], [-73.96309, 40.775], [-73.96469, 40.77568], [-73.96423, 40.77631], [-73.96376, 40.77695], [-73.96373, 40.77701], [-73.96323, 40.77768], [-73.96277, 40.77831], [-73.9623, 40.77895], [-73.96184, 40.77958], [-73.96137, 40.78023], [-73.96092, 40.78085], [-73.96042, 40.78153], [-73.95992, 40.78221], [-73.95947, 40.78283], [-73.959, 40.78347], [-73.95856, 40.7841], [-73.9581, 40.78472], [-73.95764, 40.78534], [-73.95717, 40.78598], [-73.95672, 40.7866], [-73.95626, 40.78722], [-73.95578, 40.78791], [-73.95416, 40.78723], [-73.95266, 40.78659], [-73.95255, 40.78655], [-73.95245, 40.7865], [-73.95093, 40.78586], [-73.94933, 40.78519], [-73.94982, 40.78451], [-73.95028, 40.78389], [-73.95074, 40.78326], [-73.9512, 40.78263], [-73.95166, 40.78201], [-73.95212, 40.78139], [-73.95257, 40.78075], [-73.95303, 40.78012], [-73.95349, 40.7795], [-73.95398, 40.77882], [-73.95448, 40.77814], [-73.95494, 40.7775], [-73.95541, 40.77687], [-73.95587, 40.77624], [-73.95633, 40.7756], [-73.9568, 40.77497], [-73.95729, 40.77428], [-73.95779, 40.7736]]]}}, {"type": "Feature", "properties": {"zone_id": 238, "zone": "Upper West Side North", "borough": "Manhattan", "demand": 3952}, "geometry": {"type": "Polygon", "coordinates": [[[-73.96884, 40.78597], [-73.96934, 40.78529], [-73.97217, 40.78649], [-73.97501, 40.78769], [-73.97639, 40.78827], [-73.9765, 40.78831], [-73.9766, 40.78835], [-73.97786, 40.78888], [-73.98036, 40.78994], [-73.98097, 40.79016], [-73.98159, 40.79038], [-73.98169, 40.79042], [-73.98177, 40.79045], [-73.98186, 40.7905], [-73.98189, 40.79052], [-73.98139, 40.79123], [-73.98129, 40.79138], [-73.98095, 40.79187], [-73.98054, 40.79246], [-73.98043, 40.79259], [-73.98013, 40.79299], [-73.98005, 40.79311], [-73.97929, 40.79418], [-73.97829, 40.79559], [-73.97779, 40.79628], [-73.97685, 40.79763], [-73.9764, 40.79827], [-73.97636, 40.79825], [-73.97583, 40.79802], [-73.97563, 40.79795], [-73.97549, 40.79789], [-73.9754, 40.79785], [-73.97521, 40.79777], [-73.97507, 40.79771], [-73.97413, 40.79734], [-73.97365, 40.79715], [-73.97226, 40.79656], [-73.97093, 40.796], [-73.97083, 40.79596], [-73.97073, 40.79592], [-73.96942, 40.79536], [-73.96987, 40.79473], [-73.96701, 40.79356], [-73.96645, 40.79331], [-73.96526, 40.7928], [-73.96418, 40.79236], [-73.96469, 40.79166], [-73.96518, 40.79099], [-73.96563, 40.79036], [-73.96609, 40.78973], [-73.96655, 40.78911], [-73.96701, 40.78848], [-73.96745, 40.78786], [-73.96793, 40.78722], [-73.96838, 40.7866], [-73.96884, 40.78597]]]}}, {"type": "Feature", "properties": {"zone_id": 246, "zone": "West Chelsea/Hudson Yards", "borough": "Manhattan", "demand": 3905}, "geometry": {"type": "Polygon", "coordinates": [[[-74.0044, 40.76267], [-74.0022, 40.76173], [-74.00179, 40.76229], [-74.00153, 40.76264], [-74.00134, 40.76221], [-74.00128, 40.76208], [-74.00115, 40.76203], [-74.00104, 40.76197], [-73.99831, 40.76082], [-73.99623, 40.75995], [-73.99547, 40.75963], [-73.99594, 40.75898], [-73.99641, 40.75834], [-73.99664, 40.75801], [-73.9968, 40.75779], [-73.99685, 40.75773], [-73.99692, 40.75764], [-73.99723, 40.75721], [-73.99731, 40.75711], [-73.99776, 40.75649], [-73.99821, 40.75587], [-73.99866, 40.75525], [-73.99914, 40.75458], [-73.99963, 40.75392], [-73.99992, 40.75352], [-74.00002, 40.75339], [-74.00053, 40.75269], [-74.00086, 40.75221], [-74.00097, 40.75205], [-74.00143, 40.75145], [-74.00188, 40.75083], [-74.00233, 40.75021], [-74.00243, 40.75007], [-74.00246, 40.75004], [-74.00278, 40.74959], [-74.00313, 40.74912], [-74.00316, 40.74908], [-74.00324, 40.74897], [-74.00368, 40.74835], [-74.00417, 40.74769], [-74.00465, 40.74702], [-74.00511, 40.7464], [-74.00553, 40.74582], [-74.00596, 40.74523], [-74.00638, 40.74465], [-74.00681, 40.74406], [-74.00697, 40.74385], [-74.00724, 40.74347], [-74.0077, 40.74283], [-74.0079, 40.74257], [-74.0082, 40.74215], [-74.0087, 40.74236], [-74.00879, 40.74237], [-74.00889, 40.74238], [-74.00902, 40.7424], [-74.00917, 40.74242], [-74.00909, 40.74289], [-74.00924, 40.7429], [-74.00924, 40.74291], [-74.00962, 40.74295], [-74.00957, 40.74326], [-74.00958, 40.74326], [-74.01212, 40.74352], [-74.01214, 40.74353], [-74.01215, 40.74356], [-74.01209, 40.7439], [-74.01207, 40.74392], [-74.01202, 40.74394], [-74.01198, 40.74394], [-74.00951, 40.74368], [-74.00949, 40.7437], [-74.00944, 40.74397], [-74.00939, 40.74397], [-74.00904, 40.74393], [-74.0089, 40.74392], [-74.0088, 40.74444], [-74.00873, 40.74486], [-74.00873, 40.74488], [-74.00894, 40.74491], [-74.00957, 40.74499], [-74.00961, 40.745], [-74.00956, 40.74529], [-74.00992, 40.74533], [-74.00993, 40.74532], [-74.00994, 40.7453], [-74.00994, 40.74527], [-74.00995, 40.74523], [-74.00996, 40.74518], [-74.00997, 40.74513], [-74.00997, 40.74509], [-74.00998, 40.74505], [-74.00999, 40.74501], [-74.01, 40.74495], [-74.00999, 40.74494], [-74.00987, 40.74493], [-74.00987, 40.74492], [-74.01017, 40.74494], [-74.01016, 40.74496], [-74.01005, 40.74495], [-74.01004, 40.74496], [-74.01002, 40.74505], [-74.01001, 40.7451], [-74.01001, 40.74513], [-74.01, 40.74518], [-74.00999, 40.74522], [-74.00998, 40.74527], [-74.00998, 40.7453], [-74.00997, 40.74532], [-74.00999, 40.74534], [-74.01047, 40.74539], [-74.01049, 40.74538], [-74.01049, 40.74535], [-74.0105, 40.74533], [-74.0105, 40.74529], [-74.01051, 40.74524], [-74.01052, 40.74519], [-74.01053, 40.74515], [-74.01053, 40.74513], [-74.01055, 40.74501], [-74.01053, 40.745], [-74.01042, 40.74499], [-74.01042, 40.74498], [-74.01076, 40.745], [-74.01076, 40.74502], [-74.01061, 40.74501], [-74.01059, 40.74502], [-74.01057, 40.74514], [-74.01056, 40.74517], [-74.01055, 40.74525], [-74.01054, 40.74532], [-74.01053, 40.74536], [-74.01053, 40.74538], [-74.01054, 40.74539], [-74.0111, 40.74545], [-74.01112, 40.74544], [-74.01112, 40.74538], [-74.01113, 40.74534], [-74.01114, 40.74529], [-74.01115, 40.74525], [-74.01116, 40.74518], [-74.01116, 40.74515], [-74.01117, 40.74508], [-74.01115, 40.74507], [-74.01104, 40.74506], [-74.01104, 40.74505], [-74.01139, 40.74507], [-74.01139, 40.74509], [-74.01123, 40.74508], [-74.01121, 40.74517], [-74.01121, 40.74519], [-74.01119, 40.74528], [-74.01118, 40.74532], [-74.01117, 40.74538], [-74.01115, 40.74545], [-74.01117, 40.74546], [-74.01174, 40.74552], [-74.01175, 40.74544], [-74.01175, 40.74542], [-74.01176, 40.74537], [-74.01177, 40.7453], [-74.01177, 40.74529], [-74.01179, 40.7452], [-74.0118, 40.74515], [-74.01178, 40.74513], [-74.01167, 40.74513], [-74.01167, 40.74511], [-74.01184, 40.74513], [-74.01177, 40.74555], [-74.01177, 40.74558], [-74.01178, 40.7456], [-74.01172, 40.74594], [-74.01171, 40.74596], [-74.01168, 40.74598], [-74.01163, 40.74598], [-74.01055, 40.74587], [-74.01055, 40.7459], [-74.01013, 40.74586], [-74.01013, 40.74584], [-74.00995, 40.74582], [-74.00995, 40.7458], [-74.00946, 40.74575], [-74.00945, 40.74582], [-74.00944, 40.74588], [-74.00944, 40.74592], [-74.00942, 40.74598], [-74.00942, 40.74601], [-74.00941, 40.74608], [-74.0094, 40.74611], [-74.00939, 40.74618], [-74.00939, 40.74621], [-74.00938, 40.74624], [-74.00938, 40.74626], [-74.00937, 40.74634], [-74.01153, 40.74657], [-74.01156, 40.74659], [-74.01159, 40.74661], [-74.01158, 40.74664], [-74.01153, 40.74697], [-74.0115, 40.74699], [-74.01148, 40.747], [-74.01144, 40.74699], [-74.00924, 40.74676], [-74.00914, 40.74736], [-74.00956, 40.7474], [-74.00956, 40.74739], [-74.00957, 40.74739], [-74.00957, 40.74737], [-74.00955, 40.74737], [-74.00955, 40.74734], [-74.00996, 40.74738], [-74.00996, 40.74741], [-74.00991, 40.74741], [-74.0099, 40.74744], [-74.01136, 40.74759], [-74.01139, 40.74761], [-74.01141, 40.74763], [-74.01135, 40.74798], [-74.01133, 40.748], [-74.0113, 40.74801], [-74.01127, 40.74801], [-74.00906, 40.74779], [-74.00895, 40.74841], [-74.00898, 40.74841], [-74.00898, 40.7484], [-74.00907, 40.74841], [-74.00907, 40.74839], [-74.00941, 40.74843], [-74.00942, 40.74844], [-74.00952, 40.74845], [-74.00952, 40.74847], [-74.01117, 40.74864], [-74.01119, 40.74866], [-74.01122, 40.74868], [-74.01122, 40.7487], [-74.01115, 40.74903], [-74.01113, 40.74904], [-74.01111, 40.74905], [-74.01108, 40.74905], [-74.00995, 40.74893], [-74.00956, 40.74993], [-74.00972, 40.74997], [-74.00973, 40.74996], [-74.01007, 40.75007], [-74.0105, 40.75021], [-74.01075, 40.75029], [-74.01081, 40.75032], [-74.01076, 40.75041], [-74.0107, 40.75039], [-74.01049, 40.75033], [-74.00968, 40.75006], [-74.00969, 40.75004], [-74.00954, 40.75], [-74.00952, 40.75011], [-74.00947, 40.75008], [-74.00948, 40.75007], [-74.00925, 40.74998], [-74.00912, 40.75033], [-74.009, 40.75065], [-74.00871, 40.75143], [-74.00873, 40.75147], [-74.00867, 40.75163], [-74.00862, 40.75165], [-74.00853, 40.75188], [-74.00876, 40.75195], [-74.00914, 40.7521], [-74.00913, 40.75212], [-74.00875, 40.75196], [-74.00865, 40.75194], [-74.00864, 40.75196], [-74.00897, 40.75208], [-74.00896, 40.75209], [-74.00904, 40.75212], [-74.00905, 40.75212], [-74.00911, 40.75214], [-74.00911, 40.75214], [-74.00906, 40.75221], [-74.009, 40.75219], [-74.00901, 40.75218], [-74.00893, 40.75214], [-74.00891, 40.75216], [-74.00867, 40.75206], [-74.00859, 40.75203], [-74.00858, 40.75204], [-74.00866, 40.75207], [-74.00934, 40.75236], [-74.00933, 40.75237], [-74.00848, 40.75202], [-74.00843, 40.75216], [-74.00882, 40.75232], [-74.0088, 40.75234], [-74.00884, 40.75236], [-74.00885, 40.75234], [-74.00987, 40.75276], [-74.00985, 40.75278], [-74.00989, 40.7528], [-74.00991, 40.75278], [-74.00999, 40.75282], [-74.00992, 40.75291], [-74.00997, 40.75293], [-74.00992, 40.753], [-74.00979, 40.75295], [-74.00989, 40.75281], [-74.00984, 40.75279], [-74.00983, 40.7528], [-74.00883, 40.75238], [-74.00884, 40.75237], [-74.00879, 40.75235], [-74.00869, 40.75249], [-74.00835, 40.75235], [-74.00801, 40.75326], [-74.0079, 40.75354], [-74.00774, 40.75397], [-74.00762, 40.75428], [-74.00774, 40.75434], [-74.0076, 40.75453], [-74.00747, 40.75448], [-74.00729, 40.75472], [-74.00728, 40.75474], [-74.00741, 40.75479], [-74.00727, 40.75499], [-74.00714, 40.75493], [-74.00696, 40.75518], [-74.00681, 40.75539], [-74.0067, 40.75553], [-74.00657, 40.75572], [-74.00621, 40.75622], [-74.0061, 40.75637], [-74.00595, 40.75658], [-74.00591, 40.75664], [-74.0058, 40.7568], [-74.00542, 40.75732], [-74.00521, 40.75723], [-74.0048, 40.75781], [-74.00497, 40.75788], [-74.00528, 40.75803], [-74.00503, 40.75836], [-74.00696, 40.75916], [-74.00699, 40.75918], [-74.00701, 40.7592], [-74.007, 40.75923], [-74.00653, 40.75987], [-74.00651, 40.75989], [-74.00648, 40.75989], [-74.00644, 40.75989], [-74.00631, 40.75984], [-74.0045, 40.75908], [-74.00421, 40.7595], [-74.00391, 40.75938], [-74.00381, 40.75951], [-74.00408, 40.75963], [-74.00425, 40.7597], [-74.0042, 40.75976], [-74.00415, 40.75984], [-74.00424, 40.75989], [-74.00426, 40.75987], [-74.00432, 40.75991], [-74.00427, 40.75996], [-74.00421, 40.75992], [-74.00422, 40.75991], [-74.00413, 40.75986], [-74.00411, 40.75989], [-74.00367, 40.75971], [-74.00357, 40.75985], [-74.00393, 40.76], [-74.00383, 40.76013], [-74.00359, 40.76045], [-74.00338, 40.76073], [-74.00313, 40.76108], [-74.00279, 40.76093], [-74.00234, 40.76154], [-74.00454, 40.76249], [-74.00456, 40.76251], [-74.00456, 40.76252], [-74.00445, 40.76266], [-74.00443, 40.76268], [-74.0044, 40.76267]]]}}, {"type": "Feature", "properties": {"zone_id": 262, "zone": "Yorkville East", "borough": "Manhattan", "demand": 2067}, "geometry": {"type": "MultiPolygon", "coordinates": [[[[-73.94383, 40.78286], [-73.94376, 40.78283], [-73.94361, 40.78286], [-73.94354, 40.78288], [-73.94365, 40.78266], [-73.94388, 40.78153], [-73.94387, 40.78127], [-73.94371, 40.78063], [-73.9436, 40.78016], [-73.94321, 40.77932], [-73.943, 40.77964], [-73.94278, 40.77951], [-73.94272, 40.77954], [-73.94263, 40.77932], [-73.94271, 40.77921], [-73.94254, 40.77909], [-73.94289, 40.77861], [-73.94266, 40.77812], [-73.94246, 40.77741], [-73.94244, 40.77731], [-73.94233, 40.77724], [-73.94236, 40.77716], [-73.9423, 40.77714], [-73.94225, 40.77712], [-73.9422, 40.77709], [-73.94216, 40.77705], [-73.94212, 40.77701], [-73.94209, 40.77696], [-73.94207, 40.77692], [-73.942, 40.77618], [-73.94208, 40.77596], [-73.9424, 40.77573], [-73.94259, 40.77522], [-73.94293, 40.77468], [-73.94334, 40.77421], [-73.94366, 40.77384], [-73.94396, 40.77353], [-73.94442, 40.77304], [-73.94488, 40.77257], [-73.94561, 40.77194], [-73.9464, 40.77127], [-73.94691, 40.77073], [-73.94749, 40.77011], [-73.94752, 40.77013], [-73.94761, 40.77017], [-73.94767, 40.77019], [-73.94772, 40.77022], [-73.94779, 40.77025], [-73.94807, 40.77039], [-73.95044, 40.77139], [-73.95268, 40.77234], [-73.95219, 40.77302], [-73.95182, 40.77353], [-73.95172, 40.77366], [-73.95126, 40.77429], [-73.9508, 40.77493], [-73.95034, 40.77556], [-73.94987, 40.7762], [-73.94937, 40.77688], [-73.94888, 40.77755], [-73.94842, 40.77818], [-73.94797, 40.77881], [-73.94751, 40.77944], [-73.94705, 40.78006], [-73.94659, 40.78069], [-73.94648, 40.78084], [-73.94642, 40.78092], [-73.94631, 40.78108], [-73.9462, 40.78123], [-73.94613, 40.78132], [-73.94588, 40.78166], [-73.94574, 40.78185], [-73.94567, 40.78195], [-73.94537, 40.78236], [-73.94525, 40.78252], [-73.94521, 40.78257], [-73.94472, 40.78325], [-73.94465, 40.78322], [-73.94405, 40.78296], [-73.94395, 40.78291], [-73.94389, 40.78289], [-73.94383, 40.78286]]], [[[-73.93805, 40.78083], [-73.9379, 40.78075], [-73.93779, 40.78078], [-73.9378, 40.78103], [-73.93765, 40.781], [-73.93765, 40.78079], [-73.9376, 40.78047], [-73.93779, 40.78036], [-73.93824, 40.78026], [-73.9384, 40.78026], [-73.93861, 40.78034], [-73.93924, 40.77973], [-73.93932, 40.77972], [-73.93953, 40.77953], [-73.93958, 40.77958], [-73.93943, 40.77981], [-73.93949, 40.77987], [-73.93937, 40.77998], [-73.93931, 40.77995], [-73.93922, 40.78001], [-73.93873, 40.78051], [-73.93884, 40.7806], [-73.93883, 40.78076], [-73.93874, 40.78104], [-73.9383, 40.78136], [-73.93808, 40.78142], [-73.93797, 40.78129], [-73.93805, 40.78106], [-73.93807, 40.78094], [-73.93805, 40.78083]]]]}}]}