{"type": "FeatureCollection", "features": [{"type": "Feature", "properties": {"zone_id": 2, "zone": "Jamaica Bay", "borough": "Queens", "demand": 0}, "geometry": {"type": "MultiPolygon", "coordinates": [[[[-73.82338, 40.63899], [-73.82277, 40.63558], [-73.82265, 40.63537], [-73.82254, 40.63516], [-73.82243, 40.63494], [-73.82234, 40.63473], [-73.82225, 40.63451], [-73.82217, 40.63429], [-73.8221, 40.63407], [-73.82204, 40.63385], [-73.82198, 40.63363], [-73.82194, 40.6334], [-73.8219, 40.63318], [-73.82187, 40.63295], [-73.82185, 40.63272], [-73.82184, 40.63249], [-73.82184, 40.63227], [-73.82185, 40.63204], [-73.82108, 40.62973], [-73.82081, 40.62939], [-73.82059, 40.62892], [-73.82022, 40.62844], [-73.82008, 40.62826], [-73.82, 40.62805], [-73.81991, 40.62784], [-73.81973, 40.62771], [-73.81948, 40.62763], [-73.81796, 40.6271], [-73.81801, 40.62648], [-73.8177, 40.62596], [-73.81711, 40.62538], [-73.81612, 40.6246], [-73.81609, 40.62431], [-73.81664, 40.62393], [-73.81673, 40.62387], [-73.81795, 40.62409], [-73.81892, 40.62309], [-73.81889, 40.62263], [-73.81825, 40.62209], [-73.81779, 40.62194], [-73.81779, 40.62163], [-73.81697, 40.62149], [-73.81691, 40.62187], [-73.81653, 40.622], [-73.81571, 40.62149], [-73.81557, 40.62073], [-73.81543, 40.62012], [-73.81639, 40.61962], [-73.81682, 40.61946], [-73.81718, 40.61927], [-73.81744, 40.61891], [-73.81745, 40.61811], [-73.81765, 40.61761], [-73.81777, 40.6175], [-73.81776, 40.61731], [-73.8176, 40.61698], [-73.81752, 40.6164], [-73.81717, 40.61584], [-73.81712, 40.61528], [-73.81653, 40.61495], [-73.81769, 40.61493], [-73.82076, 40.61523], [-73.82142, 40.61505], [-73.82157, 40.61491], [-73.82164, 40.61487], [-73.8217, 40.61482], [-73.82177, 40.61477], [-73.82235, 40.61426], [-73.8238, 40.61213], [-73.82382, 40.6115], [-73.82397, 40.61192], [-73.82404, 40.61213], [-73.8241, 40.61232], [-73.82424, 40.61251], [-73.82432, 40.61259], [-73.82439, 40.61255], [-73.82436, 40.61244], [-73.82445, 40.61234], [-73.82458, 40.6124], [-73.82467, 40.61242], [-73.82474, 40.61255], [-73.82461, 40.61291], [-73.82469, 40.61308], [-73.82491, 40.61327], [-73.82521, 40.61349], [-73.82526, 40.61376], [-73.8254, 40.61388], [-73.82556, 40.61413], [-73.82575, 40.61419], [-73.82594, 40.61416], [-73.82609, 40.61408], [-73.8262, 40.614], [-73.8262, 40.61389], [-73.82635, 40.61379], [-73.82663, 40.61375], [-73.82673, 40.61366], [-73.82704, 40.61339], [-73.82715, 40.61338], [-73.82726, 40.61338], [-73.82737, 40.61342], [-73.82747, 40.61355], [-73.82748, 40.61356], [-73.82758, 40.61367], [-73.82767, 40.61362], [-73.82773, 40.6136], [-73.82788, 40.6137], [-73.8277, 40.61388], [-73.82758, 40.61394], [-73.82732, 40.61399], [-73.82724, 40.61406], [-73.8275, 40.6142], [-73.82774, 40.61423], [-73.82808, 40.6142], [-73.82846, 40.61422], [-73.829, 40.61436], [-73.82933, 40.61452], [-73.82964, 40.61464], [-73.8301, 40.6148], [-73.83055, 40.61493], [-73.83092, 40.615], [-73.83148, 40.61501], [-73.8317, 40.61496], [-73.83203, 40.6149], [-73.83246, 40.61471], [-73.83331, 40.61449], [-73.83402, 40.61438], [-73.83406, 40.61436], [-73.83407, 40.61436], [-73.83411, 40.61436], [-73.83418, 40.61436], [-73.83434, 40.61436], [-73.83446, 40.61439], [-73.8346, 40.61441], [-73.83472, 40.61445], [-73.83484, 40.61447], [-73.8349, 40.61447], [-73.83496, 40.61447], [-73.83501, 40.61449], [-73.83504, 40.61451], [-73.83507, 40.61452], [-73.83512, 40.61454], [-73.83517, 40.61455], [-73.83521, 40.61454], [-73.83526, 40.61455], [-73.83532, 40.61457], [-73.83539, 40.6146], [-73.83542, 40.61461], [-73.83545, 40.61463], [-73.83547, 40.61466], [-73.83548, 40.61469], [-73.83546, 40.61471], [-73.83544, 40.61473], [-73.83543, 40.61475], [-73.83543, 40.61477], [-73.83543, 40.61477], [-73.83547, 40.61487], [-73.83552, 40.61495], [-73.83559, 40.61503], [-73.83566, 40.6151], [-73.83575, 40.61516], [-73.83579, 40.61518], [-73.83586, 40.61521], [-73.8359, 40.61522], [-73.83599, 40.61523], [-73.83605, 40.61523], [-73.8361, 40.61523], [-73.83615, 40.61522], [-73.8362, 40.6152], [-73.83622, 40.61518], [-73.83622, 40.61517], [-73.83621, 40.61516], [-73.83615, 40.61514], [-73.83614, 40.61513], [-73.83615, 40.61512], [-73.83619, 40.61511], [-73.83623, 40.61513], [-73.83626, 40.61514], [-73.83627, 40.61514], [-73.8363, 40.61513], [-73.83632, 40.61512], [-73.83634, 40.61512], [-73.83634, 40.61513], [-73.8363, 40.61516], [-73.83626, 40.61518], [-73.83626, 40.61519], [-73.83626, 40.6152], [-73.83628, 40.61523], [-73.83632, 40.61525], [-73.83638, 40.61528], [-73.83642, 40.61529], [-73.83647, 40.6153], [-73.83651, 40.6153], [-73.83655, 40.61529], [-73.83659, 40.61527], [-73.83661, 40.61524], [-73.8366, 40.61521], [-73.83659, 40.61518], [-73.83661, 40.61515], [-73.83664, 40.61514], [-73.83667, 40.61515], [-73.83674, 40.61517], [-73.83679, 40.61521], [-73.83685, 40.61525], [-73.83686, 40.61527], [-73.83689, 40.61529], [-73.83692, 40.61529], [-73.83698, 40.61529], [-73.83703, 40.6153], [-73.83707, 40.6153], [-73.83712, 40.61531], [-73.83718, 40.61532], [-73.83722, 40.61534], [-73.83725, 40.61535], [-73.83727, 40.61535], [-73.83726, 40.61534], [-73.83728, 40.61533], [-73.8373, 40.61534], [-73.83733, 40.61536], [-73.83737, 40.6154], [-73.83739, 40.61541], [-73.83742, 40.61542], [-73.83747, 40.61541], [-73.83751, 40.61543], [-73.83753, 40.61545], [-73.83757, 40.61548], [-73.83761, 40.61549], [-73.83771, 40.6155], [-73.83774, 40.61551], [-73.83777, 40.61552], [-73.83779, 40.61554], [-73.83779, 40.61556], [-73.83779, 40.6156], [-73.83776, 40.61564], [-73.83773, 40.61569], [-73.83771, 40.6157], [-73.83768, 40.61572], [-73.83762, 40.61574], [-73.8375, 40.61576], [-73.83742, 40.61576], [-73.8373, 40.61577], [-73.83725, 40.61579], [-73.83722, 40.61581], [-73.83717, 40.61585], [-73.83705, 40.61599], [-73.83701, 40.61604], [-73.83696, 40.61611], [-73.83691, 40.61615], [-73.83688, 40.61616], [-73.83682, 40.61615], [-73.83675, 40.61613], [-73.83661, 40.61611], [-73.83656, 40.61611], [-73.83653, 40.61612], [-73.83647, 40.61616], [-73.83644, 40.61617], [-73.83634, 40.61624], [-73.83621, 40.61634], [-73.83615, 40.61639], [-73.83594, 40.61654], [-73.83575, 40.61672], [-73.83559, 40.61688], [-73.83554, 40.61693], [-73.83543, 40.61706], [-73.83527, 40.61725], [-73.8352, 40.61735], [-73.83516, 40.61742], [-73.83511, 40.6175], [-73.83507, 40.61755], [-73.83503, 40.61762], [-73.83498, 40.61774], [-73.83496, 40.61778], [-73.83495, 40.61783], [-73.83494, 40.61789], [-73.83495, 40.61792], [-73.83496, 40.61794], [-73.83497, 40.61796], [-73.83497, 40.61796], [-73.83498, 40.61797], [-73.83501, 40.61796], [-73.83505, 40.61796], [-73.83508, 40.61796], [-73.83511, 40.61797], [-73.83515, 40.61799], [-73.83516, 40.61801], [-73.83517, 40.61804], [-73.83516, 40.61806], [-73.83515, 40.61807], [-73.83513, 40.61808], [-73.83511, 40.61808], [-73.83508, 40.61808], [-73.83505, 40.61808], [-73.83503, 40.61811], [-73.83502, 40.61813], [-73.835, 40.61817], [-73.835, 40.61821], [-73.83499, 40.61827], [-73.83497, 40.61831], [-73.83497, 40.61838], [-73.83496, 40.61847], [-73.83496, 40.61853], [-73.83498, 40.61859], [-73.83503, 40.61865], [-73.83509, 40.6187], [-73.83512, 40.61873], [-73.83515, 40.61874], [-73.83517, 40.61874], [-73.83521, 40.61871], [-73.83521, 40.61871], [-73.83526, 40.6187], [-73.83532, 40.6187], [-73.83534, 40.6187], [-73.83536, 40.61871], [-73.83536, 40.61873], [-73.83534, 40.61875], [-73.83533, 40.61877], [-73.83534, 40.61879], [-73.83536, 40.61883], [-73.83539, 40.61886], [-73.83541, 40.61887], [-73.83544, 40.61889], [-73.83546, 40.61893], [-73.83549, 40.61901], [-73.8355, 40.61911], [-73.83549, 40.6192], [-73.8355, 40.61927], [-73.8355, 40.6193], [-73.8355, 40.61932], [-73.83552, 40.61938], [-73.83555, 40.61943], [-73.83557, 40.61945], [-73.83561, 40.61947], [-73.83566, 40.6195], [-73.83571, 40.61954], [-73.83573, 40.61955], [-73.83575, 40.61957], [-73.83575, 40.61961], [-73.83573, 40.61966], [-73.83571, 40.6197], [-73.83571, 40.61973], [-73.83567, 40.61976], [-73.83565, 40.61979], [-73.83564, 40.61981], [-73.83561, 40.61983], [-73.83556, 40.61986], [-73.83555, 40.61989], [-73.83554, 40.61991], [-73.83553, 40.61994], [-73.83551, 40.61996], [-73.83549, 40.61996], [-73.83538, 40.61994], [-73.83532, 40.61994], [-73.83527, 40.61995], [-73.83523, 40.61996], [-73.83521, 40.61995], [-73.8352, 40.61994], [-73.83515, 40.6199], [-73.83512, 40.61989], [-73.83508, 40.61989], [-73.83505, 40.61989], [-73.83501, 40.61988], [-73.83499, 40.61987], [-73.83496, 40.61984], [-73.83496, 40.61982], [-73.83496, 40.61982], [-73.83496, 40.61981], [-73.83496, 40.61981], [-73.83495, 40.61981], [-73.83495, 40.6198], [-73.83495, 40.6198], [-73.83495, 40.61979], [-73.83495, 40.61979], [-73.83495, 40.61979], [-73.83495, 40.61979], [-73.83495, 40.61978], [-73.83495, 40.61978], [-73.83495, 40.61978], [-73.83495, 40.61978], [-73.83495, 40.61977], [-73.83496, 40.61977], [-73.83496, 40.61977], [-73.83496, 40.61976], [-73.83496, 40.61976], [-73.83496, 40.61976], [-73.83496, 40.61976], [-73.83496, 40.61976], [-73.83496, 40.61975], [-73.83496, 40.61975], [-73.83497, 40.61975], [-73.83497, 40.61974], [-73.83497, 40.61974], [-73.83497, 40.61974], [-73.83497, 40.61974], [-73.83497, 40.61974], [-73.83498, 40.61974], [-73.83498, 40.61973], [-73.83498, 40.61973], [-73.83498, 40.61973], [-73.83498, 40.61973], [-73.83499, 40.61972], [-73.83499, 40.61972], [-73.83499, 40.61972], [-73.83499, 40.61972], [-73.83499, 40.61972], [-73.83499, 40.61972], [-73.83499, 40.61972], [-73.835, 40.61971], [-73.835, 40.61971], [-73.835, 40.61971], [-73.835, 40.61971], [-73.835, 40.61971], [-73.83501, 40.61971], [-73.83501, 40.6197], [-73.83501, 40.6197], [-73.83501, 40.6197], [-73.83501, 40.6197], [-73.83501, 40.6197], [-73.83502, 40.61969], [-73.83503, 40.61968], [-73.83503, 40.61968], [-73.83504, 40.61968], [-73.83504, 40.61967], [-73.83504, 40.61967], [-73.83505, 40.61967], [-73.83505, 40.61967], [-73.83505, 40.61967], [-73.83505, 40.61966], [-73.83505, 40.61966], [-73.83506, 40.61966], [-73.83506, 40.61966], [-73.83506, 40.61965], [-73.83506, 40.61965], [-73.83507, 40.61965], [-73.83508, 40.61965], [-73.83508, 40.61964], [-73.83508, 40.61964], [-73.83509, 40.61964], [-73.83509, 40.61963], [-73.8351, 40.61963], [-73.83511, 40.61963], [-73.83511, 40.61962], [-73.83511, 40.61962], [-73.83512, 40.61962], [-73.83512, 40.61962], [-73.83512, 40.61961], [-73.83512, 40.61961], [-73.83513, 40.61961], [-73.83513, 40.61961], [-73.83513, 40.6196], [-73.83513, 40.6196], [-73.83513, 40.61959], [-73.83514, 40.61959], [-73.83514, 40.61958], [-73.83514, 40.61957], [-73.83515, 40.61957], [-73.83515, 40.61957], [-73.83515, 40.61956], [-73.83515, 40.61956], [-73.83515, 40.61956], [-73.83515, 40.61956], [-73.83515, 40.61955], [-73.83515, 40.61955], [-73.83515, 40.61955], [-73.83515, 40.61954], [-73.83515, 40.61954], [-73.83515, 40.61954], [-73.83515, 40.61954], [-73.83515, 40.61953], [-73.83515, 40.61953], [-73.83515, 40.61953], [-73.83514, 40.61953], [-73.83514, 40.61952], [-73.83514, 40.61952], [-73.83514, 40.61952], [-73.83514, 40.61952], [-73.83513, 40.61951], [-73.83513, 40.61951], [-73.83513, 40.61951], [-73.83513, 40.61951], [-73.83513, 40.61951], [-73.83512, 40.6195], [-73.83512, 40.6195], [-73.83511, 40.6195], [-73.83511, 40.6195], [-73.83511, 40.6195], [-73.83511, 40.6195], [-73.8351, 40.6195], [-73.8351, 40.6195], [-73.8351, 40.6195], [-73.8351, 40.6195], [-73.83509, 40.6195], [-73.83508, 40.6195], [-73.83508, 40.6195], [-73.83508, 40.6195], [-73.83507, 40.6195], [-73.83507, 40.61951], [-73.83507, 40.61951], [-73.83507, 40.61951], [-73.83506, 40.61951], [-73.83506, 40.61951], [-73.83506, 40.61951], [-73.83506, 40.61951], [-73.83506, 40.61951], [-73.83505, 40.61951], [-73.83505, 40.61951], [-73.83505, 40.61951], [-73.83505, 40.61952], [-73.83505, 40.61952], [-73.83505, 40.61952], [-73.83503, 40.61953], [-73.83502, 40.61955], [-73.83502, 40.61955], [-73.83502, 40.61955], [-73.83502, 40.61955], [-73.83502, 40.61955], [-73.83501, 40.61955], [-73.83501, 40.61955], [-73.83501, 40.61955], [-73.83501, 40.61955], [-73.83501, 40.61955], [-73.83501, 40.61955], [-73.83501, 40.61956], [-73.83501, 40.61956], [-73.835, 40.61956], [-73.835, 40.61956], [-73.835, 40.61957], [-73.83499, 40.61957], [-73.83499, 40.61957], [-73.83499, 40.61957], [-73.83498, 40.61958], [-73.83498, 40.61958], [-73.83497, 40.61958], [-73.83497, 40.61958], [-73.83497, 40.61958], [-73.83497, 40.61959], [-73.83496, 40.61959], [-73.83496, 40.61959], [-73.83495, 40.61959], [-73.83495, 40.6196], [-73.83494, 40.6196], [-73.83494, 40.6196], [-73.83494, 40.6196], [-73.83494, 40.6196], [-73.83493, 40.6196], [-73.83493, 40.6196], [-73.83493, 40.6196], [-73.83493, 40.6196], [-73.83492, 40.6196], [-73.83491, 40.6196], [-73.8349, 40.6196], [-73.8349, 40.6196], [-73.8349, 40.6196], [-73.8349, 40.6196], [-73.8349, 40.6196], [-73.8349, 40.6196], [-73.8349, 40.6196], [-73.8349, 40.6196], [-73.8349, 40.6196], [-73.83489, 40.6196], [-73.83489, 40.61961], [-73.83489, 40.61961], [-73.83489, 40.61961], [-73.83489, 40.61961], [-73.83489, 40.61961], [-73.83489, 40.61961], [-73.83489, 40.61961], [-73.83489, 40.61961], [-73.83489, 40.61961], [-73.83489, 40.61961], [-73.83489, 40.61961], [-73.83489, 40.61961], [-73.83488, 40.61961], [-73.83488, 40.61961], [-73.83488, 40.61962], [-73.83488, 40.61962], [-73.83488, 40.61962], [-73.83488, 40.61962], [-73.83488, 40.61962], [-73.83488, 40.61963], [-73.83488, 40.61963], [-73.83487, 40.61963], [-73.83487, 40.61963], [-73.83487, 40.61963], [-73.83487, 40.61964], [-73.83487, 40.61964], [-73.83487, 40.61964], [-73.83487, 40.61964], [-73.83487, 40.61966], [-73.83487, 40.61966], [-73.83487, 40.61966], [-73.83487, 40.61967], [-73.83487, 40.61967], [-73.83487, 40.61967], [-73.83487, 40.61967], [-73.83487, 40.61968], [-73.83487, 40.61968], [-73.83487, 40.61968], [-73.83487, 40.61968], [-73.83487, 40.61968], [-73.83487, 40.61969], [-73.83487, 40.61969], [-73.83487, 40.61969], [-73.83487, 40.6197], [-73.83487, 40.6197], [-73.83487, 40.6197], [-73.83488, 40.6197], [-73.83488, 40.61971], [-73.83488, 40.61971], [-73.83488, 40.61971], [-73.83488, 40.61971], [-73.83488, 40.61971], [-73.83488, 40.61972], [-73.83488, 40.61972], [-73.83488, 40.61972], [-73.83488, 40.61972], [-73.83488, 40.61972], [-73.83488, 40.61972], [-73.83488, 40.61973], [-73.83488, 40.61973], [-73.83488, 40.61973], [-73.83488, 40.61973], [-73.83488, 40.61973], [-73.83488, 40.61974], [-73.83488, 40.61974], [-73.83487, 40.61974], [-73.83487, 40.61975], [-73.83487, 40.61975], [-73.83486, 40.61976], [-73.83485, 40.61976], [-73.83485, 40.61976], [-73.83485, 40.61976], [-73.83485, 40.61976], [-73.83485, 40.61976], [-73.83485, 40.61977], [-73.83484, 40.61977], [-73.83484, 40.61977], [-73.83484, 40.61977], [-73.83484, 40.61977], [-73.83484, 40.61977], [-73.83483, 40.61977], [-73.83483, 40.61977], [-73.83483, 40.61978], [-73.83482, 40.61978], [-73.83482, 40.61978], [-73.83482, 40.61978], [-73.83482, 40.61978], [-73.83482, 40.61978], [-73.83481, 40.61979], [-73.83481, 40.61979], [-73.8348, 40.61979], [-73.8348, 40.61979], [-73.8348, 40.61979], [-73.83479, 40.6198], [-73.83478, 40.61982], [-73.83478, 40.61982], [-73.83478, 40.61982], [-73.83478, 40.61983], [-73.83478, 40.61983], [-73.83477, 40.61983], [-73.83477, 40.61983], [-73.83477, 40.61984], [-73.83477, 40.61984], [-73.83477, 40.61985], [-73.83478, 40.61987], [-73.83478, 40.61988], [-73.83478, 40.61988], [-73.83478, 40.61989], [-73.83478, 40.6199], [-73.83478, 40.6199], [-73.83478, 40.6199], [-73.83479, 40.61991], [-73.83479, 40.61991], [-73.83479, 40.61992], [-73.83479, 40.61992], [-73.8348, 40.61992], [-73.8348, 40.61992], [-73.8348, 40.61992], [-73.8348, 40.61993], [-73.8348, 40.61993], [-73.83481, 40.61993], [-73.83481, 40.61993], [-73.83481, 40.61994], [-73.83481, 40.61994], [-73.83482, 40.61994], [-73.83482, 40.61994], [-73.83482, 40.61995], [-73.83482, 40.61995], [-73.83483, 40.61995], [-73.83483, 40.61995], [-73.83483, 40.61996], [-73.83484, 40.61996], [-73.83484, 40.61996], [-73.83484, 40.61996], [-73.83485, 40.61996], [-73.83485, 40.61997], [-73.83485, 40.61997], [-73.83485, 40.61997], [-73.83486, 40.61997], [-73.83486, 40.61997], [-73.83487, 40.61998], [-73.83487, 40.61998], [-73.83488, 40.61998], [-73.83488, 40.61998], [-73.83489, 40.61999], [-73.83489, 40.61999], [-73.83489, 40.61999], [-73.8349, 40.61999], [-73.8349, 40.61999], [-73.83491, 40.61999], [-73.83491, 40.62], [-73.83492, 40.62], [-73.83492, 40.62], [-73.83492, 40.62], [-73.83493, 40.62], [-73.83493, 40.62], [-73.83495, 40.62001], [-73.83495, 40.62001], [-73.83495, 40.62001], [-73.83495, 40.62001], [-73.83496, 40.62001], [-73.83497, 40.62001], [-73.83497, 40.62001], [-73.83498, 40.62001], [-73.83498, 40.62001], [-73.83499, 40.62001], [-73.835, 40.62001], [-73.83504, 40.62003], [-73.83506, 40.62003], [-73.83511, 40.62006], [-73.83515, 40.62009], [-73.83519, 40.62012], [-73.83521, 40.62013], [-73.83525, 40.62013], [-73.83528, 40.62013], [-73.8353, 40.62014], [-73.83531, 40.62014], [-73.83531, 40.62015], [-73.83526, 40.62018], [-73.83523, 40.6202], [-73.83518, 40.62023], [-73.83511, 40.62026], [-73.83506, 40.6203], [-73.83502, 40.62033], [-73.83498, 40.62038], [-73.83494, 40.62043], [-73.83487, 40.62075], [-73.83499, 40.62101], [-73.83498, 40.62102], [-73.83493, 40.62103], [-73.83488, 40.62103], [-73.83484, 40.62107], [-73.8348, 40.62113], [-73.83479, 40.62117], [-73.83477, 40.62121], [-73.83475, 40.62126], [-73.83477, 40.62129], [-73.83481, 40.62133], [-73.83486, 40.62137], [-73.83488, 40.62139], [-73.83487, 40.62141], [-73.83486, 40.62145], [-73.83485, 40.62147], [-73.83486, 40.62151], [-73.83486, 40.62153], [-73.83484, 40.62154], [-73.83481, 40.62155], [-73.83478, 40.62157], [-73.83475, 40.62159], [-73.83475, 40.62163], [-73.83477, 40.62167], [-73.8348, 40.6217], [-73.8348, 40.62175], [-73.83479, 40.62178], [-73.83475, 40.62182], [-73.83471, 40.62185], [-73.83467, 40.6219], [-73.83465, 40.62195], [-73.83465, 40.622], [-73.83467, 40.62205], [-73.83469, 40.62208], [-73.83473, 40.62211], [-73.83476, 40.62215], [-73.83476, 40.62218], [-73.83476, 40.62221], [-73.83478, 40.62223], [-73.83482, 40.62225], [-73.83486, 40.62227], [-73.83488, 40.6223], [-73.83488, 40.62232], [-73.83486, 40.62235], [-73.83484, 40.62238], [-73.83485, 40.62243], [-73.8349, 40.62246], [-73.83497, 40.62253], [-73.83497, 40.62257], [-73.83497, 40.62259], [-73.83498, 40.62263], [-73.835, 40.62265], [-73.83502, 40.62267], [-73.83502, 40.62268], [-73.83501, 40.62269], [-73.83499, 40.62269], [-73.83535, 40.6237], [-73.83514, 40.62549], [-73.83342, 40.62678], [-73.83464, 40.62743], [-73.83304, 40.62826], [-73.83287, 40.62841], [-73.83287, 40.62849], [-73.83288, 40.62859], [-73.83289, 40.62866], [-73.8329, 40.6289], [-73.83269, 40.62901], [-73.83266, 40.62902], [-73.83236, 40.62914], [-73.83219, 40.62938], [-73.83196, 40.62965], [-73.83189, 40.63003], [-73.83183, 40.63032], [-73.8319, 40.63057], [-73.83171, 40.63126], [-73.83166, 40.63143], [-73.83161, 40.63159], [-73.83154, 40.63175], [-73.83147, 40.63191], [-73.83139, 40.63207], [-73.8313, 40.63222], [-73.8312, 40.63237], [-73.83117, 40.63247], [-73.83115, 40.63256], [-73.83114, 40.63265], [-73.83114, 40.63275], [-73.83115, 40.63284], [-73.83116, 40.63294], [-73.83118, 40.63303], [-73.83121, 40.63312], [-73.83125, 40.63321], [-73.83129, 40.63342], [-73.83133, 40.63362], [-73.83155, 40.63384], [-73.83168, 40.63398], [-73.83194, 40.63424], [-73.83191, 40.63458], [-73.83191, 40.63464], [-73.83196, 40.63498], [-73.83212, 40.63512], [-73.83231, 40.6353], [-73.83249, 40.63558], [-73.83246, 40.63579], [-73.83264, 40.63633], [-73.83291, 40.63693], [-73.83309, 40.63744], [-73.83341, 40.6385], [-73.83295, 40.63882], [-73.8329, 40.63886], [-73.83281, 40.63888], [-73.83222, 40.63893], [-73.82938, 40.63707], [-73.82867, 40.63661], [-73.82809, 40.63588], [-73.82706, 40.63581], [-73.82666, 40.63581], [-73.82651, 40.63578], [-73.82636, 40.63576], [-73.82622, 40.63575], [-73.82607, 40.63575], [-73.82592, 40.63575], [-73.82577, 40.63576], [-73.82562, 40.63577], [-73.82547, 40.63579], [-73.82533, 40.63582], [-73.82519, 40.63586], [-73.82505, 40.6359], [-73.82492, 40.63595], [-73.82479, 40.63601], [-73.82466, 40.63607], [-73.82454, 40.63614], [-73.82443, 40.63622], [-73.82414, 40.63879], [-73.82457, 40.63935], [-73.82419, 40.63995], [-73.82338, 40.63899]]], [[[-73.84722, 40.63197], [-73.84859, 40.63013], [-73.85856, 40.63046], [-73.85614, 40.63508], [-73.84668, 40.63873], [-73.84352, 40.6365], [-73.84505, 40.63317], [-73.84722, 40.63197]]], [[[-73.79578, 40.63216], [-73.79804, 40.6312], [-73.79797, 40.6311], [-73.79812, 40.63104], [-73.79828, 40.63125], [-73.79812, 40.63132], [-73.79806, 40.63122], [-73.79582, 40.63218], [-73.79365, 40.6331], [-73.79365, 40.6331], [-73.7912, 40.63415], [-73.79081, 40.63431], [-73.79079, 40.63428], [-73.79357, 40.6331], [-73.79357, 40.6331], [-73.79578, 40.63216]]], [[[-73.83624, 40.63111], [-73.8411, 40.62456], [-73.84446, 40.62985], [-73.84242, 40.63153], [-73.83765, 40.63284], [-73.83624, 40.63111]]], [[[-73.81307, 40.62926], [-73.81353, 40.62731], [-73.81259, 40.62837], [-73.81129, 40.6247], [-73.81136, 40.62294], [-73.81185, 40.6221], [-73.8121, 40.6211], [-73.81171, 40.6207], [-73.81172, 40.62009], [-73.81151, 40.6198], [-73.81109, 40.61791], [-73.81024, 40.61649], [-73.8109, 40.61622], [-73.81201, 40.61718], [-73.81211, 40.61792], [-73.81288, 40.61891], [-73.8137, 40.62139], [-73.8145, 40.62239], [-73.81418, 40.62369], [-73.81518, 40.62474], [-73.81613, 40.62535], [-73.81679, 40.62635], [-73.81383, 40.62593], [-73.81383, 40.62613], [-73.81627, 40.62715], [-73.81721, 40.62911], [-73.81731, 40.63062], [-73.81637, 40.63137], [-73.81507, 40.63116], [-73.81392, 40.63078], [-73.81307, 40.62926]]], [[[-73.84734, 40.62909], [-73.84985, 40.62622], [-73.84728, 40.62662], [-73.84505, 40.62541], [-73.84358, 40.62318], [-73.84615, 40.62222], [-73.84848, 40.62242], [-73.85666, 40.61999], [-73.85948, 40.61866], [-73.86107, 40.61771], [-73.86365, 40.61788], [-73.86404, 40.61921], [-73.86344, 40.61894], [-73.86152, 40.61905], [-73.86147, 40.62124], [-73.86103, 40.62414], [-73.86348, 40.62339], [-73.86335, 40.62592], [-73.86138, 40.62598], [-73.86041, 40.62517], [-73.86008, 40.62567], [-73.85861, 40.62796], [-73.85768, 40.62798], [-73.85786, 40.62844], [-73.85651, 40.6291], [-73.85614, 40.62828], [-73.85397, 40.62761], [-73.85437, 40.62882], [-73.85072, 40.628], [-73.84847, 40.62964], [-73.84734, 40.62909]]], [[[-73.87085, 40.61697], [-73.87825, 40.61544], [-73.87481, 40.62359], [-73.86684, 40.62783], [-73.86498, 40.62566], [-73.86607, 40.62149], [-73.86626, 40.61846], [-73.87085, 40.61697]]], [[[-73.79784, 40.62741], [-73.79784, 40.62701], [-73.79745, 40.62711], [-73.79566, 40.62611], [-73.79922, 40.62408], [-73.79698, 40.62486], [-73.79404, 40.62563], [-73.79363, 40.62516], [-73.79809, 40.62306], [-73.79951, 40.62117], [-73.79992, 40.61857], [-73.80173, 40.61997], [-73.80096, 40.61777], [-73.80128, 40.61588], [-73.8027, 40.61358], [-73.8034, 40.61317], [-73.80509, 40.61343], [-73.80467, 40.6143], [-73.80477, 40.6158], [-73.80575, 40.61669], [-73.80566, 40.6176], [-73.80764, 40.6212], [-73.80728, 40.62167], [-73.80769, 40.62228], [-73.80699, 40.62387], [-73.80557, 40.62497], [-73.80516, 40.62466], [-73.80271, 40.62593], [-73.80252, 40.62633], [-73.80011, 40.62693], [-73.80093, 40.62752], [-73.79784, 40.62741]]], [[[-73.77349, 40.62508], [-73.77381, 40.62492], [-73.77383, 40.62494], [-73.77349, 40.62511], [-73.77349, 40.62508]]], [[[-73.77173, 40.62358], [-73.77179, 40.6235], [-73.77169, 40.62346], [-73.7717, 40.62344], [-73.7718, 40.62349], [-73.77181, 40.62348], [-73.77197, 40.62327], [-73.77187, 40.62322], [-73.77188, 40.6232], [-73.77199, 40.62325], [-73.77215, 40.62305], [-73.77203, 40.62299], [-73.77207, 40.62294], [-73.77215, 40.62298], [-73.77219, 40.623], [-73.77272, 40.62231], [-73.77309, 40.62184], [-73.77347, 40.62134], [-73.77364, 40.62113], [-73.77411, 40.62052], [-73.77456, 40.61995], [-73.77503, 40.61934], [-73.77503, 40.61934], [-73.77512, 40.61923], [-73.77518, 40.61926], [-73.77516, 40.61929], [-73.77512, 40.61927], [-73.77507, 40.61934], [-73.77506, 40.61934], [-73.77495, 40.61949], [-73.77501, 40.61951], [-73.77499, 40.61953], [-73.77494, 40.6195], [-73.77477, 40.61972], [-73.77482, 40.61975], [-73.77481, 40.61977], [-73.77476, 40.61974], [-73.77458, 40.61996], [-73.77463, 40.61998], [-73.77462, 40.62], [-73.77457, 40.61998], [-73.7744, 40.6202], [-73.77445, 40.62022], [-73.77444, 40.62023], [-73.77439, 40.62021], [-73.77422, 40.62043], [-73.77427, 40.62045], [-73.77426, 40.62047], [-73.7742, 40.62045], [-73.77403, 40.62067], [-73.77408, 40.62069], [-73.77407, 40.62071], [-73.77402, 40.62068], [-73.77385, 40.6209], [-73.7739, 40.62093], [-73.77389, 40.62094], [-73.77383, 40.62092], [-73.77366, 40.62114], [-73.77372, 40.62116], [-73.7737, 40.62118], [-73.77365, 40.62115], [-73.7735, 40.62134], [-73.77348, 40.62137], [-73.77353, 40.6214], [-73.77352, 40.62142], [-73.77347, 40.62139], [-73.77329, 40.62161], [-73.77335, 40.62163], [-73.77334, 40.62165], [-73.77328, 40.62163], [-73.77311, 40.62184], [-73.77316, 40.62187], [-73.77315, 40.62189], [-73.7731, 40.62186], [-73.77293, 40.62208], [-73.77298, 40.6221], [-73.77297, 40.62212], [-73.77291, 40.6221], [-73.77274, 40.62232], [-73.77279, 40.62234], [-73.77278, 40.62236], [-73.77273, 40.62233], [-73.77256, 40.62255], [-73.77261, 40.62258], [-73.7726, 40.62259], [-73.77255, 40.62257], [-73.77237, 40.62279], [-73.77243, 40.62281], [-73.77241, 40.62283], [-73.77236, 40.62281], [-73.77221, 40.623], [-73.7724, 40.62309], [-73.77236, 40.62315], [-73.77217, 40.62305], [-73.77215, 40.62307], [-73.77215, 40.62307], [-73.772, 40.62326], [-73.77215, 40.62333], [-73.77219, 40.62334], [-73.77217, 40.62336], [-73.77215, 40.62335], [-73.772, 40.62328], [-73.77182, 40.6235], [-73.77182, 40.6235], [-73.77182, 40.6235], [-73.772, 40.62358], [-73.77199, 40.6236], [-73.77186, 40.62354], [-73.77181, 40.62351], [-73.77174, 40.6236], [-73.77173, 40.62358]]], [[[-73.79162, 40.62231], [-73.79143, 40.62228], [-73.79076, 40.62233], [-73.7906, 40.62245], [-73.79048, 40.62252], [-73.79031, 40.62258], [-73.79018, 40.62258], [-73.79007, 40.62256], [-73.79005, 40.62256], [-73.78989, 40.62256], [-73.78981, 40.62257], [-73.78968, 40.62261], [-73.7895, 40.62275], [-73.7842, 40.62089], [-73.78426, 40.62083], [-73.78434, 40.62078], [-73.78442, 40.62073], [-73.78451, 40.62068], [-73.7846, 40.62064], [-73.78469, 40.62061], [-73.78478, 40.62057], [-73.78486, 40.62052], [-73.78493, 40.62047], [-73.785, 40.62041], [-73.78506, 40.62035], [-73.78511, 40.62028], [-73.78515, 40.62021], [-73.78519, 40.62014], [-73.78522, 40.62006], [-73.78508, 40.61997], [-73.78512, 40.61981], [-73.78518, 40.61965], [-73.78514, 40.61946], [-73.78516, 40.6193], [-73.78521, 40.61924], [-73.78518, 40.61914], [-73.78515, 40.61909], [-73.78517, 40.61893], [-73.78517, 40.61885], [-73.78515, 40.61876], [-73.78516, 40.61865], [-73.78506, 40.6185], [-73.78488, 40.61841], [-73.78478, 40.61833], [-73.78477, 40.61824], [-73.78478, 40.61813], [-73.78478, 40.61812], [-73.78481, 40.61806], [-73.78481, 40.61801], [-73.78479, 40.61798], [-73.78472, 40.61797], [-73.78468, 40.61798], [-73.78465, 40.61798], [-73.78459, 40.61798], [-73.78452, 40.61798], [-73.7845, 40.61796], [-73.7845, 40.61792], [-73.78455, 40.61788], [-73.78458, 40.61785], [-73.78454, 40.61783], [-73.78441, 40.61781], [-73.78436, 40.61776], [-73.78435, 40.6177], [-73.78439, 40.61767], [-73.78446, 40.6176], [-73.78445, 40.61756], [-73.7844, 40.61752], [-73.78432, 40.6175], [-73.7843, 40.61742], [-73.7843, 40.61735], [-73.78434, 40.61731], [-73.78434, 40.6173], [-73.78437, 40.61724], [-73.78443, 40.61722], [-73.78445, 40.61713], [-73.78445, 40.61709], [-73.78446, 40.61703], [-73.78438, 40.61692], [-73.78427, 40.61686], [-73.78419, 40.61679], [-73.78415, 40.61667], [-73.78415, 40.61663], [-73.78416, 40.61661], [-73.78412, 40.61657], [-73.78407, 40.61654], [-73.78405, 40.61654], [-73.78397, 40.61647], [-73.7839, 40.61643], [-73.7839, 40.61637], [-73.78391, 40.61627], [-73.78382, 40.61614], [-73.78371, 40.61612], [-73.78367, 40.61611], [-73.78366, 40.61611], [-73.78366, 40.61611], [-73.78365, 40.61602], [-73.78355, 40.616], [-73.78353, 40.61599], [-73.78345, 40.61596], [-73.78333, 40.61583], [-73.78328, 40.6157], [-73.78327, 40.61562], [-73.78323, 40.61558], [-73.7831, 40.61559], [-73.78299, 40.61564], [-73.78298, 40.61564], [-73.78276, 40.61563], [-73.78257, 40.61559], [-73.78249, 40.61557], [-73.78238, 40.61551], [-73.78231, 40.61545], [-73.78231, 40.61544], [-73.78228, 40.61535], [-73.78232, 40.61524], [-73.7823, 40.61517], [-73.78221, 40.61516], [-73.78213, 40.61519], [-73.78205, 40.61518], [-73.782, 40.61515], [-73.78198, 40.61511], [-73.78189, 40.61505], [-73.78187, 40.61509], [-73.78188, 40.61516], [-73.78184, 40.6152], [-73.78181, 40.6152], [-73.78172, 40.61518], [-73.78164, 40.6151], [-73.78158, 40.61508], [-73.7815, 40.61505], [-73.78148, 40.61501], [-73.78144, 40.61495], [-73.78142, 40.61489], [-73.78128, 40.61489], [-73.78122, 40.61488], [-73.7812, 40.61488], [-73.78115, 40.61485], [-73.78114, 40.61483], [-73.78115, 40.6148], [-73.78116, 40.61478], [-73.78113, 40.61476], [-73.78111, 40.61476], [-73.78106, 40.61477], [-73.78099, 40.61475], [-73.78086, 40.61462], [-73.78079, 40.61459], [-73.78081, 40.61443], [-73.7808, 40.61436], [-73.78077, 40.61429], [-73.78072, 40.61421], [-73.78076, 40.61418], [-73.78077, 40.61417], [-73.78075, 40.61412], [-73.78071, 40.61403], [-73.78085, 40.61395], [-73.78097, 40.61396], [-73.78115, 40.614], [-73.78115, 40.61398], [-73.78112, 40.61388], [-73.78104, 40.61381], [-73.781, 40.61378], [-73.78092, 40.61373], [-73.78088, 40.61364], [-73.78091, 40.6136], [-73.78099, 40.61358], [-73.78106, 40.6136], [-73.78116, 40.6136], [-73.78119, 40.61356], [-73.7812, 40.61347], [-73.78122, 40.61341], [-73.78128, 40.6134], [-73.78126, 40.61332], [-73.78138, 40.61325], [-73.7816, 40.61321], [-73.78178, 40.61311], [-73.78198, 40.61288], [-73.78232, 40.61265], [-73.78239, 40.61267], [-73.78239, 40.61264], [-73.78262, 40.6125], [-73.78273, 40.61251], [-73.78279, 40.61253], [-73.78288, 40.61249], [-73.78291, 40.6124], [-73.78292, 40.61235], [-73.78296, 40.61226], [-73.78302, 40.6122], [-73.78316, 40.6122], [-73.78323, 40.61217], [-73.7833, 40.6121], [-73.78336, 40.61208], [-73.78346, 40.61206], [-73.78353, 40.61197], [-73.78355, 40.61192], [-73.78371, 40.61187], [-73.78376, 40.61193], [-73.78383, 40.61202], [-73.78394, 40.61204], [-73.78422, 40.61194], [-73.78437, 40.61189], [-73.78447, 40.61185], [-73.78459, 40.61195], [-73.78459, 40.61196], [-73.78458, 40.61199], [-73.78464, 40.61202], [-73.78473, 40.61202], [-73.78476, 40.61199], [-73.78477, 40.61193], [-73.78486, 40.61193], [-73.78498, 40.61193], [-73.78501, 40.6119], [-73.78507, 40.61185], [-73.78509, 40.6118], [-73.78506, 40.61176], [-73.78507, 40.61168], [-73.78507, 40.61165], [-73.78516, 40.61153], [-73.78521, 40.61148], [-73.78522, 40.61142], [-73.78545, 40.61121], [-73.78551, 40.6112], [-73.78554, 40.61116], [-73.78578, 40.61099], [-73.78622, 40.61091], [-73.78647, 40.61068], [-73.78682, 40.61079], [-73.78685, 40.61079], [-73.7871, 40.61068], [-73.7872, 40.61066], [-73.78722, 40.61063], [-73.7872, 40.61057], [-73.78723, 40.61051], [-73.78723, 40.61047], [-73.78723, 40.61044], [-73.7872, 40.61038], [-73.78726, 40.61032], [-73.78742, 40.61026], [-73.78758, 40.61024], [-73.7876, 40.61028], [-73.78761, 40.61032], [-73.78771, 40.61036], [-73.78784, 40.61032], [-73.78791, 40.61028], [-73.78791, 40.61028], [-73.78788, 40.61024], [-73.78786, 40.61019], [-73.78824, 40.61013], [-73.78829, 40.61017], [-73.78833, 40.61017], [-73.78836, 40.61011], [-73.78837, 40.61006], [-73.78854, 40.61002], [-73.7886, 40.61012], [-73.78866, 40.61009], [-73.78871, 40.60999], [-73.78871, 40.60994], [-73.78871, 40.60986], [-73.78877, 40.60979], [-73.7888, 40.60974], [-73.78876, 40.60967], [-73.78876, 40.60964], [-73.78881, 40.60964], [-73.78884, 40.60964], [-73.78887, 40.60961], [-73.78894, 40.60955], [-73.78898, 40.60955], [-73.78899, 40.60955], [-73.78908, 40.60955], [-73.7891, 40.60949], [-73.78911, 40.60941], [-73.78912, 40.60938], [-73.7891, 40.60931], [-73.78903, 40.60926], [-73.78902, 40.60922], [-73.78917, 40.60916], [-73.78929, 40.60914], [-73.78939, 40.60913], [-73.78939, 40.60913], [-73.78948, 40.60915], [-73.78954, 40.6091], [-73.78961, 40.60907], [-73.78965, 40.60905], [-73.78985, 40.60902], [-73.78995, 40.60898], [-73.78999, 40.60895], [-73.79, 40.60891], [-73.79007, 40.60889], [-73.79011, 40.60886], [-73.7901, 40.6088], [-73.79001, 40.60877], [-73.79001, 40.60868], [-73.79008, 40.60863], [-73.79017, 40.60856], [-73.79029, 40.60852], [-73.7903, 40.60852], [-73.7904, 40.6085], [-73.79047, 40.60846], [-73.79048, 40.60841], [-73.79048, 40.6084], [-73.79047, 40.6083], [-73.79038, 40.60824], [-73.79054, 40.60811], [-73.79072, 40.60813], [-73.79072, 40.60813], [-73.79078, 40.6081], [-73.79086, 40.60805], [-73.79087, 40.608], [-73.79086, 40.60793], [-73.79084, 40.60788], [-73.79089, 40.60782], [-73.79089, 40.60778], [-73.79088, 40.60769], [-73.79091, 40.6077], [-73.79099, 40.60768], [-73.79099, 40.60772], [-73.79105, 40.60775], [-73.79105, 40.60775], [-73.79119, 40.60775], [-73.79134, 40.60774], [-73.79139, 40.60767], [-73.79139, 40.60766], [-73.7914, 40.60761], [-73.79147, 40.60765], [-73.79148, 40.60766], [-73.79156, 40.60777], [-73.7916, 40.60781], [-73.79151, 40.60815], [-73.79151, 40.60815], [-73.79141, 40.60823], [-73.79129, 40.60824], [-73.79116, 40.60825], [-73.79112, 40.60831], [-73.79107, 40.60838], [-73.79117, 40.60847], [-73.79127, 40.60854], [-73.79133, 40.60855], [-73.79142, 40.6086], [-73.79147, 40.6087], [-73.79158, 40.60872], [-73.79176, 40.60876], [-73.79198, 40.60873], [-73.79215, 40.60875], [-73.79275, 40.60865], [-73.79292, 40.60867], [-73.79293, 40.60868], [-73.79293, 40.60868], [-73.793, 40.60873], [-73.79306, 40.60877], [-73.79311, 40.60877], [-73.79321, 40.60878], [-73.79327, 40.60883], [-73.79329, 40.60886], [-73.7933, 40.60888], [-73.79331, 40.60892], [-73.7934, 40.60898], [-73.79352, 40.60897], [-73.79356, 40.60898], [-73.79365, 40.60899], [-73.79373, 40.60905], [-73.79373, 40.60909], [-73.79378, 40.60915], [-73.79381, 40.60916], [-73.79385, 40.60918], [-73.79395, 40.60925], [-73.79394, 40.60929], [-73.79388, 40.60931], [-73.79388, 40.60931], [-73.79384, 40.60935], [-73.79385, 40.60942], [-73.7939, 40.60947], [-73.79398, 40.60948], [-73.79406, 40.60957], [-73.79415, 40.60959], [-73.79419, 40.6096], [-73.79425, 40.60958], [-73.79434, 40.60961], [-73.79443, 40.60967], [-73.79454, 40.60975], [-73.79455, 40.60978], [-73.79447, 40.60981], [-73.79446, 40.60981], [-73.79447, 40.60985], [-73.79453, 40.60991], [-73.79452, 40.60995], [-73.79455, 40.61001], [-73.79468, 40.61011], [-73.79468, 40.61011], [-73.79476, 40.61019], [-73.79481, 40.61025], [-73.79478, 40.61026], [-73.79476, 40.61027], [-73.79476, 40.61031], [-73.79481, 40.61038], [-73.79487, 40.6104], [-73.79495, 40.61043], [-73.79506, 40.61049], [-73.79509, 40.61049], [-73.79514, 40.61049], [-73.79524, 40.61049], [-73.7953, 40.61052], [-73.79537, 40.61054], [-73.79556, 40.61055], [-73.79566, 40.61055], [-73.79579, 40.6106], [-73.79603, 40.61073], [-73.79624, 40.61076], [-73.79638, 40.61083], [-73.79655, 40.61093], [-73.7968, 40.61101], [-73.7969, 40.61101], [-73.79692, 40.61103], [-73.79692, 40.61106], [-73.79692, 40.61107], [-73.79691, 40.61111], [-73.79697, 40.61114], [-73.79701, 40.61115], [-73.79712, 40.61115], [-73.79716, 40.61115], [-73.79722, 40.61115], [-73.79732, 40.61115], [-73.79737, 40.61115], [-73.79737, 40.61118], [-73.79736, 40.61121], [-73.79736, 40.61125], [-73.79746, 40.61132], [-73.79753, 40.61129], [-73.79771, 40.61128], [-73.79794, 40.61131], [-73.79808, 40.61131], [-73.79825, 40.6113], [-73.79836, 40.61131], [-73.79838, 40.61131], [-73.79839, 40.61132], [-73.79851, 40.61135], [-73.79848, 40.6114], [-73.79849, 40.61146], [-73.79853, 40.61152], [-73.79864, 40.61154], [-73.79876, 40.61152], [-73.79887, 40.61151], [-73.79899, 40.61148], [-73.79904, 40.61151], [-73.79913, 40.61161], [-73.79913, 40.6117], [-73.79913, 40.61184], [-73.79911, 40.61194], [-73.79917, 40.61203], [-73.79932, 40.61203], [-73.79938, 40.612], [-73.79938, 40.61199], [-73.79939, 40.61195], [-73.79945, 40.61193], [-73.79961, 40.61187], [-73.79971, 40.61188], [-73.79973, 40.61187], [-73.79978, 40.61184], [-73.79988, 40.61178], [-73.79988, 40.61174], [-73.80002, 40.61164], [-73.80008, 40.61162], [-73.80017, 40.61162], [-73.80026, 40.6116], [-73.80031, 40.61165], [-73.80034, 40.61168], [-73.8004, 40.61168], [-73.80044, 40.61166], [-73.8005, 40.61164], [-73.80053, 40.61164], [-73.80054, 40.61165], [-73.80057, 40.6117], [-73.80057, 40.61172], [-73.80057, 40.61174], [-73.80056, 40.61178], [-73.8006, 40.61181], [-73.80065, 40.61184], [-73.8007, 40.61187], [-73.80074, 40.61191], [-73.8008, 40.61193], [-73.80074, 40.61196], [-73.80071, 40.61198], [-73.80068, 40.61201], [-73.80062, 40.61202], [-73.80056, 40.61203], [-73.80048, 40.61201], [-73.80042, 40.61204], [-73.80035, 40.61206], [-73.80024, 40.61208], [-73.8002, 40.61214], [-73.80019, 40.61214], [-73.80021, 40.61219], [-73.80019, 40.61225], [-73.80007, 40.61245], [-73.80007, 40.61248], [-73.80006, 40.61251], [-73.80005, 40.61253], [-73.79999, 40.61257], [-73.80002, 40.61261], [-73.80006, 40.61264], [-73.80007, 40.61265], [-73.80009, 40.61268], [-73.80009, 40.61273], [-73.80008, 40.61278], [-73.80007, 40.6128], [-73.80006, 40.61283], [-73.80002, 40.61286], [-73.80001, 40.61291], [-73.80001, 40.61298], [-73.79999, 40.61306], [-73.79993, 40.61314], [-73.79987, 40.61317], [-73.79978, 40.61317], [-73.79972, 40.61319], [-73.79969, 40.61324], [-73.7996, 40.61324], [-73.79954, 40.61325], [-73.79948, 40.61329], [-73.79947, 40.61329], [-73.79938, 40.61331], [-73.79932, 40.61336], [-73.7993, 40.61343], [-73.79935, 40.61352], [-73.79939, 40.61355], [-73.79942, 40.61357], [-73.79947, 40.61357], [-73.79954, 40.61357], [-73.79959, 40.61358], [-73.79965, 40.61362], [-73.79966, 40.61373], [-73.79969, 40.61378], [-73.79964, 40.61382], [-73.7996, 40.61384], [-73.79952, 40.61391], [-73.79948, 40.61417], [-73.79951, 40.61425], [-73.79948, 40.61428], [-73.79944, 40.6143], [-73.79951, 40.61432], [-73.79951, 40.61435], [-73.79951, 40.61438], [-73.79951, 40.61441], [-73.7995, 40.61441], [-73.79946, 40.61443], [-73.79946, 40.61446], [-73.79948, 40.61451], [-73.7995, 40.61457], [-73.79946, 40.61465], [-73.79944, 40.61466], [-73.79937, 40.61473], [-73.79938, 40.6148], [-73.79939, 40.61486], [-73.7994, 40.6149], [-73.7993, 40.61504], [-73.79929, 40.61505], [-73.79917, 40.61511], [-73.79912, 40.61519], [-73.7991, 40.61527], [-73.79906, 40.61533], [-73.79905, 40.61534], [-73.79903, 40.61534], [-73.79902, 40.61535], [-73.799, 40.61536], [-73.799, 40.61539], [-73.79901, 40.61541], [-73.79902, 40.61544], [-73.79903, 40.61546], [-73.79904, 40.61547], [-73.79906, 40.61549], [-73.79906, 40.61551], [-73.79905, 40.61553], [-73.79904, 40.61555], [-73.79903, 40.61557], [-73.79901, 40.61558], [-73.79897, 40.61557], [-73.79894, 40.61555], [-73.79891, 40.61553], [-73.7989, 40.61552], [-73.79888, 40.61552], [-73.79886, 40.61552], [-73.79884, 40.61552], [-73.79882, 40.61553], [-73.7988, 40.61553], [-73.79879, 40.61554], [-73.79877, 40.61556], [-73.79876, 40.61557], [-73.79875, 40.61558], [-73.79875, 40.6156], [-73.79875, 40.61561], [-73.79876, 40.61567], [-73.79877, 40.61571], [-73.79872, 40.61573], [-73.79868, 40.61575], [-73.79864, 40.61578], [-73.79861, 40.61581], [-73.79858, 40.61584], [-73.79856, 40.61588], [-73.79855, 40.61589], [-73.79854, 40.61589], [-73.79853, 40.61589], [-73.79852, 40.61589], [-73.79851, 40.61589], [-73.7985, 40.61589], [-73.79849, 40.61588], [-73.79849, 40.61588], [-73.79848, 40.61587], [-73.79847, 40.61587], [-73.79847, 40.61586], [-73.79846, 40.61585], [-73.79846, 40.61584], [-73.79846, 40.61583], [-73.79846, 40.61583], [-73.79847, 40.61582], [-73.79844, 40.61579], [-73.79841, 40.61577], [-73.79837, 40.61575], [-73.79833, 40.61573], [-73.79829, 40.61572], [-73.79825, 40.61571], [-73.79821, 40.61571], [-73.79817, 40.61571], [-73.79816, 40.61572], [-73.79813, 40.61575], [-73.7981, 40.61578], [-73.79808, 40.61581], [-73.79807, 40.61585], [-73.79806, 40.61589], [-73.79807, 40.61593], [-73.79808, 40.61592], [-73.7981, 40.61592], [-73.79812, 40.61592], [-73.79814, 40.61593], [-73.79816, 40.61593], [-73.79817, 40.61594], [-73.79818, 40.61595], [-73.7982, 40.61596], [-73.7982, 40.61597], [-73.79821, 40.61598], [-73.79821, 40.616], [-73.79821, 40.61601], [-73.79821, 40.61606], [-73.7982, 40.61611], [-73.79818, 40.61615], [-73.79815, 40.6162], [-73.79812, 40.61624], [-73.79807, 40.61627], [-73.79808, 40.61628], [-73.79808, 40.61629], [-73.79808, 40.6163], [-73.79807, 40.61631], [-73.79807, 40.61632], [-73.79806, 40.61633], [-73.79805, 40.61633], [-73.79804, 40.61634], [-73.798, 40.61635], [-73.7979, 40.61639], [-73.7978, 40.61643], [-73.79771, 40.61647], [-73.79762, 40.61652], [-73.79755, 40.61657], [-73.79749, 40.61657], [-73.79742, 40.61657], [-73.79739, 40.61658], [-73.79735, 40.61659], [-73.79732, 40.61661], [-73.7973, 40.61663], [-73.79728, 40.61666], [-73.79726, 40.61669], [-73.79725, 40.61672], [-73.79725, 40.61675], [-73.79726, 40.61678], [-73.79727, 40.6168], [-73.79729, 40.61683], [-73.7973, 40.61683], [-73.79732, 40.61683], [-73.79734, 40.61683], [-73.79736, 40.61683], [-73.79737, 40.61684], [-73.79739, 40.61684], [-73.7974, 40.61685], [-73.79741, 40.61686], [-73.79742, 40.61688], [-73.79743, 40.61689], [-73.79743, 40.6169], [-73.79743, 40.61692], [-73.79742, 40.61697], [-73.7974, 40.61702], [-73.79738, 40.61707], [-73.79739, 40.61707], [-73.7974, 40.61708], [-73.79741, 40.61709], [-73.79741, 40.61709], [-73.79742, 40.6171], [-73.79742, 40.61711], [-73.79742, 40.61713], [-73.79742, 40.61714], [-73.79741, 40.61715], [-73.7974, 40.61716], [-73.79739, 40.61716], [-73.79738, 40.61717], [-73.79737, 40.61717], [-73.79737, 40.61718], [-73.7973, 40.61723], [-73.79724, 40.61728], [-73.79716, 40.61732], [-73.79715, 40.61735], [-73.79713, 40.61738], [-73.79716, 40.61743], [-73.7972, 40.61748], [-73.79723, 40.61753], [-73.79724, 40.61754], [-73.79724, 40.61755], [-73.79725, 40.61756], [-73.79725, 40.61757], [-73.79725, 40.61758], [-73.79724, 40.61759], [-73.79724, 40.6176], [-73.79723, 40.61761], [-73.79722, 40.61761], [-73.79721, 40.6176], [-73.7972, 40.61759], [-73.79718, 40.61759], [-73.79717, 40.61759], [-73.79715, 40.61759], [-73.79714, 40.61759], [-73.79711, 40.61762], [-73.79708, 40.61764], [-73.79705, 40.61765], [-73.79702, 40.61767], [-73.79698, 40.61768], [-73.79695, 40.61768], [-73.79693, 40.61768], [-73.7969, 40.61768], [-73.79687, 40.61767], [-73.79685, 40.61766], [-73.79683, 40.61765], [-73.79682, 40.61766], [-73.79681, 40.61767], [-73.7968, 40.61767], [-73.79679, 40.61768], [-73.79679, 40.61769], [-73.79678, 40.6177], [-73.79678, 40.61771], [-73.79679, 40.61773], [-73.79679, 40.61774], [-73.7968, 40.61774], [-73.79681, 40.61775], [-73.79682, 40.61775], [-73.79682, 40.61776], [-73.79683, 40.61777], [-73.79683, 40.61777], [-73.79684, 40.61778], [-73.79684, 40.61779], [-73.79684, 40.6178], [-73.79683, 40.6178], [-73.79681, 40.61783], [-73.7968, 40.61787], [-73.79679, 40.6179], [-73.79679, 40.61793], [-73.79679, 40.61796], [-73.7968, 40.61798], [-73.79682, 40.61804], [-73.79684, 40.61809], [-73.79686, 40.61813], [-73.79688, 40.61817], [-73.7969, 40.61819], [-73.79693, 40.61822], [-73.79698, 40.61823], [-73.79699, 40.61827], [-73.79701, 40.61833], [-73.79701, 40.61838], [-73.79697, 40.61839], [-73.7969, 40.61839], [-73.79686, 40.61838], [-73.79682, 40.61837], [-73.79679, 40.61837], [-73.79676, 40.61836], [-73.79671, 40.61837], [-73.79665, 40.61839], [-73.79661, 40.61842], [-73.79656, 40.61843], [-73.79651, 40.61843], [-73.7965, 40.61846], [-73.79646, 40.61846], [-73.79641, 40.61845], [-73.79636, 40.61845], [-73.79634, 40.6185], [-73.79633, 40.61859], [-73.79635, 40.61863], [-73.79634, 40.61867], [-73.79629, 40.61871], [-73.79631, 40.61875], [-73.79629, 40.61878], [-73.79623, 40.61879], [-73.79623, 40.61883], [-73.79628, 40.61887], [-73.79628, 40.6189], [-73.79622, 40.61898], [-73.7962, 40.61901], [-73.79619, 40.61905], [-73.79618, 40.61909], [-73.79618, 40.61913], [-73.79619, 40.61917], [-73.79621, 40.61921], [-73.79623, 40.61925], [-73.79625, 40.61927], [-73.79629, 40.61933], [-73.79623, 40.6194], [-73.79615, 40.61947], [-73.79612, 40.61951], [-73.79615, 40.61956], [-73.79619, 40.61961], [-73.79616, 40.61967], [-73.79603, 40.61977], [-73.79597, 40.61978], [-73.79597, 40.61978], [-73.79592, 40.6198], [-73.79593, 40.61986], [-73.7956, 40.62021], [-73.79556, 40.62035], [-73.79558, 40.62053], [-73.79549, 40.62076], [-73.79548, 40.62078], [-73.7955, 40.62081], [-73.79552, 40.62084], [-73.79554, 40.62087], [-73.79555, 40.62091], [-73.79555, 40.62092], [-73.79555, 40.62093], [-73.79554, 40.62094], [-73.79553, 40.62095], [-73.79551, 40.62095], [-73.7955, 40.62096], [-73.79545, 40.62096], [-73.7954, 40.62096], [-73.79536, 40.62098], [-73.79532, 40.62099], [-73.79528, 40.62101], [-73.79524, 40.62104], [-73.79521, 40.62107], [-73.7952, 40.62113], [-73.79515, 40.62115], [-73.79511, 40.62118], [-73.79508, 40.62121], [-73.79505, 40.62125], [-73.79503, 40.62129], [-73.79501, 40.62133], [-73.79501, 40.62137], [-73.79501, 40.62141], [-73.79501, 40.62144], [-73.79503, 40.62147], [-73.79506, 40.6215], [-73.7951, 40.62153], [-73.79514, 40.62155], [-73.79518, 40.62157], [-73.7952, 40.62159], [-73.79522, 40.62161], [-73.79523, 40.62163], [-73.79524, 40.62166], [-73.79517, 40.62169], [-73.7951, 40.62173], [-73.79502, 40.62175], [-73.79494, 40.62177], [-73.79489, 40.62185], [-73.79487, 40.62187], [-73.79486, 40.62188], [-73.79484, 40.62188], [-73.79482, 40.62189], [-73.7948, 40.62189], [-73.79478, 40.6219], [-73.79476, 40.62189], [-73.79474, 40.62189], [-73.79472, 40.62188], [-73.7947, 40.62187], [-73.79468, 40.62186], [-73.79468, 40.62185], [-73.79467, 40.62184], [-73.79467, 40.62183], [-73.79465, 40.62182], [-73.79464, 40.62181], [-73.79462, 40.6218], [-73.79461, 40.6218], [-73.79459, 40.62179], [-73.79457, 40.62179], [-73.79455, 40.62179], [-73.79453, 40.62179], [-73.79451, 40.6218], [-73.79449, 40.62181], [-73.79448, 40.62181], [-73.79446, 40.62183], [-73.79445, 40.62184], [-73.79444, 40.62185], [-73.79443, 40.62189], [-73.79442, 40.62195], [-73.79441, 40.62201], [-73.79442, 40.62203], [-73.79444, 40.62206], [-73.79446, 40.62209], [-73.79448, 40.62211], [-73.79451, 40.62213], [-73.79455, 40.62214], [-73.79458, 40.62215], [-73.79461, 40.62216], [-73.79463, 40.62217], [-73.79465, 40.62218], [-73.79467, 40.6222], [-73.79468, 40.62222], [-73.79469, 40.62224], [-73.7947, 40.62226], [-73.7947, 40.62228], [-73.79469, 40.6223], [-73.79469, 40.62231], [-73.79469, 40.62237], [-73.79468, 40.62242], [-73.79466, 40.62247], [-73.79464, 40.62252], [-73.79461, 40.62257], [-73.79457, 40.62262], [-73.79452, 40.62266], [-73.79447, 40.62269], [-73.79441, 40.62272], [-73.79435, 40.62275], [-73.79421, 40.62277], [-73.79407, 40.62278], [-73.79394, 40.62279], [-73.7938, 40.62279], [-73.79366, 40.62278], [-73.79353, 40.62277], [-73.79339, 40.62275], [-73.79288, 40.62256], [-73.7926, 40.62246], [-73.79226, 40.62237], [-73.79188, 40.62236], [-73.79162, 40.62231]]], [[[-73.76671, 40.61491], [-73.76825, 40.61488], [-73.77398, 40.616], [-73.76873, 40.6209], [-73.76746, 40.62051], [-73.76672, 40.615], [-73.76671, 40.61491]]], [[[-73.84304, 40.61774], [-73.84284, 40.61661], [-73.84401, 40.61704], [-73.84454, 40.61487], [-73.841, 40.61303], [-73.83826, 40.61385], [-73.84079, 40.60564], [-73.84715, 40.60361], [-73.85179, 40.6069], [-73.85124, 40.60772], [-73.84779, 40.60923], [-73.84817, 40.61253], [-73.84731, 40.61344], [-73.8464, 40.61604], [-73.84615, 40.61773], [-73.84304, 40.61774]]], [[[-73.85523, 40.61613], [-73.8553, 40.61314], [-73.85237, 40.61316], [-73.85377, 40.61409], [-73.85263, 40.61509], [-73.84974, 40.61516], [-73.85011, 40.61021], [-73.85516, 40.60612], [-73.85709, 40.60647], [-73.85704, 40.6083], [-73.85902, 40.60948], [-73.85925, 40.61125], [-73.85802, 40.61264], [-73.85648, 40.61319], [-73.85858, 40.61692], [-73.85523, 40.61613]]], [[[-73.81409, 40.61447], [-73.81413, 40.61437], [-73.81416, 40.61429], [-73.81441, 40.6141], [-73.81468, 40.61397], [-73.81487, 40.61401], [-73.81487, 40.61417], [-73.81486, 40.6143], [-73.81504, 40.61431], [-73.81536, 40.61417], [-73.8155, 40.61404], [-73.81536, 40.61393], [-73.81537, 40.61383], [-73.81519, 40.61369], [-73.815, 40.61358], [-73.81488, 40.61337], [-73.8148, 40.61319], [-73.81485, 40.61313], [-73.81487, 40.61311], [-73.81504, 40.61298], [-73.81524, 40.61298], [-73.81529, 40.61307], [-73.81528, 40.6132], [-73.81532, 40.61325], [-73.81547, 40.61334], [-73.81561, 40.61333], [-73.81572, 40.61327], [-73.81578, 40.6131], [-73.81589, 40.61302], [-73.81599, 40.61301], [-73.81616, 40.61294], [-73.81643, 40.61428], [-73.81623, 40.61423], [-73.81614, 40.61424], [-73.81598, 40.61429], [-73.81583, 40.61434], [-73.8157, 40.61434], [-73.81555, 40.61431], [-73.81538, 40.61438], [-73.81524, 40.61443], [-73.81507, 40.61448], [-73.81496, 40.61446], [-73.81472, 40.6145], [-73.81459, 40.61463], [-73.81444, 40.61475], [-73.81421, 40.6147], [-73.81408, 40.61456], [-73.81409, 40.61447]]], [[[-73.81497, 40.61042], [-73.81503, 40.61035], [-73.81508, 40.61028], [-73.81512, 40.61021], [-73.81515, 40.61013], [-73.81518, 40.61006], [-73.8152, 40.60998], [-73.81521, 40.6099], [-73.81521, 40.60982], [-73.8156, 40.61067], [-73.8154, 40.61038], [-73.81526, 40.6105], [-73.81504, 40.61072], [-73.81485, 40.61082], [-73.81461, 40.61093], [-73.8145, 40.61106], [-73.8145, 40.61073], [-73.81459, 40.61069], [-73.81468, 40.61065], [-73.81476, 40.6106], [-73.81483, 40.61054], [-73.8149, 40.61048], [-73.81497, 40.61042]]], [[[-73.86966, 40.60654], [-73.87109, 40.60469], [-73.87106, 40.60628], [-73.87246, 40.60818], [-73.87269, 40.60918], [-73.873, 40.61055], [-73.8718, 40.61028], [-73.87104, 40.60972], [-73.87076, 40.6087], [-73.86966, 40.60654]]], [[[-73.7942, 40.60773], [-73.79352, 40.60633], [-73.794, 40.60608], [-73.79509, 40.60727], [-73.79425, 40.6059], [-73.79696, 40.60412], [-73.8012, 40.60391], [-73.8018, 40.60421], [-73.80429, 40.60452], [-73.80521, 40.60674], [-73.8042, 40.60874], [-73.80159, 40.61023], [-73.79878, 40.61033], [-73.79631, 40.60934], [-73.79609, 40.60883], [-73.7956, 40.60872], [-73.7953, 40.60823], [-73.7942, 40.60773]]], [[[-73.83244, 40.60593], [-73.83454, 40.60548], [-73.83588, 40.60564], [-73.8361, 40.60736], [-73.83428, 40.60919], [-73.83373, 40.60929], [-73.8338, 40.60955], [-73.83252, 40.61038], [-73.83141, 40.60942], [-73.83068, 40.60879], [-73.83033, 40.60849], [-73.83046, 40.60667], [-73.83244, 40.60593]]], [[[-73.82607, 40.60844], [-73.82661, 40.6082], [-73.82771, 40.6084], [-73.82805, 40.61005], [-73.82688, 40.6096], [-73.82607, 40.60844]]], [[[-73.86702, 40.60807], [-73.86874, 40.60703], [-73.86868, 40.60824], [-73.86778, 40.60854], [-73.86702, 40.60807]]], [[[-73.82718, 40.60792], [-73.8268, 40.60772], [-73.8263, 40.60782], [-73.82617, 40.60755], [-73.82639, 40.60736], [-73.82598, 40.60716], [-73.8259, 40.60647], [-73.8265, 40.60622], [-73.82691, 40.60642], [-73.82862, 40.60584], [-73.82866, 40.60626], [-73.82815, 40.60795], [-73.82718, 40.60792]]], [[[-73.8157, 40.60646], [-73.81552, 40.60642], [-73.81552, 40.60644], [-73.81546, 40.60643], [-73.81553, 40.60616], [-73.81558, 40.60617], [-73.81553, 40.60641], [-73.81571, 40.60644], [-73.81573, 40.60635], [-73.81577, 40.60637], [-73.81574, 40.60646], [-73.81571, 40.60646], [-73.8157, 40.60646]]], [[[-73.8134, 40.60436], [-73.81184, 40.60313], [-73.81085, 40.60322], [-73.81054, 40.6025], [-73.80986, 40.6019], [-73.80992, 40.60179], [-73.81, 40.6017], [-73.81003, 40.60161], [-73.81003, 40.60151], [-73.81002, 40.60146], [-73.80995, 40.60138], [-73.80991, 40.60132], [-73.80994, 40.60126], [-73.80999, 40.6012], [-73.81004, 40.60109], [-73.81004, 40.60103], [-73.81004, 40.60095], [-73.81003, 40.60086], [-73.80998, 40.60078], [-73.80994, 40.60068], [-73.80993, 40.60062], [-73.80989, 40.60053], [-73.80986, 40.60048], [-73.80985, 40.60036], [-73.80988, 40.6003], [-73.80994, 40.60025], [-73.80999, 40.60023], [-73.81, 40.60018], [-73.81002, 40.60011], [-73.80997, 40.60007], [-73.81, 40.60003], [-73.81007, 40.60006], [-73.81014, 40.60005], [-73.81014, 40.60001], [-73.81011, 40.59997], [-73.81005, 40.59992], [-73.80999, 40.59988], [-73.80997, 40.59984], [-73.81005, 40.59982], [-73.8101, 40.59984], [-73.81013, 40.59986], [-73.81019, 40.59986], [-73.81022, 40.59982], [-73.81024, 40.59977], [-73.81024, 40.59972], [-73.81024, 40.59969], [-73.81023, 40.59966], [-73.81027, 40.59967], [-73.8103, 40.59969], [-73.8103, 40.59966], [-73.8103, 40.5996], [-73.81029, 40.59956], [-73.81025, 40.5995], [-73.81026, 40.59945], [-73.81026, 40.59936], [-73.81033, 40.59932], [-73.81036, 40.59926], [-73.81035, 40.59919], [-73.81033, 40.59913], [-73.81031, 40.59905], [-73.81029, 40.59899], [-73.81033, 40.59895], [-73.81039, 40.59892], [-73.81042, 40.59888], [-73.81041, 40.59884], [-73.81049, 40.59878], [-73.81059, 40.59875], [-73.81069, 40.5987], [-73.81078, 40.59868], [-73.81086, 40.59864], [-73.8109, 40.59858], [-73.81096, 40.59856], [-73.81104, 40.59856], [-73.81112, 40.59858], [-73.81118, 40.59858], [-73.81122, 40.59859], [-73.81132, 40.59855], [-73.81139, 40.5985], [-73.81142, 40.59845], [-73.81149, 40.59837], [-73.81152, 40.59833], [-73.81153, 40.59827], [-73.81151, 40.59822], [-73.81158, 40.59814], [-73.81173, 40.59827], [-73.81179, 40.59832], [-73.81194, 40.59839], [-73.81206, 40.59846], [-73.81222, 40.59855], [-73.81222, 40.59858], [-73.81221, 40.59862], [-73.81222, 40.59865], [-73.81224, 40.59869], [-73.81227, 40.59873], [-73.81229, 40.59877], [-73.8124, 40.5989], [-73.81253, 40.59903], [-73.81261, 40.59913], [-73.81273, 40.59925], [-73.81297, 40.59945], [-73.81305, 40.5995], [-73.81329, 40.59982], [-73.81445, 40.60054], [-73.81502, 40.60206], [-73.81429, 40.60446], [-73.8134, 40.60436]]], [[[-73.86703, 40.60374], [-73.86768, 40.60307], [-73.86831, 40.60314], [-73.86794, 40.60396], [-73.86703, 40.60417], [-73.86703, 40.60374]]], [[[-73.85243, 40.59733], [-73.85269, 40.59717], [-73.85286, 40.59724], [-73.85365, 40.59684], [-73.854, 40.59668], [-73.85437, 40.59669], [-73.85466, 40.59658], [-73.85493, 40.5963], [-73.85595, 40.59619], [-73.85673, 40.59608], [-73.85716, 40.59604], [-73.85778, 40.59612], [-73.86044, 40.59647], [-73.86055, 40.59706], [-73.86142, 40.59775], [-73.86177, 40.5983], [-73.86275, 40.59907], [-73.86329, 40.59981], [-73.86336, 40.60032], [-73.86298, 40.60102], [-73.86187, 40.60216], [-73.86154, 40.60238], [-73.86118, 40.60249], [-73.86113, 40.60255], [-73.86078, 40.60261], [-73.86049, 40.60234], [-73.85906, 40.60206], [-73.85483, 40.60187], [-73.85471, 40.60165], [-73.85427, 40.60143], [-73.85372, 40.6014], [-73.85277, 40.60095], [-73.85258, 40.60057], [-73.85205, 40.60021], [-73.85176, 40.5997], [-73.85077, 40.59884], [-73.85153, 40.59843], [-73.85201, 40.59775], [-73.85243, 40.59733]]], [[[-73.8702, 40.599], [-73.87108, 40.5989], [-73.87049, 40.6026], [-73.87026, 40.60168], [-73.8702, 40.599]]], [[[-73.82312, 40.60008], [-73.82312, 40.60006], [-73.82313, 40.60006], [-73.82313, 40.60004], [-73.82315, 40.60004], [-73.82315, 40.59998], [-73.82317, 40.59998], [-73.82317, 40.60005], [-73.82317, 40.60005], [-73.82317, 40.60006], [-73.82318, 40.60006], [-73.82318, 40.60008], [-73.82312, 40.60008]]], [[[-73.82293, 40.60006], [-73.82294, 40.60004], [-73.82298, 40.60004], [-73.823, 40.59992], [-73.82303, 40.59993], [-73.823, 40.60005], [-73.82304, 40.60005], [-73.82304, 40.60007], [-73.82293, 40.60006]]], [[[-73.82446, 40.59912], [-73.82439, 40.5991], [-73.82439, 40.59909], [-73.82447, 40.59911], [-73.8245, 40.59901], [-73.82452, 40.59897], [-73.82436, 40.59895], [-73.82436, 40.59895], [-73.82434, 40.59895], [-73.82423, 40.59893], [-73.82417, 40.59893], [-73.82413, 40.59892], [-73.82408, 40.59891], [-73.82407, 40.59892], [-73.82396, 40.59889], [-73.82396, 40.59888], [-73.82406, 40.59889], [-73.8241, 40.5989], [-73.82419, 40.59891], [-73.82427, 40.59893], [-73.82435, 40.59893], [-73.82452, 40.59895], [-73.82454, 40.59891], [-73.82461, 40.59872], [-73.82462, 40.59871], [-73.82462, 40.59871], [-73.82464, 40.59867], [-73.82464, 40.59866], [-73.82465, 40.59863], [-73.82466, 40.5986], [-73.82468, 40.59855], [-73.8247, 40.59852], [-73.8247, 40.5985], [-73.82471, 40.5985], [-73.82472, 40.59847], [-73.82473, 40.59844], [-73.82474, 40.5984], [-73.82475, 40.5984], [-73.82475, 40.59839], [-73.82477, 40.59839], [-73.82477, 40.5984], [-73.82475, 40.59845], [-73.82475, 40.59845], [-73.82473, 40.59849], [-73.82471, 40.59853], [-73.8247, 40.59856], [-73.8247, 40.59856], [-73.82468, 40.59861], [-73.82468, 40.59861], [-73.82468, 40.59861], [-73.82466, 40.59866], [-73.82466, 40.59867], [-73.82464, 40.59872], [-73.82464, 40.59872], [-73.82462, 40.59876], [-73.82462, 40.59877], [-73.8246, 40.59881], [-73.8246, 40.59882], [-73.82458, 40.59886], [-73.82458, 40.59887], [-73.82457, 40.59891], [-73.82456, 40.59892], [-73.82455, 40.59896], [-73.82454, 40.59897], [-73.82451, 40.59907], [-73.8245, 40.59907], [-73.82449, 40.59911], [-73.82453, 40.59912], [-73.82453, 40.59913], [-73.82448, 40.59912], [-73.82446, 40.59912]]], [[[-73.86953, 40.59871], [-73.86967, 40.59669], [-73.87021, 40.59695], [-73.86953, 40.59871]]], [[[-73.83668, 40.59495], [-73.83678, 40.59489], [-73.83677, 40.59483], [-73.83671, 40.59471], [-73.83647, 40.5946], [-73.83624, 40.5945], [-73.83599, 40.59443], [-73.83588, 40.59453], [-73.83581, 40.59453], [-73.83577, 40.59453], [-73.83565, 40.59448], [-73.83559, 40.59444], [-73.83549, 40.59445], [-73.83541, 40.59455], [-73.83527, 40.59447], [-73.83512, 40.59437], [-73.83506, 40.59412], [-73.83513, 40.59413], [-73.83515, 40.5941], [-73.83516, 40.59406], [-73.83511, 40.59397], [-73.83496, 40.59389], [-73.83487, 40.5939], [-73.83433, 40.59366], [-73.83432, 40.59362], [-73.83431, 40.59356], [-73.83433, 40.59352], [-73.8343, 40.59347], [-73.83431, 40.59341], [-73.83422, 40.59335], [-73.83411, 40.59335], [-73.83401, 40.59333], [-73.83387, 40.59328], [-73.83385, 40.59333], [-73.83373, 40.59333], [-73.83361, 40.59328], [-73.83352, 40.59321], [-73.8335, 40.59313], [-73.83348, 40.59306], [-73.83336, 40.59295], [-73.8333, 40.59289], [-73.83325, 40.59289], [-73.83323, 40.59292], [-73.83322, 40.59297], [-73.83314, 40.59299], [-73.83308, 40.59299], [-73.83304, 40.5929], [-73.83304, 40.59274], [-73.83307, 40.59265], [-73.83313, 40.59253], [-73.83317, 40.59243], [-73.83313, 40.59234], [-73.83312, 40.59226], [-73.83279, 40.59219], [-73.83271, 40.59219], [-73.83266, 40.59218], [-73.83262, 40.59217], [-73.83258, 40.59212], [-73.83261, 40.59208], [-73.83264, 40.59204], [-73.83263, 40.59198], [-73.83261, 40.59193], [-73.83268, 40.59189], [-73.83275, 40.59188], [-73.83277, 40.59189], [-73.83281, 40.59191], [-73.83282, 40.59198], [-73.83288, 40.59199], [-73.83299, 40.59198], [-73.83307, 40.59194], [-73.8331, 40.59187], [-73.83305, 40.59181], [-73.83306, 40.59172], [-73.83308, 40.59161], [-73.83314, 40.59158], [-73.83325, 40.59164], [-73.83322, 40.59171], [-73.83319, 40.59179], [-73.83323, 40.59187], [-73.83331, 40.59196], [-73.83344, 40.59204], [-73.83356, 40.59208], [-73.83367, 40.59211], [-73.83376, 40.5921], [-73.83368, 40.59201], [-73.83369, 40.59195], [-73.8337, 40.59189], [-73.83378, 40.59185], [-73.83388, 40.59186], [-73.83393, 40.59191], [-73.834, 40.59198], [-73.83396, 40.59206], [-73.83397, 40.59211], [-73.83408, 40.59208], [-73.83412, 40.59202], [-73.83423, 40.59193], [-73.83414, 40.59187], [-73.83411, 40.59179], [-73.83408, 40.59171], [-73.83399, 40.59164], [-73.83392, 40.59158], [-73.83399, 40.59152], [-73.83409, 40.59143], [-73.83423, 40.59137], [-73.83421, 40.59133], [-73.83415, 40.5913], [-73.83407, 40.59134], [-73.83403, 40.59141], [-73.83389, 40.5914], [-73.83376, 40.59139], [-73.8336, 40.59136], [-73.8335, 40.59136], [-73.83343, 40.5914], [-73.83336, 40.59136], [-73.83328, 40.59133], [-73.83321, 40.59131], [-73.83311, 40.5913], [-73.83305, 40.59134], [-73.83299, 40.59138], [-73.83292, 40.59143], [-73.83287, 40.59146], [-73.83284, 40.59146], [-73.83282, 40.59142], [-73.83278, 40.59135], [-73.83268, 40.59135], [-73.83265, 40.59134], [-73.83256, 40.59133], [-73.83257, 40.59127], [-73.8326, 40.59119], [-73.83261, 40.59113], [-73.8326, 40.59106], [-73.83253, 40.59106], [-73.83252, 40.59096], [-73.83249, 40.59084], [-73.83247, 40.59074], [-73.83247, 40.59067], [-73.8325, 40.5906], [-73.8325, 40.59052], [-73.83248, 40.59045], [-73.83246, 40.59039], [-73.83246, 40.5903], [-73.83254, 40.59022], [-73.83263, 40.59019], [-73.83274, 40.59015], [-73.83285, 40.5901], [-73.83298, 40.5901], [-73.83316, 40.5901], [-73.83328, 40.59009], [-73.83343, 40.59001], [-73.83354, 40.59003], [-73.83359, 40.59012], [-73.83368, 40.59008], [-73.83377, 40.59003], [-73.83388, 40.58995], [-73.834, 40.58992], [-73.83412, 40.58992], [-73.83423, 40.58994], [-73.83439, 40.58995], [-73.83451, 40.59003], [-73.83464, 40.59005], [-73.83478, 40.59002], [-73.83483, 40.58995], [-73.83486, 40.58988], [-73.83488, 40.58979], [-73.83495, 40.58973], [-73.83492, 40.58967], [-73.83481, 40.58968], [-73.83467, 40.58974], [-73.83454, 40.58978], [-73.83446, 40.58981], [-73.83437, 40.58978], [-73.83431, 40.58973], [-73.83418, 40.58973], [-73.83406, 40.58974], [-73.834, 40.5898], [-73.83395, 40.58988], [-73.83383, 40.58992], [-73.83375, 40.58988], [-73.83364, 40.58986], [-73.83353, 40.58986], [-73.83339, 40.58985], [-73.83333, 40.58984], [-73.83323, 40.58979], [-73.83323, 40.58972], [-73.8333, 40.58964], [-73.83341, 40.58955], [-73.83344, 40.58945], [-73.83348, 40.58937], [-73.8336, 40.58933], [-73.83369, 40.58933], [-73.83385, 40.58933], [-73.83394, 40.58933], [-73.83399, 40.58937], [-73.8341, 40.58937], [-73.83427, 40.58934], [-73.83449, 40.58934], [-73.83459, 40.58929], [-73.83471, 40.58931], [-73.83485, 40.58935], [-73.83493, 40.58941], [-73.83502, 40.58943], [-73.83512, 40.58942], [-73.83512, 40.58945], [-73.83522, 40.58947], [-73.83537, 40.58944], [-73.83548, 40.58941], [-73.83561, 40.58942], [-73.8357, 40.58942], [-73.83577, 40.5894], [-73.83584, 40.58936], [-73.83595, 40.58937], [-73.83601, 40.58941], [-73.83607, 40.58943], [-73.83613, 40.58943], [-73.8362, 40.58946], [-73.83627, 40.58946], [-73.83632, 40.58951], [-73.83641, 40.58956], [-73.83646, 40.58959], [-73.83653, 40.5896], [-73.83659, 40.58958], [-73.83664, 40.58957], [-73.83668, 40.58962], [-73.83676, 40.58965], [-73.83685, 40.58967], [-73.8369, 40.58971], [-73.83693, 40.58975], [-73.83705, 40.58974], [-73.83708, 40.5897], [-73.8372, 40.5897], [-73.83725, 40.58974], [-73.83725, 40.58977], [-73.83725, 40.58982], [-73.83724, 40.58987], [-73.83722, 40.58991], [-73.83725, 40.58993], [-73.83731, 40.58997], [-73.83732, 40.59001], [-73.83735, 40.59005], [-73.83741, 40.5901], [-73.83744, 40.59013], [-73.83755, 40.5902], [-73.83766, 40.59027], [-73.8378, 40.59031], [-73.83811, 40.59049], [-73.8381, 40.59057], [-73.83815, 40.59066], [-73.83826, 40.59073], [-73.8383, 40.59074], [-73.83847, 40.59077], [-73.83859, 40.59086], [-73.83866, 40.59093], [-73.83867, 40.59106], [-73.8387, 40.5912], [-73.83871, 40.59137], [-73.83869, 40.59143], [-73.83867, 40.59153], [-73.83946, 40.59226], [-73.8395, 40.59217], [-73.83963, 40.5921], [-73.83973, 40.59202], [-73.83984, 40.5919], [-73.83996, 40.59187], [-73.84, 40.59195], [-73.83992, 40.59205], [-73.83978, 40.59213], [-73.8396, 40.59224], [-73.83947, 40.59233], [-73.83943, 40.59244], [-73.83949, 40.59255], [-73.83962, 40.59262], [-73.83978, 40.5927], [-73.83989, 40.5928], [-73.84006, 40.59288], [-73.84024, 40.59289], [-73.84039, 40.59292], [-73.8406, 40.59298], [-73.84081, 40.59292], [-73.84093, 40.5928], [-73.84094, 40.59272], [-73.84093, 40.59263], [-73.84095, 40.59251], [-73.84099, 40.59241], [-73.84112, 40.59229], [-73.84116, 40.59222], [-73.84123, 40.59214], [-73.84136, 40.59213], [-73.84146, 40.59221], [-73.84141, 40.59228], [-73.84134, 40.59236], [-73.84131, 40.59244], [-73.84117, 40.59245], [-73.84144, 40.5925], [-73.84143, 40.59255], [-73.84169, 40.59264], [-73.84184, 40.59271], [-73.84188, 40.59276], [-73.84191, 40.59284], [-73.84193, 40.59293], [-73.84201, 40.59291], [-73.84206, 40.59296], [-73.84213, 40.59302], [-73.84216, 40.59309], [-73.84221, 40.59316], [-73.84231, 40.59315], [-73.8424, 40.59315], [-73.84246, 40.5932], [-73.84255, 40.59319], [-73.84258, 40.59322], [-73.84265, 40.59328], [-73.84269, 40.5933], [-73.84272, 40.59332], [-73.8428, 40.59335], [-73.84283, 40.59338], [-73.84289, 40.59341], [-73.84294, 40.59342], [-73.843, 40.59344], [-73.84305, 40.59345], [-73.84309, 40.59345], [-73.84315, 40.59346], [-73.84321, 40.59347], [-73.84327, 40.59348], [-73.84331, 40.59349], [-73.8434, 40.59349], [-73.84346, 40.59349], [-73.84356, 40.59349], [-73.84365, 40.59349], [-73.84372, 40.59348], [-73.8438, 40.59345], [-73.84386, 40.59342], [-73.84382, 40.59349], [-73.84378, 40.59354], [-73.84376, 40.59361], [-73.84376, 40.59368], [-73.84374, 40.59374], [-73.84373, 40.5938], [-73.84371, 40.59387], [-73.84364, 40.59388], [-73.84361, 40.59394], [-73.84362, 40.59401], [-73.84362, 40.59407], [-73.84359, 40.59416], [-73.84353, 40.59425], [-73.84344, 40.5943], [-73.84337, 40.59431], [-73.84335, 40.59436], [-73.84331, 40.59442], [-73.84325, 40.59446], [-73.84313, 40.59447], [-73.84305, 40.59447], [-73.84292, 40.59445], [-73.84284, 40.59452], [-73.84283, 40.59461], [-73.84272, 40.59469], [-73.84264, 40.59473], [-73.84256, 40.59473], [-73.84246, 40.59472], [-73.84232, 40.59463], [-73.84221, 40.59467], [-73.84219, 40.59471], [-73.84216, 40.59475], [-73.84211, 40.59484], [-73.84196, 40.59491], [-73.84187, 40.59491], [-73.84179, 40.5949], [-73.84164, 40.59493], [-73.84153, 40.59502], [-73.84131, 40.59515], [-73.84131, 40.59525], [-73.84124, 40.59535], [-73.84115, 40.59536], [-73.84105, 40.59536], [-73.84097, 40.59547], [-73.84091, 40.59554], [-73.84078, 40.59564], [-73.8406, 40.59573], [-73.84043, 40.5958], [-73.84032, 40.59587], [-73.84007, 40.59596], [-73.83989, 40.59601], [-73.83971, 40.59606], [-73.83951, 40.5961], [-73.83939, 40.59616], [-73.83918, 40.59621], [-73.83903, 40.59625], [-73.83892, 40.59625], [-73.83871, 40.59624], [-73.83848, 40.5962], [-73.83834, 40.59614], [-73.83819, 40.59605], [-73.83804, 40.596], [-73.83789, 40.59595], [-73.83773, 40.59591], [-73.83759, 40.59587], [-73.83743, 40.5958], [-73.83734, 40.5957], [-73.83719, 40.59556], [-73.83708, 40.59544], [-73.83702, 40.59535], [-73.83695, 40.59531], [-73.83685, 40.59521], [-73.83672, 40.59513], [-73.83667, 40.59509], [-73.83662, 40.59506], [-73.8366, 40.59499], [-73.83668, 40.59495]]], [[[-73.86706, 40.58209], [-73.86769, 40.58196], [-73.86815, 40.58199], [-73.86896, 40.58169], [-73.86926, 40.58191], [-73.86969, 40.58231], [-73.87, 40.58264], [-73.87035, 40.58306], [-73.87051, 40.58334], [-73.87051, 40.58408], [-73.87062, 40.58491], [-73.87085, 40.58542], [-73.871, 40.58606], [-73.87116, 40.58687], [-73.86981, 40.58946], [-73.8685, 40.59009], [-73.86759, 40.59101], [-73.8669, 40.59147], [-73.86635, 40.59189], [-73.86476, 40.59149], [-73.86431, 40.59141], [-73.86371, 40.59113], [-73.86327, 40.59091], [-73.86274, 40.59037], [-73.86272, 40.59007], [-73.86231, 40.58952], [-73.86193, 40.5889], [-73.86149, 40.58854], [-73.86125, 40.58799], [-73.86138, 40.58737], [-73.86151, 40.58698], [-73.86159, 40.58655], [-73.86167, 40.58614], [-73.86192, 40.58567], [-73.86219, 40.58525], [-73.8625, 40.58483], [-73.86283, 40.58442], [-73.86318, 40.58406], [-73.86327, 40.58388], [-73.86383, 40.58365], [-73.86449, 40.58361], [-73.86504, 40.5833], [-73.86558, 40.58303], [-73.86584, 40.58285], [-73.86612, 40.58264], [-73.86652, 40.5823], [-73.86706, 40.58209]]]]}}, {"type": "Feature", "properties": {"zone_id": 6, "zone": "Arrochar/Fort Wadsworth", "borough": "Staten Island", "demand": 0}, "geometry": {"type": "Polygon", "coordinates": [[[-74.06367, 40.6022], [-74.06351, 40.60215], [-74.06383, 40.60259], [-74.06517, 40.60421], [-74.06046, 40.60641], [-74.06043, 40.60635], [-74.05801, 40.60737], [-74.05779, 40.60745], [-74.05789, 40.60758], [-74.05686, 40.60806], [-74.05677, 40.6079], [-74.05675, 40.6078], [-74.05666, 40.60756], [-74.0565, 40.60725], [-74.05641, 40.60719], [-74.05601, 40.60678], [-74.05552, 40.60648], [-74.05543, 40.60648], [-74.05538, 40.60649], [-74.05529, 40.60654], [-74.05516, 40.60673], [-74.05499, 40.60666], [-74.055, 40.60665], [-74.05503, 40.60666], [-74.05505, 40.60663], [-74.05502, 40.60662], [-74.05506, 40.60657], [-74.0551, 40.60659], [-74.05517, 40.60649], [-74.05518, 40.60647], [-74.05518, 40.6064], [-74.05517, 40.60637], [-74.05515, 40.60633], [-74.05512, 40.60631], [-74.05506, 40.60627], [-74.05381, 40.60591], [-74.05372, 40.6056], [-74.05361, 40.60524], [-74.05367, 40.60519], [-74.05402, 40.60493], [-74.05385, 40.60453], [-74.05378, 40.60436], [-74.05375, 40.60428], [-74.0537, 40.60415], [-74.05367, 40.604], [-74.05359, 40.60376], [-74.05357, 40.6037], [-74.05354, 40.60363], [-74.05321, 40.60206], [-74.05316, 40.60198], [-74.05312, 40.60189], [-74.05309, 40.6018], [-74.05306, 40.60171], [-74.05305, 40.60162], [-74.05304, 40.60153], [-74.05303, 40.60147], [-74.05304, 40.6014], [-74.05305, 40.60134], [-74.05307, 40.60127], [-74.0531, 40.60121], [-74.05332, 40.60101], [-74.05335, 40.60095], [-74.05338, 40.6009], [-74.05341, 40.60083], [-74.05342, 40.60077], [-74.05343, 40.60071], [-74.05343, 40.60065], [-74.05342, 40.60058], [-74.05341, 40.60052], [-74.05338, 40.60047], [-74.05334, 40.60042], [-74.05329, 40.60037], [-74.05325, 40.60032], [-74.05319, 40.60028], [-74.05301, 40.60016], [-74.0524, 40.59987], [-74.05225, 40.59985], [-74.05223, 40.59982], [-74.05223, 40.59978], [-74.05225, 40.59975], [-74.05227, 40.59973], [-74.05229, 40.59972], [-74.05233, 40.59971], [-74.05237, 40.59972], [-74.05243, 40.59973], [-74.05249, 40.59974], [-74.05261, 40.59981], [-74.05272, 40.59985], [-74.05279, 40.59987], [-74.05287, 40.59987], [-74.05292, 40.59985], [-74.05302, 40.59978], [-74.0531, 40.59973], [-74.05434, 40.59882], [-74.05431, 40.59878], [-74.05434, 40.59876], [-74.05447, 40.59876], [-74.05681, 40.59673], [-74.05719, 40.59639], [-74.05973, 40.59391], [-74.05975, 40.59385], [-74.05964, 40.59371], [-74.05966, 40.5937], [-74.05977, 40.59384], [-74.05985, 40.59378], [-74.06055, 40.59338], [-74.06134, 40.59272], [-74.06215, 40.59202], [-74.06389, 40.59021], [-74.06503, 40.58899], [-74.06564, 40.58963], [-74.0658, 40.58975], [-74.06576, 40.58979], [-74.06573, 40.58985], [-74.06572, 40.58991], [-74.06574, 40.58997], [-74.06578, 40.59002], [-74.06583, 40.59006], [-74.06651, 40.59034], [-74.06663, 40.59034], [-74.06667, 40.59038], [-74.06728, 40.59099], [-74.06751, 40.59133], [-74.06795, 40.59208], [-74.06815, 40.59246], [-74.06832, 40.59279], [-74.06965, 40.59526], [-74.0697, 40.59538], [-74.07044, 40.59673], [-74.07119, 40.59649], [-74.07282, 40.59595], [-74.07368, 40.59567], [-74.07454, 40.59539], [-74.0754, 40.5951], [-74.07626, 40.59482], [-74.07715, 40.59453], [-74.07802, 40.59425], [-74.07888, 40.59394], [-74.07847, 40.5933], [-74.07936, 40.59299], [-74.0803, 40.59267], [-74.08173, 40.59216], [-74.08177, 40.59221], [-74.0824, 40.59319], [-74.08304, 40.59423], [-74.08321, 40.59453], [-74.0833, 40.59472], [-74.08377, 40.59552], [-74.08407, 40.5955], [-74.08491, 40.5957], [-74.08579, 40.59588], [-74.08588, 40.59589], [-74.08585, 40.59594], [-74.08547, 40.59683], [-74.08533, 40.59701], [-74.08516, 40.59717], [-74.08516, 40.59717], [-74.08516, 40.59717], [-74.08497, 40.59732], [-74.08477, 40.59746], [-74.08477, 40.59746], [-74.08477, 40.59746], [-74.08469, 40.59751], [-74.08361, 40.59791], [-74.08248, 40.59833], [-74.08231, 40.59846], [-74.082, 40.59868], [-74.0816, 40.59902], [-74.08149, 40.59908], [-74.08144, 40.59916], [-74.0813, 40.59939], [-74.08116, 40.60021], [-74.0812, 40.60041], [-74.08122, 40.60055], [-74.08126, 40.60068], [-74.08132, 40.60081], [-74.0814, 40.60092], [-74.08185, 40.60154], [-74.08219, 40.60194], [-74.08282, 40.60197], [-74.08384, 40.60193], [-74.08433, 40.60187], [-74.08457, 40.60182], [-74.08521, 40.6016], [-74.08584, 40.60143], [-74.08625, 40.60132], [-74.08648, 40.60127], [-74.08666, 40.60123], [-74.08831, 40.60111], [-74.0892, 40.60096], [-74.08948, 40.6009], [-74.08984, 40.60077], [-74.0901, 40.60059], [-74.09036, 40.6004], [-74.0906, 40.6002], [-74.09083, 40.59999], [-74.09148, 40.59941], [-74.09161, 40.59926], [-74.09172, 40.59922], [-74.0918, 40.59932], [-74.09197, 40.59982], [-74.09212, 40.60009], [-74.09228, 40.60035], [-74.09245, 40.6006], [-74.09264, 40.60085], [-74.09284, 40.60109], [-74.09287, 40.60118], [-74.09289, 40.60127], [-74.0929, 40.60136], [-74.0929, 40.60145], [-74.0929, 40.60154], [-74.09288, 40.60163], [-74.09286, 40.60172], [-74.09282, 40.60181], [-74.09272, 40.6025], [-74.09261, 40.60323], [-74.09244, 40.60412], [-74.09259, 40.60514], [-74.09263, 40.60545], [-74.09268, 40.60591], [-74.09271, 40.60606], [-74.09271, 40.60606], [-74.09271, 40.60606], [-74.09273, 40.60621], [-74.09272, 40.60636], [-74.09272, 40.60636], [-74.09272, 40.60636], [-74.09269, 40.60651], [-74.09265, 40.60666], [-74.09265, 40.60666], [-74.09265, 40.60666], [-74.09258, 40.60681], [-74.0925, 40.60694], [-74.0924, 40.60707], [-74.09203, 40.60743], [-74.09187, 40.60757], [-74.09173, 40.60772], [-74.0916, 40.60788], [-74.0915, 40.60805], [-74.09141, 40.60823], [-74.09096, 40.60863], [-74.0908, 40.60878], [-74.09056, 40.609], [-74.09046, 40.60909], [-74.08949, 40.60869], [-74.08875, 40.60837], [-74.08796, 40.60805], [-74.08716, 40.60773], [-74.08636, 40.6074], [-74.08543, 40.60702], [-74.0849, 40.60689], [-74.08407, 40.60668], [-74.08355, 40.60655], [-74.08342, 40.60652], [-74.08281, 40.60641], [-74.08155, 40.60629], [-74.07778, 40.60617], [-74.07657, 40.60612], [-74.07607, 40.60606], [-74.07552, 40.606], [-74.07543, 40.60599], [-74.07479, 40.60587], [-74.074, 40.60573], [-74.07358, 40.60562], [-74.07335, 40.60556], [-74.07298, 40.60547], [-74.07269, 40.60538], [-74.07243, 40.6053], [-74.07207, 40.60519], [-74.07173, 40.60506], [-74.06914, 40.60404], [-74.06898, 40.60398], [-74.06571, 40.60279], [-74.06551, 40.60272], [-74.06473, 40.6025], [-74.06422, 40.60235], [-74.06367, 40.6022]]]}}, {"type": "Feature", "properties": {"zone_id": 8, "zone": "Astoria Park", "borough": "Queens", "demand": 0}, "geometry": {"type": "Polygon", "coordinates": [[[-73.92334, 40.77513], [-73.92398, 40.77461], [-73.92523, 40.7753], [-73.92531, 40.77534], [-73.92602, 40.77573], [-73.92658, 40.77604], [-73.92738, 40.77647], [-73.92782, 40.7767], [-73.92828, 40.7769], [-73.92708, 40.77772], [-73.92632, 40.77824], [-73.92582, 40.77839], [-73.92575, 40.7784], [-73.92565, 40.77843], [-73.92557, 40.77846], [-73.92482, 40.77876], [-73.92423, 40.7791], [-73.92319, 40.78025], [-73.92296, 40.78044], [-73.92263, 40.78056], [-73.9221, 40.78085], [-73.92098, 40.78177], [-73.91996, 40.78263], [-73.91976, 40.78251], [-73.91797, 40.78126], [-73.91862, 40.78073], [-73.91906, 40.78036], [-73.91939, 40.78009], [-73.92013, 40.77949], [-73.92079, 40.77895], [-73.92139, 40.77845], [-73.922, 40.77795], [-73.92265, 40.77742], [-73.92331, 40.77688], [-73.92376, 40.77655], [-73.92303, 40.77538], [-73.92315, 40.77529], [-73.92321, 40.77523], [-73.92328, 40.77518], [-73.92334, 40.77513]]]}}, {"type": "Feature", "properties": {"zone_id": 9, "zone": "Auburndale", "borough": "Queens", "demand": 0}, "geometry": {"type": "Polygon", "coordinates": [[[-73.78502, 40.76104], [-73.78486, 40.76064], [-73.78468, 40.76026], [-73.78448, 40.75988], [-73.78431, 40.75948], [-73.78429, 40.75944], [-73.78426, 40.75938], [-73.78408, 40.75904], [-73.78382, 40.75853], [-73.78346, 40.75786], [-73.78338, 40.75775], [-73.78316, 40.75733], [-73.78303, 40.75708], [-73.78282, 40.75667], [-73.78265, 40.75633], [-73.78248, 40.756], [-73.78212, 40.75534], [-73.78165, 40.75471], [-73.78113, 40.75409], [-73.78052, 40.75333], [-73.78009, 40.75251], [-73.77981, 40.75189], [-73.77944, 40.75112], [-73.77907, 40.75033], [-73.77831, 40.74874], [-73.77753, 40.74715], [-73.77679, 40.74554], [-73.77617, 40.74424], [-73.77597, 40.74381], [-73.77585, 40.74356], [-73.77576, 40.74337], [-73.77574, 40.74332], [-73.7758, 40.74332], [-73.77806, 40.74299], [-73.7786, 40.74291], [-73.77966, 40.74273], [-73.78037, 40.74259], [-73.78069, 40.7425], [-73.78101, 40.74242], [-73.78122, 40.74236], [-73.78138, 40.74232], [-73.78177, 40.74222], [-73.78216, 40.74211], [-73.78311, 40.74185], [-73.7835, 40.74174], [-73.78401, 40.7416], [-73.78484, 40.74137], [-73.78577, 40.74111], [-73.78665, 40.74087], [-73.78669, 40.74085], [-73.78674, 40.74084], [-73.78759, 40.74062], [-73.78848, 40.74037], [-73.78865, 40.74032], [-73.78935, 40.74013], [-73.79021, 40.73989], [-73.79112, 40.73965], [-73.79203, 40.7394], [-73.79286, 40.73918], [-73.79292, 40.73917], [-73.79298, 40.73915], [-73.79369, 40.73895], [-73.79441, 40.73875], [-73.79534, 40.73849], [-73.79589, 40.73838], [-73.79612, 40.73834], [-73.7964, 40.73828], [-73.79641, 40.73832], [-73.79644, 40.73844], [-73.79673, 40.73842], [-73.79629, 40.73855], [-73.79641, 40.73859], [-73.79718, 40.73999], [-73.79722, 40.7401], [-73.79722, 40.7401], [-73.79722, 40.7401], [-73.79726, 40.74021], [-73.79726, 40.74021], [-73.79726, 40.74021], [-73.79728, 40.74033], [-73.79728, 40.74033], [-73.79728, 40.74033], [-73.79728, 40.74045], [-73.79728, 40.74045], [-73.79728, 40.74045], [-73.79727, 40.74056], [-73.79723, 40.74169], [-73.79695, 40.74193], [-73.79667, 40.74213], [-73.79667, 40.74213], [-73.79667, 40.74213], [-73.79639, 40.74235], [-73.79639, 40.74235], [-73.79639, 40.74235], [-73.79614, 40.74257], [-73.79614, 40.74257], [-73.79614, 40.74257], [-73.79589, 40.7428], [-73.79589, 40.7428], [-73.79589, 40.7428], [-73.79567, 40.74304], [-73.79543, 40.74326], [-73.79521, 40.74349], [-73.79501, 40.74374], [-73.79501, 40.74374], [-73.79501, 40.74374], [-73.79483, 40.74399], [-73.79467, 40.74424], [-73.79467, 40.74424], [-73.79467, 40.74424], [-73.79454, 40.74451], [-73.79449, 40.74474], [-73.79449, 40.74474], [-73.79449, 40.74474], [-73.79446, 40.74497], [-73.79445, 40.7452], [-73.79445, 40.7452], [-73.79445, 40.7452], [-73.79446, 40.74544], [-73.79448, 40.74567], [-73.79448, 40.74567], [-73.79448, 40.74567], [-73.79452, 40.7459], [-73.79458, 40.7464], [-73.79468, 40.74721], [-73.79472, 40.7476], [-73.79598, 40.74853], [-73.79658, 40.74898], [-73.79705, 40.74933], [-73.7973, 40.74943], [-73.79645, 40.74986], [-73.79567, 40.75024], [-73.79472, 40.75065], [-73.79468, 40.75127], [-73.79466, 40.75199], [-73.79463, 40.7527], [-73.79458, 40.75356], [-73.79475, 40.75563], [-73.79493, 40.7578], [-73.79402, 40.75774], [-73.79303, 40.75776], [-73.79212, 40.75778], [-73.79201, 40.75778], [-73.79122, 40.7578], [-73.79032, 40.75782], [-73.79053, 40.75937], [-73.79076, 40.76098], [-73.79165, 40.76091], [-73.79255, 40.76084], [-73.79344, 40.76076], [-73.79344, 40.76082], [-73.79344, 40.76118], [-73.79344, 40.76151], [-73.79344, 40.7616], [-73.79335, 40.76229], [-73.79323, 40.76314], [-73.79303, 40.76462], [-73.79396, 40.76469], [-73.79361, 40.76722], [-73.79342, 40.7686], [-73.79321, 40.77034], [-73.79318, 40.7704], [-73.79238, 40.76948], [-73.79235, 40.76945], [-73.7919, 40.76894], [-73.7915, 40.76845], [-73.79138, 40.76832], [-73.7906, 40.76742], [-73.79022, 40.76695], [-73.78991, 40.76651], [-73.78964, 40.76614], [-73.78871, 40.76485], [-73.78861, 40.76471], [-73.7885, 40.76457], [-73.78837, 40.76444], [-73.78823, 40.76431], [-73.78808, 40.7642], [-73.78733, 40.76381], [-73.78714, 40.76371], [-73.78596, 40.7631], [-73.78572, 40.76292], [-73.78546, 40.76259], [-73.78542, 40.76251], [-73.78536, 40.76226], [-73.7853, 40.76198], [-73.78527, 40.76184], [-73.78525, 40.76176], [-73.78517, 40.76143], [-73.78502, 40.76104]]]}}, {"type": "Feature", "properties": {"zone_id": 11, "zone": "Bath Beach", "borough": "Brooklyn", "demand": 0}, "geometry": {"type": "Polygon", "coordinates": [[[-74.0011, 40.60303], [-74.00032, 40.60262], [-74.00002, 40.60291], [-73.99928, 40.60246], [-73.99856, 40.60203], [-73.99782, 40.60158], [-73.99708, 40.60113], [-73.99637, 40.6007], [-73.99559, 40.60023], [-73.99734, 40.59855], [-73.99866, 40.59727], [-73.99932, 40.59664], [-73.99951, 40.59644], [-73.99997, 40.59599], [-74.0, 40.59597], [-74.00004, 40.59594], [-74.00028, 40.5957], [-74.002, 40.59413], [-74.00219, 40.59436], [-74.0023, 40.59454], [-74.00242, 40.59473], [-74.00255, 40.59491], [-74.00268, 40.59509], [-74.00282, 40.59526], [-74.00297, 40.59543], [-74.00313, 40.5956], [-74.00329, 40.59576], [-74.00346, 40.59592], [-74.00363, 40.59608], [-74.00553, 40.59754], [-74.00775, 40.59894], [-74.00848, 40.59939], [-74.00922, 40.59984], [-74.00962, 40.60004], [-74.00977, 40.60013], [-74.00994, 40.60022], [-74.01017, 40.60035], [-74.01041, 40.60047], [-74.01066, 40.6006], [-74.0109, 40.60072], [-74.01115, 40.60083], [-74.0114, 40.60094], [-74.01164, 40.60104], [-74.01187, 40.60114], [-74.01206, 40.60122], [-74.01237, 40.60135], [-74.013, 40.60156], [-74.01302, 40.60157], [-74.01394, 40.60184], [-74.01478, 40.60208], [-74.0153, 40.60219], [-74.01582, 40.60229], [-74.01617, 40.60235], [-74.01653, 40.6024], [-74.01688, 40.60244], [-74.01723, 40.60248], [-74.01759, 40.6025], [-74.01799, 40.60249], [-74.01829, 40.60245], [-74.01832, 40.60242], [-74.01914, 40.60261], [-74.01913, 40.60265], [-74.01933, 40.60281], [-74.01943, 40.60287], [-74.01939, 40.60291], [-74.01923, 40.6031], [-74.01918, 40.60315], [-74.01918, 40.60315], [-74.01871, 40.60358], [-74.01869, 40.60361], [-74.01866, 40.60364], [-74.01823, 40.60411], [-74.01821, 40.60418], [-74.01818, 40.60425], [-74.01812, 40.60431], [-74.01805, 40.60437], [-74.01751, 40.60485], [-74.01747, 40.60496], [-74.01728, 40.60514], [-74.01671, 40.60568], [-74.01641, 40.60598], [-74.0155, 40.60684], [-74.01624, 40.60723], [-74.01702, 40.60765], [-74.01522, 40.60936], [-74.01348, 40.61104], [-74.01171, 40.61273], [-74.01109, 40.61334], [-74.0105, 40.6139], [-74.0102, 40.61371], [-74.0083, 40.61257], [-74.00788, 40.61234], [-74.00709, 40.61191], [-74.00601, 40.61132], [-74.00343, 40.60997], [-74.00266, 40.60957], [-74.00185, 40.60914], [-74.00094, 40.60864], [-74.00131, 40.60834], [-74.00172, 40.608], [-74.00195, 40.60782], [-74.00264, 40.60726], [-74.00442, 40.60557], [-74.00493, 40.60507], [-74.00445, 40.6048], [-74.00416, 40.60465], [-74.00341, 40.60426], [-74.00263, 40.60385], [-74.00185, 40.60343], [-74.0011, 40.60303]]]}}, {"type": "Feature", "properties": {"zone_id": 27, "zone": "Breezy Point/Fort Tilden/Riis Beach", "borough": "Queens", "demand": 0}, "geometry": {"type": "Polygon", "coordinates": [[[-73.86523, 40.57046], [-73.86454, 40.56924], [-73.8641, 40.56935], [-73.86407, 40.5693], [-73.86317, 40.56774], [-73.86309, 40.5676], [-73.86287, 40.56683], [-73.86267, 40.56652], [-73.86268, 40.56651], [-73.86268, 40.56651], [-73.86269, 40.5665], [-73.8627, 40.5665], [-73.86271, 40.5665], [-73.86277, 40.56657], [-73.86296, 40.56682], [-73.86301, 40.56688], [-73.8632, 40.56697], [-73.86336, 40.56702], [-73.86342, 40.56703], [-73.86349, 40.56703], [-73.86356, 40.56703], [-73.86373, 40.56698], [-73.86388, 40.56693], [-73.86403, 40.56689], [-73.8645, 40.56672], [-73.8646, 40.56669], [-73.86475, 40.56665], [-73.86483, 40.56664], [-73.86485, 40.56664], [-73.86495, 40.56663], [-73.86509, 40.56663], [-73.86526, 40.56662], [-73.86538, 40.56661], [-73.86554, 40.56657], [-73.86558, 40.56656], [-73.86565, 40.56653], [-73.86573, 40.5665], [-73.8658, 40.56647], [-73.86586, 40.56643], [-73.86636, 40.56618], [-73.86645, 40.56614], [-73.86654, 40.56611], [-73.86662, 40.56609], [-73.86654, 40.56596], [-73.8663, 40.56555], [-73.86631, 40.56555], [-73.86655, 40.56595], [-73.86663, 40.56609], [-73.86669, 40.56608], [-73.86674, 40.56608], [-73.86679, 40.56608], [-73.86686, 40.56609], [-73.86688, 40.56608], [-73.86696, 40.56607], [-73.86703, 40.56606], [-73.86709, 40.56604], [-73.86714, 40.56602], [-73.86733, 40.56596], [-73.86738, 40.56593], [-73.86743, 40.56592], [-73.86747, 40.5659], [-73.86765, 40.56581], [-73.86769, 40.5658], [-73.86771, 40.56579], [-73.86775, 40.56577], [-73.86785, 40.56574], [-73.86788, 40.56573], [-73.86792, 40.56571], [-73.86797, 40.56568], [-73.86807, 40.56563], [-73.8681, 40.56562], [-73.86818, 40.56559], [-73.86824, 40.56557], [-73.86833, 40.56553], [-73.86837, 40.56552], [-73.86838, 40.56552], [-73.8684, 40.56551], [-73.86843, 40.56551], [-73.86845, 40.56552], [-73.86847, 40.56552], [-73.86848, 40.56553], [-73.86849, 40.56553], [-73.86849, 40.56552], [-73.86839, 40.56534], [-73.86823, 40.56508], [-73.86825, 40.56507], [-73.86841, 40.56533], [-73.86853, 40.56554], [-73.86855, 40.56554], [-73.86862, 40.56554], [-73.86869, 40.56553], [-73.86894, 40.56547], [-73.86905, 40.56544], [-73.86913, 40.56542], [-73.86925, 40.56538], [-73.86949, 40.56527], [-73.86955, 40.56524], [-73.86968, 40.56519], [-73.86989, 40.56511], [-73.87003, 40.56506], [-73.87032, 40.56493], [-73.8704, 40.5649], [-73.87049, 40.56485], [-73.87062, 40.56481], [-73.87052, 40.56463], [-73.87025, 40.56418], [-73.87028, 40.56417], [-73.87054, 40.56463], [-73.87064, 40.56481], [-73.87065, 40.56481], [-73.87066, 40.56481], [-73.87067, 40.56481], [-73.87079, 40.56479], [-73.87091, 40.56476], [-73.871, 40.56474], [-73.87111, 40.56469], [-73.87116, 40.56468], [-73.87124, 40.56465], [-73.87129, 40.56463], [-73.87136, 40.5646], [-73.87145, 40.56456], [-73.8716, 40.5645], [-73.8717, 40.56446], [-73.87187, 40.56438], [-73.87233, 40.56419], [-73.87251, 40.56412], [-73.87258, 40.5641], [-73.87264, 40.56408], [-73.87265, 40.56404], [-73.87259, 40.56394], [-73.87238, 40.56357], [-73.8724, 40.56357], [-73.87257, 40.56386], [-73.87261, 40.56393], [-73.87266, 40.56403], [-73.87267, 40.56403], [-73.87269, 40.56404], [-73.87271, 40.56406], [-73.87272, 40.56409], [-73.87274, 40.5641], [-73.87275, 40.56411], [-73.87276, 40.56411], [-73.87278, 40.56411], [-73.87283, 40.56411], [-73.87289, 40.56411], [-73.87294, 40.5641], [-73.87298, 40.5641], [-73.87303, 40.56409], [-73.87308, 40.56408], [-73.87314, 40.56408], [-73.87322, 40.56406], [-73.8733, 40.56404], [-73.87333, 40.56403], [-73.87342, 40.564], [-73.87345, 40.56399], [-73.87348, 40.56397], [-73.87352, 40.56396], [-73.87357, 40.56395], [-73.87361, 40.56393], [-73.87367, 40.56391], [-73.87375, 40.56389], [-73.8738, 40.56388], [-73.87385, 40.56386], [-73.87392, 40.56383], [-73.87398, 40.56381], [-73.87396, 40.56376], [-73.87398, 40.56376], [-73.874, 40.5638], [-73.87403, 40.5638], [-73.87407, 40.56379], [-73.87412, 40.56377], [-73.87415, 40.56377], [-73.87419, 40.56375], [-73.87427, 40.56373], [-73.87431, 40.56372], [-73.87438, 40.5637], [-73.87444, 40.56368], [-73.87447, 40.56367], [-73.87452, 40.56366], [-73.87455, 40.56365], [-73.87459, 40.56363], [-73.87464, 40.56361], [-73.87465, 40.5636], [-73.87467, 40.56358], [-73.87467, 40.56356], [-73.87465, 40.56351], [-73.87465, 40.5635], [-73.87467, 40.5635], [-73.87468, 40.56353], [-73.87474, 40.56354], [-73.87477, 40.56353], [-73.87484, 40.56352], [-73.8749, 40.56351], [-73.87496, 40.5635], [-73.87501, 40.5635], [-73.87504, 40.56349], [-73.87508, 40.56348], [-73.87513, 40.56347], [-73.87518, 40.56346], [-73.87523, 40.56344], [-73.87525, 40.56343], [-73.87527, 40.56343], [-73.87529, 40.56342], [-73.87531, 40.56341], [-73.87534, 40.5634], [-73.87536, 40.5634], [-73.87539, 40.56339], [-73.87535, 40.5633], [-73.87536, 40.5633], [-73.8754, 40.56338], [-73.87542, 40.56338], [-73.87546, 40.56337], [-73.87547, 40.56336], [-73.87551, 40.56335], [-73.87553, 40.56334], [-73.87556, 40.56333], [-73.8756, 40.56332], [-73.87563, 40.56331], [-73.87566, 40.5633], [-73.87568, 40.56329], [-73.87571, 40.56328], [-73.87575, 40.56327], [-73.87577, 40.56326], [-73.87581, 40.56325], [-73.87584, 40.56324], [-73.87589, 40.56322], [-73.87591, 40.56321], [-73.87595, 40.56319], [-73.87597, 40.56318], [-73.876, 40.56318], [-73.87604, 40.56316], [-73.87607, 40.56315], [-73.87603, 40.56307], [-73.87605, 40.56307], [-73.87608, 40.56315], [-73.8761, 40.56314], [-73.87613, 40.56314], [-73.87617, 40.56313], [-73.87619, 40.56313], [-73.87623, 40.56311], [-73.87626, 40.56311], [-73.87631, 40.56309], [-73.87633, 40.56309], [-73.87638, 40.56307], [-73.87639, 40.56306], [-73.87642, 40.56305], [-73.87643, 40.56304], [-73.87645, 40.56303], [-73.87646, 40.56303], [-73.87648, 40.56302], [-73.8765, 40.56301], [-73.87653, 40.56299], [-73.87655, 40.56298], [-73.87656, 40.56297], [-73.87658, 40.56297], [-73.87659, 40.56296], [-73.87661, 40.56295], [-73.87662, 40.56294], [-73.87663, 40.56293], [-73.87666, 40.56292], [-73.87668, 40.56291], [-73.87669, 40.5629], [-73.87671, 40.56289], [-73.87674, 40.56288], [-73.87674, 40.56288], [-73.87673, 40.56284], [-73.87674, 40.56284], [-73.87676, 40.56288], [-73.87677, 40.56287], [-73.87679, 40.56287], [-73.87681, 40.56286], [-73.87683, 40.56285], [-73.87687, 40.56283], [-73.8769, 40.56283], [-73.87692, 40.56281], [-73.87695, 40.5628], [-73.87697, 40.5628], [-73.87699, 40.56279], [-73.87701, 40.56279], [-73.87705, 40.56277], [-73.87706, 40.56277], [-73.87711, 40.56275], [-73.87713, 40.56274], [-73.87714, 40.56274], [-73.87716, 40.56273], [-73.87717, 40.56272], [-73.87719, 40.56272], [-73.87721, 40.56271], [-73.87722, 40.5627], [-73.87724, 40.56269], [-73.87725, 40.56269], [-73.87727, 40.56268], [-73.87728, 40.56267], [-73.8773, 40.56267], [-73.87733, 40.56266], [-73.87736, 40.56265], [-73.87734, 40.56263], [-73.87736, 40.56263], [-73.87737, 40.56265], [-73.87738, 40.56265], [-73.87741, 40.56264], [-73.87752, 40.5626], [-73.87762, 40.56257], [-73.8777, 40.56254], [-73.8778, 40.5625], [-73.8779, 40.56246], [-73.87798, 40.56243], [-73.87806, 40.5624], [-73.87811, 40.56237], [-73.87819, 40.56233], [-73.87828, 40.5623], [-73.87837, 40.56226], [-73.87849, 40.56222], [-73.87863, 40.56216], [-73.87875, 40.56212], [-73.87886, 40.56207], [-73.87894, 40.56204], [-73.87904, 40.562], [-73.8792, 40.56192], [-73.87938, 40.56184], [-73.87954, 40.5618], [-73.87955, 40.56179], [-73.87956, 40.56179], [-73.87958, 40.56179], [-73.8796, 40.56178], [-73.87962, 40.56178], [-73.87964, 40.56177], [-73.87966, 40.56176], [-73.87968, 40.56176], [-73.87971, 40.56175], [-73.87973, 40.56175], [-73.87975, 40.56174], [-73.87976, 40.56173], [-73.87977, 40.56172], [-73.87979, 40.56171], [-73.87981, 40.5617], [-73.87982, 40.56169], [-73.87983, 40.56168], [-73.87985, 40.56168], [-73.87986, 40.56167], [-73.87988, 40.56167], [-73.87989, 40.56166], [-73.87991, 40.56165], [-73.87992, 40.56165], [-73.87993, 40.56164], [-73.87995, 40.56164], [-73.87996, 40.56163], [-73.87999, 40.56162], [-73.88, 40.56162], [-73.88002, 40.56161], [-73.88004, 40.56161], [-73.88006, 40.5616], [-73.88008, 40.56159], [-73.88011, 40.56158], [-73.88013, 40.56157], [-73.88016, 40.56156], [-73.88018, 40.56155], [-73.8802, 40.56154], [-73.88022, 40.56154], [-73.88024, 40.56153], [-73.88026, 40.56152], [-73.88028, 40.56151], [-73.8803, 40.5615], [-73.8803, 40.5615], [-73.8803, 40.56149], [-73.8803, 40.56148], [-73.8803, 40.56147], [-73.88029, 40.56146], [-73.88028, 40.56144], [-73.88028, 40.56143], [-73.88028, 40.5614], [-73.88028, 40.5614], [-73.88028, 40.56138], [-73.8803, 40.56137], [-73.88032, 40.56137], [-73.88033, 40.56137], [-73.88036, 40.56137], [-73.88037, 40.56138], [-73.88039, 40.5614], [-73.8804, 40.56143], [-73.88042, 40.56147], [-73.88044, 40.56147], [-73.88046, 40.56147], [-73.88048, 40.56147], [-73.88051, 40.56147], [-73.88052, 40.56147], [-73.88054, 40.56147], [-73.88055, 40.56146], [-73.88057, 40.56146], [-73.88059, 40.56146], [-73.8806, 40.56146], [-73.88063, 40.56146], [-73.88066, 40.56146], [-73.88067, 40.56146], [-73.88069, 40.56145], [-73.8807, 40.56145], [-73.88072, 40.56145], [-73.88074, 40.56145], [-73.88076, 40.56144], [-73.88078, 40.56144], [-73.88079, 40.56144], [-73.88081, 40.56143], [-73.88083, 40.56143], [-73.88084, 40.56143], [-73.88086, 40.56143], [-73.88088, 40.56142], [-73.88091, 40.56142], [-73.88092, 40.56142], [-73.88094, 40.56142], [-73.88096, 40.56141], [-73.88098, 40.56141], [-73.881, 40.56141], [-73.88101, 40.56141], [-73.88105, 40.5614], [-73.88107, 40.5614], [-73.88108, 40.5614], [-73.8811, 40.5614], [-73.88111, 40.5614], [-73.88113, 40.5614], [-73.88115, 40.56139], [-73.88117, 40.56139], [-73.88119, 40.56139], [-73.8812, 40.56139], [-73.88122, 40.56139], [-73.88124, 40.56138], [-73.88125, 40.56138], [-73.88127, 40.56138], [-73.88128, 40.56137], [-73.8813, 40.56137], [-73.88133, 40.56136], [-73.88135, 40.56135], [-73.88137, 40.56134], [-73.88139, 40.56134], [-73.88141, 40.56133], [-73.88143, 40.56133], [-73.88145, 40.56132], [-73.88147, 40.56131], [-73.8815, 40.5613], [-73.88152, 40.56129], [-73.88153, 40.56128], [-73.88156, 40.56127], [-73.88158, 40.56126], [-73.8816, 40.56125], [-73.88162, 40.56124], [-73.88164, 40.56123], [-73.88166, 40.56122], [-73.88169, 40.56121], [-73.8817, 40.5612], [-73.88172, 40.56119], [-73.88173, 40.56119], [-73.88175, 40.56118], [-73.88176, 40.56117], [-73.88178, 40.56116], [-73.88181, 40.56115], [-73.88183, 40.56114], [-73.88184, 40.56113], [-73.88186, 40.56113], [-73.88187, 40.56112], [-73.88188, 40.56111], [-73.88189, 40.56111], [-73.88191, 40.5611], [-73.88192, 40.56109], [-73.88194, 40.56109], [-73.88195, 40.56108], [-73.88196, 40.56108], [-73.88197, 40.56107], [-73.88199, 40.56106], [-73.882, 40.56106], [-73.88204, 40.56104], [-73.88206, 40.56103], [-73.88208, 40.56102], [-73.88211, 40.56101], [-73.88212, 40.56101], [-73.88214, 40.561], [-73.88215, 40.56099], [-73.88216, 40.56099], [-73.88218, 40.56098], [-73.88221, 40.56097], [-73.88223, 40.56096], [-73.88226, 40.56095], [-73.88228, 40.56094], [-73.88231, 40.56094], [-73.88233, 40.56093], [-73.88235, 40.56093], [-73.88237, 40.56092], [-73.88239, 40.56092], [-73.88242, 40.56091], [-73.88242, 40.56091], [-73.88242, 40.56091], [-73.88235, 40.56079], [-73.88236, 40.56078], [-73.88236, 40.56077], [-73.88237, 40.56076], [-73.88239, 40.56076], [-73.8824, 40.56076], [-73.88242, 40.56077], [-73.88243, 40.56077], [-73.88244, 40.56079], [-73.88244, 40.56079], [-73.88245, 40.56083], [-73.88247, 40.56087], [-73.88249, 40.56087], [-73.88251, 40.56088], [-73.88252, 40.56088], [-73.88254, 40.56088], [-73.88256, 40.56088], [-73.88257, 40.56088], [-73.8826, 40.56088], [-73.88262, 40.56088], [-73.88264, 40.56088], [-73.88266, 40.56088], [-73.88267, 40.56088], [-73.88269, 40.56087], [-73.88271, 40.56087], [-73.88272, 40.56087], [-73.88274, 40.56087], [-73.88276, 40.56087], [-73.88278, 40.56088], [-73.8828, 40.56088], [-73.88283, 40.56087], [-73.88285, 40.56087], [-73.88288, 40.56087], [-73.8829, 40.56088], [-73.88292, 40.56088], [-73.88294, 40.56088], [-73.88296, 40.56088], [-73.88298, 40.56088], [-73.88301, 40.56089], [-73.88303, 40.56089], [-73.88305, 40.56089], [-73.88307, 40.56089], [-73.8831, 40.56088], [-73.88311, 40.56088], [-73.88314, 40.56088], [-73.88314, 40.56088], [-73.88316, 40.56087], [-73.88318, 40.56087], [-73.8832, 40.56087], [-73.88322, 40.56086], [-73.88323, 40.56086], [-73.88325, 40.56086], [-73.88327, 40.56085], [-73.88329, 40.56084], [-73.88331, 40.56083], [-73.88333, 40.56082], [-73.88335, 40.56082], [-73.88337, 40.56081], [-73.88339, 40.5608], [-73.88341, 40.56079], [-73.88343, 40.56079], [-73.88344, 40.56078], [-73.88344, 40.56078], [-73.88346, 40.56077], [-73.88348, 40.56076], [-73.88349, 40.56075], [-73.88351, 40.56074], [-73.88353, 40.56073], [-73.88356, 40.56072], [-73.88358, 40.56071], [-73.8836, 40.5607], [-73.88362, 40.56069], [-73.88364, 40.56068], [-73.88366, 40.56067], [-73.88368, 40.56066], [-73.8837, 40.56065], [-73.88373, 40.56063], [-73.88374, 40.56063], [-73.88375, 40.56062], [-73.88378, 40.56061], [-73.8838, 40.5606], [-73.88382, 40.56059], [-73.88385, 40.56058], [-73.88386, 40.56057], [-73.88388, 40.56057], [-73.88389, 40.56056], [-73.88391, 40.56055], [-73.88393, 40.56054], [-73.88395, 40.56054], [-73.88397, 40.56053], [-73.88399, 40.56052], [-73.88402, 40.56051], [-73.88404, 40.56051], [-73.88406, 40.5605], [-73.88411, 40.56048], [-73.88413, 40.56048], [-73.88416, 40.56047], [-73.88418, 40.56046], [-73.88421, 40.56045], [-73.88422, 40.56044], [-73.88424, 40.56044], [-73.88425, 40.56043], [-73.88427, 40.56043], [-73.88428, 40.56042], [-73.8843, 40.56041], [-73.88431, 40.56041], [-73.88433, 40.5604], [-73.88435, 40.56039], [-73.88436, 40.56039], [-73.88438, 40.56038], [-73.88439, 40.56038], [-73.88441, 40.56037], [-73.88443, 40.56036], [-73.88445, 40.56036], [-73.88448, 40.56035], [-73.8845, 40.56034], [-73.88452, 40.56034], [-73.88453, 40.56033], [-73.88455, 40.56032], [-73.88457, 40.56031], [-73.8846, 40.5603], [-73.88461, 40.5603], [-73.88463, 40.56029], [-73.88464, 40.56029], [-73.88465, 40.56028], [-73.88467, 40.56028], [-73.88469, 40.56027], [-73.8847, 40.56026], [-73.88472, 40.56025], [-73.88473, 40.56025], [-73.88474, 40.56024], [-73.88476, 40.56024], [-73.88478, 40.56023], [-73.88479, 40.56022], [-73.8848, 40.56021], [-73.88482, 40.5602], [-73.88484, 40.56019], [-73.88486, 40.56019], [-73.88488, 40.56018], [-73.88486, 40.56014], [-73.88483, 40.56009], [-73.88483, 40.56008], [-73.88483, 40.56007], [-73.88484, 40.56005], [-73.88486, 40.56004], [-73.88488, 40.56004], [-73.8849, 40.56005], [-73.88491, 40.56007], [-73.88492, 40.56009], [-73.88494, 40.56014], [-73.88495, 40.56016], [-73.88498, 40.56016], [-73.88499, 40.56016], [-73.88501, 40.56016], [-73.88503, 40.56016], [-73.88505, 40.56015], [-73.88508, 40.56015], [-73.88511, 40.56015], [-73.88513, 40.56015], [-73.88515, 40.56014], [-73.88517, 40.56014], [-73.88518, 40.56014], [-73.8852, 40.56014], [-73.88522, 40.56013], [-73.88523, 40.56013], [-73.88525, 40.56013], [-73.88527, 40.56012], [-73.8853, 40.56012], [-73.88531, 40.56012], [-73.88533, 40.56012], [-73.88535, 40.56012], [-73.88536, 40.56011], [-73.88538, 40.56011], [-73.88541, 40.5601], [-73.88543, 40.5601], [-73.88545, 40.5601], [-73.88548, 40.56009], [-73.8855, 40.56009], [-73.88552, 40.56008], [-73.88554, 40.56008], [-73.88556, 40.56007], [-73.88558, 40.56007], [-73.8856, 40.56006], [-73.88561, 40.56006], [-73.88563, 40.56006], [-73.88565, 40.56005], [-73.88567, 40.56005], [-73.88569, 40.56004], [-73.88571, 40.56004], [-73.88573, 40.56004], [-73.88575, 40.56003], [-73.88576, 40.56003], [-73.88578, 40.56003], [-73.88579, 40.56002], [-73.88581, 40.56002], [-73.88583, 40.56001], [-73.88585, 40.56001], [-73.88587, 40.56], [-73.88589, 40.56], [-73.88591, 40.55999], [-73.88593, 40.55998], [-73.88595, 40.55998], [-73.88598, 40.55997], [-73.88599, 40.55997], [-73.88601, 40.55996], [-73.88603, 40.55995], [-73.88605, 40.55994], [-73.88607, 40.55994], [-73.88609, 40.55993], [-73.88611, 40.55992], [-73.88615, 40.55991], [-73.88617, 40.5599], [-73.88619, 40.55989], [-73.8862, 40.55989], [-73.88622, 40.55988], [-73.88624, 40.55987], [-73.88626, 40.55986], [-73.88628, 40.55985], [-73.88631, 40.55984], [-73.88633, 40.55983], [-73.88635, 40.55983], [-73.88637, 40.55982], [-73.88639, 40.55981], [-73.88641, 40.5598], [-73.88642, 40.5598], [-73.88644, 40.55979], [-73.88645, 40.55979], [-73.88647, 40.55978], [-73.88649, 40.55977], [-73.88651, 40.55976], [-73.88653, 40.55975], [-73.88654, 40.55975], [-73.88657, 40.55974], [-73.88659, 40.55973], [-73.8866, 40.55972], [-73.88661, 40.55972], [-73.88664, 40.55971], [-73.88665, 40.5597], [-73.88666, 40.55969], [-73.88668, 40.55969], [-73.88669, 40.55968], [-73.88671, 40.55967], [-73.88673, 40.55967], [-73.88674, 40.55966], [-73.88676, 40.55965], [-73.88678, 40.55965], [-73.88681, 40.55964], [-73.88683, 40.55963], [-73.88685, 40.55962], [-73.88687, 40.55961], [-73.88688, 40.5596], [-73.8869, 40.5596], [-73.88691, 40.55959], [-73.88692, 40.55958], [-73.88694, 40.55957], [-73.88694, 40.55957], [-73.88696, 40.55956], [-73.88697, 40.55955], [-73.88698, 40.55954], [-73.88699, 40.55953], [-73.88699, 40.55952], [-73.887, 40.55952], [-73.887, 40.55951], [-73.88695, 40.55943], [-73.88695, 40.55943], [-73.88695, 40.55942], [-73.88698, 40.5594], [-73.88701, 40.55941], [-73.88701, 40.55942], [-73.88702, 40.55943], [-73.88703, 40.55946], [-73.88707, 40.55954], [-73.88707, 40.55954], [-73.88707, 40.55954], [-73.88709, 40.55954], [-73.88711, 40.55954], [-73.88712, 40.55954], [-73.88714, 40.55954], [-73.88716, 40.55954], [-73.88718, 40.55954], [-73.8872, 40.55954], [-73.88721, 40.55954], [-73.88723, 40.55954], [-73.88725, 40.55954], [-73.88727, 40.55954], [-73.88729, 40.55954], [-73.88731, 40.55954], [-73.88733, 40.55954], [-73.88735, 40.55954], [-73.88738, 40.55954], [-73.8874, 40.55954], [-73.88742, 40.55954], [-73.88743, 40.55954], [-73.88745, 40.55954], [-73.88747, 40.55954], [-73.88751, 40.55954], [-73.88753, 40.55954], [-73.88755, 40.55954], [-73.88757, 40.55954], [-73.88759, 40.55954], [-73.88761, 40.55954], [-73.88763, 40.55954], [-73.88765, 40.55954], [-73.88766, 40.55954], [-73.88767, 40.55954], [-73.88769, 40.55954], [-73.88772, 40.55954], [-73.88773, 40.55954], [-73.88775, 40.55954], [-73.88777, 40.55954], [-73.88778, 40.55953], [-73.8878, 40.55953], [-73.88782, 40.55953], [-73.88783, 40.55953], [-73.88785, 40.55952], [-73.88788, 40.55952], [-73.88789, 40.55951], [-73.88791, 40.5595], [-73.88792, 40.5595], [-73.88794, 40.55949], [-73.88796, 40.55949], [-73.88797, 40.55948], [-73.88798, 40.55947], [-73.888, 40.55947], [-73.88801, 40.55946], [-73.88802, 40.55945], [-73.88805, 40.55944], [-73.88806, 40.55944], [-73.88808, 40.55943], [-73.88809, 40.55942], [-73.88811, 40.55941], [-73.88813, 40.55941], [-73.88814, 40.5594], [-73.88816, 40.5594], [-73.88818, 40.55939], [-73.88819, 40.55939], [-73.88821, 40.55938], [-73.88823, 40.55937], [-73.88825, 40.55936], [-73.88827, 40.55936], [-73.88829, 40.55935], [-73.8883, 40.55934], [-73.88832, 40.55934], [-73.88834, 40.55933], [-73.88835, 40.55932], [-73.88835, 40.55932], [-73.88837, 40.55931], [-73.88839, 40.5593], [-73.88841, 40.55929], [-73.88843, 40.55929], [-73.88846, 40.55928], [-73.88847, 40.55927], [-73.88849, 40.55927], [-73.8885, 40.55926], [-73.88852, 40.55926], [-73.88855, 40.55925], [-73.88856, 40.55924], [-73.88858, 40.55923], [-73.88859, 40.55923], [-73.8886, 40.55922], [-73.88862, 40.55922], [-73.88864, 40.55921], [-73.88866, 40.5592], [-73.88868, 40.55919], [-73.88871, 40.55918], [-73.88872, 40.55917], [-73.88873, 40.55916], [-73.88875, 40.55915], [-73.88876, 40.55915], [-73.88878, 40.55914], [-73.88879, 40.55914], [-73.88881, 40.55913], [-73.88883, 40.55913], [-73.88884, 40.55912], [-73.88887, 40.55911], [-73.88889, 40.55911], [-73.8889, 40.5591], [-73.88891, 40.5591], [-73.88893, 40.55909], [-73.88895, 40.55909], [-73.88897, 40.55908], [-73.88898, 40.55908], [-73.889, 40.55907], [-73.88901, 40.55907], [-73.88903, 40.55906], [-73.88905, 40.55905], [-73.88906, 40.55904], [-73.88908, 40.55904], [-73.88909, 40.55903], [-73.88911, 40.55902], [-73.88912, 40.55901], [-73.88914, 40.559], [-73.88916, 40.559], [-73.88918, 40.55899], [-73.8892, 40.55898], [-73.88922, 40.55897], [-73.88923, 40.55897], [-73.88925, 40.55896], [-73.88927, 40.55896], [-73.88928, 40.55895], [-73.8893, 40.55895], [-73.88932, 40.55895], [-73.88934, 40.55894], [-73.88934, 40.55894], [-73.88935, 40.55894], [-73.88937, 40.55893], [-73.88939, 40.55892], [-73.8894, 40.55891], [-73.88942, 40.5589], [-73.88943, 40.5589], [-73.88944, 40.55889], [-73.88945, 40.55888], [-73.88947, 40.55887], [-73.88948, 40.55887], [-73.88949, 40.55886], [-73.8895, 40.55885], [-73.88952, 40.55884], [-73.88954, 40.55884], [-73.88956, 40.55884], [-73.88957, 40.55883], [-73.88958, 40.55882], [-73.88959, 40.55881], [-73.88961, 40.5588], [-73.88962, 40.55879], [-73.88959, 40.5587], [-73.88964, 40.55866], [-73.88966, 40.55869], [-73.88971, 40.55877], [-73.88973, 40.55877], [-73.88975, 40.55877], [-73.88977, 40.55878], [-73.88979, 40.55878], [-73.88981, 40.55878], [-73.88983, 40.55878], [-73.88984, 40.55879], [-73.88987, 40.55879], [-73.88988, 40.55879], [-73.88991, 40.55879], [-73.88993, 40.55879], [-73.88994, 40.5588], [-73.88996, 40.5588], [-73.88998, 40.5588], [-73.89, 40.5588], [-73.89002, 40.5588], [-73.89003, 40.5588], [-73.89005, 40.5588], [-73.89007, 40.5588], [-73.89008, 40.5588], [-73.8901, 40.5588], [-73.89012, 40.5588], [-73.89014, 40.5588], [-73.89015, 40.5588], [-73.89017, 40.5588], [-73.89018, 40.5588], [-73.89018, 40.5588], [-73.89019, 40.5588], [-73.8902, 40.55881], [-73.8902, 40.55881], [-73.89022, 40.55881], [-73.89024, 40.5588], [-73.89025, 40.5588], [-73.89027, 40.55879], [-73.89028, 40.55879], [-73.8903, 40.55878], [-73.89031, 40.55878], [-73.89033, 40.55877], [-73.89035, 40.55877], [-73.89037, 40.55876], [-73.89039, 40.55875], [-73.89041, 40.55875], [-73.89042, 40.55874], [-73.89044, 40.55874], [-73.89046, 40.55873], [-73.89047, 40.55873], [-73.89049, 40.55872], [-73.8905, 40.55872], [-73.89052, 40.55871], [-73.89055, 40.5587], [-73.89057, 40.5587], [-73.89059, 40.55869], [-73.89061, 40.55868], [-73.89062, 40.55868], [-73.89064, 40.55867], [-73.89065, 40.55867], [-73.89067, 40.55866], [-73.89069, 40.55865], [-73.8907, 40.55865], [-73.89072, 40.55864], [-73.89074, 40.55864], [-73.89076, 40.55863], [-73.89078, 40.55862], [-73.8908, 40.55862], [-73.89081, 40.55861], [-73.89082, 40.55861], [-73.89084, 40.5586], [-73.89086, 40.55859], [-73.89088, 40.55858], [-73.8909, 40.55857], [-73.89091, 40.55857], [-73.89093, 40.55856], [-73.89095, 40.55855], [-73.89096, 40.55855], [-73.89098, 40.55854], [-73.89099, 40.55854], [-73.89101, 40.55853], [-73.89103, 40.55852], [-73.89104, 40.55851], [-73.89106, 40.55851], [-73.89107, 40.5585], [-73.89108, 40.5585], [-73.8911, 40.55849], [-73.89111, 40.55848], [-73.89113, 40.55848], [-73.89114, 40.55847], [-73.89116, 40.55846], [-73.89118, 40.55846], [-73.89118, 40.55845], [-73.89121, 40.55844], [-73.89123, 40.55844], [-73.89124, 40.55843], [-73.89126, 40.55842], [-73.89127, 40.55842], [-73.89128, 40.55841], [-73.8913, 40.5584], [-73.89132, 40.5584], [-73.89133, 40.55839], [-73.89135, 40.55839], [-73.89137, 40.55838], [-73.89139, 40.55837], [-73.89141, 40.55837], [-73.89142, 40.55837], [-73.89143, 40.55836], [-73.89145, 40.55836], [-73.89147, 40.55835], [-73.89148, 40.55835], [-73.8915, 40.55834], [-73.89151, 40.55834], [-73.89152, 40.55833], [-73.89153, 40.55832], [-73.89155, 40.55831], [-73.89157, 40.55831], [-73.89158, 40.5583], [-73.8916, 40.5583], [-73.89161, 40.55829], [-73.89163, 40.55828], [-73.89164, 40.55827], [-73.89165, 40.55827], [-73.89167, 40.55826], [-73.89169, 40.55825], [-73.8917, 40.55824], [-73.89171, 40.55824], [-73.89173, 40.55823], [-73.89174, 40.55823], [-73.89176, 40.55822], [-73.89177, 40.55821], [-73.89178, 40.5582], [-73.89179, 40.55819], [-73.8918, 40.55819], [-73.89182, 40.55818], [-73.89183, 40.55818], [-73.89185, 40.55818], [-73.89187, 40.55818], [-73.89188, 40.55818], [-73.8919, 40.55817], [-73.89191, 40.55817], [-73.89192, 40.55816], [-73.89194, 40.55815], [-73.89195, 40.55814], [-73.89196, 40.55813], [-73.89197, 40.55812], [-73.89199, 40.55811], [-73.892, 40.5581], [-73.89201, 40.5581], [-73.89202, 40.55809], [-73.89203, 40.55808], [-73.89204, 40.55808], [-73.89206, 40.55807], [-73.89207, 40.55806], [-73.89209, 40.55805], [-73.89211, 40.55792], [-73.89214, 40.55787], [-73.89217, 40.55787], [-73.8922, 40.55791], [-73.8922, 40.55795], [-73.89227, 40.55803], [-73.89228, 40.55803], [-73.8923, 40.55804], [-73.89232, 40.55804], [-73.89234, 40.55804], [-73.89236, 40.55805], [-73.89237, 40.55805], [-73.89239, 40.55805], [-73.8924, 40.55806], [-73.89241, 40.55806], [-73.89243, 40.55808], [-73.89244, 40.55809], [-73.89245, 40.5581], [-73.89246, 40.55811], [-73.89248, 40.55811], [-73.89249, 40.55812], [-73.89251, 40.55812], [-73.89253, 40.55812], [-73.89255, 40.55812], [-73.89256, 40.55812], [-73.89257, 40.55812], [-73.8926, 40.55812], [-73.89262, 40.55812], [-73.89263, 40.55812], [-73.89265, 40.55812], [-73.89267, 40.55811], [-73.89269, 40.55811], [-73.89271, 40.55811], [-73.89273, 40.55811], [-73.89274, 40.55811], [-73.89276, 40.55811], [-73.89278, 40.5581], [-73.8928, 40.5581], [-73.89282, 40.55809], [-73.89283, 40.55809], [-73.89285, 40.55809], [-73.89287, 40.55808], [-73.89288, 40.55808], [-73.8929, 40.55808], [-73.89292, 40.55808], [-73.89294, 40.55808], [-73.89296, 40.55807], [-73.89297, 40.55807], [-73.89299, 40.55806], [-73.89301, 40.55806], [-73.89302, 40.55806], [-73.89304, 40.55805], [-73.89306, 40.55805], [-73.89307, 40.55805], [-73.89309, 40.55805], [-73.89311, 40.55804], [-73.89313, 40.55804], [-73.89315, 40.55803], [-73.89317, 40.55803], [-73.89319, 40.55802], [-73.8932, 40.55802], [-73.89321, 40.55801], [-73.89323, 40.55801], [-73.89325, 40.55801], [-73.89326, 40.558], [-73.89328, 40.558], [-73.8933, 40.55799], [-73.89331, 40.55799], [-73.89333, 40.55798], [-73.89334, 40.55798], [-73.89336, 40.55797], [-73.89338, 40.55797], [-73.89339, 40.55796], [-73.89341, 40.55796], [-73.89342, 40.55796], [-73.89344, 40.55795], [-73.89346, 40.55795], [-73.89347, 40.55795], [-73.89349, 40.55794], [-73.8935, 40.55793], [-73.89352, 40.55791], [-73.89353, 40.55791], [-73.89355, 40.5579], [-73.89355, 40.5579], [-73.89355, 40.55789], [-73.89356, 40.55789], [-73.89357, 40.55788], [-73.89359, 40.55788], [-73.89361, 40.55787], [-73.89362, 40.55786], [-73.89364, 40.55786], [-73.89365, 40.55785], [-73.89367, 40.55784], [-73.89368, 40.55783], [-73.89369, 40.55782], [-73.8937, 40.55782], [-73.89372, 40.55781], [-73.89374, 40.5578], [-73.89375, 40.5578], [-73.89376, 40.55779], [-73.89378, 40.55779], [-73.89379, 40.55779], [-73.89381, 40.55778], [-73.89383, 40.55778], [-73.89384, 40.55777], [-73.89386, 40.55776], [-73.89387, 40.55776], [-73.89388, 40.55775], [-73.89389, 40.55775], [-73.89391, 40.55774], [-73.89393, 40.55774], [-73.89394, 40.55773], [-73.89396, 40.55772], [-73.89397, 40.55772], [-73.89399, 40.55771], [-73.894, 40.5577], [-73.89401, 40.5577], [-73.89403, 40.55769], [-73.89404, 40.55768], [-73.89405, 40.55767], [-73.89407, 40.55767], [-73.89408, 40.55766], [-73.8941, 40.55765], [-73.89412, 40.55765], [-73.89413, 40.55764], [-73.89414, 40.55763], [-73.89415, 40.55763], [-73.89417, 40.55762], [-73.89418, 40.55761], [-73.8942, 40.5576], [-73.89421, 40.5576], [-73.89422, 40.55759], [-73.89424, 40.55758], [-73.89425, 40.55757], [-73.89427, 40.55757], [-73.89428, 40.55756], [-73.8943, 40.55756], [-73.89432, 40.55755], [-73.89434, 40.55754], [-73.89436, 40.55754], [-73.89438, 40.55753], [-73.89439, 40.55752], [-73.89441, 40.55752], [-73.89443, 40.55751], [-73.89444, 40.5575], [-73.89446, 40.5575], [-73.89447, 40.55749], [-73.89449, 40.55748], [-73.89451, 40.55748], [-73.89452, 40.55747], [-73.89453, 40.55747], [-73.89455, 40.55746], [-73.89457, 40.55746], [-73.89458, 40.55745], [-73.89459, 40.55745], [-73.89461, 40.55744], [-73.89463, 40.55743], [-73.89465, 40.55742], [-73.89467, 40.55741], [-73.89468, 40.55741], [-73.8947, 40.5574], [-73.89471, 40.55739], [-73.89473, 40.55739], [-73.89475, 40.55738], [-73.89477, 40.55737], [-73.89478, 40.55737], [-73.8948, 40.55736], [-73.89482, 40.55735], [-73.89483, 40.55734], [-73.89484, 40.55733], [-73.89486, 40.55732], [-73.89488, 40.55731], [-73.89489, 40.55731], [-73.89491, 40.5573], [-73.89493, 40.5573], [-73.89494, 40.5573], [-73.89495, 40.55729], [-73.89495, 40.55729], [-73.89495, 40.55729], [-73.89495, 40.55729], [-73.89496, 40.55729], [-73.89496, 40.55729], [-73.89496, 40.55728], [-73.89496, 40.55728], [-73.8949, 40.55715], [-73.89488, 40.55711], [-73.89489, 40.55709], [-73.89489, 40.55709], [-73.89492, 40.55708], [-73.89494, 40.55709], [-73.89496, 40.5571], [-73.89497, 40.55713], [-73.89502, 40.55726], [-73.89502, 40.55726], [-73.89502, 40.55726], [-73.89502, 40.55726], [-73.89505, 40.55727], [-73.89506, 40.55727], [-73.89508, 40.55728], [-73.89509, 40.55729], [-73.89511, 40.55729], [-73.89512, 40.5573], [-73.89513, 40.55731], [-73.89514, 40.55732], [-73.89515, 40.55733], [-73.89515, 40.55734], [-73.89515, 40.55735], [-73.89515, 40.55736], [-73.89516, 40.55737], [-73.89517, 40.55738], [-73.89518, 40.55738], [-73.8952, 40.55739], [-73.89522, 40.5574], [-73.89523, 40.55741], [-73.89524, 40.55741], [-73.89527, 40.55742], [-73.89529, 40.55742], [-73.8953, 40.55742], [-73.89532, 40.55742], [-73.89534, 40.55742], [-73.89536, 40.55742], [-73.89537, 40.55742], [-73.89539, 40.55742], [-73.89541, 40.55742], [-73.89542, 40.55742], [-73.89544, 40.55742], [-73.89544, 40.55742], [-73.89547, 40.55742], [-73.89549, 40.55742], [-73.89551, 40.55741], [-73.89553, 40.55741], [-73.89555, 40.55741], [-73.89557, 40.5574], [-73.89558, 40.5574], [-73.8956, 40.5574], [-73.89562, 40.55739], [-73.89563, 40.55739], [-73.89565, 40.55739], [-73.89567, 40.55739], [-73.89569, 40.55738], [-73.89571, 40.55738], [-73.89572, 40.55737], [-73.89574, 40.55737], [-73.89575, 40.55737], [-73.89577, 40.55736], [-73.89579, 40.55736], [-73.8958, 40.55735], [-73.89583, 40.55735], [-73.89583, 40.55734], [-73.89584, 40.55733], [-73.89585, 40.55733], [-73.89587, 40.55732], [-73.89588, 40.55731], [-73.8959, 40.5573], [-73.89591, 40.55729], [-73.89592, 40.55728], [-73.89594, 40.55727], [-73.89595, 40.55727], [-73.89596, 40.55726], [-73.89599, 40.55726], [-73.896, 40.55725], [-73.89602, 40.55725], [-73.89604, 40.55724], [-73.89607, 40.55724], [-73.89609, 40.55723], [-73.89611, 40.55722], [-73.89613, 40.55722], [-73.89618, 40.5572], [-73.89619, 40.5572], [-73.89621, 40.55719], [-73.89623, 40.55719], [-73.89626, 40.55718], [-73.89628, 40.55717], [-73.8963, 40.55715], [-73.89633, 40.55714], [-73.89635, 40.55713], [-73.89637, 40.55712], [-73.89638, 40.55711], [-73.89639, 40.55711], [-73.89641, 40.55711], [-73.89643, 40.5571], [-73.89645, 40.55709], [-73.89647, 40.55709], [-73.8965, 40.55708], [-73.89652, 40.55707], [-73.89654, 40.55706], [-73.89655, 40.55706], [-73.89657, 40.55705], [-73.8966, 40.55704], [-73.89662, 40.55703], [-73.89665, 40.55703], [-73.89667, 40.55702], [-73.89669, 40.55702], [-73.89671, 40.55701], [-73.89672, 40.55701], [-73.89673, 40.557], [-73.89675, 40.557], [-73.89676, 40.55699], [-73.89678, 40.55698], [-73.89679, 40.55697], [-73.89681, 40.55696], [-73.89683, 40.55696], [-73.89684, 40.55695], [-73.89685, 40.55695], [-73.89686, 40.55694], [-73.89689, 40.55693], [-73.8969, 40.55693], [-73.89691, 40.55692], [-73.89694, 40.55691], [-73.89696, 40.55691], [-73.89697, 40.5569], [-73.897, 40.55689], [-73.89701, 40.55688], [-73.89702, 40.55687], [-73.89702, 40.55687], [-73.89703, 40.55686], [-73.89704, 40.55684], [-73.89705, 40.55683], [-73.89706, 40.55682], [-73.89707, 40.55681], [-73.89708, 40.5568], [-73.89708, 40.55678], [-73.89708, 40.55677], [-73.89708, 40.55675], [-73.89707, 40.55674], [-73.89707, 40.55673], [-73.89707, 40.55672], [-73.89707, 40.5567], [-73.89706, 40.55669], [-73.89706, 40.55666], [-73.89708, 40.55666], [-73.8971, 40.55666], [-73.89712, 40.55666], [-73.89713, 40.55666], [-73.89713, 40.55667], [-73.89713, 40.55667], [-73.89713, 40.55669], [-73.89714, 40.5567], [-73.89714, 40.55671], [-73.89714, 40.55673], [-73.89715, 40.55674], [-73.89715, 40.55675], [-73.89716, 40.55677], [-73.89716, 40.55678], [-73.89716, 40.55679], [-73.89717, 40.55681], [-73.89717, 40.55682], [-73.89717, 40.55683], [-73.89718, 40.55684], [-73.89719, 40.55685], [-73.89719, 40.55685], [-73.8972, 40.55686], [-73.89721, 40.55687], [-73.89722, 40.55688], [-73.89724, 40.55689], [-73.89726, 40.55691], [-73.89727, 40.55692], [-73.89727, 40.55692], [-73.89729, 40.55694], [-73.8973, 40.55695], [-73.89731, 40.55696], [-73.89732, 40.55697], [-73.89733, 40.55698], [-73.89734, 40.55699], [-73.89736, 40.557], [-73.89738, 40.55701], [-73.8974, 40.55701], [-73.89741, 40.55702], [-73.89743, 40.55702], [-73.89745, 40.55703], [-73.89748, 40.55704], [-73.8975, 40.55704], [-73.89751, 40.55704], [-73.89753, 40.55705], [-73.89755, 40.55705], [-73.89757, 40.55706], [-73.89759, 40.55706], [-73.89761, 40.55706], [-73.89763, 40.55706], [-73.89765, 40.55707], [-73.89767, 40.55707], [-73.89768, 40.55707], [-73.8977, 40.55707], [-73.89772, 40.55708], [-73.89773, 40.55708], [-73.89775, 40.55708], [-73.89777, 40.55708], [-73.89778, 40.55708], [-73.89781, 40.55708], [-73.89783, 40.55709], [-73.89784, 40.55709], [-73.89789, 40.5571], [-73.89791, 40.5571], [-73.89793, 40.5571], [-73.89795, 40.5571], [-73.89797, 40.5571], [-73.898, 40.5571], [-73.89802, 40.5571], [-73.89803, 40.5571], [-73.89805, 40.5571], [-73.89807, 40.5571], [-73.89808, 40.55709], [-73.89811, 40.55709], [-73.89813, 40.55709], [-73.89815, 40.55708], [-73.89817, 40.55708], [-73.89819, 40.55708], [-73.89821, 40.55708], [-73.89823, 40.55708], [-73.89825, 40.55707], [-73.89826, 40.55707], [-73.89829, 40.55706], [-73.89831, 40.55706], [-73.89833, 40.55705], [-73.89834, 40.55705], [-73.89835, 40.55705], [-73.89838, 40.55704], [-73.8984, 40.55703], [-73.89842, 40.55702], [-73.89844, 40.55701], [-73.89847, 40.55701], [-73.89849, 40.557], [-73.8985, 40.557], [-73.8985, 40.557], [-73.89851, 40.557], [-73.89852, 40.55699], [-73.89854, 40.55699], [-73.89857, 40.55698], [-73.89858, 40.55698], [-73.8986, 40.55697], [-73.89861, 40.55697], [-73.89863, 40.55696], [-73.89865, 40.55696], [-73.89866, 40.55695], [-73.89867, 40.55695], [-73.8987, 40.55694], [-73.89872, 40.55693], [-73.89875, 40.55692], [-73.89877, 40.55692], [-73.89879, 40.55691], [-73.89881, 40.5569], [-73.89883, 40.55689], [-73.89885, 40.55689], [-73.89887, 40.55688], [-73.89889, 40.55687], [-73.89891, 40.55687], [-73.89893, 40.55686], [-73.89896, 40.55685], [-73.89898, 40.55684], [-73.899, 40.55684], [-73.89902, 40.55683], [-73.89904, 40.55683], [-73.89906, 40.55682], [-73.89907, 40.55682], [-73.89909, 40.55681], [-73.8991, 40.55681], [-73.89912, 40.5568], [-73.89913, 40.55679], [-73.89914, 40.55678], [-73.89914, 40.55678], [-73.89913, 40.55676], [-73.89913, 40.55675], [-73.89913, 40.55674], [-73.89913, 40.55673], [-73.89912, 40.55672], [-73.89912, 40.55671], [-73.89912, 40.55669], [-73.89912, 40.55668], [-73.89912, 40.55666], [-73.89912, 40.55666], [-73.89912, 40.55665], [-73.89912, 40.55665], [-73.89913, 40.55665], [-73.89914, 40.55665], [-73.89916, 40.55666], [-73.89917, 40.55667], [-73.89918, 40.55668], [-73.89918, 40.55669], [-73.89919, 40.5567], [-73.89919, 40.55672], [-73.89919, 40.55672], [-73.8992, 40.55673], [-73.8992, 40.55674], [-73.89921, 40.55676], [-73.89921, 40.55677], [-73.89922, 40.55677], [-73.89923, 40.55678], [-73.89925, 40.55678], [-73.89927, 40.55678], [-73.89929, 40.55678], [-73.89931, 40.55678], [-73.89933, 40.55678], [-73.89936, 40.55677], [-73.89938, 40.55677], [-73.89939, 40.55677], [-73.89941, 40.55677], [-73.89943, 40.55677], [-73.89948, 40.55677], [-73.89949, 40.55676], [-73.89951, 40.55676], [-73.89953, 40.55676], [-73.89954, 40.55676], [-73.89956, 40.55675], [-73.89957, 40.55675], [-73.89959, 40.55675], [-73.89961, 40.55675], [-73.89962, 40.55675], [-73.89964, 40.55674], [-73.89965, 40.55674], [-73.89967, 40.55674], [-73.89968, 40.55674], [-73.8997, 40.55673], [-73.89971, 40.55673], [-73.89973, 40.55673], [-73.89975, 40.55672], [-73.89978, 40.55672], [-73.8998, 40.55672], [-73.89982, 40.55671], [-73.89984, 40.55671], [-73.89984, 40.55671], [-73.89984, 40.55671], [-73.89984, 40.5567], [-73.89983, 40.55669], [-73.89983, 40.55667], [-73.89982, 40.55666], [-73.89982, 40.55663], [-73.89982, 40.55662], [-73.89981, 40.5566], [-73.89981, 40.55659], [-73.89981, 40.55658], [-73.89981, 40.55658], [-73.89981, 40.55658], [-73.89981, 40.55656], [-73.89981, 40.55656], [-73.89981, 40.55655], [-73.89982, 40.55654], [-73.89983, 40.55653], [-73.89983, 40.55653], [-73.89984, 40.55654], [-73.89985, 40.55655], [-73.89985, 40.55655], [-73.89986, 40.55656], [-73.89986, 40.55657], [-73.89987, 40.55657], [-73.89987, 40.55659], [-73.89988, 40.5566], [-73.89988, 40.55661], [-73.89988, 40.55663], [-73.89989, 40.55664], [-73.89989, 40.55666], [-73.8999, 40.55667], [-73.8999, 40.55668], [-73.8999, 40.5567], [-73.89991, 40.5567], [-73.89991, 40.5567], [-73.89991, 40.5567], [-73.89991, 40.5567], [-73.89993, 40.5567], [-73.89994, 40.5567], [-73.89996, 40.5567], [-73.89998, 40.5567], [-73.9, 40.5567], [-73.90002, 40.5567], [-73.90004, 40.55669], [-73.90007, 40.55669], [-73.90009, 40.55669], [-73.90012, 40.55668], [-73.90014, 40.55668], [-73.90016, 40.55668], [-73.90018, 40.55668], [-73.9002, 40.55668], [-73.90022, 40.55667], [-73.90024, 40.55667], [-73.90026, 40.55667], [-73.90027, 40.55667], [-73.90029, 40.55667], [-73.9003, 40.55667], [-73.90032, 40.55667], [-73.90035, 40.55667], [-73.90037, 40.55666], [-73.90038, 40.55666], [-73.9004, 40.55666], [-73.90041, 40.55665], [-73.90043, 40.55665], [-73.90045, 40.55665], [-73.90046, 40.55665], [-73.90048, 40.55664], [-73.9005, 40.55663], [-73.90051, 40.55663], [-73.90052, 40.55662], [-73.90054, 40.55662], [-73.90055, 40.55661], [-73.90056, 40.55661], [-73.90056, 40.5566], [-73.90057, 40.55658], [-73.90057, 40.55657], [-73.90057, 40.55656], [-73.90057, 40.55654], [-73.90057, 40.55654], [-73.90056, 40.55652], [-73.90056, 40.5565], [-73.90055, 40.55649], [-73.90055, 40.55648], [-73.90055, 40.55647], [-73.90055, 40.55646], [-73.90056, 40.55645], [-73.90056, 40.55645], [-73.90057, 40.55644], [-73.90058, 40.55643], [-73.90059, 40.55643], [-73.9006, 40.55644], [-73.90061, 40.55645], [-73.90061, 40.55645], [-73.90062, 40.55646], [-73.90063, 40.55648], [-73.90063, 40.55649], [-73.90064, 40.55651], [-73.90064, 40.55652], [-73.90064, 40.55654], [-73.90064, 40.55656], [-73.90065, 40.55657], [-73.90065, 40.55658], [-73.90066, 40.5566], [-73.90066, 40.55661], [-73.90068, 40.55663], [-73.90076, 40.55665], [-73.90088, 40.55669], [-73.901, 40.55672], [-73.90112, 40.55674], [-73.90124, 40.55676], [-73.9013, 40.55677], [-73.90138, 40.55677], [-73.9016, 40.55678], [-73.90182, 40.55679], [-73.90204, 40.55679], [-73.90212, 40.55679], [-73.90234, 40.55677], [-73.90257, 40.55676], [-73.90279, 40.55673], [-73.90302, 40.5567], [-73.90324, 40.55666], [-73.90346, 40.55662], [-73.90368, 40.55657], [-73.90406, 40.55647], [-73.90444, 40.55637], [-73.90481, 40.55626], [-73.90518, 40.55615], [-73.90555, 40.55603], [-73.90592, 40.5559], [-73.90625, 40.55581], [-73.90659, 40.55571], [-73.90691, 40.5556], [-73.90724, 40.55549], [-73.90756, 40.55537], [-73.90788, 40.55524], [-73.90819, 40.55511], [-73.90849, 40.55497], [-73.9088, 40.55483], [-73.91174, 40.55371], [-73.91626, 40.55197], [-73.91701, 40.55162], [-73.91781, 40.55128], [-73.91867, 40.551], [-73.91948, 40.55062], [-73.92642, 40.54816], [-73.92774, 40.54763], [-73.92887, 40.54709], [-73.93055, 40.54642], [-73.93257, 40.54569], [-73.93408, 40.54516], [-73.93443, 40.54507], [-73.93478, 40.54497], [-73.93512, 40.54486], [-73.93545, 40.54475], [-73.93579, 40.54463], [-73.93612, 40.54451], [-73.93645, 40.54438], [-73.93677, 40.54424], [-73.93709, 40.5441], [-73.93741, 40.54396], [-73.93772, 40.5438], [-73.93802, 40.54365], [-73.93819, 40.54355], [-73.93836, 40.54346], [-73.93854, 40.54338], [-73.93872, 40.5433], [-73.9389, 40.54323], [-73.93909, 40.54316], [-73.93928, 40.5431], [-73.93947, 40.54304], [-73.93967, 40.54299], [-73.93987, 40.54295], [-73.94007, 40.54291], [-73.94027, 40.54288], [-73.94047, 40.54285], [-73.94056, 40.54185], [-73.94074, 40.54182], [-73.94013, 40.548], [-73.94013, 40.54952], [-73.94034, 40.55047], [-73.94056, 40.55142], [-73.9406, 40.5516], [-73.94063, 40.55177], [-73.94065, 40.55196], [-73.94066, 40.55214], [-73.94066, 40.55232], [-73.94065, 40.5525], [-73.94064, 40.55268], [-73.94061, 40.55286], [-73.94058, 40.55304], [-73.94053, 40.55321], [-73.94048, 40.55339], [-73.94041, 40.55357], [-73.94034, 40.55374], [-73.94026, 40.55391], [-73.94017, 40.55408], [-73.94007, 40.55424], [-73.93997, 40.5544], [-73.93985, 40.55456], [-73.93973, 40.55471], [-73.9396, 40.55487], [-73.93946, 40.55501], [-73.93931, 40.55515], [-73.93916, 40.55529], [-73.939, 40.55543], [-73.93883, 40.55555], [-73.93866, 40.55568], [-73.93848, 40.55579], [-73.93831, 40.55591], [-73.93804, 40.55608], [-73.93776, 40.55624], [-73.93748, 40.5564], [-73.93719, 40.55655], [-73.9369, 40.5567], [-73.93665, 40.55682], [-73.9364, 40.55693], [-73.93615, 40.55704], [-73.93589, 40.55714], [-73.9358, 40.55719], [-73.93571, 40.55722], [-73.93561, 40.55726], [-73.93551, 40.55729], [-73.93543, 40.55731], [-73.93535, 40.55732], [-73.93524, 40.55734], [-73.93513, 40.55735], [-73.93502, 40.55735], [-73.93491, 40.55735], [-73.93479, 40.55734], [-73.93468, 40.55733], [-73.93457, 40.55731], [-73.93448, 40.55732], [-73.9343, 40.55731], [-73.93412, 40.5573], [-73.93394, 40.55731], [-73.93376, 40.55731], [-73.93358, 40.55733], [-73.9334, 40.55735], [-73.93323, 40.55738], [-73.93305, 40.55741], [-73.93288, 40.55745], [-73.93271, 40.5575], [-73.93255, 40.55755], [-73.93238, 40.55761], [-73.93223, 40.55767], [-73.93207, 40.55774], [-73.93192, 40.55782], [-73.93178, 40.5579], [-73.93137, 40.55818], [-73.92879, 40.55993], [-73.92855, 40.56003], [-73.92833, 40.56014], [-73.9281, 40.56026], [-73.92789, 40.56038], [-73.92767, 40.56051], [-73.92746, 40.56064], [-73.92726, 40.56078], [-73.92707, 40.56091], [-73.92689, 40.56105], [-73.92616, 40.56155], [-73.92587, 40.56165], [-73.92568, 40.5617], [-73.92559, 40.56172], [-73.92545, 40.56176], [-73.9253, 40.56181], [-73.9251, 40.56183], [-73.92466, 40.56192], [-73.92421, 40.562], [-73.9233, 40.56209], [-73.92279, 40.56207], [-73.92208, 40.56207], [-73.92108, 40.56208], [-73.92037, 40.56222], [-73.9202, 40.56253], [-73.92021, 40.56253], [-73.9202, 40.56255], [-73.92024, 40.56254], [-73.92026, 40.56261], [-73.92012, 40.56264], [-73.9201, 40.56257], [-73.92014, 40.56256], [-73.92017, 40.56252], [-73.92018, 40.56252], [-73.92033, 40.56223], [-73.92018, 40.56226], [-73.91962, 40.56237], [-73.9191, 40.56247], [-73.91766, 40.56283], [-73.91723, 40.56299], [-73.9168, 40.56319], [-73.9165, 40.56334], [-73.91611, 40.56356], [-73.91568, 40.56382], [-73.91552, 40.5639], [-73.91519, 40.56409], [-73.91483, 40.56424], [-73.91455, 40.56435], [-73.91387, 40.56461], [-73.91324, 40.56466], [-73.91313, 40.56464], [-73.9122, 40.56505], [-73.91216, 40.56497], [-73.91188, 40.56499], [-73.9119, 40.56504], [-73.91192, 40.5651], [-73.91193, 40.56511], [-73.91194, 40.56548], [-73.91196, 40.56573], [-73.91195, 40.56581], [-73.91198, 40.56581], [-73.91215, 40.56578], [-73.91216, 40.56584], [-73.91197, 40.56587], [-73.91174, 40.56587], [-73.91174, 40.56581], [-73.91193, 40.56581], [-73.91193, 40.56574], [-73.91191, 40.56548], [-73.9119, 40.56511], [-73.91189, 40.5651], [-73.91188, 40.56505], [-73.91186, 40.565], [-73.91149, 40.56511], [-73.91134, 40.56507], [-73.91117, 40.56506], [-73.91107, 40.56505], [-73.9108, 40.56511], [-73.9108, 40.56504], [-73.91056, 40.56501], [-73.91033, 40.56502], [-73.91031, 40.565], [-73.91032, 40.56497], [-73.91018, 40.56492], [-73.91015, 40.56494], [-73.91012, 40.56496], [-73.9101, 40.56496], [-73.91008, 40.56494], [-73.91008, 40.56492], [-73.91009, 40.56487], [-73.9101, 40.56482], [-73.91004, 40.56479], [-73.91, 40.56484], [-73.90998, 40.56488], [-73.90977, 40.56528], [-73.90979, 40.56528], [-73.90977, 40.56531], [-73.90972, 40.56529], [-73.90973, 40.56526], [-73.90975, 40.56527], [-73.90995, 40.5649], [-73.90997, 40.56487], [-73.91002, 40.56478], [-73.90997, 40.56474], [-73.90988, 40.56449], [-73.90988, 40.56445], [-73.90988, 40.56442], [-73.90981, 40.56433], [-73.90976, 40.56428], [-73.90969, 40.56426], [-73.90967, 40.56424], [-73.90965, 40.56421], [-73.90953, 40.56412], [-73.90939, 40.56405], [-73.90928, 40.564], [-73.90918, 40.56398], [-73.90905, 40.56396], [-73.90892, 40.56395], [-73.90873, 40.56393], [-73.90852, 40.56394], [-73.90838, 40.56396], [-73.90821, 40.56399], [-73.90809, 40.56403], [-73.90807, 40.56409], [-73.908, 40.56416], [-73.90797, 40.56416], [-73.90795, 40.56416], [-73.90793, 40.56412], [-73.90791, 40.56407], [-73.90795, 40.56401], [-73.90797, 40.56398], [-73.90799, 40.56392], [-73.90801, 40.56386], [-73.90802, 40.5638], [-73.90802, 40.56374], [-73.90801, 40.56367], [-73.908, 40.56361], [-73.90798, 40.56356], [-73.90789, 40.56346], [-73.9078, 40.56337], [-73.9077, 40.56329], [-73.90759, 40.56321], [-73.90748, 40.56314], [-73.90736, 40.56307], [-73.90724, 40.56301], [-73.90711, 40.56295], [-73.90698, 40.5629], [-73.90684, 40.56286], [-73.9067, 40.56282], [-73.90656, 40.56279], [-73.90641, 40.56277], [-73.90626, 40.56275], [-73.90611, 40.56274], [-73.90597, 40.56274], [-73.90582, 40.56275], [-73.90567, 40.56276], [-73.9055, 40.56277], [-73.90512, 40.56283], [-73.90466, 40.56291], [-73.90422, 40.56299], [-73.90391, 40.56308], [-73.90367, 40.56316], [-73.90311, 40.56339], [-73.90299, 40.56344], [-73.90298, 40.56345], [-73.90297, 40.56346], [-73.90295, 40.56347], [-73.90294, 40.56347], [-73.90292, 40.56348], [-73.90291, 40.56348], [-73.90289, 40.56348], [-73.90288, 40.56347], [-73.90286, 40.56347], [-73.90285, 40.56346], [-73.90284, 40.56345], [-73.90283, 40.56344], [-73.90282, 40.56343], [-73.90279, 40.56337], [-73.90275, 40.56331], [-73.9027, 40.56326], [-73.90265, 40.5632], [-73.90259, 40.56315], [-73.90252, 40.5631], [-73.90245, 40.56306], [-73.90237, 40.56302], [-73.90229, 40.56299], [-73.90221, 40.56297], [-73.90212, 40.56294], [-73.90203, 40.56293], [-73.90194, 40.56292], [-73.90185, 40.56292], [-73.90176, 40.56292], [-73.90166, 40.56293], [-73.90151, 40.56295], [-73.90136, 40.56298], [-73.90122, 40.56301], [-73.90109, 40.56304], [-73.90096, 40.56307], [-73.90084, 40.56311], [-73.90067, 40.56316], [-73.90051, 40.56322], [-73.90045, 40.56324], [-73.90007, 40.56338], [-73.89965, 40.56356], [-73.89906, 40.56381], [-73.89864, 40.56401], [-73.89833, 40.56417], [-73.89802, 40.56436], [-73.89797, 40.56438], [-73.89792, 40.56437], [-73.89727, 40.56467], [-73.89718, 40.56473], [-73.89712, 40.56475], [-73.89706, 40.56478], [-73.89704, 40.56478], [-73.89659, 40.56504], [-73.89628, 40.56523], [-73.89621, 40.56528], [-73.89615, 40.56534], [-73.89613, 40.56536], [-73.89582, 40.56562], [-73.89567, 40.56583], [-73.89543, 40.56615], [-73.89534, 40.56633], [-73.89533, 40.56634], [-73.89536, 40.5664], [-73.8954, 40.56649], [-73.89542, 40.56659], [-73.89558, 40.56682], [-73.89562, 40.56688], [-73.89565, 40.56694], [-73.89566, 40.56701], [-73.89566, 40.56706], [-73.89557, 40.56706], [-73.89549, 40.56706], [-73.89545, 40.56703], [-73.89543, 40.56702], [-73.89538, 40.567], [-73.89531, 40.56702], [-73.89523, 40.56707], [-73.89505, 40.56719], [-73.89485, 40.56733], [-73.8948, 40.56737], [-73.8946, 40.56748], [-73.89438, 40.56764], [-73.89436, 40.56765], [-73.89413, 40.56782], [-73.89396, 40.56793], [-73.89366, 40.5681], [-73.89346, 40.56823], [-73.89326, 40.56833], [-73.89314, 40.5684], [-73.89281, 40.56851], [-73.89261, 40.56859], [-73.89257, 40.56856], [-73.89249, 40.56853], [-73.89235, 40.56853], [-73.89228, 40.56851], [-73.89215, 40.56851], [-73.89195, 40.56849], [-73.89185, 40.56847], [-73.89173, 40.56845], [-73.89146, 40.56841], [-73.89121, 40.56834], [-73.89106, 40.5683], [-73.89076, 40.56822], [-73.8905, 40.56818], [-73.89029, 40.56817], [-73.89017, 40.56823], [-73.89009, 40.56817], [-73.89006, 40.56814], [-73.89002, 40.56809], [-73.88993, 40.56807], [-73.88963, 40.56798], [-73.8896, 40.56794], [-73.88944, 40.56794], [-73.88941, 40.56793], [-73.88911, 40.56792], [-73.88891, 40.56793], [-73.88879, 40.56793], [-73.88866, 40.56797], [-73.8884, 40.56808], [-73.8884, 40.56809], [-73.88839, 40.5681], [-73.88839, 40.56812], [-73.88838, 40.56814], [-73.88837, 40.56814], [-73.88836, 40.56814], [-73.88835, 40.56814], [-73.88835, 40.56812], [-73.88834, 40.5681], [-73.88834, 40.56808], [-73.88834, 40.56807], [-73.88819, 40.56803], [-73.88806, 40.56802], [-73.88797, 40.56802], [-73.88786, 40.56804], [-73.88747, 40.56813], [-73.88688, 40.56835], [-73.88686, 40.56838], [-73.88655, 40.56847], [-73.88644, 40.56845], [-73.8863, 40.56847], [-73.88601, 40.56848], [-73.88593, 40.56848], [-73.88572, 40.56852], [-73.88553, 40.56858], [-73.88542, 40.56859], [-73.88534, 40.5686], [-73.88529, 40.56857], [-73.88515, 40.56855], [-73.88506, 40.56853], [-73.88503, 40.56853], [-73.885, 40.56852], [-73.8849, 40.5685], [-73.88431, 40.5687], [-73.88431, 40.56866], [-73.88489, 40.56847], [-73.88476, 40.56829], [-73.88464, 40.56834], [-73.88471, 40.56843], [-73.88468, 40.56844], [-73.88463, 40.56837], [-73.88434, 40.56849], [-73.8843, 40.56844], [-73.88459, 40.56832], [-73.8846, 40.56833], [-73.88474, 40.56827], [-73.88472, 40.56824], [-73.88446, 40.5679], [-73.88417, 40.568], [-73.88418, 40.56803], [-73.88419, 40.56803], [-73.88426, 40.56814], [-73.88426, 40.56816], [-73.88423, 40.56817], [-73.88414, 40.56803], [-73.88416, 40.56802], [-73.88415, 40.56801], [-73.88399, 40.56806], [-73.884, 40.56807], [-73.88401, 40.56807], [-73.88407, 40.56819], [-73.88404, 40.5682], [-73.88397, 40.56809], [-73.88398, 40.56808], [-73.88397, 40.56806], [-73.88379, 40.56812], [-73.88381, 40.56815], [-73.88382, 40.56815], [-73.88402, 40.5685], [-73.88399, 40.56851], [-73.88379, 40.56816], [-73.8838, 40.56816], [-73.88378, 40.56813], [-73.88376, 40.56813], [-73.88377, 40.56815], [-73.88358, 40.56821], [-73.88369, 40.56839], [-73.88348, 40.56847], [-73.8837, 40.56884], [-73.88391, 40.5689], [-73.8839, 40.56891], [-73.88369, 40.56884], [-73.88347, 40.56848], [-73.88337, 40.56833], [-73.88313, 40.56838], [-73.88311, 40.56838], [-73.88311, 40.56838], [-73.88309, 40.56838], [-73.88307, 40.56838], [-73.88305, 40.56838], [-73.88303, 40.56838], [-73.88301, 40.56838], [-73.88299, 40.56838], [-73.88299, 40.56838], [-73.88297, 40.56837], [-73.88296, 40.56837], [-73.88295, 40.56837], [-73.88294, 40.56837], [-73.88292, 40.56837], [-73.8829, 40.56837], [-73.88289, 40.56836], [-73.88287, 40.56836], [-73.88286, 40.56836], [-73.88284, 40.56836], [-73.88282, 40.56836], [-73.8828, 40.56836], [-73.88279, 40.56836], [-73.88276, 40.56836], [-73.88275, 40.56836], [-73.88273, 40.56836], [-73.88272, 40.56836], [-73.8827, 40.56836], [-73.88268, 40.56836], [-73.88266, 40.56836], [-73.88265, 40.56836], [-73.88263, 40.56837], [-73.88261, 40.56837], [-73.88259, 40.56838], [-73.88258, 40.56839], [-73.88256, 40.56839], [-73.88255, 40.5684], [-73.88253, 40.56841], [-73.88252, 40.56842], [-73.8825, 40.56843], [-73.88249, 40.56843], [-73.88248, 40.56844], [-73.88247, 40.56844], [-73.88245, 40.56845], [-73.88243, 40.56846], [-73.88241, 40.56847], [-73.88239, 40.56848], [-73.88237, 40.56849], [-73.88236, 40.56849], [-73.88234, 40.5685], [-73.88233, 40.5685], [-73.88231, 40.56851], [-73.8823, 40.56852], [-73.88229, 40.56852], [-73.88227, 40.56853], [-73.88226, 40.56854], [-73.88224, 40.56855], [-73.88222, 40.56856], [-73.88221, 40.56856], [-73.8822, 40.56857], [-73.88218, 40.56857], [-73.88216, 40.56858], [-73.88215, 40.56858], [-73.88213, 40.56858], [-73.88211, 40.56859], [-73.8821, 40.56859], [-73.88209, 40.5686], [-73.88208, 40.5686], [-73.8821, 40.56863], [-73.88212, 40.56866], [-73.88207, 40.56868], [-73.88202, 40.5687], [-73.88197, 40.56871], [-73.88192, 40.56873], [-73.88192, 40.56873], [-73.88191, 40.56871], [-73.88189, 40.56868], [-73.88187, 40.56869], [-73.88184, 40.56869], [-73.88183, 40.5687], [-73.88181, 40.5687], [-73.88179, 40.56871], [-73.88177, 40.56871], [-73.88175, 40.56872], [-73.88174, 40.56872], [-73.88173, 40.56872], [-73.88173, 40.56872], [-73.88171, 40.56873], [-73.88169, 40.56873], [-73.88167, 40.56873], [-73.88166, 40.56874], [-73.88163, 40.56874], [-73.88161, 40.56875], [-73.88159, 40.56875], [-73.88157, 40.56875], [-73.88155, 40.56875], [-73.88153, 40.56876], [-73.88151, 40.56876], [-73.88149, 40.56876], [-73.88147, 40.56876], [-73.88145, 40.56876], [-73.88143, 40.56876], [-73.8814, 40.56877], [-73.88138, 40.56877], [-73.88136, 40.56877], [-73.88134, 40.56877], [-73.88131, 40.56877], [-73.88129, 40.56877], [-73.88127, 40.56877], [-73.88125, 40.56878], [-73.88124, 40.56878], [-73.88122, 40.56878], [-73.8812, 40.56877], [-73.88119, 40.56877], [-73.88117, 40.56877], [-73.88115, 40.56877], [-73.88113, 40.56876], [-73.88112, 40.56876], [-73.8811, 40.56876], [-73.88108, 40.56876], [-73.88106, 40.56875], [-73.88105, 40.56875], [-73.88103, 40.56875], [-73.88102, 40.56874], [-73.881, 40.56874], [-73.88098, 40.56874], [-73.88095, 40.56873], [-73.88093, 40.56873], [-73.88092, 40.56873], [-73.8809, 40.56873], [-73.88088, 40.56873], [-73.88085, 40.56872], [-73.88083, 40.56872], [-73.88081, 40.56872], [-73.88081, 40.56872], [-73.88079, 40.56872], [-73.88076, 40.56871], [-73.88074, 40.56871], [-73.88072, 40.56871], [-73.8807, 40.5687], [-73.88069, 40.5687], [-73.88067, 40.5687], [-73.88065, 40.5687], [-73.88064, 40.5687], [-73.88061, 40.5687], [-73.88059, 40.56869], [-73.88057, 40.56869], [-73.88055, 40.56868], [-73.88054, 40.56868], [-73.88053, 40.56868], [-73.88051, 40.56868], [-73.88049, 40.56868], [-73.88047, 40.56868], [-73.88046, 40.56867], [-73.88043, 40.56867], [-73.88042, 40.56867], [-73.8804, 40.56868], [-73.88038, 40.56868], [-73.88037, 40.56868], [-73.88035, 40.56868], [-73.88033, 40.56868], [-73.88032, 40.56868], [-73.88031, 40.56868], [-73.88029, 40.56868], [-73.88027, 40.56868], [-73.88025, 40.56868], [-73.88023, 40.56868], [-73.88022, 40.56868], [-73.8802, 40.56868], [-73.88018, 40.56867], [-73.88016, 40.56867], [-73.88015, 40.56867], [-73.88013, 40.56867], [-73.88012, 40.56867], [-73.8801, 40.56867], [-73.88007, 40.56867], [-73.88005, 40.56867], [-73.88003, 40.56867], [-73.88, 40.56867], [-73.87998, 40.56866], [-73.87996, 40.56866], [-73.87994, 40.56866], [-73.87993, 40.56866], [-73.87989, 40.56866], [-73.87987, 40.56866], [-73.87985, 40.56866], [-73.87984, 40.56866], [-73.87982, 40.56866], [-73.8798, 40.56866], [-73.87979, 40.56866], [-73.87977, 40.56866], [-73.87976, 40.56866], [-73.87975, 40.56866], [-73.87973, 40.56866], [-73.87972, 40.56866], [-73.8797, 40.56866], [-73.87968, 40.56866], [-73.87966, 40.56866], [-73.87965, 40.56866], [-73.87963, 40.56866], [-73.87961, 40.56866], [-73.87959, 40.56866], [-73.87957, 40.56866], [-73.87955, 40.56866], [-73.87952, 40.56866], [-73.87949, 40.56866], [-73.87947, 40.56866], [-73.87944, 40.56866], [-73.87941, 40.56866], [-73.87939, 40.56866], [-73.87936, 40.56866], [-73.87934, 40.56866], [-73.87932, 40.56867], [-73.8793, 40.56867], [-73.87928, 40.56866], [-73.87926, 40.56866], [-73.87924, 40.56866], [-73.87922, 40.56866], [-73.8792, 40.56866], [-73.87917, 40.56866], [-73.87916, 40.56866], [-73.87913, 40.56866], [-73.87912, 40.56866], [-73.8791, 40.56866], [-73.87908, 40.56866], [-73.87907, 40.56866], [-73.87905, 40.56866], [-73.87904, 40.56866], [-73.87903, 40.56866], [-73.87902, 40.56866], [-73.879, 40.56866], [-73.87899, 40.56866], [-73.87897, 40.56866], [-73.87895, 40.56866], [-73.87893, 40.56866], [-73.87891, 40.56867], [-73.87889, 40.56867], [-73.87887, 40.56867], [-73.87885, 40.56866], [-73.87884, 40.56866], [-73.87882, 40.56866], [-73.8788, 40.56866], [-73.87879, 40.56867], [-73.87877, 40.56867], [-73.87876, 40.56867], [-73.87873, 40.56867], [-73.87871, 40.56867], [-73.8787, 40.56867], [-73.87869, 40.56866], [-73.87868, 40.56866], [-73.87868, 40.56865], [-73.87868, 40.56864], [-73.87852, 40.56866], [-73.8783, 40.56869], [-73.87819, 40.56871], [-73.87797, 40.56876], [-73.87789, 40.56878], [-73.87781, 40.5688], [-73.87764, 40.56885], [-73.87761, 40.56886], [-73.87745, 40.56891], [-73.8774, 40.56893], [-73.87731, 40.56896], [-73.87707, 40.56905], [-73.87686, 40.56913], [-73.87662, 40.56923], [-73.87656, 40.56926], [-73.87643, 40.56931], [-73.87634, 40.56935], [-73.87611, 40.56946], [-73.87608, 40.56947], [-73.87598, 40.56952], [-73.87586, 40.56958], [-73.87543, 40.56979], [-73.87519, 40.56991], [-73.87511, 40.56995], [-73.87485, 40.57007], [-73.87443, 40.57028], [-73.87392, 40.57053], [-73.87317, 40.5709], [-73.8726, 40.57118], [-73.86718, 40.57384], [-73.86664, 40.5741], [-73.86554, 40.57464], [-73.86464, 40.57512], [-73.86349, 40.57574], [-73.86288, 40.57606], [-73.8628, 40.57593], [-73.86278, 40.5759], [-73.86275, 40.57586], [-73.86333, 40.57538], [-73.86341, 40.57532], [-73.86397, 40.57503], [-73.86394, 40.57499], [-73.86341, 40.57411], [-73.86361, 40.57382], [-73.86449, 40.57354], [-73.86663, 40.57306], [-73.86634, 40.57238], [-73.86523, 40.57046]]]}}, {"type": "Feature", "properties": {"zone_id": 30, "zone": "Broad Channel", "borough": "Queens", "demand": 0}, "geometry": {"type": "Polygon", "coordinates": [[[-73.82076, 40.61523], [-73.81769, 40.61493], [-73.81653, 40.61495], [-73.81656, 40.61488], [-73.81658, 40.61481], [-73.81659, 40.61474], [-73.81659, 40.61467], [-73.81658, 40.61461], [-73.81657, 40.61454], [-73.81655, 40.61447], [-73.81652, 40.6144], [-73.81648, 40.61434], [-73.81643, 40.61428], [-73.81616, 40.61294], [-73.81604, 40.61276], [-73.81603, 40.61236], [-73.81595, 40.61217], [-73.81586, 40.61202], [-73.81589, 40.61189], [-73.81585, 40.61175], [-73.81582, 40.6116], [-73.81573, 40.61146], [-73.81564, 40.61119], [-73.81559, 40.61086], [-73.8156, 40.61067], [-73.81521, 40.60982], [-73.81503, 40.60935], [-73.81492, 40.60905], [-73.81477, 40.60885], [-73.81475, 40.60863], [-73.81476, 40.60846], [-73.81483, 40.60824], [-73.81487, 40.60802], [-73.815, 40.60782], [-73.81496, 40.60764], [-73.81506, 40.60732], [-73.81521, 40.60709], [-73.81527, 40.607], [-73.81555, 40.60677], [-73.81569, 40.60661], [-73.81574, 40.60646], [-73.81577, 40.60637], [-73.81581, 40.60637], [-73.81585, 40.60634], [-73.81596, 40.60626], [-73.81601, 40.60619], [-73.81601, 40.60614], [-73.81596, 40.60614], [-73.81597, 40.60607], [-73.81594, 40.60606], [-73.81592, 40.60606], [-73.81592, 40.60602], [-73.81589, 40.60602], [-73.81589, 40.60593], [-73.81594, 40.60593], [-73.81599, 40.60573], [-73.81609, 40.60574], [-73.81643, 40.60522], [-73.81739, 40.60516], [-73.8173, 40.60421], [-73.81725, 40.60394], [-73.81756, 40.60279], [-73.81772, 40.60222], [-73.81831, 40.60134], [-73.81843, 40.60008], [-73.81849, 40.59939], [-73.81899, 40.59826], [-73.81928, 40.59753], [-73.81974, 40.59752], [-73.82016, 40.59687], [-73.82022, 40.5968], [-73.82028, 40.59673], [-73.82034, 40.59665], [-73.82038, 40.59657], [-73.82042, 40.59649], [-73.82046, 40.5964], [-73.82048, 40.59632], [-73.82051, 40.59626], [-73.82053, 40.5962], [-73.82053, 40.59614], [-73.82053, 40.59607], [-73.82053, 40.59601], [-73.82051, 40.59595], [-73.82048, 40.59589], [-73.82045, 40.59584], [-73.82045, 40.59584], [-73.82044, 40.59581], [-73.82044, 40.59578], [-73.82045, 40.59575], [-73.82046, 40.59572], [-73.82048, 40.59569], [-73.8205, 40.59567], [-73.8206, 40.5956], [-73.82061, 40.59551], [-73.82066, 40.59527], [-73.82071, 40.59517], [-73.8208, 40.59515], [-73.82093, 40.59511], [-73.82108, 40.59493], [-73.8212, 40.59478], [-73.82136, 40.59469], [-73.82167, 40.59475], [-73.82223, 40.59486], [-73.82264, 40.5949], [-73.82301, 40.59489], [-73.82368, 40.5949], [-73.82395, 40.59493], [-73.8248, 40.59508], [-73.82565, 40.59496], [-73.8259, 40.59486], [-73.82625, 40.59495], [-73.82705, 40.59491], [-73.82799, 40.59483], [-73.82836, 40.59479], [-73.82877, 40.59479], [-73.82914, 40.59481], [-73.82937, 40.59472], [-73.82972, 40.59464], [-73.83048, 40.59459], [-73.83136, 40.59463], [-73.83241, 40.59462], [-73.83306, 40.59481], [-73.83382, 40.59495], [-73.83466, 40.59517], [-73.83485, 40.59554], [-73.83469, 40.5959], [-73.83462, 40.596], [-73.83446, 40.59623], [-73.8344, 40.59646], [-73.8342, 40.59666], [-73.83387, 40.59679], [-73.83352, 40.59698], [-73.83336, 40.59723], [-73.83291, 40.59746], [-73.83274, 40.59752], [-73.83239, 40.59761], [-73.83215, 40.59768], [-73.83239, 40.5978], [-73.83154, 40.59795], [-73.83126, 40.59789], [-73.83108, 40.59779], [-73.83096, 40.59765], [-73.83076, 40.59745], [-73.83063, 40.59743], [-73.8305, 40.5975], [-73.8305, 40.59762], [-73.83039, 40.59773], [-73.83027, 40.5978], [-73.83005, 40.59781], [-73.82985, 40.59787], [-73.82976, 40.59799], [-73.82962, 40.59808], [-73.82948, 40.59813], [-73.82935, 40.59808], [-73.82927, 40.59798], [-73.82921, 40.59783], [-73.8291, 40.59776], [-73.82892, 40.59776], [-73.82874, 40.59776], [-73.82857, 40.59768], [-73.82833, 40.59764], [-73.82806, 40.59768], [-73.82795, 40.59781], [-73.82785, 40.59792], [-73.82785, 40.598], [-73.82763, 40.59812], [-73.82743, 40.59821], [-73.82722, 40.59833], [-73.82713, 40.59843], [-73.8271, 40.59852], [-73.82717, 40.59861], [-73.8271, 40.59869], [-73.82708, 40.59868], [-73.82705, 40.59867], [-73.82702, 40.59867], [-73.827, 40.59867], [-73.82697, 40.59867], [-73.82694, 40.59868], [-73.82692, 40.59869], [-73.8269, 40.5987], [-73.82688, 40.59872], [-73.82686, 40.59874], [-73.82685, 40.59876], [-73.82684, 40.59878], [-73.82684, 40.5988], [-73.82676, 40.59888], [-73.82668, 40.59895], [-73.82659, 40.59902], [-73.82649, 40.59909], [-73.82639, 40.59915], [-73.82629, 40.59921], [-73.82627, 40.59925], [-73.82625, 40.5993], [-73.82621, 40.59934], [-73.82618, 40.59938], [-73.82613, 40.59941], [-73.82611, 40.59943], [-73.82608, 40.59945], [-73.82605, 40.59946], [-73.82601, 40.59947], [-73.82598, 40.59947], [-73.82595, 40.59947], [-73.82591, 40.59946], [-73.82588, 40.59945], [-73.82585, 40.59944], [-73.82588, 40.59939], [-73.8259, 40.59933], [-73.82591, 40.59928], [-73.82592, 40.59922], [-73.82592, 40.59917], [-73.82591, 40.59911], [-73.82589, 40.59905], [-73.82586, 40.599], [-73.82583, 40.59895], [-73.82579, 40.5989], [-73.82576, 40.59883], [-73.82572, 40.59875], [-73.82568, 40.59868], [-73.82563, 40.59861], [-73.82557, 40.59855], [-73.8255, 40.59849], [-73.82543, 40.59843], [-73.82536, 40.59837], [-73.82527, 40.59833], [-73.82519, 40.59828], [-73.82513, 40.59825], [-73.82508, 40.59821], [-73.82501, 40.59819], [-73.82495, 40.59817], [-73.82488, 40.59815], [-73.82481, 40.59814], [-73.82474, 40.59813], [-73.82465, 40.59815], [-73.82457, 40.59817], [-73.82448, 40.5982], [-73.82442, 40.59823], [-73.82437, 40.59827], [-73.82432, 40.59831], [-73.82427, 40.59836], [-73.82424, 40.59841], [-73.82421, 40.59846], [-73.82419, 40.59852], [-73.82403, 40.59876], [-73.82396, 40.59888], [-73.82396, 40.59889], [-73.82407, 40.59892], [-73.82411, 40.59899], [-73.82422, 40.59907], [-73.82419, 40.59921], [-73.82417, 40.5993], [-73.82411, 40.59928], [-73.82407, 40.59929], [-73.82401, 40.59943], [-73.82379, 40.59985], [-73.82377, 40.60004], [-73.82362, 40.60004], [-73.82317, 40.59998], [-73.82315, 40.59998], [-73.82303, 40.59993], [-73.823, 40.59992], [-73.82258, 40.59989], [-73.82256, 40.59994], [-73.82236, 40.59992], [-73.82229, 40.5999], [-73.82216, 40.59986], [-73.82214, 40.59985], [-73.82213, 40.59983], [-73.82211, 40.59982], [-73.82194, 40.5998], [-73.82191, 40.59981], [-73.8218, 40.59986], [-73.82172, 40.59991], [-73.82169, 40.59995], [-73.82159, 40.59998], [-73.82147, 40.59999], [-73.82147, 40.60002], [-73.82148, 40.60005], [-73.82159, 40.60006], [-73.82173, 40.60008], [-73.82172, 40.60012], [-73.82235, 40.60018], [-73.82234, 40.60023], [-73.82249, 40.60023], [-73.82249, 40.6002], [-73.82261, 40.60021], [-73.82261, 40.60019], [-73.82315, 40.60024], [-73.82315, 40.60026], [-73.82331, 40.60027], [-73.82332, 40.60023], [-73.82444, 40.60034], [-73.82441, 40.60059], [-73.82445, 40.6008], [-73.8243, 40.60078], [-73.8243, 40.60085], [-73.82414, 40.60089], [-73.82399, 40.601], [-73.82392, 40.60111], [-73.82388, 40.60125], [-73.82379, 40.60134], [-73.82371, 40.60139], [-73.8236, 40.60148], [-73.82351, 40.60155], [-73.82347, 40.60163], [-73.82345, 40.60176], [-73.82352, 40.60185], [-73.82359, 40.60194], [-73.82362, 40.60203], [-73.82358, 40.60227], [-73.82324, 40.6023], [-73.82305, 40.60234], [-73.823, 40.60242], [-73.82295, 40.60258], [-73.82293, 40.6028], [-73.8229, 40.6029], [-73.82289, 40.60296], [-73.8229, 40.603], [-73.82288, 40.60328], [-73.82281, 40.60397], [-73.82277, 40.6042], [-73.82278, 40.60453], [-73.82281, 40.60458], [-73.8229, 40.60469], [-73.82285, 40.60481], [-73.82282, 40.60494], [-73.82277, 40.60494], [-73.82272, 40.60495], [-73.82267, 40.60499], [-73.82259, 40.60509], [-73.82255, 40.60519], [-73.82253, 40.60524], [-73.82256, 40.60536], [-73.82254, 40.60543], [-73.82247, 40.60552], [-73.82248, 40.60558], [-73.8226, 40.60568], [-73.82269, 40.60574], [-73.82278, 40.60579], [-73.8229, 40.60585], [-73.82267, 40.60612], [-73.82236, 40.60647], [-73.82225, 40.60642], [-73.82224, 40.60642], [-73.82211, 40.60647], [-73.82174, 40.60672], [-73.82168, 40.60682], [-73.82152, 40.60691], [-73.82126, 40.607], [-73.8212, 40.60709], [-73.82126, 40.60714], [-73.82117, 40.60725], [-73.82119, 40.60728], [-73.82108, 40.60738], [-73.82089, 40.60764], [-73.82089, 40.60771], [-73.8209, 40.60778], [-73.82086, 40.60784], [-73.8203, 40.60858], [-73.82003, 40.60892], [-73.82003, 40.60902], [-73.81998, 40.60922], [-73.81994, 40.60934], [-73.81997, 40.60942], [-73.81998, 40.60953], [-73.81998, 40.60956], [-73.81981, 40.60983], [-73.81962, 40.61048], [-73.81995, 40.61101], [-73.82045, 40.61185], [-73.82052, 40.61195], [-73.82043, 40.61199], [-73.82043, 40.61207], [-73.8205, 40.61213], [-73.82058, 40.61223], [-73.82069, 40.61226], [-73.82076, 40.61229], [-73.82082, 40.61228], [-73.82088, 40.61226], [-73.82095, 40.61211], [-73.82098, 40.612], [-73.82104, 40.61195], [-73.82108, 40.6119], [-73.82103, 40.61181], [-73.82101, 40.61177], [-73.82099, 40.61169], [-73.82111, 40.61143], [-73.82115, 40.61139], [-73.82121, 40.61136], [-73.82126, 40.61131], [-73.82128, 40.61123], [-73.82128, 40.6111], [-73.82121, 40.6109], [-73.82106, 40.61076], [-73.82079, 40.61063], [-73.82063, 40.61053], [-73.82055, 40.61043], [-73.82049, 40.61022], [-73.82053, 40.6101], [-73.82056, 40.60995], [-73.82063, 40.60986], [-73.82075, 40.60962], [-73.8208, 40.60944], [-73.82086, 40.60923], [-73.82115, 40.60906], [-73.8212, 40.60889], [-73.82133, 40.60868], [-73.82138, 40.60854], [-73.82161, 40.60848], [-73.82176, 40.60862], [-73.82175, 40.60863], [-73.82168, 40.60871], [-73.82177, 40.60885], [-73.82183, 40.60896], [-73.82169, 40.60913], [-73.82167, 40.60923], [-73.8218, 40.6094], [-73.82185, 40.6097], [-73.82186, 40.60987], [-73.8221, 40.61016], [-73.82233, 40.61029], [-73.82254, 40.61023], [-73.82274, 40.61033], [-73.82289, 40.61034], [-73.8232, 40.61094], [-73.82335, 40.61115], [-73.82342, 40.61123], [-73.82353, 40.61132], [-73.82382, 40.6115], [-73.8238, 40.61213], [-73.82235, 40.61426], [-73.82177, 40.61477], [-73.8217, 40.61482], [-73.82164, 40.61487], [-73.82157, 40.61491], [-73.82142, 40.61505], [-73.82076, 40.61523]]]}}, {"type": "Feature", "properties": {"zone_id": 31, "zone": "Bronx Park", "borough": "Bronx", "demand": 0}, "geometry": {"type": "Polygon", "coordinates": [[[-73.87094, 40.85727], [-73.87094, 40.85727], [-73.87094, 40.85727], [-73.87089, 40.85727], [-73.87089, 40.85727], [-73.87089, 40.85727], [-73.87088, 40.85728], [-73.87085, 40.85729], [-73.86955, 40.85773], [-73.8689, 40.85777], [-73.86842, 40.85778], [-73.86877, 40.85734], [-73.86888, 40.8572], [-73.86908, 40.85695], [-73.86927, 40.85669], [-73.86989, 40.85597], [-73.8699, 40.85587], [-73.8699, 40.85577], [-73.86989, 40.85567], [-73.86986, 40.85558], [-73.86982, 40.85548], [-73.86938, 40.85427], [-73.86917, 40.85369], [-73.86872, 40.85242], [-73.86861, 40.85207], [-73.86853, 40.85178], [-73.86844, 40.85149], [-73.86835, 40.8512], [-73.86823, 40.85091], [-73.86921, 40.84924], [-73.86941, 40.84879], [-73.86889, 40.84811], [-73.86944, 40.84724], [-73.87109, 40.84432], [-73.87179, 40.8438], [-73.87185, 40.84376], [-73.8719, 40.84372], [-73.87281, 40.84342], [-73.87399, 40.84256], [-73.87457, 40.84164], [-73.87459, 40.84152], [-73.87609, 40.84206], [-73.8768, 40.8423], [-73.87687, 40.84232], [-73.87694, 40.84234], [-73.87817, 40.84262], [-73.87733, 40.84398], [-73.87801, 40.84448], [-73.87919, 40.84532], [-73.88048, 40.84619], [-73.88106, 40.84659], [-73.882, 40.84723], [-73.88284, 40.84782], [-73.88276, 40.84806], [-73.88278, 40.84807], [-73.88312, 40.84822], [-73.88288, 40.84907], [-73.88285, 40.84919], [-73.88256, 40.85022], [-73.88232, 40.85106], [-73.882, 40.85219], [-73.88167, 40.85335], [-73.88103, 40.8556], [-73.88073, 40.85668], [-73.88073, 40.85681], [-73.88077, 40.85704], [-73.88079, 40.85713], [-73.88081, 40.8572], [-73.88088, 40.85751], [-73.88094, 40.85769], [-73.88094, 40.85769], [-73.88094, 40.85769], [-73.88098, 40.85788], [-73.881, 40.85808], [-73.88101, 40.85827], [-73.88099, 40.85846], [-73.88097, 40.85854], [-73.88076, 40.85949], [-73.88061, 40.86036], [-73.88062, 40.8605], [-73.88064, 40.86064], [-73.88069, 40.86078], [-73.88075, 40.86091], [-73.88083, 40.86104], [-73.88093, 40.86116], [-73.88103, 40.86127], [-73.88201, 40.86205], [-73.88379, 40.86417], [-73.88379, 40.86417], [-73.88387, 40.86429], [-73.88392, 40.86442], [-73.88396, 40.86455], [-73.88398, 40.86468], [-73.88397, 40.86482], [-73.88394, 40.86495], [-73.8839, 40.86507], [-73.88384, 40.8652], [-73.88377, 40.86531], [-73.88367, 40.86542], [-73.88356, 40.86553], [-73.88344, 40.86562], [-73.8832, 40.86577], [-73.88274, 40.86605], [-73.88268, 40.86609], [-73.88272, 40.86613], [-73.88298, 40.86645], [-73.88309, 40.86659], [-73.88136, 40.86758], [-73.87991, 40.86836], [-73.87981, 40.86842], [-73.87773, 40.86955], [-73.87694, 40.86995], [-73.87619, 40.87048], [-73.87519, 40.87158], [-73.87437, 40.8727], [-73.87255, 40.87517], [-73.87161, 40.87692], [-73.87094, 40.87851], [-73.87034, 40.87835], [-73.87015, 40.87831], [-73.87006, 40.87829], [-73.86997, 40.87826], [-73.86978, 40.87821], [-73.8695, 40.87815], [-73.86943, 40.87813], [-73.86949, 40.87799], [-73.87005, 40.87667], [-73.87015, 40.87642], [-73.87018, 40.87635], [-73.8702, 40.87631], [-73.87023, 40.87622], [-73.87026, 40.87612], [-73.87029, 40.87603], [-73.8703, 40.87593], [-73.87031, 40.87583], [-73.87032, 40.87574], [-73.87032, 40.87562], [-73.87031, 40.87534], [-73.87038, 40.87328], [-73.87056, 40.87151], [-73.87054, 40.86967], [-73.87053, 40.86958], [-73.87053, 40.86952], [-73.87053, 40.86936], [-73.87053, 40.86925], [-73.87052, 40.86888], [-73.87051, 40.86882], [-73.8705, 40.86824], [-73.8705, 40.86818], [-73.87049, 40.86795], [-73.87046, 40.86663], [-73.87042, 40.86536], [-73.87046, 40.86327], [-73.87058, 40.8614], [-73.87088, 40.85889], [-73.87098, 40.8582], [-73.87103, 40.85781], [-73.87108, 40.85738], [-73.87108, 40.85734], [-73.87108, 40.85734], [-73.87108, 40.85734], [-73.87105, 40.8573], [-73.87105, 40.8573], [-73.87105, 40.8573], [-73.871, 40.85728], [-73.871, 40.85728], [-73.871, 40.85728], [-73.87094, 40.85727]]]}}, {"type": "Feature", "properties": {"zone_id": 58, "zone": "Country Club", "borough": "Bronx", "demand": 0}, "geometry": {"type": "Polygon", "coordinates": [[[-73.81561, 40.84819], [-73.81569, 40.84816], [-73.81575, 40.84819], [-73.81579, 40.84816], [-73.8158, 40.84816], [-73.81586, 40.84809], [-73.8159, 40.84801], [-73.8159, 40.8479], [-73.8159, 40.84782], [-73.81586, 40.84777], [-73.81578, 40.84773], [-73.81569, 40.84771], [-73.81563, 40.84771], [-73.8156, 40.84769], [-73.8156, 40.84766], [-73.81565, 40.84764], [-73.81569, 40.84765], [-73.81575, 40.84766], [-73.8158, 40.84768], [-73.81588, 40.84768], [-73.81596, 40.84766], [-73.81597, 40.84765], [-73.81606, 40.84759], [-73.8161, 40.84751], [-73.81613, 40.84739], [-73.81615, 40.84725], [-73.81617, 40.84701], [-73.81617, 40.84684], [-73.81615, 40.84665], [-73.81613, 40.84653], [-73.81612, 40.84649], [-73.81611, 40.84645], [-73.81607, 40.84642], [-73.81603, 40.8464], [-73.81584, 40.84633], [-73.81578, 40.84631], [-73.81572, 40.84629], [-73.81568, 40.84634], [-73.81569, 40.84634], [-73.81546, 40.8466], [-73.81534, 40.84669], [-73.81504, 40.84687], [-73.81493, 40.84693], [-73.81486, 40.84698], [-73.81463, 40.84714], [-73.81462, 40.84717], [-73.81467, 40.8472], [-73.81465, 40.84722], [-73.81451, 40.84711], [-73.81453, 40.84709], [-73.81458, 40.84712], [-73.81461, 40.84713], [-73.81485, 40.84696], [-73.81496, 40.84689], [-73.81516, 40.84677], [-73.81533, 40.84667], [-73.81543, 40.84659], [-73.8155, 40.84651], [-73.81547, 40.8465], [-73.81556, 40.84641], [-73.81558, 40.84642], [-73.81568, 40.84631], [-73.81569, 40.84631], [-73.8157, 40.84629], [-73.81566, 40.84629], [-73.81562, 40.84629], [-73.81561, 40.84629], [-73.81557, 40.8463], [-73.81551, 40.84632], [-73.81516, 40.8465], [-73.81512, 40.84652], [-73.81507, 40.84654], [-73.81504, 40.84655], [-73.815, 40.84654], [-73.81497, 40.84652], [-73.81492, 40.84648], [-73.81485, 40.84652], [-73.8147, 40.8466], [-73.81459, 40.84667], [-73.81457, 40.84668], [-73.81451, 40.84671], [-73.81448, 40.84673], [-73.81443, 40.84676], [-73.81441, 40.84677], [-73.81436, 40.8468], [-73.81433, 40.84682], [-73.81428, 40.84685], [-73.81424, 40.84687], [-73.8142, 40.84689], [-73.81416, 40.84691], [-73.81412, 40.84694], [-73.8141, 40.84695], [-73.81405, 40.84698], [-73.81402, 40.847], [-73.81397, 40.84703], [-73.81393, 40.84705], [-73.81389, 40.84707], [-73.81387, 40.84709], [-73.81381, 40.84712], [-73.81379, 40.84713], [-73.81373, 40.84716], [-73.81371, 40.84718], [-73.81366, 40.8472], [-73.81366, 40.84722], [-73.81371, 40.84726], [-73.81369, 40.84727], [-73.81361, 40.8472], [-73.81356, 40.84715], [-73.81358, 40.84714], [-73.81363, 40.84719], [-73.81364, 40.84719], [-73.8137, 40.84716], [-73.81372, 40.84715], [-73.81377, 40.84712], [-73.8138, 40.8471], [-73.81385, 40.84707], [-73.81388, 40.84706], [-73.81391, 40.84704], [-73.81395, 40.84701], [-73.81401, 40.84698], [-73.81403, 40.84697], [-73.81408, 40.84694], [-73.81411, 40.84692], [-73.81412, 40.84692], [-73.81428, 40.84682], [-73.81432, 40.8468], [-73.81442, 40.84674], [-73.81443, 40.84674], [-73.81458, 40.84665], [-73.81484, 40.8465], [-73.81491, 40.84647], [-73.81466, 40.8462], [-73.81447, 40.84623], [-73.81442, 40.84619], [-73.81466, 40.84597], [-73.8146, 40.84591], [-73.81468, 40.84587], [-73.81475, 40.84582], [-73.81481, 40.84578], [-73.81486, 40.84574], [-73.81509, 40.84559], [-73.81503, 40.8455], [-73.81421, 40.84601], [-73.81399, 40.84583], [-73.8139, 40.84587], [-73.81319, 40.84623], [-73.81314, 40.84617], [-73.81382, 40.8458], [-73.81401, 40.84567], [-73.81402, 40.84563], [-73.81398, 40.84565], [-73.81348, 40.84596], [-73.81346, 40.84595], [-73.81397, 40.84563], [-73.81402, 40.84562], [-73.81403, 40.84559], [-73.81395, 40.84552], [-73.81369, 40.84566], [-73.81367, 40.84565], [-73.81394, 40.84551], [-73.8139, 40.84548], [-73.81386, 40.84542], [-73.81373, 40.84548], [-73.81371, 40.84546], [-73.81384, 40.8454], [-73.81381, 40.84535], [-73.81363, 40.84528], [-73.81362, 40.84531], [-73.81361, 40.84532], [-73.81361, 40.84532], [-73.81361, 40.84533], [-73.8136, 40.84535], [-73.81352, 40.84552], [-73.81352, 40.84552], [-73.81349, 40.84558], [-73.81346, 40.84565], [-73.81345, 40.84565], [-73.81343, 40.84571], [-73.81341, 40.84575], [-73.8134, 40.84576], [-73.81336, 40.84584], [-73.81335, 40.84585], [-73.81333, 40.84589], [-73.81332, 40.8459], [-73.81329, 40.84595], [-73.81321, 40.84592], [-73.81322, 40.84591], [-73.81328, 40.84594], [-73.81331, 40.8459], [-73.81331, 40.84589], [-73.81334, 40.84585], [-73.81334, 40.84584], [-73.81336, 40.84581], [-73.81337, 40.8458], [-73.81344, 40.84565], [-73.81346, 40.8456], [-73.81347, 40.84558], [-73.81349, 40.84555], [-73.8135, 40.84552], [-73.8135, 40.84551], [-73.81353, 40.84546], [-73.81353, 40.84546], [-73.81355, 40.84541], [-73.81356, 40.8454], [-73.81358, 40.84535], [-73.81358, 40.84534], [-73.81358, 40.84534], [-73.81359, 40.84533], [-73.81359, 40.84533], [-73.8136, 40.84531], [-73.81361, 40.8453], [-73.81361, 40.84529], [-73.81362, 40.84527], [-73.81346, 40.84521], [-73.81326, 40.84523], [-73.81324, 40.84529], [-73.81323, 40.84531], [-73.81321, 40.84538], [-73.81319, 40.84543], [-73.81318, 40.84544], [-73.81316, 40.84549], [-73.81313, 40.84556], [-73.8131, 40.84562], [-73.8131, 40.84563], [-73.81307, 40.84571], [-73.81307, 40.84572], [-73.81306, 40.84574], [-73.81303, 40.8458], [-73.81297, 40.84593], [-73.81297, 40.84595], [-73.81296, 40.84596], [-73.81293, 40.84602], [-73.81293, 40.84603], [-73.8129, 40.84609], [-73.81289, 40.8461], [-73.81287, 40.84616], [-73.81286, 40.84617], [-73.81283, 40.84622], [-73.81283, 40.84624], [-73.8128, 40.84629], [-73.81286, 40.84631], [-73.81285, 40.84632], [-73.81272, 40.84629], [-73.81273, 40.84628], [-73.81279, 40.84629], [-73.81281, 40.84623], [-73.81291, 40.84602], [-73.81292, 40.84601], [-73.81294, 40.84595], [-73.81295, 40.84594], [-73.81298, 40.84587], [-73.81299, 40.84586], [-73.81302, 40.84579], [-73.81302, 40.84578], [-73.81304, 40.84573], [-73.81309, 40.84562], [-73.81312, 40.84556], [-73.81312, 40.84555], [-73.81314, 40.8455], [-73.81315, 40.84547], [-73.81317, 40.84543], [-73.81317, 40.84542], [-73.81319, 40.84537], [-73.8132, 40.84534], [-73.81321, 40.84531], [-73.81322, 40.8453], [-73.81322, 40.8453], [-73.81324, 40.84524], [-73.81321, 40.84524], [-73.81319, 40.84522], [-73.81316, 40.8452], [-73.81313, 40.84518], [-73.8131, 40.84517], [-73.81307, 40.84516], [-73.81303, 40.84516], [-73.813, 40.84516], [-73.81294, 40.84515], [-73.81288, 40.84513], [-73.81286, 40.84517], [-73.813, 40.84521], [-73.81315, 40.8452], [-73.81316, 40.84521], [-73.81299, 40.84522], [-73.81286, 40.84519], [-73.81283, 40.84525], [-73.81275, 40.84546], [-73.81269, 40.8456], [-73.81264, 40.84575], [-73.81261, 40.84582], [-73.81259, 40.84587], [-73.81259, 40.84588], [-73.81252, 40.84606], [-73.81249, 40.84613], [-73.81247, 40.84619], [-73.81247, 40.8462], [-73.81245, 40.84625], [-73.81237, 40.84648], [-73.81234, 40.84654], [-73.81241, 40.84656], [-73.81241, 40.84657], [-73.81228, 40.84654], [-73.81228, 40.84653], [-73.81233, 40.84654], [-73.81239, 40.84636], [-73.8124, 40.84633], [-73.8124, 40.84632], [-73.81243, 40.84626], [-73.81244, 40.84621], [-73.81245, 40.84619], [-73.81246, 40.84618], [-73.81247, 40.84615], [-73.81248, 40.84612], [-73.8125, 40.84607], [-73.8125, 40.84606], [-73.81252, 40.84601], [-73.81252, 40.846], [-73.81254, 40.84594], [-73.81255, 40.84593], [-73.81257, 40.84587], [-73.81257, 40.84587], [-73.81259, 40.84582], [-73.81259, 40.84581], [-73.81262, 40.84574], [-73.81262, 40.84573], [-73.81265, 40.84567], [-73.81265, 40.84566], [-73.81268, 40.8456], [-73.81268, 40.84559], [-73.8127, 40.84554], [-73.81271, 40.84553], [-73.81273, 40.84547], [-73.81273, 40.84546], [-73.81276, 40.84539], [-73.81276, 40.84538], [-73.81279, 40.84532], [-73.81279, 40.84531], [-73.81281, 40.84525], [-73.81282, 40.84524], [-73.81284, 40.84518], [-73.81261, 40.84513], [-73.81261, 40.84511], [-73.81285, 40.84516], [-73.81286, 40.84513], [-73.81279, 40.84511], [-73.81272, 40.84508], [-73.81265, 40.84505], [-73.81264, 40.84504], [-73.81263, 40.84503], [-73.81263, 40.84501], [-73.81263, 40.845], [-73.81254, 40.84498], [-73.81244, 40.84524], [-73.81255, 40.84526], [-73.81254, 40.84528], [-73.81246, 40.84526], [-73.81219, 40.84595], [-73.81217, 40.84595], [-73.81196, 40.84648], [-73.81196, 40.84648], [-73.81203, 40.8465], [-73.81202, 40.84653], [-73.81204, 40.84653], [-73.81203, 40.84655], [-73.81192, 40.84653], [-73.81188, 40.84659], [-73.8123, 40.84669], [-73.81244, 40.84674], [-73.81242, 40.84675], [-73.8123, 40.84671], [-73.81188, 40.84662], [-73.81184, 40.84671], [-73.8117, 40.84668], [-73.81223, 40.8454], [-73.81224, 40.84538], [-73.81232, 40.84519], [-73.81232, 40.84518], [-73.81233, 40.84516], [-73.81234, 40.84513], [-73.81243, 40.84487], [-73.81243, 40.84486], [-73.81245, 40.84482], [-73.81252, 40.84463], [-73.81252, 40.84462], [-73.81253, 40.84459], [-73.8126, 40.84438], [-73.8126, 40.84437], [-73.81262, 40.84432], [-73.81265, 40.84425], [-73.81266, 40.84421], [-73.81277, 40.84423], [-73.81278, 40.84423], [-73.81278, 40.84423], [-73.81278, 40.84423], [-73.81271, 40.84446], [-73.81271, 40.84447], [-73.81272, 40.84447], [-73.81272, 40.84447], [-73.81272, 40.84447], [-73.81273, 40.84447], [-73.81273, 40.84447], [-73.81278, 40.84428], [-73.81278, 40.84428], [-73.81278, 40.84428], [-73.81278, 40.84428], [-73.81278, 40.84427], [-73.81278, 40.84425], [-73.81282, 40.84426], [-73.8128, 40.84435], [-73.81276, 40.84447], [-73.81277, 40.84448], [-73.81278, 40.84448], [-73.81281, 40.84449], [-73.81281, 40.84449], [-73.81299, 40.84452], [-73.81298, 40.84455], [-73.81297, 40.84455], [-73.81276, 40.8445], [-73.81276, 40.8445], [-73.81276, 40.84449], [-73.81274, 40.84449], [-73.81271, 40.84449], [-73.81271, 40.84449], [-73.8127, 40.84448], [-73.8127, 40.84449], [-73.8127, 40.8445], [-73.81265, 40.84466], [-73.8129, 40.84471], [-73.81291, 40.84468], [-73.8129, 40.84468], [-73.81291, 40.84466], [-73.81296, 40.84467], [-73.81297, 40.84465], [-73.81311, 40.84468], [-73.81309, 40.84473], [-73.81305, 40.84472], [-73.81304, 40.84474], [-73.81307, 40.84475], [-73.81306, 40.84477], [-73.81312, 40.84479], [-73.81309, 40.84485], [-73.81266, 40.84475], [-73.81268, 40.84469], [-73.81268, 40.84469], [-73.81264, 40.84468], [-73.81255, 40.84495], [-73.81263, 40.84497], [-73.81264, 40.84496], [-73.81265, 40.84495], [-73.81266, 40.84494], [-73.81267, 40.84493], [-73.81269, 40.84492], [-73.8127, 40.84492], [-73.81272, 40.84492], [-73.81285, 40.84492], [-73.81299, 40.84492], [-73.81312, 40.84494], [-73.81325, 40.84495], [-73.81335, 40.84495], [-73.81345, 40.84496], [-73.81355, 40.84497], [-73.81355, 40.84504], [-73.81359, 40.84505], [-73.81363, 40.84506], [-73.81366, 40.84506], [-73.81368, 40.84506], [-73.8137, 40.84505], [-73.81372, 40.84504], [-73.81374, 40.84503], [-73.81376, 40.84502], [-73.81377, 40.84501], [-73.81378, 40.84499], [-73.81379, 40.84498], [-73.81384, 40.84497], [-73.81389, 40.84496], [-73.81394, 40.84495], [-73.81399, 40.84493], [-73.81404, 40.84491], [-73.81408, 40.84488], [-73.81412, 40.84485], [-73.81414, 40.84482], [-73.81417, 40.84478], [-73.81418, 40.84474], [-73.81412, 40.84476], [-73.81386, 40.84482], [-73.81387, 40.84484], [-73.81375, 40.84487], [-73.81374, 40.84484], [-73.8137, 40.84485], [-73.81369, 40.84483], [-73.8139, 40.84479], [-73.81389, 40.84477], [-73.81395, 40.84476], [-73.81396, 40.84478], [-73.81404, 40.84476], [-73.81419, 40.84472], [-73.81418, 40.84468], [-73.81417, 40.84464], [-73.81415, 40.8446], [-73.81412, 40.84456], [-73.81408, 40.84453], [-73.81404, 40.8445], [-73.81399, 40.84448], [-73.81394, 40.84446], [-73.81388, 40.84445], [-73.81383, 40.84446], [-73.81381, 40.84446], [-73.81372, 40.84445], [-73.81365, 40.84444], [-73.81359, 40.8444], [-73.81356, 40.84438], [-73.81354, 40.84434], [-73.81354, 40.84433], [-73.8135, 40.84428], [-73.81346, 40.84424], [-73.81343, 40.84419], [-73.81342, 40.84412], [-73.81342, 40.84406], [-73.8134, 40.84401], [-73.81338, 40.84396], [-73.81337, 40.8439], [-73.81336, 40.84385], [-73.81337, 40.8438], [-73.81339, 40.84375], [-73.81341, 40.8437], [-73.81344, 40.84365], [-73.81348, 40.84361], [-73.81354, 40.84358], [-73.8136, 40.84356], [-73.81365, 40.84354], [-73.81371, 40.84353], [-73.81377, 40.84352], [-73.81383, 40.84353], [-73.81389, 40.84353], [-73.81395, 40.84353], [-73.81402, 40.84352], [-73.81407, 40.8435], [-73.81413, 40.84348], [-73.81418, 40.84345], [-73.81423, 40.84342], [-73.81426, 40.84338], [-73.8143, 40.84334], [-73.81432, 40.8433], [-73.81434, 40.84325], [-73.81435, 40.84321], [-73.81434, 40.84319], [-73.81433, 40.84318], [-73.81433, 40.84316], [-73.81433, 40.84314], [-73.81434, 40.84313], [-73.81435, 40.84311], [-73.81436, 40.8431], [-73.81437, 40.84309], [-73.81443, 40.8431], [-73.81447, 40.84318], [-73.81453, 40.84325], [-73.81458, 40.84329], [-73.81464, 40.84332], [-73.81471, 40.84334], [-73.81477, 40.84336], [-73.81483, 40.84338], [-73.81488, 40.8434], [-73.81493, 40.84343], [-73.81498, 40.84347], [-73.81502, 40.84351], [-73.81505, 40.84355], [-73.81508, 40.84359], [-73.81509, 40.84361], [-73.81511, 40.84368], [-73.81513, 40.84375], [-73.81516, 40.84381], [-73.8152, 40.84388], [-73.81525, 40.84394], [-73.8153, 40.844], [-73.81535, 40.84406], [-73.8154, 40.8441], [-73.81544, 40.84414], [-73.81549, 40.84416], [-73.81553, 40.84419], [-73.81555, 40.84421], [-73.81557, 40.84423], [-73.81558, 40.84425], [-73.8156, 40.84428], [-73.81559, 40.84429], [-73.8156, 40.8443], [-73.8156, 40.84432], [-73.81561, 40.84433], [-73.81561, 40.84434], [-73.81562, 40.84435], [-73.81563, 40.84436], [-73.81564, 40.84436], [-73.81566, 40.84437], [-73.81567, 40.84438], [-73.8157, 40.84439], [-73.81573, 40.84439], [-73.81576, 40.84439], [-73.81582, 40.8444], [-73.81588, 40.84441], [-73.81594, 40.84441], [-73.81595, 40.84441], [-73.81596, 40.84441], [-73.81597, 40.84441], [-73.81598, 40.84441], [-73.81599, 40.8444], [-73.816, 40.8444], [-73.81601, 40.84439], [-73.81601, 40.84438], [-73.81602, 40.84438], [-73.81602, 40.84437], [-73.81602, 40.84436], [-73.81602, 40.84435], [-73.816, 40.84433], [-73.81599, 40.84431], [-73.81598, 40.84429], [-73.81597, 40.84426], [-73.81597, 40.84424], [-73.81598, 40.84422], [-73.81599, 40.84419], [-73.816, 40.84417], [-73.81602, 40.84413], [-73.81605, 40.8441], [-73.81608, 40.84407], [-73.81612, 40.84404], [-73.81616, 40.84402], [-73.81621, 40.844], [-73.81626, 40.84399], [-73.81631, 40.84398], [-73.81635, 40.84398], [-73.81638, 40.84399], [-73.81641, 40.844], [-73.81645, 40.84401], [-73.81646, 40.84402], [-73.81647, 40.84403], [-73.81648, 40.84405], [-73.81649, 40.84407], [-73.81649, 40.84408], [-73.81649, 40.8441], [-73.81649, 40.8441], [-73.81649, 40.84411], [-73.81649, 40.84411], [-73.81649, 40.84412], [-73.8165, 40.84412], [-73.8165, 40.84412], [-73.8165, 40.84412], [-73.81651, 40.84413], [-73.81651, 40.84413], [-73.81652, 40.84413], [-73.81652, 40.84413], [-73.81652, 40.84413], [-73.81653, 40.84413], [-73.81653, 40.84413], [-73.81654, 40.84413], [-73.81654, 40.84412], [-73.81655, 40.84412], [-73.81656, 40.84411], [-73.81656, 40.8441], [-73.81658, 40.8441], [-73.81659, 40.84409], [-73.8166, 40.84409], [-73.81661, 40.84409], [-73.81663, 40.84411], [-73.81666, 40.84412], [-73.81668, 40.84413], [-73.81671, 40.84414], [-73.81674, 40.84414], [-73.81677, 40.84414], [-73.8168, 40.84413], [-73.81683, 40.84413], [-73.81685, 40.84411], [-73.81687, 40.8441], [-73.81689, 40.84409], [-73.81692, 40.84409], [-73.81694, 40.84408], [-73.81697, 40.84408], [-73.81699, 40.84409], [-73.81702, 40.8441], [-73.81704, 40.84411], [-73.81706, 40.84412], [-73.81708, 40.84413], [-73.81709, 40.84415], [-73.8171, 40.84417], [-73.8171, 40.84419], [-73.81709, 40.8442], [-73.81708, 40.84422], [-73.81707, 40.84422], [-73.81707, 40.84423], [-73.81707, 40.84424], [-73.81707, 40.84424], [-73.81707, 40.84425], [-73.81708, 40.84425], [-73.81708, 40.84426], [-73.81708, 40.84426], [-73.81709, 40.84426], [-73.81709, 40.84427], [-73.8171, 40.84427], [-73.81711, 40.84427], [-73.81712, 40.84427], [-73.81715, 40.84428], [-73.81719, 40.84428], [-73.81722, 40.84428], [-73.81732, 40.84431], [-73.81741, 40.84433], [-73.8175, 40.84437], [-73.81783, 40.84437], [-73.81824, 40.84435], [-73.81824, 40.84434], [-73.81824, 40.84433], [-73.81824, 40.84432], [-73.81823, 40.8443], [-73.81823, 40.84429], [-73.81822, 40.84428], [-73.81821, 40.84427], [-73.8182, 40.84427], [-73.81819, 40.84426], [-73.81819, 40.84425], [-73.81818, 40.84424], [-73.81818, 40.84423], [-73.81818, 40.84422], [-73.81819, 40.84421], [-73.81819, 40.8442], [-73.8182, 40.84418], [-73.8182, 40.84415], [-73.8182, 40.84413], [-73.81819, 40.84411], [-73.81817, 40.84411], [-73.81815, 40.84411], [-73.81812, 40.84411], [-73.8181, 40.84412], [-73.81808, 40.84413], [-73.81807, 40.84414], [-73.81805, 40.84415], [-73.81802, 40.84419], [-73.81798, 40.84422], [-73.81793, 40.84425], [-73.81786, 40.84426], [-73.81781, 40.84427], [-73.81775, 40.84427], [-73.81769, 40.84427], [-73.81763, 40.84426], [-73.8176, 40.84425], [-73.81756, 40.84424], [-73.81751, 40.84423], [-73.81747, 40.8442], [-73.81743, 40.84418], [-73.81739, 40.84415], [-73.81736, 40.84411], [-73.81734, 40.84408], [-73.81732, 40.84404], [-73.81728, 40.844], [-73.81724, 40.84395], [-73.81719, 40.84392], [-73.81717, 40.84391], [-73.81715, 40.84391], [-73.81713, 40.84391], [-73.81711, 40.84391], [-73.81669, 40.84397], [-73.81668, 40.84397], [-73.81666, 40.84396], [-73.81663, 40.84394], [-73.81661, 40.84392], [-73.81661, 40.84387], [-73.81661, 40.84386], [-73.81661, 40.84383], [-73.81658, 40.84381], [-73.81656, 40.8438], [-73.81652, 40.84376], [-73.81649, 40.84372], [-73.81644, 40.84367], [-73.81644, 40.84363], [-73.81642, 40.84359], [-73.81639, 40.84356], [-73.81637, 40.84352], [-73.81636, 40.8435], [-73.81635, 40.84348], [-73.81635, 40.84343], [-73.81636, 40.84338], [-73.81635, 40.84333], [-73.81631, 40.84326], [-73.81627, 40.84319], [-73.81623, 40.84313], [-73.8162, 40.84307], [-73.81615, 40.84301], [-73.8161, 40.84298], [-73.81603, 40.84295], [-73.81597, 40.84291], [-73.81594, 40.84289], [-73.81591, 40.84287], [-73.81588, 40.84283], [-73.81587, 40.84279], [-73.81572, 40.84254], [-73.81517, 40.84258], [-73.81517, 40.84255], [-73.8157, 40.84252], [-73.81562, 40.84246], [-73.81551, 40.84242], [-73.81544, 40.84241], [-73.81542, 40.84239], [-73.81541, 40.84235], [-73.81541, 40.84233], [-73.81543, 40.84229], [-73.81547, 40.84226], [-73.81547, 40.84226], [-73.81551, 40.84222], [-73.81552, 40.84219], [-73.81555, 40.84216], [-73.81556, 40.8421], [-73.81556, 40.84206], [-73.81556, 40.84202], [-73.81558, 40.84197], [-73.81559, 40.8419], [-73.81558, 40.84184], [-73.81557, 40.84175], [-73.81553, 40.84165], [-73.81547, 40.84158], [-73.81543, 40.84156], [-73.81538, 40.84152], [-73.81533, 40.84149], [-73.8153, 40.84144], [-73.81529, 40.84139], [-73.81529, 40.84134], [-73.81528, 40.84129], [-73.81526, 40.84126], [-73.81523, 40.84123], [-73.8148, 40.84138], [-73.8148, 40.8414], [-73.81476, 40.84141], [-73.81473, 40.84138], [-73.81522, 40.8412], [-73.81522, 40.84117], [-73.81522, 40.84113], [-73.81523, 40.8411], [-73.81525, 40.84106], [-73.81523, 40.84101], [-73.81522, 40.84097], [-73.81521, 40.84091], [-73.81518, 40.84087], [-73.81515, 40.84082], [-73.81513, 40.84078], [-73.81511, 40.84074], [-73.8151, 40.84072], [-73.81509, 40.8407], [-73.81507, 40.84066], [-73.81507, 40.84062], [-73.81507, 40.84059], [-73.81505, 40.84054], [-73.81498, 40.84055], [-73.81498, 40.84056], [-73.81492, 40.84057], [-73.81491, 40.84056], [-73.8149, 40.84056], [-73.8149, 40.84054], [-73.81491, 40.84054], [-73.81491, 40.84053], [-73.81497, 40.84052], [-73.81497, 40.84053], [-73.81505, 40.84052], [-73.81501, 40.84029], [-73.81497, 40.84008], [-73.81481, 40.8398], [-73.81437, 40.83986], [-73.81436, 40.83985], [-73.8148, 40.83979], [-73.81479, 40.83977], [-73.81478, 40.83976], [-73.81477, 40.83975], [-73.81476, 40.83975], [-73.81475, 40.83975], [-73.81473, 40.83976], [-73.81472, 40.83976], [-73.81471, 40.83976], [-73.8147, 40.83976], [-73.8147, 40.83975], [-73.8147, 40.83973], [-73.81471, 40.83971], [-73.81472, 40.8397], [-73.81473, 40.83968], [-73.81473, 40.83965], [-73.81473, 40.83961], [-73.81472, 40.83959], [-73.81448, 40.83963], [-73.81447, 40.83962], [-73.81438, 40.83963], [-73.81439, 40.83964], [-73.81432, 40.83965], [-73.81431, 40.83962], [-73.81438, 40.83961], [-73.81439, 40.83962], [-73.81447, 40.83961], [-73.81447, 40.83961], [-73.81472, 40.83957], [-73.8147, 40.83945], [-73.81478, 40.83908], [-73.81539, 40.83885], [-73.8154, 40.83882], [-73.81543, 40.83878], [-73.81545, 40.83877], [-73.81548, 40.83878], [-73.81548, 40.83878], [-73.81549, 40.83879], [-73.81552, 40.83879], [-73.81555, 40.83879], [-73.8156, 40.83874], [-73.81567, 40.8387], [-73.81574, 40.83868], [-73.8158, 40.83868], [-73.81585, 40.83866], [-73.81589, 40.83862], [-73.81596, 40.83857], [-73.81606, 40.83849], [-73.81613, 40.83842], [-73.81619, 40.83833], [-73.81626, 40.83826], [-73.8163, 40.83817], [-73.81634, 40.83808], [-73.81634, 40.83803], [-73.81631, 40.838], [-73.81629, 40.83797], [-73.81629, 40.83793], [-73.81631, 40.8379], [-73.81632, 40.83789], [-73.81635, 40.83787], [-73.81641, 40.83782], [-73.81645, 40.83777], [-73.81648, 40.8377], [-73.81648, 40.83766], [-73.81645, 40.8376], [-73.81644, 40.83749], [-73.81643, 40.83737], [-73.81642, 40.83725], [-73.81642, 40.83715], [-73.8164, 40.83705], [-73.81639, 40.83694], [-73.81636, 40.83683], [-73.81634, 40.83676], [-73.8163, 40.8367], [-73.81623, 40.83665], [-73.8162, 40.83663], [-73.81616, 40.83659], [-73.81617, 40.83656], [-73.8162, 40.83651], [-73.8162, 40.83644], [-73.81618, 40.83634], [-73.81614, 40.83622], [-73.81609, 40.83612], [-73.81606, 40.83603], [-73.8172, 40.83574], [-73.81805, 40.83554], [-73.8189, 40.83534], [-73.81978, 40.83513], [-73.82063, 40.83492], [-73.82151, 40.83473], [-73.82223, 40.83456], [-73.82258, 40.83448], [-73.82266, 40.83447], [-73.82309, 40.83442], [-73.82319, 40.8344], [-73.82328, 40.83439], [-73.82368, 40.83432], [-73.82379, 40.8343], [-73.82463, 40.83386], [-73.82489, 40.83423], [-73.82516, 40.83461], [-73.82601, 40.83402], [-73.82612, 40.83421], [-73.82622, 40.83435], [-73.82604, 40.83451], [-73.82588, 40.83467], [-73.82573, 40.83485], [-73.8256, 40.83503], [-73.8255, 40.83522], [-73.82545, 40.83536], [-73.82542, 40.83551], [-73.8254, 40.83566], [-73.82541, 40.83581], [-73.82544, 40.83596], [-73.82549, 40.8361], [-73.82556, 40.83624], [-73.82565, 40.83644], [-73.82574, 40.83664], [-73.8258, 40.83685], [-73.82585, 40.83706], [-73.82589, 40.83812], [-73.82591, 40.83874], [-73.82596, 40.83998], [-73.82597, 40.84033], [-73.82599, 40.84068], [-73.82603, 40.84102], [-73.82608, 40.84137], [-73.82624, 40.84299], [-73.82581, 40.84288], [-73.82568, 40.84285], [-73.82558, 40.84282], [-73.82518, 40.8427], [-73.82514, 40.84334], [-73.82508, 40.8443], [-73.82508, 40.8447], [-73.82496, 40.8461], [-73.82444, 40.84638], [-73.82396, 40.84664], [-73.82301, 40.84716], [-73.82204, 40.84769], [-73.8211, 40.8482], [-73.82048, 40.8485], [-73.82014, 40.84802], [-73.81915, 40.84817], [-73.8182, 40.84831], [-73.81726, 40.84843], [-73.8163, 40.84857], [-73.81507, 40.84913], [-73.81518, 40.84905], [-73.81523, 40.84901], [-73.81529, 40.84889], [-73.81531, 40.84882], [-73.81531, 40.84881], [-73.81527, 40.84874], [-73.81527, 40.84868], [-73.81528, 40.8486], [-73.81541, 40.84854], [-73.81548, 40.84844], [-73.8155, 40.84831], [-73.81561, 40.84819]]]}}, {"type": "Feature", "properties": {"zone_id": 59, "zone": "Crotona Park", "borough": "Bronx", "demand": 0}, "geometry": {"type": "Polygon", "coordinates": [[[-73.88942, 40.83942], [-73.88869, 40.83916], [-73.88814, 40.83986], [-73.88754, 40.83964], [-73.8866, 40.83928], [-73.8873, 40.83813], [-73.88841, 40.83855], [-73.88874, 40.83797], [-73.89057, 40.8369], [-73.89074, 40.83683], [-73.89092, 40.83677], [-73.8911, 40.83673], [-73.89129, 40.8367], [-73.89148, 40.83669], [-73.89338, 40.83654], [-73.89362, 40.83648], [-73.89386, 40.83639], [-73.89409, 40.8363], [-73.8943, 40.83618], [-73.89451, 40.83605], [-73.89469, 40.83591], [-73.89486, 40.83576], [-73.89501, 40.8356], [-73.89514, 40.83543], [-73.89526, 40.83531], [-73.89539, 40.8352], [-73.89553, 40.8351], [-73.89567, 40.835], [-73.89582, 40.8349], [-73.89597, 40.8348], [-73.89613, 40.83471], [-73.89629, 40.83463], [-73.89645, 40.83455], [-73.89662, 40.83448], [-73.8968, 40.83441], [-73.89697, 40.83434], [-73.89809, 40.83463], [-73.89845, 40.83472], [-73.89963, 40.83502], [-73.90122, 40.83541], [-73.90123, 40.8355], [-73.90057, 40.83659], [-73.90039, 40.83691], [-73.90036, 40.83696], [-73.90031, 40.83705], [-73.90026, 40.83714], [-73.90022, 40.8372], [-73.90019, 40.83726], [-73.90014, 40.83734], [-73.90004, 40.83752], [-73.89997, 40.83765], [-73.89903, 40.83933], [-73.89827, 40.84068], [-73.89749, 40.84207], [-73.89666, 40.84352], [-73.89642, 40.84339], [-73.89617, 40.84326], [-73.89591, 40.84314], [-73.89565, 40.84303], [-73.89538, 40.84294], [-73.89528, 40.84288], [-73.8951, 40.84277], [-73.89501, 40.84272], [-73.89494, 40.84268], [-73.89485, 40.84263], [-73.8941, 40.84219], [-73.89317, 40.84164], [-73.89217, 40.84105], [-73.89017, 40.83987], [-73.88942, 40.83942]]]}}, {"type": "Feature", "properties": {"zone_id": 84, "zone": "Eltingville/Annadale/Prince's Bay", "borough": "Staten Island", "demand": 0}, "geometry": {"type": "Polygon", "coordinates": [[[-74.16006, 40.52763], [-74.15988, 40.52737], [-74.15994, 40.52736], [-74.15999, 40.52735], [-74.16001, 40.52734], [-74.16004, 40.52734], [-74.16006, 40.52734], [-74.16008, 40.52736], [-74.16013, 40.5274], [-74.16017, 40.52745], [-74.16019, 40.52749], [-74.16021, 40.52751], [-74.16023, 40.52752], [-74.16023, 40.52753], [-74.16026, 40.52755], [-74.16027, 40.52755], [-74.1603, 40.52756], [-74.16034, 40.52755], [-74.16041, 40.52753], [-74.16048, 40.5275], [-74.16055, 40.52749], [-74.16062, 40.52747], [-74.16153, 40.52703], [-74.16155, 40.52702], [-74.16158, 40.52701], [-74.16165, 40.52701], [-74.16169, 40.52702], [-74.16176, 40.52705], [-74.16183, 40.52707], [-74.1619, 40.52709], [-74.16197, 40.5271], [-74.16203, 40.52713], [-74.16207, 40.52714], [-74.1621, 40.52716], [-74.16214, 40.52718], [-74.1622, 40.5272], [-74.16223, 40.5272], [-74.16227, 40.52719], [-74.16233, 40.52717], [-74.16239, 40.52713], [-74.16244, 40.5271], [-74.16251, 40.52707], [-74.16257, 40.52704], [-74.16263, 40.52701], [-74.1627, 40.52697], [-74.16276, 40.52694], [-74.16283, 40.52692], [-74.1629, 40.52689], [-74.16296, 40.52685], [-74.16302, 40.52682], [-74.16308, 40.52679], [-74.16313, 40.52676], [-74.16317, 40.52671], [-74.16323, 40.52667], [-74.16329, 40.52664], [-74.16335, 40.5266], [-74.16341, 40.52657], [-74.16347, 40.52653], [-74.16352, 40.5265], [-74.16356, 40.52645], [-74.16362, 40.52641], [-74.16367, 40.52638], [-74.16372, 40.52635], [-74.16379, 40.52633], [-74.16383, 40.52633], [-74.16387, 40.52633], [-74.1639, 40.52634], [-74.16394, 40.52634], [-74.16401, 40.52632], [-74.16407, 40.52629], [-74.1644, 40.52621], [-74.1646, 40.52615], [-74.16475, 40.52608], [-74.16503, 40.52583], [-74.16531, 40.52565], [-74.16543, 40.52559], [-74.16592, 40.52541], [-74.16613, 40.52531], [-74.16653, 40.52508], [-74.16691, 40.52483], [-74.16756, 40.52441], [-74.1683, 40.52395], [-74.16839, 40.52389], [-74.16884, 40.52359], [-74.16899, 40.52353], [-74.1692, 40.52344], [-74.16935, 40.52336], [-74.16945, 40.52333], [-74.16955, 40.52328], [-74.16964, 40.52323], [-74.16968, 40.52321], [-74.16983, 40.52313], [-74.17, 40.52305], [-74.17007, 40.52303], [-74.17015, 40.52301], [-74.17023, 40.52301], [-74.17033, 40.52303], [-74.1704, 40.52305], [-74.17049, 40.52308], [-74.17057, 40.52315], [-74.17059, 40.52319], [-74.17061, 40.52321], [-74.17076, 40.52336], [-74.17081, 40.52339], [-74.1709, 40.52346], [-74.17103, 40.52353], [-74.1711, 40.52355], [-74.17127, 40.52356], [-74.17135, 40.52355], [-74.17206, 40.52332], [-74.1727, 40.52297], [-74.17278, 40.52292], [-74.17343, 40.52257], [-74.17507, 40.52149], [-74.17601, 40.52088], [-74.1776, 40.51932], [-74.17758, 40.51931], [-74.17758, 40.5193], [-74.17756, 40.51929], [-74.17755, 40.51928], [-74.17753, 40.51926], [-74.17755, 40.51924], [-74.17756, 40.51922], [-74.17757, 40.51922], [-74.17757, 40.51922], [-74.17757, 40.51922], [-74.17758, 40.51922], [-74.17758, 40.51922], [-74.17759, 40.51922], [-74.17759, 40.51922], [-74.1777, 40.51932], [-74.17777, 40.51935], [-74.17827, 40.51992], [-74.17832, 40.51995], [-74.17837, 40.51996], [-74.17843, 40.51997], [-74.17849, 40.51998], [-74.17856, 40.51999], [-74.17863, 40.52001], [-74.1787, 40.52003], [-74.17878, 40.52004], [-74.17886, 40.52004], [-74.17894, 40.52004], [-74.17902, 40.52004], [-74.1791, 40.52002], [-74.17918, 40.52], [-74.17918, 40.52], [-74.17919, 40.51999], [-74.17919, 40.51999], [-74.1792, 40.51998], [-74.17921, 40.51998], [-74.17922, 40.51998], [-74.17923, 40.51998], [-74.17924, 40.51998], [-74.17924, 40.51998], [-74.17925, 40.51999], [-74.17926, 40.51999], [-74.17927, 40.52], [-74.17927, 40.52], [-74.17927, 40.52001], [-74.1793, 40.52016], [-74.17932, 40.5202], [-74.17935, 40.52024], [-74.17939, 40.52028], [-74.17943, 40.52031], [-74.17944, 40.52031], [-74.17947, 40.52033], [-74.17971, 40.52049], [-74.17981, 40.52055], [-74.17999, 40.52059], [-74.1801, 40.5206], [-74.18024, 40.5206], [-74.18033, 40.5206], [-74.18049, 40.52062], [-74.18064, 40.52064], [-74.18087, 40.52068], [-74.18104, 40.5207], [-74.18116, 40.52069], [-74.18148, 40.52058], [-74.18182, 40.52048], [-74.18189, 40.52043], [-74.18192, 40.52042], [-74.18196, 40.52042], [-74.18204, 40.52043], [-74.18213, 40.52041], [-74.18234, 40.52035], [-74.18264, 40.52023], [-74.18283, 40.52009], [-74.18315, 40.51987], [-74.18326, 40.51985], [-74.18342, 40.51989], [-74.18381, 40.51975], [-74.18404, 40.51962], [-74.18417, 40.5196], [-74.18429, 40.51958], [-74.18483, 40.51934], [-74.18516, 40.51913], [-74.18546, 40.51892], [-74.18589, 40.51864], [-74.18657, 40.51812], [-74.1876, 40.51717], [-74.18779, 40.51701], [-74.18798, 40.51685], [-74.18816, 40.51668], [-74.18833, 40.51651], [-74.18849, 40.51634], [-74.18865, 40.51616], [-74.18881, 40.51598], [-74.18895, 40.5158], [-74.18906, 40.51565], [-74.18917, 40.5155], [-74.18927, 40.51534], [-74.18885, 40.5151], [-74.18884, 40.5151], [-74.18884, 40.5151], [-74.18884, 40.5151], [-74.18884, 40.5151], [-74.18884, 40.5151], [-74.18884, 40.51509], [-74.18884, 40.51509], [-74.18884, 40.51509], [-74.18884, 40.51509], [-74.18885, 40.51509], [-74.18885, 40.51508], [-74.18885, 40.51508], [-74.18885, 40.51508], [-74.18886, 40.51508], [-74.18886, 40.51508], [-74.18941, 40.51533], [-74.18945, 40.51535], [-74.1895, 40.51536], [-74.18954, 40.51536], [-74.18959, 40.51536], [-74.18963, 40.51535], [-74.18967, 40.51534], [-74.18971, 40.51532], [-74.19158, 40.51334], [-74.19162, 40.51326], [-74.19167, 40.51319], [-74.19173, 40.51312], [-74.19179, 40.51305], [-74.19186, 40.51299], [-74.19194, 40.51293], [-74.19202, 40.51288], [-74.19211, 40.51283], [-74.19221, 40.51279], [-74.1928, 40.51221], [-74.19282, 40.51219], [-74.19317, 40.51185], [-74.19331, 40.51171], [-74.19344, 40.51157], [-74.19357, 40.51142], [-74.19369, 40.51127], [-74.19381, 40.51112], [-74.19391, 40.51096], [-74.19401, 40.5108], [-74.1941, 40.51064], [-74.19521, 40.50998], [-74.19594, 40.50986], [-74.19603, 40.50985], [-74.19613, 40.50986], [-74.19622, 40.50986], [-74.19632, 40.50988], [-74.19641, 40.5099], [-74.1965, 40.50992], [-74.19659, 40.50995], [-74.1967, 40.51001], [-74.19682, 40.51006], [-74.19692, 40.51013], [-74.19702, 40.5102], [-74.19726, 40.51034], [-74.19749, 40.51049], [-74.19772, 40.51065], [-74.1978, 40.51072], [-74.19789, 40.5108], [-74.19798, 40.51087], [-74.19808, 40.51093], [-74.19818, 40.51099], [-74.19829, 40.51104], [-74.1984, 40.51109], [-74.1985, 40.51114], [-74.19861, 40.5112], [-74.19872, 40.51124], [-74.19884, 40.51128], [-74.19896, 40.51132], [-74.19908, 40.51135], [-74.19921, 40.51137], [-74.19933, 40.51139], [-74.19946, 40.51139], [-74.19949, 40.51139], [-74.19953, 40.51138], [-74.19956, 40.51139], [-74.19959, 40.51139], [-74.19962, 40.5114], [-74.19965, 40.51141], [-74.19967, 40.51143], [-74.19969, 40.51144], [-74.19971, 40.51147], [-74.20004, 40.51268], [-74.19993, 40.51271], [-74.1999, 40.51272], [-74.19893, 40.51278], [-74.19896, 40.51282], [-74.19901, 40.51286], [-74.19905, 40.5129], [-74.19911, 40.51293], [-74.19916, 40.51295], [-74.19922, 40.51298], [-74.19929, 40.513], [-74.19936, 40.51301], [-74.19944, 40.51302], [-74.19952, 40.51302], [-74.19959, 40.51301], [-74.19967, 40.513], [-74.19971, 40.51298], [-74.19975, 40.51297], [-74.19981, 40.51295], [-74.19989, 40.51294], [-74.19996, 40.51293], [-74.20003, 40.51293], [-74.2001, 40.51294], [-74.20019, 40.51297], [-74.20027, 40.513], [-74.20036, 40.51302], [-74.20046, 40.51303], [-74.20055, 40.51304], [-74.20064, 40.51304], [-74.20074, 40.51304], [-74.20083, 40.51303], [-74.20098, 40.51301], [-74.20268, 40.51274], [-74.20323, 40.51262], [-74.20392, 40.51247], [-74.2042, 40.51242], [-74.20448, 40.51236], [-74.20465, 40.51233], [-74.20467, 40.51232], [-74.2047, 40.51232], [-74.20474, 40.51231], [-74.2048, 40.51229], [-74.20485, 40.51228], [-74.20491, 40.51228], [-74.20498, 40.51229], [-74.20506, 40.5123], [-74.20513, 40.51231], [-74.2052, 40.51233], [-74.20536, 40.51232], [-74.20624, 40.51215], [-74.2076, 40.51183], [-74.20781, 40.51177], [-74.20802, 40.5117], [-74.20822, 40.51162], [-74.20842, 40.51153], [-74.20862, 40.51144], [-74.20881, 40.51135], [-74.20899, 40.51125], [-74.20918, 40.51114], [-74.20935, 40.51103], [-74.20952, 40.51092], [-74.20969, 40.5108], [-74.20928, 40.51048], [-74.20922, 40.51052], [-74.20919, 40.5105], [-74.20932, 40.5104], [-74.20936, 40.51042], [-74.2093, 40.51046], [-74.20971, 40.51078], [-74.2098, 40.51071], [-74.20988, 40.51065], [-74.21, 40.51054], [-74.21014, 40.51041], [-74.21027, 40.51027], [-74.2104, 40.51013], [-74.21052, 40.50999], [-74.21063, 40.50984], [-74.21074, 40.50969], [-74.21084, 40.50953], [-74.21093, 40.50938], [-74.21102, 40.50922], [-74.2111, 40.50906], [-74.21111, 40.50904], [-74.21112, 40.50902], [-74.21114, 40.50901], [-74.21117, 40.50899], [-74.21119, 40.50897], [-74.21122, 40.50896], [-74.21125, 40.50896], [-74.21127, 40.50894], [-74.21129, 40.50893], [-74.21131, 40.50891], [-74.21132, 40.5089], [-74.21134, 40.50886], [-74.21136, 40.50884], [-74.21137, 40.50882], [-74.21139, 40.50881], [-74.2115, 40.50869], [-74.2116, 40.50857], [-74.2117, 40.50844], [-74.21178, 40.50832], [-74.21179, 40.50831], [-74.2118, 40.50831], [-74.2118, 40.5083], [-74.21182, 40.50827], [-74.21182, 40.50826], [-74.21182, 40.50825], [-74.21181, 40.50824], [-74.2118, 40.50822], [-74.21179, 40.5082], [-74.21179, 40.50819], [-74.21179, 40.50817], [-74.21181, 40.50817], [-74.21183, 40.50817], [-74.21185, 40.50817], [-74.21186, 40.50818], [-74.21187, 40.50818], [-74.21188, 40.50818], [-74.21189, 40.50817], [-74.2119, 40.50817], [-74.21191, 40.50817], [-74.21199, 40.5081], [-74.21206, 40.50803], [-74.21213, 40.50796], [-74.21219, 40.50789], [-74.21224, 40.50781], [-74.21229, 40.50773], [-74.21228, 40.50772], [-74.21228, 40.50772], [-74.21227, 40.50771], [-74.21227, 40.5077], [-74.21227, 40.50769], [-74.21227, 40.50768], [-74.21227, 40.50768], [-74.21228, 40.50767], [-74.21228, 40.50766], [-74.21229, 40.50766], [-74.2123, 40.50765], [-74.21231, 40.50765], [-74.21232, 40.50765], [-74.21233, 40.50765], [-74.21234, 40.50765], [-74.21235, 40.50765], [-74.21236, 40.50765], [-74.21237, 40.50765], [-74.21238, 40.50764], [-74.21239, 40.50764], [-74.2124, 40.50763], [-74.21241, 40.50763], [-74.21242, 40.50762], [-74.21243, 40.50761], [-74.21247, 40.50754], [-74.21252, 40.50748], [-74.21258, 40.50741], [-74.21261, 40.50739], [-74.21263, 40.50736], [-74.21266, 40.50733], [-74.21281, 40.50723], [-74.21296, 40.50712], [-74.213, 40.50708], [-74.21304, 40.50704], [-74.21309, 40.50701], [-74.21314, 40.50698], [-74.21322, 40.50691], [-74.21331, 40.50684], [-74.21338, 40.50677], [-74.21345, 40.50669], [-74.21352, 40.50661], [-74.21353, 40.5066], [-74.21353, 40.50659], [-74.21354, 40.50658], [-74.21354, 40.50657], [-74.21354, 40.50656], [-74.21353, 40.50655], [-74.21352, 40.50651], [-74.21351, 40.50647], [-74.21352, 40.50644], [-74.21353, 40.5064], [-74.21356, 40.5064], [-74.21359, 40.50641], [-74.21361, 40.50642], [-74.21363, 40.50644], [-74.21365, 40.50646], [-74.21375, 40.50655], [-74.21381, 40.5066], [-74.21383, 40.5066], [-74.21386, 40.50661], [-74.21388, 40.50661], [-74.21391, 40.50661], [-74.21393, 40.5066], [-74.21434, 40.50652], [-74.21451, 40.50644], [-74.21466, 40.50635], [-74.21482, 40.50626], [-74.21497, 40.50616], [-74.21511, 40.50606], [-74.21525, 40.50595], [-74.21538, 40.50584], [-74.21552, 40.50573], [-74.21566, 40.50562], [-74.21579, 40.5055], [-74.21591, 40.50537], [-74.21603, 40.50524], [-74.21614, 40.50511], [-74.21624, 40.50497], [-74.21633, 40.50483], [-74.21642, 40.50469], [-74.21736, 40.50364], [-74.21741, 40.50356], [-74.21752, 40.50339], [-74.21753, 40.50338], [-74.21754, 40.50337], [-74.21755, 40.50336], [-74.21756, 40.50335], [-74.21758, 40.50334], [-74.2176, 40.50334], [-74.21762, 40.50333], [-74.21765, 40.50333], [-74.21767, 40.50333], [-74.21769, 40.50334], [-74.21771, 40.50334], [-74.21773, 40.50335], [-74.21774, 40.50336], [-74.21779, 40.50337], [-74.21784, 40.50337], [-74.2179, 40.50337], [-74.21795, 40.50336], [-74.21799, 40.50334], [-74.21804, 40.50332], [-74.21808, 40.5033], [-74.21811, 40.50327], [-74.21814, 40.50325], [-74.21818, 40.50323], [-74.21823, 40.5032], [-74.21829, 40.50318], [-74.21835, 40.50317], [-74.21841, 40.50316], [-74.21861, 40.50311], [-74.21882, 40.50305], [-74.21902, 40.50299], [-74.21921, 40.50293], [-74.21941, 40.50286], [-74.2196, 40.50279], [-74.21968, 40.50276], [-74.21977, 40.50274], [-74.21986, 40.50273], [-74.21995, 40.50272], [-74.22004, 40.50272], [-74.22013, 40.50272], [-74.22022, 40.50273], [-74.22032, 40.50274], [-74.22043, 40.50275], [-74.22053, 40.50275], [-74.22064, 40.50275], [-74.22074, 40.50274], [-74.22085, 40.50272], [-74.22095, 40.5027], [-74.22105, 40.50267], [-74.22111, 40.50266], [-74.22117, 40.50264], [-74.22123, 40.50262], [-74.22129, 40.5026], [-74.22134, 40.50257], [-74.22134, 40.50257], [-74.22139, 40.50254], [-74.22144, 40.50252], [-74.22149, 40.50251], [-74.22154, 40.5025], [-74.22159, 40.5025], [-74.22188, 40.50267], [-74.22322, 40.50866], [-74.2229, 40.50894], [-74.22663, 40.51725], [-74.22691, 40.51917], [-74.22671, 40.51912], [-74.22652, 40.51906], [-74.22633, 40.51898], [-74.22615, 40.51889], [-74.22598, 40.51879], [-74.22582, 40.51868], [-74.22568, 40.51856], [-74.2255, 40.5185], [-74.22532, 40.51845], [-74.22513, 40.5184], [-74.22495, 40.51836], [-74.22476, 40.51832], [-74.22457, 40.51829], [-74.22438, 40.51826], [-74.22418, 40.51823], [-74.22399, 40.51821], [-74.2238, 40.5182], [-74.22365, 40.51822], [-74.22351, 40.51825], [-74.22337, 40.51828], [-74.22323, 40.51832], [-74.22309, 40.51836], [-74.22295, 40.5184], [-74.22282, 40.51846], [-74.22269, 40.51851], [-74.22014, 40.51962], [-74.21803, 40.52066], [-74.21761, 40.52087], [-74.21736, 40.52093], [-74.21451, 40.52115], [-74.21355, 40.52124], [-74.21362, 40.52153], [-74.21382, 40.52249], [-74.21391, 40.52301], [-74.21399, 40.52345], [-74.2141, 40.5241], [-74.21352, 40.52415], [-74.21229, 40.52428], [-74.21202, 40.52432], [-74.21143, 40.52441], [-74.21028, 40.52472], [-74.21012, 40.5248], [-74.20997, 40.52489], [-74.20983, 40.52499], [-74.20983, 40.52499], [-74.20983, 40.52499], [-74.20971, 40.5251], [-74.20961, 40.52523], [-74.20954, 40.52527], [-74.20946, 40.5253], [-74.20937, 40.52533], [-74.20929, 40.52536], [-74.2092, 40.52538], [-74.20911, 40.52539], [-74.20901, 40.52539], [-74.20892, 40.52539], [-74.20883, 40.52538], [-74.20874, 40.52536], [-74.20865, 40.52534], [-74.20857, 40.52531], [-74.20844, 40.52529], [-74.20832, 40.52527], [-74.20819, 40.52525], [-74.20806, 40.52524], [-74.20794, 40.52523], [-74.20781, 40.52523], [-74.20768, 40.52524], [-74.20755, 40.52525], [-74.20743, 40.52526], [-74.2073, 40.52528], [-74.20674, 40.52535], [-74.20667, 40.52535], [-74.20546, 40.52554], [-74.20526, 40.52558], [-74.20369, 40.52578], [-74.20277, 40.52591], [-74.20218, 40.52607], [-74.20153, 40.52627], [-74.20143, 40.52638], [-74.20133, 40.5265], [-74.20125, 40.52663], [-74.20117, 40.52675], [-74.20103, 40.52692], [-74.20088, 40.52708], [-74.20071, 40.52723], [-74.20053, 40.52736], [-74.19984, 40.52786], [-74.19928, 40.5282], [-74.1991, 40.5283], [-74.1978, 40.52903], [-74.19608, 40.52991], [-74.19479, 40.53052], [-74.19454, 40.53062], [-74.19399, 40.53087], [-74.19313, 40.53119], [-74.19251, 40.5315], [-74.19174, 40.53192], [-74.19237, 40.53304], [-74.19267, 40.53363], [-74.19301, 40.53433], [-74.19329, 40.53488], [-74.19335, 40.535], [-74.19342, 40.53512], [-74.19356, 40.53541], [-74.19377, 40.53583], [-74.19135, 40.53666], [-74.1903, 40.53725], [-74.18951, 40.53779], [-74.18903, 40.53816], [-74.18827, 40.53887], [-74.1877, 40.53953], [-74.18738, 40.53989], [-74.18709, 40.54025], [-74.18658, 40.54085], [-74.1856, 40.54196], [-74.18369, 40.54417], [-74.18285, 40.54515], [-74.18207, 40.54604], [-74.18129, 40.54696], [-74.18019, 40.54838], [-74.17991, 40.54883], [-74.17934, 40.54989], [-74.17875, 40.551], [-74.17816, 40.55211], [-74.17746, 40.55341], [-74.17662, 40.55499], [-74.17612, 40.55594], [-74.1758, 40.55651], [-74.1756, 40.55685], [-74.17547, 40.55707], [-74.17512, 40.55762], [-74.17506, 40.55771], [-74.17476, 40.55817], [-74.17437, 40.55871], [-74.17359, 40.5597], [-74.17322, 40.56008], [-74.17245, 40.56089], [-74.17223, 40.56114], [-74.17185, 40.56152], [-74.17178, 40.56149], [-74.17146, 40.56138], [-74.17126, 40.56132], [-74.17106, 40.56128], [-74.17086, 40.56123], [-74.17066, 40.5612], [-74.17045, 40.56116], [-74.17024, 40.56113], [-74.17004, 40.56111], [-74.16983, 40.56109], [-74.16983, 40.56095], [-74.16983, 40.56081], [-74.16982, 40.56067], [-74.1698, 40.56053], [-74.16978, 40.56039], [-74.16974, 40.56025], [-74.16948, 40.55913], [-74.16932, 40.55841], [-74.16917, 40.5577], [-74.169, 40.55697], [-74.16884, 40.55627], [-74.16868, 40.55557], [-74.16852, 40.55485], [-74.16837, 40.55413], [-74.16821, 40.55343], [-74.1681, 40.55295], [-74.16805, 40.55272], [-74.1679, 40.552], [-74.16787, 40.55189], [-74.16777, 40.55144], [-74.16774, 40.55129], [-74.16757, 40.55057], [-74.16742, 40.54988], [-74.16726, 40.54917], [-74.1671, 40.54845], [-74.1671, 40.54838], [-74.1671, 40.5483], [-74.16709, 40.54823], [-74.16707, 40.54816], [-74.16705, 40.54809], [-74.16702, 40.54803], [-74.16698, 40.54796], [-74.16694, 40.5479], [-74.16689, 40.54784], [-74.16683, 40.54778], [-74.16623, 40.54734], [-74.1662, 40.54711], [-74.16574, 40.5454], [-74.16549, 40.54465], [-74.1654, 40.54443], [-74.16526, 40.54424], [-74.16479, 40.5438], [-74.16423, 40.5433], [-74.16359, 40.54264], [-74.16253, 40.5415], [-74.16102, 40.5399], [-74.15956, 40.53833], [-74.15914, 40.5379], [-74.15854, 40.53725], [-74.15842, 40.53711], [-74.15829, 40.53696], [-74.15815, 40.53682], [-74.15801, 40.53669], [-74.15787, 40.53656], [-74.15771, 40.53643], [-74.15755, 40.53631], [-74.15739, 40.53619], [-74.15722, 40.53608], [-74.15704, 40.53597], [-74.15593, 40.53535], [-74.15405, 40.53431], [-74.15397, 40.53427], [-74.15416, 40.53407], [-74.15439, 40.53384], [-74.15447, 40.53375], [-74.15503, 40.53316], [-74.15553, 40.53263], [-74.15602, 40.53211], [-74.15669, 40.53143], [-74.15679, 40.53134], [-74.15691, 40.53126], [-74.15703, 40.53119], [-74.15717, 40.53113], [-74.1573, 40.53108], [-74.15851, 40.53057], [-74.16037, 40.52978], [-74.16123, 40.52942], [-74.16135, 40.52937], [-74.16086, 40.52872], [-74.16043, 40.52812], [-74.16006, 40.52763]]]}}, {"type": "Feature", "properties": {"zone_id": 96, "zone": "Forest Park/Highland Park", "borough": "Queens", "demand": 0}, "geometry": {"type": "Polygon", "coordinates": [[[-73.83804, 40.70832], [-73.83773, 40.70821], [-73.83743, 40.70809], [-73.83743, 40.70809], [-73.83743, 40.70809], [-73.83715, 40.70796], [-73.83781, 40.70699], [-73.83791, 40.70687], [-73.83791, 40.70687], [-73.83791, 40.70687], [-73.83799, 40.70674], [-73.83799, 40.70674], [-73.83799, 40.70674], [-73.83805, 40.7066], [-73.83805, 40.7066], [-73.83805, 40.7066], [-73.83809, 40.70646], [-73.83809, 40.70646], [-73.83809, 40.70646], [-73.8381, 40.70631], [-73.8381, 40.70616], [-73.8381, 40.70616], [-73.8381, 40.70616], [-73.83806, 40.70602], [-73.83806, 40.70602], [-73.83806, 40.70602], [-73.83801, 40.70588], [-73.83801, 40.70588], [-73.83801, 40.70588], [-73.83794, 40.70575], [-73.83794, 40.70575], [-73.83794, 40.70575], [-73.83785, 40.70563], [-73.83733, 40.70485], [-73.83696, 40.70421], [-73.83856, 40.7033], [-73.83948, 40.70269], [-73.84156, 40.7011], [-73.84216, 40.7009], [-73.84237, 40.70083], [-73.84237, 40.70083], [-73.84237, 40.70083], [-73.84257, 40.70075], [-73.84257, 40.70075], [-73.84257, 40.70075], [-73.84276, 40.70066], [-73.84276, 40.70066], [-73.84276, 40.70066], [-73.84294, 40.70055], [-73.84359, 40.70017], [-73.84427, 40.69978], [-73.84502, 40.69936], [-73.847, 40.69882], [-73.8479, 40.6986], [-73.84821, 40.69852], [-73.84914, 40.69828], [-73.85071, 40.7002], [-73.8541, 40.70051], [-73.85443, 40.7006], [-73.85429, 40.70045], [-73.85378, 40.69991], [-73.85329, 40.69929], [-73.85271, 40.69841], [-73.85266, 40.69827], [-73.85262, 40.69811], [-73.85261, 40.69796], [-73.85261, 40.6978], [-73.85263, 40.69765], [-73.85277, 40.69756], [-73.85284, 40.69755], [-73.85479, 40.6973], [-73.85567, 40.69718], [-73.85657, 40.69706], [-73.85744, 40.69691], [-73.85833, 40.69674], [-73.85929, 40.69655], [-73.86016, 40.69638], [-73.86237, 40.69595], [-73.86369, 40.69569], [-73.86456, 40.69552], [-73.86681, 40.69506], [-73.86842, 40.69472], [-73.86892, 40.69515], [-73.87004, 40.69494], [-73.87402, 40.69419], [-73.87939, 40.69121], [-73.87951, 40.69115], [-73.87956, 40.6911], [-73.88118, 40.68987], [-73.88227, 40.68904], [-73.88378, 40.68786], [-73.88452, 40.68668], [-73.88728, 40.68562], [-73.88808, 40.68529], [-73.88909, 40.68464], [-73.88963, 40.68424], [-73.89015, 40.685], [-73.89166, 40.68404], [-73.89252, 40.68342], [-73.89274, 40.68367], [-73.89404, 40.68513], [-73.89414, 40.68525], [-73.89417, 40.68528], [-73.89505, 40.68436], [-73.89531, 40.68408], [-73.89555, 40.68379], [-73.89561, 40.68371], [-73.89578, 40.6835], [-73.896, 40.6832], [-73.8962, 40.68289], [-73.89629, 40.68276], [-73.89636, 40.68262], [-73.89637, 40.6826], [-73.89642, 40.68248], [-73.89643, 40.68245], [-73.89647, 40.68234], [-73.89653, 40.6824], [-73.90116, 40.68788], [-73.90042, 40.68818], [-73.9018, 40.69077], [-73.90123, 40.69144], [-73.90104, 40.69184], [-73.90039, 40.69314], [-73.90003, 40.69344], [-73.89973, 40.69352], [-73.89935, 40.69365], [-73.89896, 40.69376], [-73.89857, 40.69387], [-73.89817, 40.69396], [-73.89777, 40.69404], [-73.89736, 40.69411], [-73.89691, 40.69384], [-73.89743, 40.69329], [-73.89764, 40.69341], [-73.89769, 40.69336], [-73.89696, 40.69195], [-73.89576, 40.69233], [-73.89474, 40.69264], [-73.89326, 40.6922], [-73.89358, 40.69308], [-73.89398, 40.69308], [-73.89559, 40.69398], [-73.89508, 40.69459], [-73.89245, 40.69523], [-73.89196, 40.69441], [-73.88919, 40.69494], [-73.88829, 40.69524], [-73.88865, 40.69583], [-73.88649, 40.69644], [-73.88642, 40.69646], [-73.88681, 40.69667], [-73.887, 40.69677], [-73.88718, 40.69689], [-73.88734, 40.69702], [-73.88749, 40.69717], [-73.88761, 40.69733], [-73.88771, 40.69749], [-73.88779, 40.69766], [-73.88785, 40.69784], [-73.88788, 40.69801], [-73.8881, 40.69876], [-73.88818, 40.69886], [-73.88771, 40.69968], [-73.88677, 40.69983], [-73.88584, 40.69996], [-73.88492, 40.7001], [-73.88432, 40.7002], [-73.88384, 40.70035], [-73.88343, 40.70047], [-73.88281, 40.70068], [-73.88273, 40.70055], [-73.88183, 40.69953], [-73.88107, 40.6998], [-73.88025, 40.70009], [-73.87943, 40.7004], [-73.87861, 40.7007], [-73.87779, 40.70101], [-73.87622, 40.70159], [-73.87626, 40.70175], [-73.8764, 40.70229], [-73.87543, 40.70237], [-73.87446, 40.70246], [-73.87351, 40.70253], [-73.87256, 40.70261], [-73.8721, 40.70265], [-73.87165, 40.70269], [-73.87073, 40.70276], [-73.86982, 40.70284], [-73.86916, 40.70289], [-73.86903, 40.7029], [-73.86873, 40.70293], [-73.86824, 40.70297], [-73.86725, 40.70305], [-73.86654, 40.70311], [-73.86564, 40.70318], [-73.86473, 40.70326], [-73.86379, 40.70333], [-73.86342, 40.70338], [-73.86285, 40.70341], [-73.86242, 40.70338], [-73.86142, 40.70327], [-73.86068, 40.70318], [-73.85998, 40.70311], [-73.85875, 40.70297], [-73.85853, 40.70295], [-73.85825, 40.70292], [-73.8582, 40.70291], [-73.85824, 40.70283], [-73.85893, 40.70132], [-73.85827, 40.70122], [-73.85739, 40.70121], [-73.85725, 40.70121], [-73.85717, 40.70167], [-73.85631, 40.70184], [-73.85539, 40.70198], [-73.8553, 40.70199], [-73.85529, 40.70259], [-73.85518, 40.70258], [-73.85252, 40.70229], [-73.85306, 40.70314], [-73.85371, 40.70392], [-73.85389, 40.70418], [-73.85392, 40.70422], [-73.85396, 40.70426], [-73.85411, 40.70443], [-73.85474, 40.70518], [-73.85473, 40.70673], [-73.85473, 40.70676], [-73.85275, 40.7074], [-73.85268, 40.70742], [-73.8511, 40.7079], [-73.85059, 40.70804], [-73.85043, 40.70809], [-73.84951, 40.70834], [-73.84933, 40.70839], [-73.84915, 40.70842], [-73.84896, 40.70844], [-73.84877, 40.70844], [-73.84858, 40.70844], [-73.84762, 40.70833], [-73.84666, 40.70832], [-73.84616, 40.70835], [-73.84567, 40.70841], [-73.84529, 40.70848], [-73.84491, 40.70856], [-73.84454, 40.70866], [-73.84417, 40.70878], [-73.84382, 40.70891], [-73.84348, 40.70906], [-73.84322, 40.70919], [-73.84315, 40.70922], [-73.84296, 40.70919], [-73.84291, 40.70919], [-73.8428, 40.70917], [-73.84221, 40.70908], [-73.84159, 40.70898], [-73.84151, 40.70897], [-73.84145, 40.70896], [-73.84091, 40.70887], [-73.8407, 40.70884], [-73.83976, 40.70869], [-73.83938, 40.70863], [-73.83912, 40.70857], [-73.83901, 40.70855], [-73.83868, 40.70849], [-73.83868, 40.70849], [-73.83868, 40.70849], [-73.83836, 40.70842], [-73.83829, 40.7084], [-73.83804, 40.70832]]]}}, {"type": "Feature", "properties": {"zone_id": 98, "zone": "Fresh Meadows", "borough": "Queens", "demand": 0}, "geometry": {"type": "Polygon", "coordinates": [[[-73.76361, 40.73917], [-73.76268, 40.73726], [-73.7626, 40.73709], [-73.76253, 40.73691], [-73.76249, 40.73673], [-73.76246, 40.73655], [-73.76246, 40.73636], [-73.76249, 40.73618], [-73.76253, 40.736], [-73.76273, 40.73526], [-73.76311, 40.73516], [-73.76318, 40.73514], [-73.7635, 40.73505], [-73.76389, 40.73493], [-73.76429, 40.7348], [-73.76504, 40.73457], [-73.76511, 40.73456], [-73.76471, 40.73408], [-73.76374, 40.73291], [-73.7637, 40.73286], [-73.76434, 40.73275], [-73.76492, 40.73265], [-73.76555, 40.73254], [-73.76564, 40.73253], [-73.76559, 40.73247], [-73.76529, 40.73211], [-73.76487, 40.73167], [-73.76435, 40.73115], [-73.76382, 40.73068], [-73.76328, 40.73024], [-73.76234, 40.72954], [-73.76161, 40.72905], [-73.76114, 40.72879], [-73.76024, 40.72831], [-73.75994, 40.72816], [-73.75832, 40.72736], [-73.75787, 40.72711], [-73.75685, 40.72635], [-73.75678, 40.7263], [-73.75675, 40.72627], [-73.7567, 40.72623], [-73.75678, 40.72621], [-73.75683, 40.72619], [-73.75698, 40.72616], [-73.75722, 40.72611], [-73.75756, 40.72603], [-73.75796, 40.72595], [-73.75835, 40.72589], [-73.7588, 40.72584], [-73.75923, 40.72581], [-73.75956, 40.7258], [-73.75995, 40.7258], [-73.76017, 40.72581], [-73.76084, 40.72588], [-73.76103, 40.72589], [-73.76182, 40.726], [-73.76204, 40.72603], [-73.76242, 40.72609], [-73.76368, 40.72626], [-73.76377, 40.72627], [-73.76387, 40.72628], [-73.76476, 40.7264], [-73.76545, 40.72638], [-73.76547, 40.72638], [-73.76568, 40.72638], [-73.76611, 40.72634], [-73.76619, 40.72633], [-73.76629, 40.72632], [-73.76661, 40.72627], [-73.76718, 40.72618], [-73.76746, 40.72614], [-73.76857, 40.72585], [-73.76857, 40.72586], [-73.76857, 40.72587], [-73.76857, 40.72587], [-73.76857, 40.72588], [-73.76857, 40.72589], [-73.76858, 40.72589], [-73.76858, 40.7259], [-73.76859, 40.7259], [-73.76859, 40.72591], [-73.7686, 40.72592], [-73.7686, 40.72592], [-73.76861, 40.72593], [-73.76862, 40.72594], [-73.76862, 40.72594], [-73.76863, 40.72595], [-73.76864, 40.72595], [-73.76865, 40.72596], [-73.76866, 40.72596], [-73.76867, 40.72597], [-73.76868, 40.72597], [-73.76869, 40.72598], [-73.7687, 40.72598], [-73.76871, 40.72599], [-73.76872, 40.72599], [-73.76873, 40.72599], [-73.76924, 40.7259], [-73.76975, 40.72578], [-73.76991, 40.72575], [-73.7714, 40.72535], [-73.77163, 40.72527], [-73.77165, 40.72527], [-73.77225, 40.72508], [-73.77287, 40.72487], [-73.77349, 40.72462], [-73.77373, 40.72453], [-73.77424, 40.72432], [-73.77437, 40.72426], [-73.77497, 40.72399], [-73.77525, 40.72384], [-73.77548, 40.72372], [-73.77587, 40.72347], [-73.77606, 40.72336], [-73.77603, 40.72336], [-73.77584, 40.72343], [-73.77601, 40.7233], [-73.77728, 40.72235], [-73.77733, 40.72239], [-73.77738, 40.72245], [-73.77758, 40.72264], [-73.77775, 40.72284], [-73.77788, 40.72304], [-73.77804, 40.72328], [-73.77782, 40.72334], [-73.7776, 40.72341], [-73.77739, 40.7235], [-73.77719, 40.7236], [-73.777, 40.72372], [-73.77683, 40.72385], [-73.77668, 40.72399], [-73.77655, 40.72414], [-73.77643, 40.7243], [-73.77634, 40.72446], [-73.77523, 40.72524], [-73.77556, 40.72597], [-73.77596, 40.72681], [-73.77673, 40.72843], [-73.77755, 40.73014], [-73.77758, 40.73019], [-73.77849, 40.72994], [-73.77937, 40.7297], [-73.78025, 40.72946], [-73.78116, 40.72921], [-73.78206, 40.72892], [-73.78292, 40.72864], [-73.7836, 40.72841], [-73.78398, 40.72829], [-73.78483, 40.72801], [-73.78569, 40.72773], [-73.78619, 40.72756], [-73.78656, 40.72744], [-73.78738, 40.72717], [-73.78825, 40.72689], [-73.78911, 40.7266], [-73.78964, 40.72642], [-73.78998, 40.72632], [-73.79086, 40.72603], [-73.79169, 40.72579], [-73.79174, 40.72579], [-73.79176, 40.72584], [-73.79191, 40.72621], [-73.79205, 40.72655], [-73.7923, 40.72714], [-73.79284, 40.72843], [-73.79323, 40.72935], [-73.79353, 40.73005], [-73.79379, 40.7307], [-73.79385, 40.73125], [-73.79382, 40.73166], [-73.79391, 40.73172], [-73.79393, 40.732], [-73.79398, 40.7323], [-73.79428, 40.7327], [-73.79438, 40.73287], [-73.79447, 40.73304], [-73.79454, 40.73322], [-73.7946, 40.73341], [-73.79463, 40.7336], [-73.7946, 40.73454], [-73.79459, 40.73505], [-73.79516, 40.73641], [-73.79595, 40.73781], [-73.79585, 40.73807], [-73.79651, 40.73791], [-73.7965, 40.738], [-73.79608, 40.73814], [-73.79636, 40.73812], [-73.79639, 40.73823], [-73.7964, 40.73828], [-73.79612, 40.73834], [-73.79589, 40.73838], [-73.79534, 40.73849], [-73.79441, 40.73875], [-73.79369, 40.73895], [-73.79298, 40.73915], [-73.79292, 40.73917], [-73.79286, 40.73918], [-73.79203, 40.7394], [-73.79112, 40.73965], [-73.79021, 40.73989], [-73.78935, 40.74013], [-73.78865, 40.74032], [-73.78848, 40.74037], [-73.78759, 40.74062], [-73.78674, 40.74084], [-73.78669, 40.74085], [-73.78665, 40.74087], [-73.78577, 40.74111], [-73.78484, 40.74137], [-73.78401, 40.7416], [-73.7835, 40.74174], [-73.78311, 40.74185], [-73.78216, 40.74211], [-73.78177, 40.74222], [-73.78138, 40.74232], [-73.78122, 40.74236], [-73.78101, 40.74242], [-73.78069, 40.7425], [-73.78037, 40.74259], [-73.77966, 40.74273], [-73.7786, 40.74291], [-73.77806, 40.74299], [-73.7758, 40.74332], [-73.77574, 40.74332], [-73.77569, 40.74333], [-73.77551, 40.74336], [-73.77486, 40.74345], [-73.77444, 40.74352], [-73.77403, 40.74357], [-73.77362, 40.74363], [-73.77322, 40.7437], [-73.77281, 40.74379], [-73.77241, 40.74388], [-73.77162, 40.74416], [-73.77157, 40.74418], [-73.77153, 40.74419], [-73.77145, 40.74422], [-73.77138, 40.74425], [-73.77039, 40.74474], [-73.76937, 40.74522], [-73.76858, 40.74552], [-73.76773, 40.74578], [-73.76771, 40.74572], [-73.76762, 40.74553], [-73.76698, 40.74422], [-73.76688, 40.74409], [-73.76676, 40.74397], [-73.76663, 40.74385], [-73.76649, 40.74375], [-73.76634, 40.74365], [-73.76618, 40.74357], [-73.76557, 40.74326], [-73.76515, 40.74244], [-73.76432, 40.74067], [-73.76361, 40.73917]]]}}, {"type": "Feature", "properties": {"zone_id": 99, "zone": "Freshkills Park", "borough": "Staten Island", "demand": 0}, "geometry": {"type": "Polygon", "coordinates": [[[-74.16843, 40.5865], [-74.16895, 40.5831], [-74.16901, 40.58269], [-74.16904, 40.58249], [-74.16905, 40.58243], [-74.16906, 40.58239], [-74.16908, 40.58222], [-74.16909, 40.58218], [-74.16909, 40.58211], [-74.16914, 40.58181], [-74.16948, 40.5794], [-74.16956, 40.57892], [-74.16962, 40.57843], [-74.16967, 40.57794], [-74.16971, 40.57745], [-74.16973, 40.57697], [-74.16976, 40.57669], [-74.16981, 40.57579], [-74.16992, 40.57397], [-74.16996, 40.57346], [-74.16997, 40.57294], [-74.16997, 40.57242], [-74.16994, 40.57191], [-74.1699, 40.57139], [-74.16984, 40.57088], [-74.16975, 40.57024], [-74.16969, 40.56959], [-74.16965, 40.56895], [-74.16963, 40.5683], [-74.16963, 40.56765], [-74.16966, 40.5669], [-74.16968, 40.56647], [-74.16969, 40.56607], [-74.16973, 40.56447], [-74.16973, 40.56437], [-74.16974, 40.56384], [-74.16975, 40.56345], [-74.16975, 40.56333], [-74.16975, 40.56333], [-74.16977, 40.56288], [-74.16983, 40.56109], [-74.17004, 40.56111], [-74.17024, 40.56113], [-74.17045, 40.56116], [-74.17066, 40.5612], [-74.17086, 40.56123], [-74.17106, 40.56128], [-74.17126, 40.56132], [-74.17146, 40.56138], [-74.17178, 40.56149], [-74.17185, 40.56152], [-74.17192, 40.56155], [-74.17226, 40.5617], [-74.17349, 40.56227], [-74.17422, 40.56257], [-74.17489, 40.56283], [-74.1754, 40.56296], [-74.17659, 40.56324], [-74.17758, 40.56376], [-74.17795, 40.56398], [-74.1814, 40.56524], [-74.1816, 40.56532], [-74.18181, 40.56538], [-74.18203, 40.56544], [-74.18226, 40.56547], [-74.18241, 40.56548], [-74.18249, 40.56549], [-74.18273, 40.56549], [-74.18296, 40.56548], [-74.18319, 40.56545], [-74.1834, 40.5654], [-74.18369, 40.56532], [-74.18397, 40.56522], [-74.18398, 40.56522], [-74.18398, 40.56522], [-74.18425, 40.56511], [-74.18425, 40.56511], [-74.18425, 40.56511], [-74.18452, 40.56499], [-74.18452, 40.56499], [-74.18452, 40.56499], [-74.18478, 40.56485], [-74.18502, 40.5647], [-74.18502, 40.5647], [-74.18502, 40.5647], [-74.18525, 40.56455], [-74.18577, 40.56444], [-74.18577, 40.56444], [-74.18577, 40.56444], [-74.18627, 40.56433], [-74.18678, 40.56419], [-74.18727, 40.56404], [-74.1891, 40.56369], [-74.18929, 40.56364], [-74.18948, 40.56358], [-74.18966, 40.5635], [-74.18983, 40.56341], [-74.18983, 40.56341], [-74.18983, 40.56341], [-74.18998, 40.56331], [-74.19012, 40.5632], [-74.19024, 40.56308], [-74.19033, 40.56296], [-74.19044, 40.56286], [-74.19056, 40.56277], [-74.1907, 40.56268], [-74.19085, 40.56262], [-74.19101, 40.56257], [-74.19123, 40.56254], [-74.19146, 40.56252], [-74.19169, 40.56252], [-74.19192, 40.56253], [-74.19215, 40.56255], [-74.19237, 40.56259], [-74.19259, 40.56264], [-74.19269, 40.56265], [-74.19278, 40.56266], [-74.19288, 40.56265], [-74.19298, 40.56264], [-74.19308, 40.56263], [-74.19317, 40.5626], [-74.19341, 40.56248], [-74.19364, 40.56236], [-74.19364, 40.56236], [-74.19364, 40.56236], [-74.19386, 40.56222], [-74.19386, 40.56222], [-74.19386, 40.56222], [-74.19408, 40.56208], [-74.1977, 40.55889], [-74.19947, 40.55718], [-74.20006, 40.55658], [-74.20018, 40.55645], [-74.20032, 40.55634], [-74.20047, 40.55623], [-74.20063, 40.55613], [-74.20079, 40.55604], [-74.20092, 40.55601], [-74.20104, 40.55597], [-74.20117, 40.55594], [-74.20129, 40.55592], [-74.20142, 40.5559], [-74.20155, 40.55588], [-74.20168, 40.55588], [-74.20182, 40.55587], [-74.20195, 40.55587], [-74.20208, 40.55588], [-74.20221, 40.55589], [-74.20234, 40.55591], [-74.20248, 40.55593], [-74.20261, 40.55595], [-74.20275, 40.55597], [-74.20288, 40.556], [-74.20302, 40.55603], [-74.20315, 40.55606], [-74.20323, 40.55609], [-74.2033, 40.55612], [-74.20338, 40.55615], [-74.20345, 40.55618], [-74.20352, 40.55622], [-74.20358, 40.55626], [-74.20364, 40.5563], [-74.2037, 40.55635], [-74.20384, 40.55649], [-74.20398, 40.55662], [-74.20493, 40.55721], [-74.20506, 40.55728], [-74.2052, 40.55733], [-74.20531, 40.55737], [-74.20558, 40.55744], [-74.20585, 40.5575], [-74.20614, 40.55754], [-74.20643, 40.55757], [-74.20671, 40.55758], [-74.207, 40.55757], [-74.2057, 40.55852], [-74.21324, 40.55667], [-74.21325, 40.5567], [-74.21324, 40.55676], [-74.21324, 40.55678], [-74.21323, 40.5568], [-74.21322, 40.55683], [-74.21321, 40.55685], [-74.2132, 40.55687], [-74.21319, 40.55689], [-74.21318, 40.5569], [-74.21318, 40.55691], [-74.21317, 40.55693], [-74.21317, 40.55694], [-74.21316, 40.55696], [-74.21316, 40.55697], [-74.21316, 40.55699], [-74.21316, 40.55699], [-74.21316, 40.557], [-74.21316, 40.55701], [-74.21315, 40.55702], [-74.21315, 40.55703], [-74.21315, 40.55704], [-74.21314, 40.55704], [-74.21314, 40.55705], [-74.21313, 40.55706], [-74.21312, 40.55706], [-74.21312, 40.55707], [-74.21311, 40.55708], [-74.2131, 40.55709], [-74.21309, 40.5571], [-74.21308, 40.55711], [-74.21306, 40.55712], [-74.21305, 40.55713], [-74.21304, 40.55714], [-74.21302, 40.55715], [-74.21301, 40.55716], [-74.213, 40.55717], [-74.21298, 40.55718], [-74.21297, 40.55719], [-74.21296, 40.5572], [-74.21294, 40.55721], [-74.21293, 40.55721], [-74.21291, 40.55722], [-74.21289, 40.55723], [-74.21288, 40.55723], [-74.21285, 40.55723], [-74.21283, 40.55723], [-74.2128, 40.55723], [-74.21279, 40.55723], [-74.21279, 40.55723], [-74.21278, 40.55723], [-74.21277, 40.55723], [-74.21277, 40.55724], [-74.21276, 40.55724], [-74.21275, 40.55724], [-74.21275, 40.55725], [-74.21274, 40.55725], [-74.21274, 40.55726], [-74.21273, 40.55726], [-74.21271, 40.55726], [-74.2127, 40.55727], [-74.21269, 40.55727], [-74.21267, 40.55727], [-74.21267, 40.55727], [-74.21266, 40.55728], [-74.21265, 40.55728], [-74.21265, 40.55728], [-74.21264, 40.55729], [-74.21264, 40.55729], [-74.21264, 40.5573], [-74.21263, 40.55731], [-74.21263, 40.55731], [-74.21263, 40.55732], [-74.21263, 40.55732], [-74.21263, 40.55733], [-74.21263, 40.55734], [-74.21263, 40.55734], [-74.21263, 40.55735], [-74.21264, 40.55735], [-74.21264, 40.55736], [-74.21265, 40.55737], [-74.21265, 40.55737], [-74.21267, 40.55741], [-74.21268, 40.55743], [-74.21268, 40.55745], [-74.21268, 40.55747], [-74.21268, 40.55749], [-74.21268, 40.55751], [-74.21268, 40.55753], [-74.21268, 40.55755], [-74.21269, 40.55756], [-74.21269, 40.55758], [-74.21268, 40.55759], [-74.21268, 40.55761], [-74.21268, 40.55762], [-74.21268, 40.55763], [-74.21267, 40.55765], [-74.21266, 40.55766], [-74.21265, 40.55768], [-74.21264, 40.55769], [-74.21263, 40.55771], [-74.21261, 40.55772], [-74.2126, 40.55774], [-74.21258, 40.55775], [-74.21257, 40.55777], [-74.21255, 40.55778], [-74.21254, 40.55779], [-74.21252, 40.5578], [-74.21251, 40.55782], [-74.21249, 40.55783], [-74.21248, 40.55784], [-74.21246, 40.55785], [-74.21245, 40.55785], [-74.21244, 40.55786], [-74.21241, 40.55788], [-74.21238, 40.55789], [-74.21235, 40.55791], [-74.21235, 40.55791], [-74.21232, 40.55793], [-74.21231, 40.55794], [-74.2123, 40.55795], [-74.21229, 40.55795], [-74.21228, 40.55796], [-74.21227, 40.55797], [-74.21226, 40.55798], [-74.21225, 40.55799], [-74.21225, 40.558], [-74.21224, 40.55801], [-74.21223, 40.55802], [-74.21223, 40.55802], [-74.21223, 40.55803], [-74.21222, 40.55804], [-74.21222, 40.55806], [-74.21222, 40.55807], [-74.21222, 40.55808], [-74.2122, 40.55809], [-74.21218, 40.55811], [-74.21217, 40.55813], [-74.21215, 40.55815], [-74.21214, 40.55816], [-74.21212, 40.55818], [-74.21211, 40.5582], [-74.2121, 40.55822], [-74.21209, 40.55824], [-74.21207, 40.55826], [-74.21206, 40.55828], [-74.21205, 40.5583], [-74.21204, 40.55832], [-74.21202, 40.55834], [-74.21201, 40.55836], [-74.212, 40.55838], [-74.21199, 40.5584], [-74.21198, 40.55842], [-74.21197, 40.55844], [-74.21196, 40.55846], [-74.21195, 40.55849], [-74.21194, 40.55851], [-74.21194, 40.55853], [-74.21193, 40.55855], [-74.21193, 40.55858], [-74.21192, 40.5586], [-74.21192, 40.55862], [-74.21192, 40.55864], [-74.2119, 40.5587], [-74.21188, 40.55876], [-74.21186, 40.55882], [-74.21184, 40.55889], [-74.21182, 40.55895], [-74.2118, 40.55901], [-74.21178, 40.55906], [-74.21176, 40.55912], [-74.21176, 40.55913], [-74.21176, 40.55914], [-74.21176, 40.55915], [-74.21176, 40.55915], [-74.21176, 40.55916], [-74.21177, 40.55916], [-74.21177, 40.55917], [-74.21177, 40.55918], [-74.21178, 40.55918], [-74.21178, 40.55919], [-74.21179, 40.55919], [-74.2118, 40.5592], [-74.21181, 40.5592], [-74.21183, 40.5592], [-74.21184, 40.55921], [-74.21186, 40.55921], [-74.21187, 40.55921], [-74.21189, 40.55922], [-74.2119, 40.55922], [-74.21191, 40.55923], [-74.21193, 40.55924], [-74.21193, 40.55924], [-74.21194, 40.55925], [-74.21195, 40.55926], [-74.21195, 40.55926], [-74.21196, 40.55927], [-74.21196, 40.55928], [-74.21197, 40.55928], [-74.21197, 40.55929], [-74.21197, 40.5593], [-74.21197, 40.55931], [-74.21197, 40.55931], [-74.21197, 40.55932], [-74.21197, 40.55933], [-74.21197, 40.55934], [-74.21197, 40.55934], [-74.21197, 40.55935], [-74.21196, 40.55938], [-74.21195, 40.5594], [-74.21194, 40.55943], [-74.21193, 40.55946], [-74.21192, 40.55948], [-74.21191, 40.5595], [-74.2119, 40.55952], [-74.21189, 40.55954], [-74.21189, 40.55956], [-74.21188, 40.55958], [-74.21188, 40.5596], [-74.21187, 40.55961], [-74.21187, 40.55963], [-74.21186, 40.55964], [-74.21185, 40.55965], [-74.21184, 40.55967], [-74.21183, 40.55968], [-74.21182, 40.55969], [-74.21181, 40.55971], [-74.2118, 40.55972], [-74.21179, 40.55974], [-74.21177, 40.55975], [-74.21176, 40.55977], [-74.21175, 40.55978], [-74.21173, 40.5598], [-74.21172, 40.55981], [-74.2117, 40.55982], [-74.21169, 40.55984], [-74.21167, 40.55985], [-74.21166, 40.55986], [-74.21164, 40.55987], [-74.21163, 40.55988], [-74.21162, 40.5599], [-74.21161, 40.55991], [-74.21159, 40.55992], [-74.21158, 40.55994], [-74.21156, 40.55997], [-74.21154, 40.56], [-74.21152, 40.56003], [-74.2115, 40.56006], [-74.21148, 40.56009], [-74.21147, 40.5601], [-74.21146, 40.56012], [-74.21145, 40.56014], [-74.21144, 40.56015], [-74.21143, 40.56017], [-74.21142, 40.56018], [-74.2114, 40.5602], [-74.21139, 40.56021], [-74.21138, 40.56022], [-74.21134, 40.56026], [-74.2113, 40.56029], [-74.21126, 40.56033], [-74.21123, 40.56036], [-74.21122, 40.56037], [-74.21121, 40.56038], [-74.2112, 40.5604], [-74.21119, 40.56041], [-74.21119, 40.56042], [-74.21118, 40.56043], [-74.21118, 40.56045], [-74.21117, 40.56046], [-74.21117, 40.56047], [-74.21117, 40.56049], [-74.21117, 40.5605], [-74.21117, 40.56051], [-74.21117, 40.56053], [-74.21117, 40.56056], [-74.21117, 40.56059], [-74.21117, 40.56062], [-74.21117, 40.56065], [-74.21117, 40.56068], [-74.21117, 40.56072], [-74.21117, 40.56072], [-74.21117, 40.56073], [-74.21118, 40.56074], [-74.21118, 40.56074], [-74.21118, 40.56075], [-74.21119, 40.56076], [-74.21119, 40.56076], [-74.2112, 40.56077], [-74.2112, 40.56077], [-74.21121, 40.56078], [-74.21122, 40.56078], [-74.21123, 40.56078], [-74.21124, 40.56079], [-74.21125, 40.56079], [-74.21125, 40.5608], [-74.21126, 40.56081], [-74.21127, 40.56081], [-74.21128, 40.56082], [-74.21128, 40.56083], [-74.21129, 40.56084], [-74.21129, 40.56085], [-74.2113, 40.56086], [-74.2113, 40.56087], [-74.2113, 40.56088], [-74.21131, 40.5609], [-74.21131, 40.56091], [-74.21131, 40.56092], [-74.21132, 40.56094], [-74.21132, 40.56095], [-74.21132, 40.56096], [-74.21132, 40.56098], [-74.21132, 40.56099], [-74.21132, 40.56102], [-74.21133, 40.56105], [-74.21133, 40.56107], [-74.21133, 40.5611], [-74.21133, 40.56112], [-74.21133, 40.56114], [-74.21133, 40.56116], [-74.21134, 40.56118], [-74.21134, 40.5612], [-74.21134, 40.56121], [-74.21134, 40.56123], [-74.21134, 40.56125], [-74.21134, 40.56126], [-74.21133, 40.56128], [-74.21133, 40.56129], [-74.21133, 40.56131], [-74.21132, 40.56132], [-74.21132, 40.56134], [-74.21131, 40.56135], [-74.21128, 40.5614], [-74.21125, 40.56145], [-74.21122, 40.56149], [-74.21119, 40.56154], [-74.21119, 40.56156], [-74.21119, 40.56157], [-74.21119, 40.56159], [-74.21119, 40.5616], [-74.21119, 40.56162], [-74.21118, 40.56163], [-74.21118, 40.56165], [-74.21117, 40.56166], [-74.21116, 40.56169], [-74.21115, 40.56173], [-74.21114, 40.56176], [-74.21113, 40.56179], [-74.21113, 40.56181], [-74.21112, 40.56184], [-74.21111, 40.56186], [-74.21111, 40.56188], [-74.2111, 40.56191], [-74.2111, 40.56193], [-74.2111, 40.56195], [-74.2111, 40.56197], [-74.21109, 40.562], [-74.21109, 40.56202], [-74.21109, 40.56204], [-74.21109, 40.56207], [-74.2111, 40.5621], [-74.2111, 40.56213], [-74.2111, 40.56216], [-74.2111, 40.56219], [-74.21111, 40.56222], [-74.21111, 40.56225], [-74.21116, 40.56239], [-74.21117, 40.56242], [-74.21117, 40.56244], [-74.21118, 40.56246], [-74.21119, 40.56248], [-74.2112, 40.5625], [-74.21121, 40.56253], [-74.21122, 40.56255], [-74.21127, 40.56272], [-74.21128, 40.56274], [-74.21129, 40.56276], [-74.2113, 40.56278], [-74.21131, 40.5628], [-74.21132, 40.56282], [-74.21132, 40.56284], [-74.21133, 40.56286], [-74.21133, 40.56288], [-74.21134, 40.5629], [-74.21134, 40.56292], [-74.21135, 40.56294], [-74.21135, 40.56297], [-74.21135, 40.56299], [-74.21136, 40.56312], [-74.21135, 40.56313], [-74.21135, 40.56315], [-74.21135, 40.56317], [-74.21135, 40.56318], [-74.21135, 40.5632], [-74.21135, 40.56322], [-74.21135, 40.56323], [-74.21136, 40.56325], [-74.21136, 40.56326], [-74.21137, 40.56328], [-74.21137, 40.56329], [-74.21137, 40.56332], [-74.21137, 40.56335], [-74.21138, 40.56339], [-74.21138, 40.56342], [-74.21138, 40.56346], [-74.21138, 40.56349], [-74.21137, 40.56352], [-74.21136, 40.56354], [-74.21135, 40.56356], [-74.21134, 40.56359], [-74.21132, 40.56361], [-74.21131, 40.56363], [-74.21129, 40.56365], [-74.21128, 40.56368], [-74.21126, 40.5637], [-74.21124, 40.56373], [-74.21123, 40.56376], [-74.21121, 40.56378], [-74.2112, 40.56381], [-74.21119, 40.56384], [-74.21118, 40.56387], [-74.21115, 40.56391], [-74.21112, 40.56396], [-74.2111, 40.56401], [-74.21107, 40.56405], [-74.21105, 40.5641], [-74.21103, 40.56415], [-74.21101, 40.56419], [-74.21098, 40.56424], [-74.21096, 40.56429], [-74.21094, 40.56441], [-74.21092, 40.56446], [-74.21091, 40.56451], [-74.21089, 40.56456], [-74.21088, 40.56461], [-74.21087, 40.56464], [-74.21086, 40.56466], [-74.21085, 40.56468], [-74.21085, 40.56471], [-74.21084, 40.56473], [-74.21084, 40.56476], [-74.21081, 40.56486], [-74.21079, 40.56497], [-74.21078, 40.56507], [-74.21076, 40.56514], [-74.21075, 40.56518], [-74.21074, 40.56523], [-74.21073, 40.56527], [-74.21072, 40.5653], [-74.21071, 40.56532], [-74.2107, 40.56535], [-74.21068, 40.56539], [-74.21064, 40.56548], [-74.21062, 40.56552], [-74.21059, 40.56557], [-74.21056, 40.56561], [-74.21048, 40.56576], [-74.21045, 40.56584], [-74.2104, 40.56595], [-74.21038, 40.566], [-74.21036, 40.56603], [-74.21033, 40.5661], [-74.21031, 40.56614], [-74.21029, 40.56618], [-74.21026, 40.56621], [-74.21024, 40.56624], [-74.21021, 40.56628], [-74.21012, 40.56641], [-74.21004, 40.56656], [-74.20998, 40.5667], [-74.20992, 40.56679], [-74.20988, 40.56685], [-74.20986, 40.56691], [-74.2098, 40.56703], [-74.20978, 40.56707], [-74.20976, 40.5671], [-74.20974, 40.56713], [-74.20972, 40.56717], [-74.2097, 40.56721], [-74.20968, 40.56725], [-74.20965, 40.56729], [-74.20963, 40.56732], [-74.20961, 40.56736], [-74.2096, 40.5674], [-74.20958, 40.56744], [-74.20956, 40.56749], [-74.20954, 40.56751], [-74.20953, 40.56755], [-74.20953, 40.56758], [-74.20952, 40.56761], [-74.20953, 40.56764], [-74.20954, 40.56767], [-74.20955, 40.5677], [-74.20957, 40.56779], [-74.20956, 40.56783], [-74.20955, 40.56785], [-74.20954, 40.56789], [-74.20954, 40.56793], [-74.20953, 40.56794], [-74.20951, 40.56795], [-74.20949, 40.56795], [-74.20945, 40.56795], [-74.20942, 40.56795], [-74.20939, 40.56796], [-74.20935, 40.56799], [-74.20932, 40.56803], [-74.20931, 40.56805], [-74.2093, 40.56809], [-74.2093, 40.56812], [-74.2093, 40.56816], [-74.20927, 40.56825], [-74.20927, 40.56828], [-74.20927, 40.56832], [-74.20926, 40.56837], [-74.20924, 40.56841], [-74.20922, 40.56845], [-74.20919, 40.56848], [-74.20916, 40.56849], [-74.20913, 40.56852], [-74.20909, 40.56854], [-74.20906, 40.56857], [-74.20905, 40.5686], [-74.20903, 40.56864], [-74.20902, 40.56868], [-74.20899, 40.56873], [-74.20897, 40.56876], [-74.20894, 40.5688], [-74.20891, 40.56884], [-74.20888, 40.56888], [-74.20887, 40.56891], [-74.20886, 40.56894], [-74.20885, 40.56899], [-74.20884, 40.56902], [-74.20884, 40.56906], [-74.20884, 40.56909], [-74.20885, 40.56911], [-74.20885, 40.56913], [-74.20887, 40.56918], [-74.20889, 40.5692], [-74.20889, 40.56923], [-74.20889, 40.56927], [-74.20889, 40.5693], [-74.20889, 40.56934], [-74.2089, 40.56937], [-74.2089, 40.5694], [-74.20888, 40.56948], [-74.20889, 40.56954], [-74.20891, 40.56956], [-74.20893, 40.56959], [-74.20893, 40.56962], [-74.20888, 40.56967], [-74.20885, 40.5697], [-74.20885, 40.56972], [-74.20883, 40.56975], [-74.20881, 40.56977], [-74.20878, 40.56979], [-74.20876, 40.56981], [-74.20873, 40.56982], [-74.2087, 40.56981], [-74.20868, 40.56982], [-74.20865, 40.56983], [-74.20862, 40.56986], [-74.20859, 40.5699], [-74.20856, 40.56996], [-74.2085, 40.57008], [-74.2085, 40.57011], [-74.20849, 40.57013], [-74.20848, 40.57016], [-74.20846, 40.57018], [-74.20844, 40.5702], [-74.20841, 40.57021], [-74.20838, 40.57023], [-74.20833, 40.57025], [-74.20829, 40.57027], [-74.20826, 40.57029], [-74.20822, 40.57032], [-74.20818, 40.57036], [-74.20811, 40.57041], [-74.20808, 40.57044], [-74.20806, 40.57046], [-74.20803, 40.57049], [-74.20802, 40.57052], [-74.20801, 40.57055], [-74.20801, 40.57056], [-74.20801, 40.57059], [-74.20801, 40.57061], [-74.20801, 40.57062], [-74.20803, 40.57064], [-74.20805, 40.57065], [-74.20807, 40.57066], [-74.2081, 40.57067], [-74.20813, 40.57068], [-74.20815, 40.57069], [-74.20817, 40.57072], [-74.20784, 40.57261], [-74.20727, 40.57407], [-74.20726, 40.57411], [-74.20723, 40.57414], [-74.20719, 40.57417], [-74.20713, 40.57421], [-74.20708, 40.57427], [-74.20708, 40.57433], [-74.20708, 40.57437], [-74.20712, 40.57441], [-74.20716, 40.57443], [-74.20718, 40.57444], [-74.20721, 40.57445], [-74.20723, 40.57449], [-74.20719, 40.5745], [-74.20716, 40.57454], [-74.20712, 40.57456], [-74.20709, 40.5746], [-74.20707, 40.57468], [-74.20707, 40.57474], [-74.20709, 40.5748], [-74.20713, 40.57489], [-74.20715, 40.57495], [-74.2072, 40.57504], [-74.20723, 40.5751], [-74.20727, 40.57515], [-74.20729, 40.5752], [-74.20728, 40.57525], [-74.20723, 40.57528], [-74.20717, 40.57532], [-74.20711, 40.57536], [-74.20697, 40.57552], [-74.20693, 40.57561], [-74.20687, 40.57568], [-74.20685, 40.57577], [-74.20683, 40.57585], [-74.20681, 40.57592], [-74.20682, 40.57596], [-74.20682, 40.57599], [-74.20684, 40.57605], [-74.20685, 40.5761], [-74.20685, 40.57616], [-74.20687, 40.57619], [-74.20689, 40.57622], [-74.20693, 40.57625], [-74.20697, 40.57626], [-74.20702, 40.57627], [-74.20706, 40.57627], [-74.2071, 40.57628], [-74.20709, 40.57631], [-74.20707, 40.57634], [-74.20705, 40.57637], [-74.20704, 40.57641], [-74.20702, 40.57643], [-74.20698, 40.57646], [-74.20694, 40.57647], [-74.20694, 40.57649], [-74.20694, 40.57652], [-74.20693, 40.57654], [-74.20691, 40.57656], [-74.20688, 40.57655], [-74.20685, 40.57653], [-74.20683, 40.57652], [-74.20679, 40.57652], [-74.20674, 40.57653], [-74.2067, 40.57654], [-74.20665, 40.57658], [-74.20662, 40.57661], [-74.20658, 40.57665], [-74.20656, 40.57671], [-74.20654, 40.57678], [-74.20653, 40.57684], [-74.20653, 40.57688], [-74.20653, 40.5769], [-74.20655, 40.57693], [-74.20659, 40.57695], [-74.20664, 40.57697], [-74.20667, 40.57698], [-74.20669, 40.57699], [-74.20669, 40.57702], [-74.20671, 40.57704], [-74.20673, 40.57707], [-74.20675, 40.57709], [-74.20678, 40.5771], [-74.2068, 40.57711], [-74.20682, 40.57712], [-74.20682, 40.57715], [-74.20681, 40.57718], [-74.20678, 40.5772], [-74.20675, 40.5772], [-74.20672, 40.57723], [-74.20669, 40.57726], [-74.20668, 40.5773], [-74.20667, 40.57733], [-74.20666, 40.57736], [-74.20664, 40.5774], [-74.2066, 40.57741], [-74.20655, 40.57741], [-74.20651, 40.57741], [-74.20647, 40.57743], [-74.20644, 40.57746], [-74.20642, 40.57749], [-74.2064, 40.57752], [-74.20635, 40.57753], [-74.20632, 40.57754], [-74.2063, 40.57759], [-74.20627, 40.57765], [-74.20623, 40.57774], [-74.20621, 40.5778], [-74.2062, 40.57785], [-74.20618, 40.5779], [-74.20617, 40.57797], [-74.20615, 40.57807], [-74.20616, 40.57811], [-74.20618, 40.57814], [-74.20617, 40.57816], [-74.20617, 40.57817], [-74.20615, 40.57819], [-74.20613, 40.5782], [-74.20611, 40.57823], [-74.2061, 40.57826], [-74.20608, 40.57829], [-74.20606, 40.57831], [-74.20605, 40.57833], [-74.20604, 40.57836], [-74.20603, 40.57837], [-74.20602, 40.57838], [-74.20601, 40.5784], [-74.20599, 40.57843], [-74.20598, 40.57845], [-74.20596, 40.57847], [-74.20595, 40.5785], [-74.20595, 40.57852], [-74.20594, 40.57854], [-74.20594, 40.57856], [-74.20592, 40.57862], [-74.20596, 40.57931], [-74.20596, 40.58005], [-74.20595, 40.57995], [-74.20593, 40.57989], [-74.20584, 40.57984], [-74.20575, 40.57983], [-74.20569, 40.57983], [-74.20562, 40.57984], [-74.20556, 40.57986], [-74.2055, 40.57988], [-74.20544, 40.5799], [-74.20539, 40.57993], [-74.20538, 40.57995], [-74.20536, 40.57997], [-74.20535, 40.57998], [-74.20533, 40.57999], [-74.2053, 40.58], [-74.20528, 40.58001], [-74.20526, 40.58001], [-74.20523, 40.58001], [-74.20521, 40.58001], [-74.20513, 40.58002], [-74.20505, 40.58003], [-74.20497, 40.58005], [-74.2049, 40.58008], [-74.20483, 40.58011], [-74.20477, 40.58014], [-74.2047, 40.58018], [-74.2047, 40.5802], [-74.20469, 40.58022], [-74.20467, 40.58024], [-74.20466, 40.58025], [-74.20464, 40.58026], [-74.20461, 40.58027], [-74.20459, 40.58028], [-74.20456, 40.58028], [-74.20454, 40.58028], [-74.20437, 40.5803], [-74.2042, 40.58032], [-74.20403, 40.58033], [-74.20395, 40.58034], [-74.20385, 40.58038], [-74.20376, 40.5804], [-74.20366, 40.58042], [-74.20356, 40.58043], [-74.20354, 40.58044], [-74.20351, 40.58044], [-74.20347, 40.58043], [-74.20343, 40.58042], [-74.20338, 40.5804], [-74.20332, 40.58039], [-74.20327, 40.58037], [-74.20323, 40.58037], [-74.20319, 40.58037], [-74.20315, 40.58037], [-74.20309, 40.58036], [-74.203, 40.58035], [-74.20286, 40.58033], [-74.20281, 40.58032], [-74.20277, 40.58032], [-74.2027, 40.5803], [-74.20265, 40.5803], [-74.2026, 40.58029], [-74.20255, 40.58029], [-74.20251, 40.58028], [-74.20241, 40.58026], [-74.20231, 40.58024], [-74.20217, 40.5802], [-74.20214, 40.58019], [-74.2021, 40.58018], [-74.20205, 40.58019], [-74.202, 40.58019], [-74.20195, 40.58019], [-74.20191, 40.58017], [-74.20188, 40.58016], [-74.20184, 40.58014], [-74.2018, 40.58012], [-74.20176, 40.58012], [-74.20174, 40.58012], [-74.20168, 40.58011], [-74.20163, 40.58011], [-74.20159, 40.5801], [-74.20154, 40.58008], [-74.20148, 40.58005], [-74.20145, 40.58003], [-74.20143, 40.58002], [-74.2014, 40.57999], [-74.20138, 40.57997], [-74.20135, 40.57996], [-74.20132, 40.57995], [-74.20129, 40.57994], [-74.20125, 40.57994], [-74.20121, 40.57993], [-74.20116, 40.57993], [-74.2011, 40.57993], [-74.20103, 40.57993], [-74.20094, 40.57992], [-74.20085, 40.57991], [-74.2008, 40.5799], [-74.20073, 40.57991], [-74.20069, 40.57992], [-74.20066, 40.57993], [-74.20062, 40.57995], [-74.20059, 40.57996], [-74.20056, 40.57997], [-74.20054, 40.57997], [-74.20052, 40.57996], [-74.20049, 40.57995], [-74.19965, 40.58226], [-74.19423, 40.58515], [-74.19332, 40.58504], [-74.19252, 40.58516], [-74.19232, 40.58491], [-74.19226, 40.58521], [-74.19132, 40.5857], [-74.19079, 40.58519], [-74.18972, 40.58559], [-74.18952, 40.58566], [-74.18932, 40.58574], [-74.18914, 40.58582], [-74.18895, 40.58591], [-74.18877, 40.58601], [-74.1886, 40.58611], [-74.1883, 40.58648], [-74.1882, 40.58656], [-74.18809, 40.58664], [-74.18797, 40.58671], [-74.18785, 40.58678], [-74.18773, 40.58684], [-74.1876, 40.5869], [-74.18747, 40.58696], [-74.18733, 40.587], [-74.18719, 40.58705], [-74.18705, 40.58708], [-74.18681, 40.5871], [-74.1865, 40.58719], [-74.18637, 40.58725], [-74.18623, 40.58729], [-74.18609, 40.58733], [-74.18595, 40.58737], [-74.18581, 40.5874], [-74.18566, 40.58742], [-74.18552, 40.58744], [-74.18537, 40.58745], [-74.1873, 40.58849], [-74.18683, 40.58907], [-74.18468, 40.59148], [-74.18183, 40.59409], [-74.18096, 40.59502], [-74.18075, 40.59524], [-74.18031, 40.59571], [-74.17932, 40.59676], [-74.17822, 40.59983], [-74.17583, 40.60153], [-74.17489, 40.60222], [-74.1726, 40.60297], [-74.17235, 40.60285], [-74.17209, 40.60273], [-74.17181, 40.60264], [-74.17152, 40.60256], [-74.17123, 40.6025], [-74.17093, 40.60246], [-74.17063, 40.60243], [-74.16901, 40.60227], [-74.1672, 40.60208], [-74.16762, 40.59985], [-74.168, 40.59792], [-74.16828, 40.59643], [-74.16886, 40.59473], [-74.16778, 40.59419], [-74.16639, 40.59374], [-74.16439, 40.59348], [-74.1636, 40.59337], [-74.16351, 40.59327], [-74.1635, 40.5931], [-74.1635, 40.59293], [-74.16352, 40.59276], [-74.16357, 40.59259], [-74.16362, 40.59242], [-74.16363, 40.5924], [-74.1637, 40.59226], [-74.16579, 40.59071], [-74.16618, 40.59037], [-74.16656, 40.59002], [-74.16693, 40.58966], [-74.16728, 40.5893], [-74.16761, 40.58893], [-74.16769, 40.58883], [-74.16776, 40.58873], [-74.16782, 40.58863], [-74.16788, 40.58853], [-74.16792, 40.58841], [-74.16796, 40.5883], [-74.16799, 40.58819], [-74.16801, 40.58807], [-74.16843, 40.5865]]]}}, {"type": "Feature", "properties": {"zone_id": 103, "zone": "Governor's Island/Ellis Island/Liberty Island", "borough": "Manhattan", "demand": 0}, "geometry": {"type": "Polygon", "coordinates": [[[-74.04389, 40.69018], [-74.04351, 40.68969], [-74.04274, 40.69005], [-74.04278, 40.69012], [-74.0427, 40.69015], [-74.04255, 40.68996], [-74.04264, 40.68993], [-74.04269, 40.69], [-74.04347, 40.68964], [-74.04352, 40.68919], [-74.04364, 40.68877], [-74.04397, 40.68858], [-74.04439, 40.68852], [-74.04478, 40.6886], [-74.04628, 40.68933], [-74.0468, 40.68995], [-74.04748, 40.68961], [-74.04773, 40.68991], [-74.04759, 40.68998], [-74.04743, 40.6898], [-74.04689, 40.69006], [-74.0472, 40.69042], [-74.04711, 40.69047], [-74.04712, 40.69066], [-74.04718, 40.69075], [-74.04719, 40.69076], [-74.04721, 40.69079], [-74.04723, 40.69082], [-74.04723, 40.69085], [-74.04723, 40.69088], [-74.04723, 40.69091], [-74.04721, 40.69094], [-74.04719, 40.69097], [-74.04717, 40.69099], [-74.04714, 40.69101], [-74.04711, 40.69103], [-74.04707, 40.69104], [-74.04704, 40.69105], [-74.047, 40.69105], [-74.04617, 40.6911], [-74.04615, 40.69112], [-74.0461, 40.69112], [-74.04604, 40.69111], [-74.04599, 40.6911], [-74.04593, 40.69108], [-74.04586, 40.69106], [-74.04461, 40.69057], [-74.04389, 40.69018]]]}}, {"type": "Feature", "properties": {"zone_id": 103, "zone": "Governor's Island/Ellis Island/Liberty Island", "borough": "Manhattan", "demand": 0}, "geometry": {"type": "Polygon", "coordinates": [[[-74.03995, 40.70089], [-74.03945, 40.70053], [-74.03938, 40.70058], [-74.03771, 40.69934], [-74.0381, 40.69904], [-74.03823, 40.69837], [-74.039, 40.69837], [-74.03934, 40.69812], [-74.03993, 40.69854], [-74.04026, 40.6988], [-74.04124, 40.69954], [-74.04175, 40.69915], [-74.03991, 40.6977], [-74.04166, 40.69645], [-74.04367, 40.69802], [-74.04364, 40.69805], [-74.04366, 40.69806], [-74.0427, 40.6988], [-74.04296, 40.699], [-74.0411, 40.70049], [-74.0408, 40.70027], [-74.04031, 40.70063], [-74.04039, 40.70069], [-74.04041, 40.70068], [-74.04054, 40.70078], [-74.04048, 40.70082], [-74.04035, 40.70072], [-74.04036, 40.7007], [-74.04029, 40.70064], [-74.03995, 40.70089]]]}}, {"type": "Feature", "properties": {"zone_id": 103, "zone": "Governor's Island/Ellis Island/Liberty Island", "borough": "Manhattan", "demand": 0}, "geometry": {"type": "Polygon", "coordinates": [[[-74.01675, 40.69334], [-74.0154, 40.69307], [-74.01535, 40.69322], [-74.01541, 40.69324], [-74.01539, 40.6933], [-74.01517, 40.69326], [-74.01519, 40.6932], [-74.01525, 40.69321], [-74.01531, 40.69305], [-74.01526, 40.69304], [-74.01512, 40.69319], [-74.01516, 40.69321], [-74.01512, 40.69326], [-74.01493, 40.69316], [-74.01498, 40.69312], [-74.01503, 40.69315], [-74.01516, 40.69302], [-74.01422, 40.69282], [-74.01419, 40.6928], [-74.01416, 40.69278], [-74.01413, 40.69276], [-74.01411, 40.69273], [-74.01347, 40.69213], [-74.01347, 40.69213], [-74.01346, 40.69213], [-74.01345, 40.69213], [-74.01344, 40.69212], [-74.01344, 40.69212], [-74.01343, 40.69212], [-74.01342, 40.69212], [-74.01342, 40.69212], [-74.01342, 40.69212], [-74.01337, 40.69213], [-74.01329, 40.69215], [-74.01326, 40.69216], [-74.01313, 40.69218], [-74.01308, 40.69219], [-74.01306, 40.6922], [-74.01285, 40.69224], [-74.01273, 40.69227], [-74.0126, 40.69229], [-74.01259, 40.6923], [-74.01257, 40.6923], [-74.01256, 40.69231], [-74.01255, 40.69232], [-74.01253, 40.69233], [-74.01252, 40.69234], [-74.01252, 40.69234], [-74.01241, 40.69249], [-74.01241, 40.69249], [-74.01238, 40.69253], [-74.01234, 40.69256], [-74.0123, 40.69257], [-74.0123, 40.69257], [-74.01212, 40.69261], [-74.01212, 40.69261], [-74.0121, 40.69261], [-74.01204, 40.6926], [-74.01185, 40.69252], [-74.01185, 40.69252], [-74.01181, 40.69248], [-74.0118, 40.69244], [-74.01178, 40.6924], [-74.01175, 40.69232], [-74.01175, 40.69232], [-74.01175, 40.69232], [-74.01176, 40.69226], [-74.01183, 40.69216], [-74.01184, 40.69215], [-74.01184, 40.69215], [-74.01186, 40.69212], [-74.0119, 40.69209], [-74.01191, 40.69209], [-74.01197, 40.69208], [-74.01214, 40.69204], [-74.01214, 40.69204], [-74.01214, 40.69204], [-74.01215, 40.69204], [-74.0122, 40.69204], [-74.01232, 40.69209], [-74.01236, 40.69211], [-74.01239, 40.69212], [-74.01241, 40.69213], [-74.01243, 40.69215], [-74.01246, 40.69221], [-74.01254, 40.6922], [-74.01256, 40.69219], [-74.01283, 40.69214], [-74.01322, 40.69206], [-74.01324, 40.69206], [-74.01325, 40.69205], [-74.01329, 40.69205], [-74.0133, 40.69204], [-74.01331, 40.69204], [-74.01332, 40.69204], [-74.01332, 40.69203], [-74.01333, 40.69203], [-74.01333, 40.69203], [-74.01333, 40.69202], [-74.01333, 40.69202], [-74.01333, 40.69201], [-74.01334, 40.69201], [-74.01334, 40.692], [-74.01333, 40.692], [-74.01333, 40.692], [-74.01333, 40.69198], [-74.01332, 40.69197], [-74.01327, 40.69193], [-74.01327, 40.69193], [-74.01326, 40.69193], [-74.01326, 40.69192], [-74.01319, 40.69196], [-74.01291, 40.69169], [-74.01293, 40.69168], [-74.01286, 40.6916], [-74.0129, 40.69158], [-74.0129, 40.69157], [-74.01288, 40.69156], [-74.01287, 40.69155], [-74.01282, 40.6915], [-74.01275, 40.69148], [-74.01265, 40.6914], [-74.01262, 40.69141], [-74.01261, 40.69136], [-74.01258, 40.69137], [-74.01258, 40.69138], [-74.01254, 40.69139], [-74.01255, 40.69142], [-74.01253, 40.69143], [-74.01252, 40.6914], [-74.01203, 40.6915], [-74.01202, 40.69146], [-74.0126, 40.69133], [-74.01253, 40.69115], [-74.01218, 40.69114], [-74.01219, 40.69108], [-74.01183, 40.69106], [-74.01183, 40.69101], [-74.01219, 40.69103], [-74.0122, 40.69102], [-74.01221, 40.69079], [-74.01208, 40.69078], [-74.01208, 40.69076], [-74.01205, 40.69074], [-74.012, 40.69075], [-74.01199, 40.69077], [-74.01197, 40.69077], [-74.01199, 40.6907], [-74.01199, 40.69065], [-74.01198, 40.69061], [-74.01205, 40.69061], [-74.01206, 40.69055], [-74.0121, 40.69055], [-74.01211, 40.69053], [-74.01213, 40.69053], [-74.01214, 40.69045], [-74.01223, 40.69046], [-74.01231, 40.68928], [-74.0127, 40.68879], [-74.01275, 40.68872], [-74.01317, 40.68815], [-74.01326, 40.68812], [-74.01333, 40.68809], [-74.01342, 40.68805], [-74.01347, 40.68801], [-74.01488, 40.68725], [-74.01605, 40.68734], [-74.0161, 40.68731], [-74.01652, 40.68712], [-74.01698, 40.68691], [-74.01705, 40.68688], [-74.01672, 40.68645], [-74.01665, 40.68642], [-74.01515, 40.68652], [-74.01514, 40.68644], [-74.01662, 40.68632], [-74.01667, 40.6863], [-74.01727, 40.68569], [-74.01753, 40.68536], [-74.01762, 40.68541], [-74.01736, 40.68575], [-74.01678, 40.68635], [-74.01677, 40.6864], [-74.01712, 40.68684], [-74.02016, 40.68545], [-74.02054, 40.68527], [-74.02021, 40.68483], [-74.02016, 40.68483], [-74.01946, 40.68515], [-74.0194, 40.68509], [-74.02095, 40.68438], [-74.02101, 40.68445], [-74.02029, 40.68478], [-74.02028, 40.68481], [-74.02061, 40.68524], [-74.02106, 40.68504], [-74.02184, 40.6847], [-74.02224, 40.68452], [-74.02234, 40.68448], [-74.0224, 40.68445], [-74.02259, 40.68436], [-74.02213, 40.68377], [-74.02306, 40.68292], [-74.02319, 40.683], [-74.02237, 40.68378], [-74.02276, 40.68428], [-74.02302, 40.68417], [-74.02313, 40.68412], [-74.02326, 40.68409], [-74.0234, 40.68404], [-74.02341, 40.68404], [-74.02354, 40.684], [-74.02378, 40.68397], [-74.02395, 40.68395], [-74.02422, 40.68394], [-74.02443, 40.68395], [-74.02465, 40.68398], [-74.02484, 40.68401], [-74.02499, 40.68405], [-74.02522, 40.68409], [-74.02547, 40.68415], [-74.02567, 40.68424], [-74.02588, 40.68438], [-74.02605, 40.68451], [-74.02613, 40.68459], [-74.02623, 40.6847], [-74.02633, 40.6848], [-74.02644, 40.68495], [-74.02652, 40.68511], [-74.02658, 40.68524], [-74.02661, 40.68538], [-74.02663, 40.68553], [-74.02662, 40.68565], [-74.02661, 40.68576], [-74.02657, 40.68591], [-74.0265, 40.68605], [-74.02643, 40.68617], [-74.02638, 40.68623], [-74.02631, 40.68629], [-74.02622, 40.68638], [-74.02617, 40.68643], [-74.02607, 40.68653], [-74.02578, 40.68679], [-74.02558, 40.687], [-74.02539, 40.68717], [-74.02519, 40.68736], [-74.02515, 40.68739], [-74.02498, 40.68754], [-74.02496, 40.68757], [-74.02475, 40.68779], [-74.02456, 40.68796], [-74.02446, 40.68806], [-74.02434, 40.68817], [-74.02432, 40.68818], [-74.02419, 40.68829], [-74.02412, 40.68837], [-74.02397, 40.68851], [-74.02397, 40.68852], [-74.02381, 40.68866], [-74.02367, 40.68879], [-74.02354, 40.68892], [-74.02339, 40.68905], [-74.02313, 40.6893], [-74.02268, 40.68972], [-74.02257, 40.68983], [-74.02244, 40.68994], [-74.02225, 40.69012], [-74.0219, 40.69044], [-74.0215, 40.69083], [-74.02148, 40.69085], [-74.02121, 40.6911], [-74.02098, 40.69132], [-74.02072, 40.69158], [-74.02072, 40.69158], [-74.02046, 40.69182], [-74.02021, 40.69203], [-74.01986, 40.69291], [-74.0198, 40.69304], [-74.0198, 40.69304], [-74.01976, 40.69309], [-74.01975, 40.6931], [-74.01971, 40.69313], [-74.01967, 40.69316], [-74.01963, 40.69319], [-74.0196, 40.69319], [-74.01953, 40.69321], [-74.01945, 40.69323], [-74.01938, 40.69323], [-74.01934, 40.69323], [-74.01929, 40.69323], [-74.01917, 40.69323], [-74.019, 40.69322], [-74.01886, 40.69322], [-74.0188, 40.69322], [-74.01875, 40.69322], [-74.01865, 40.69322], [-74.01852, 40.69323], [-74.01838, 40.69324], [-74.0183, 40.69325], [-74.01802, 40.69327], [-74.01773, 40.69328], [-74.01742, 40.6933], [-74.01723, 40.69332], [-74.01712, 40.69333], [-74.01701, 40.69334], [-74.01691, 40.69335], [-74.01682, 40.69335], [-74.01675, 40.69334]]]}}, {"type": "Feature", "properties": {"zone_id": 109, "zone": "Great Kills", "borough": "Staten Island", "demand": 0}, "geometry": {"type": "Polygon", "coordinates": [[[-74.14707, 40.57051], [-74.14699, 40.5705], [-74.14692, 40.57051], [-74.14685, 40.57051], [-74.14678, 40.57053], [-74.14672, 40.57054], [-74.14666, 40.57055], [-74.14659, 40.57055], [-74.14653, 40.57055], [-74.14647, 40.57055], [-74.14641, 40.57053], [-74.14635, 40.57052], [-74.14629, 40.5705], [-74.1456, 40.57021], [-74.1449, 40.56992], [-74.14439, 40.56971], [-74.14287, 40.56908], [-74.14152, 40.56852], [-74.14131, 40.56843], [-74.14027, 40.56795], [-74.13976, 40.56771], [-74.1389, 40.56729], [-74.13768, 40.56672], [-74.13651, 40.56617], [-74.13622, 40.56599], [-74.13592, 40.56582], [-74.1356, 40.56566], [-74.13527, 40.56552], [-74.13494, 40.56539], [-74.1346, 40.56527], [-74.1333, 40.56497], [-74.1324, 40.56476], [-74.1317, 40.56454], [-74.13264, 40.5635], [-74.13311, 40.56287], [-74.13341, 40.56213], [-74.13367, 40.56184], [-74.13397, 40.56159], [-74.13481, 40.56083], [-74.13519, 40.55975], [-74.13524, 40.55959], [-74.1353, 40.55942], [-74.13539, 40.55927], [-74.13549, 40.55912], [-74.13561, 40.55898], [-74.13575, 40.55885], [-74.1366, 40.55839], [-74.13739, 40.55802], [-74.13818, 40.55759], [-74.13885, 40.55695], [-74.1377, 40.55603], [-74.13755, 40.55591], [-74.13743, 40.55582], [-74.1361, 40.55472], [-74.13499, 40.55381], [-74.13437, 40.55331], [-74.13377, 40.55281], [-74.13321, 40.55238], [-74.13317, 40.55236], [-74.13456, 40.55125], [-74.13528, 40.55086], [-74.13607, 40.55043], [-74.13739, 40.54959], [-74.1377, 40.54938], [-74.13862, 40.54849], [-74.13862, 40.54845], [-74.1382, 40.54803], [-74.13745, 40.54731], [-74.13701, 40.54697], [-74.13586, 40.54645], [-74.13641, 40.54625], [-74.13649, 40.54607], [-74.13646, 40.54597], [-74.13652, 40.54591], [-74.13659, 40.54592], [-74.13681, 40.54597], [-74.13697, 40.54597], [-74.13706, 40.54596], [-74.13701, 40.54589], [-74.13702, 40.54588], [-74.1371, 40.54595], [-74.13713, 40.54593], [-74.13706, 40.54586], [-74.13718, 40.54579], [-74.13716, 40.54577], [-74.13714, 40.54577], [-74.13713, 40.54576], [-74.13708, 40.54571], [-74.13706, 40.5457], [-74.13701, 40.54565], [-74.137, 40.54564], [-74.13695, 40.54559], [-74.13693, 40.54558], [-74.13688, 40.54553], [-74.13686, 40.54551], [-74.13681, 40.54547], [-74.13679, 40.54545], [-74.13674, 40.54541], [-74.13673, 40.54539], [-74.13668, 40.54535], [-74.13666, 40.54533], [-74.13662, 40.54529], [-74.13659, 40.54526], [-74.13653, 40.54521], [-74.1365, 40.54518], [-74.13644, 40.54513], [-74.13626, 40.54496], [-74.13613, 40.54504], [-74.13612, 40.54502], [-74.13624, 40.54494], [-74.13638, 40.54485], [-74.1364, 40.54487], [-74.13628, 40.54495], [-74.13637, 40.54502], [-74.13644, 40.54509], [-74.13644, 40.54509], [-74.13661, 40.54525], [-74.13661, 40.54525], [-74.13717, 40.54576], [-74.13717, 40.54577], [-74.13719, 40.54578], [-74.13751, 40.54558], [-74.13749, 40.54556], [-74.13748, 40.54556], [-74.13747, 40.54555], [-74.13745, 40.54553], [-74.13743, 40.54551], [-74.13742, 40.5455], [-74.13736, 40.54544], [-74.13734, 40.54542], [-74.13732, 40.5454], [-74.13731, 40.54539], [-74.13725, 40.54532], [-74.13724, 40.54532], [-74.13684, 40.54492], [-74.13684, 40.54491], [-74.13682, 40.54489], [-74.13681, 40.54488], [-74.13675, 40.54482], [-74.13673, 40.5448], [-74.13671, 40.5448], [-74.13661, 40.54486], [-74.13659, 40.54485], [-74.13663, 40.54482], [-74.13683, 40.54471], [-74.13687, 40.54468], [-74.13689, 40.5447], [-74.13675, 40.54478], [-74.13742, 40.54547], [-74.13743, 40.54546], [-74.13742, 40.54544], [-74.13747, 40.54541], [-74.13749, 40.54543], [-74.1375, 40.54542], [-74.13753, 40.54545], [-74.13745, 40.54549], [-74.1375, 40.54555], [-74.1375, 40.54555], [-74.13752, 40.54557], [-74.13753, 40.54557], [-74.13755, 40.54558], [-74.13789, 40.54589], [-74.13795, 40.546], [-74.13807, 40.54591], [-74.13823, 40.54579], [-74.13829, 40.54571], [-74.13841, 40.54561], [-74.13849, 40.54557], [-74.13856, 40.54553], [-74.13863, 40.54549], [-74.13869, 40.54544], [-74.13874, 40.54538], [-74.13878, 40.54532], [-74.13882, 40.54526], [-74.13885, 40.5452], [-74.13887, 40.54513], [-74.1387, 40.54499], [-74.13874, 40.54495], [-74.13872, 40.54493], [-74.13871, 40.54493], [-74.13869, 40.54491], [-74.13865, 40.54489], [-74.13863, 40.54487], [-74.13859, 40.54484], [-74.13856, 40.54482], [-74.13852, 40.54479], [-74.1385, 40.54478], [-74.13846, 40.54475], [-74.13843, 40.54473], [-74.13842, 40.54472], [-74.13837, 40.54469], [-74.13834, 40.54467], [-74.13818, 40.54455], [-74.13816, 40.54454], [-74.13812, 40.54451], [-74.1381, 40.5445], [-74.13809, 40.5445], [-74.13804, 40.54455], [-74.13762, 40.54425], [-74.13776, 40.54414], [-74.13778, 40.54416], [-74.13768, 40.54424], [-74.13768, 40.54426], [-74.13771, 40.54428], [-74.13774, 40.5443], [-74.13781, 40.54435], [-74.13784, 40.54438], [-74.13786, 40.54439], [-74.13803, 40.54451], [-74.13805, 40.5445], [-74.1381, 40.54446], [-74.13812, 40.54447], [-74.13817, 40.54451], [-74.13819, 40.54453], [-74.13825, 40.54457], [-74.13827, 40.54458], [-74.13833, 40.54462], [-74.13835, 40.54463], [-74.13841, 40.54468], [-74.13843, 40.54469], [-74.13849, 40.54473], [-74.1385, 40.54474], [-74.13856, 40.54478], [-74.13858, 40.5448], [-74.13864, 40.54484], [-74.13866, 40.54485], [-74.13872, 40.54489], [-74.13874, 40.5449], [-74.13874, 40.54492], [-74.13876, 40.54493], [-74.13902, 40.54472], [-74.13899, 40.5447], [-74.13897, 40.54468], [-74.13892, 40.54464], [-74.13889, 40.54463], [-74.13884, 40.54459], [-74.13882, 40.54457], [-74.13876, 40.54454], [-74.13874, 40.54452], [-74.13869, 40.54448], [-74.13854, 40.54438], [-74.13853, 40.54437], [-74.13848, 40.54433], [-74.13846, 40.54432], [-74.13843, 40.5443], [-74.13838, 40.54426], [-74.13836, 40.54425], [-74.13828, 40.54419], [-74.13826, 40.54418], [-74.13819, 40.54413], [-74.13816, 40.54411], [-74.13809, 40.54406], [-74.13806, 40.54404], [-74.13805, 40.54403], [-74.138, 40.544], [-74.13799, 40.54399], [-74.13798, 40.544], [-74.13789, 40.54407], [-74.13787, 40.54405], [-74.13793, 40.544], [-74.13804, 40.5439], [-74.13807, 40.54392], [-74.13801, 40.54397], [-74.13805, 40.544], [-74.13808, 40.54402], [-74.1381, 40.54403], [-74.13811, 40.54404], [-74.13903, 40.5447], [-74.13954, 40.54429], [-74.13943, 40.54422], [-74.13942, 40.54423], [-74.13941, 40.54423], [-74.13942, 40.54424], [-74.13937, 40.54427], [-74.13937, 40.54428], [-74.13932, 40.54431], [-74.13931, 40.54432], [-74.13929, 40.54433], [-74.13929, 40.54434], [-74.13925, 40.54437], [-74.13924, 40.54438], [-74.1392, 40.54441], [-74.13919, 40.54441], [-74.13915, 40.54444], [-74.13915, 40.54444], [-74.13911, 40.54447], [-74.13915, 40.54451], [-74.13915, 40.54451], [-74.1391, 40.54448], [-74.1391, 40.54448], [-74.13903, 40.54443], [-74.13904, 40.54442], [-74.13909, 40.54446], [-74.13911, 40.54445], [-74.13923, 40.54436], [-74.13927, 40.54432], [-74.13928, 40.54432], [-74.13933, 40.54428], [-74.13933, 40.54427], [-74.13938, 40.54424], [-74.13938, 40.54423], [-74.13941, 40.54422], [-74.13941, 40.54421], [-74.13942, 40.54421], [-74.13934, 40.54415], [-74.13929, 40.54412], [-74.13897, 40.54438], [-74.13891, 40.54433], [-74.13892, 40.54432], [-74.13896, 40.54435], [-74.13897, 40.54435], [-74.13901, 40.54432], [-74.13916, 40.5442], [-74.13916, 40.54419], [-74.13916, 40.54418], [-74.13921, 40.54414], [-74.13921, 40.54413], [-74.13922, 40.54414], [-74.13925, 40.54412], [-74.1392, 40.54409], [-74.13922, 40.54407], [-74.13921, 40.54406], [-74.13912, 40.544], [-74.13908, 40.54397], [-74.13906, 40.54399], [-74.13907, 40.54399], [-74.13901, 40.54404], [-74.13897, 40.54407], [-74.13896, 40.54408], [-74.13892, 40.54411], [-74.1389, 40.54412], [-74.13889, 40.54413], [-74.13884, 40.54417], [-74.13884, 40.54418], [-74.1389, 40.54423], [-74.13888, 40.54424], [-74.13886, 40.54423], [-74.13881, 40.5442], [-74.13875, 40.54415], [-74.13875, 40.54415], [-74.13873, 40.54413], [-74.13875, 40.54412], [-74.13881, 40.54416], [-74.13883, 40.54416], [-74.13904, 40.54397], [-74.13905, 40.54398], [-74.13908, 40.54396], [-74.13895, 40.54388], [-74.13884, 40.54379], [-74.1388, 40.54381], [-74.13881, 40.54382], [-74.13879, 40.54384], [-74.13873, 40.54389], [-74.13872, 40.54389], [-74.13865, 40.54395], [-74.13863, 40.54397], [-74.13854, 40.54404], [-74.13854, 40.54404], [-74.13854, 40.54405], [-74.1386, 40.5441], [-74.13859, 40.5441], [-74.13844, 40.544], [-74.13842, 40.54398], [-74.13842, 40.54397], [-74.13846, 40.544], [-74.1385, 40.54402], [-74.13851, 40.54402], [-74.13852, 40.54401], [-74.13859, 40.54396], [-74.1386, 40.54395], [-74.13863, 40.54393], [-74.13869, 40.54388], [-74.13871, 40.54386], [-74.13873, 40.54385], [-74.13875, 40.54383], [-74.13877, 40.54382], [-74.13879, 40.5438], [-74.1388, 40.5438], [-74.13882, 40.54378], [-74.13854, 40.54359], [-74.13852, 40.5436], [-74.13852, 40.54361], [-74.13846, 40.54366], [-74.13845, 40.54368], [-74.13845, 40.54369], [-74.13847, 40.5437], [-74.13846, 40.54372], [-74.13838, 40.54365], [-74.13836, 40.54365], [-74.1383, 40.5437], [-74.13827, 40.54373], [-74.13821, 40.54377], [-74.13821, 40.54379], [-74.13829, 40.54385], [-74.13828, 40.54387], [-74.13815, 40.54377], [-74.13837, 40.5436], [-74.13842, 40.54364], [-74.13844, 40.54364], [-74.13846, 40.54362], [-74.13847, 40.54363], [-74.13853, 40.54358], [-74.13851, 40.54357], [-74.13851, 40.54356], [-74.13845, 40.54361], [-74.13844, 40.54362], [-74.13841, 40.5436], [-74.13848, 40.54354], [-74.13845, 40.54352], [-74.13838, 40.54358], [-74.13834, 40.54355], [-74.13852, 40.5434], [-74.13856, 40.54342], [-74.13846, 40.54351], [-74.13849, 40.54353], [-74.13859, 40.54345], [-74.13862, 40.54347], [-74.13853, 40.54354], [-74.13873, 40.54368], [-74.13882, 40.54374], [-74.13903, 40.5439], [-74.13908, 40.54393], [-74.1391, 40.54394], [-74.13916, 40.54398], [-74.13919, 40.544], [-74.13923, 40.54403], [-74.13928, 40.54407], [-74.1393, 40.54409], [-74.13931, 40.54409], [-74.13932, 40.54409], [-74.13942, 40.54417], [-74.13945, 40.54419], [-74.13946, 40.54419], [-74.13947, 40.5442], [-74.13953, 40.54425], [-74.13957, 40.54427], [-74.13984, 40.54405], [-74.13895, 40.54341], [-74.13891, 40.54343], [-74.13871, 40.54329], [-74.13891, 40.54313], [-74.13893, 40.54315], [-74.13877, 40.54329], [-74.13886, 40.54337], [-74.13904, 40.54323], [-74.13906, 40.54325], [-74.13894, 40.54334], [-74.139, 40.54337], [-74.13898, 40.54338], [-74.13903, 40.54341], [-74.13968, 40.54389], [-74.13987, 40.54374], [-74.13989, 40.54375], [-74.1397, 40.54391], [-74.13987, 40.54403], [-74.14004, 40.54388], [-74.13999, 40.54385], [-74.14001, 40.54383], [-74.14005, 40.54386], [-74.14025, 40.544], [-74.14025, 40.544], [-74.14031, 40.54405], [-74.14036, 40.54402], [-74.14039, 40.54403], [-74.14042, 40.544], [-74.1404, 40.54399], [-74.14046, 40.54393], [-74.14031, 40.54383], [-74.14033, 40.54381], [-74.14033, 40.5438], [-74.14031, 40.54379], [-74.1403, 40.54379], [-74.14025, 40.54383], [-74.14024, 40.54383], [-74.14029, 40.54379], [-74.14029, 40.54377], [-74.14024, 40.54374], [-74.14022, 40.54372], [-74.1402, 40.54371], [-74.14015, 40.54367], [-74.14012, 40.54366], [-74.14008, 40.54363], [-74.14006, 40.54361], [-74.14001, 40.54358], [-74.14, 40.54357], [-74.13995, 40.54353], [-74.13989, 40.54349], [-74.13986, 40.54347], [-74.13982, 40.54344], [-74.13978, 40.54341], [-74.13975, 40.54338], [-74.1397, 40.54335], [-74.13969, 40.54335], [-74.13943, 40.54316], [-74.13935, 40.5431], [-74.13924, 40.54318], [-74.13922, 40.54317], [-74.13924, 40.54315], [-74.13927, 40.54313], [-74.1393, 40.54311], [-74.13941, 40.54302], [-74.13943, 40.54304], [-74.13938, 40.54308], [-74.13939, 40.54309], [-74.13943, 40.54312], [-74.13945, 40.54314], [-74.13948, 40.54316], [-74.13949, 40.54316], [-74.13955, 40.54321], [-74.13956, 40.54321], [-74.13962, 40.54326], [-74.13963, 40.54326], [-74.13968, 40.5433], [-74.13969, 40.54331], [-74.13975, 40.54335], [-74.13976, 40.54336], [-74.13982, 40.5434], [-74.13985, 40.54343], [-74.13988, 40.54345], [-74.13991, 40.54347], [-74.13995, 40.5435], [-74.13997, 40.54351], [-74.14002, 40.54355], [-74.14004, 40.54356], [-74.14023, 40.5437], [-74.1403, 40.54364], [-74.14021, 40.54358], [-74.14021, 40.54357], [-74.14013, 40.54351], [-74.14029, 40.54338], [-74.14021, 40.54333], [-74.1402, 40.54332], [-74.14012, 40.54327], [-74.14011, 40.54326], [-74.14004, 40.54321], [-74.14003, 40.5432], [-74.13995, 40.54314], [-74.13994, 40.54314], [-74.13987, 40.54308], [-74.13985, 40.54307], [-74.13978, 40.54302], [-74.13977, 40.54301], [-74.13969, 40.54296], [-74.13968, 40.54295], [-74.13961, 40.54289], [-74.1396, 40.54289], [-74.13955, 40.54285], [-74.13951, 40.54282], [-74.13946, 40.54279], [-74.13939, 40.54284], [-74.13936, 40.54283], [-74.13954, 40.54268], [-74.13956, 40.5427], [-74.13948, 40.54277], [-74.13953, 40.54281], [-74.13956, 40.54283], [-74.13962, 40.54287], [-74.13963, 40.54288], [-74.1397, 40.54293], [-74.13987, 40.54305], [-74.13988, 40.54306], [-74.13989, 40.54307], [-74.13997, 40.54312], [-74.13999, 40.54313], [-74.14005, 40.54318], [-74.14015, 40.54325], [-74.14022, 40.5433], [-74.14023, 40.54331], [-74.14031, 40.54337], [-74.14063, 40.54311], [-74.14054, 40.54305], [-74.14052, 40.54304], [-74.14043, 40.54297], [-74.14042, 40.54296], [-74.14035, 40.54291], [-74.14032, 40.54289], [-74.14023, 40.54283], [-74.14022, 40.54282], [-74.14014, 40.54276], [-74.14012, 40.54274], [-74.14006, 40.5427], [-74.14002, 40.54267], [-74.14, 40.54266], [-74.13976, 40.54248], [-74.13966, 40.54256], [-74.13963, 40.54254], [-74.13986, 40.54236], [-74.13989, 40.54238], [-74.13978, 40.54246], [-74.14065, 40.54309], [-74.14085, 40.54294], [-74.14087, 40.54296], [-74.14104, 40.54309], [-74.14109, 40.54305], [-74.14097, 40.54296], [-74.14098, 40.54295], [-74.14111, 40.54304], [-74.14126, 40.54315], [-74.14132, 40.54309], [-74.14129, 40.54307], [-74.14128, 40.54307], [-74.14039, 40.54242], [-74.14041, 40.5424], [-74.14041, 40.54241], [-74.14044, 40.54238], [-74.14041, 40.54236], [-74.14029, 40.54246], [-74.14017, 40.54237], [-74.14028, 40.54227], [-74.14033, 40.54223], [-74.14034, 40.54223], [-74.14036, 40.54225], [-74.14021, 40.54237], [-74.14024, 40.54239], [-74.14029, 40.54242], [-74.14041, 40.54233], [-74.14048, 40.54238], [-74.14043, 40.54242], [-74.14043, 40.54242], [-74.14121, 40.54299], [-74.14131, 40.54305], [-74.1413, 40.54306], [-74.14133, 40.54309], [-74.14141, 40.54302], [-74.14108, 40.54279], [-74.14116, 40.54272], [-74.14107, 40.54265], [-74.14108, 40.54264], [-74.14118, 40.5427], [-74.14119, 40.5427], [-74.1413, 40.54277], [-74.14133, 40.54275], [-74.14123, 40.54268], [-74.14112, 40.5426], [-74.14114, 40.54259], [-74.14125, 40.54266], [-74.14134, 40.54259], [-74.14132, 40.54257], [-74.14129, 40.5426], [-74.14122, 40.54256], [-74.14125, 40.54253], [-74.1412, 40.5425], [-74.14119, 40.54249], [-74.14113, 40.54244], [-74.14111, 40.54244], [-74.14104, 40.54239], [-74.14103, 40.54238], [-74.14095, 40.54232], [-74.14094, 40.54232], [-74.14086, 40.54226], [-74.14085, 40.54225], [-74.14076, 40.54219], [-74.14075, 40.54218], [-74.14066, 40.54212], [-74.14065, 40.54211], [-74.14057, 40.54205], [-74.14054, 40.54206], [-74.14046, 40.54213], [-74.14041, 40.54209], [-74.14041, 40.54206], [-74.14026, 40.54196], [-74.1403, 40.54193], [-74.14048, 40.54206], [-74.1405, 40.54206], [-74.14054, 40.54203], [-74.14058, 40.54199], [-74.1406, 40.54198], [-74.14063, 40.54195], [-74.14066, 40.54193], [-74.14068, 40.54191], [-74.1407, 40.54192], [-74.1406, 40.54202], [-74.14063, 40.54204], [-74.14062, 40.54206], [-74.14079, 40.54218], [-74.14082, 40.5422], [-74.1409, 40.54225], [-74.14099, 40.54232], [-74.141, 40.54233], [-74.14102, 40.54233], [-74.14111, 40.5424], [-74.14122, 40.54248], [-74.14134, 40.54256], [-74.14134, 40.54257], [-74.14135, 40.54258], [-74.14146, 40.54248], [-74.14128, 40.54235], [-74.14129, 40.54234], [-74.14148, 40.54247], [-74.14153, 40.54243], [-74.14135, 40.54229], [-74.14136, 40.54228], [-74.14155, 40.54241], [-74.14165, 40.54232], [-74.1418, 40.5422], [-74.14177, 40.54218], [-74.14089, 40.54157], [-74.14089, 40.54158], [-74.14085, 40.54156], [-74.14066, 40.54171], [-74.14064, 40.54169], [-74.14096, 40.54143], [-74.14098, 40.54145], [-74.1409, 40.54152], [-74.1409, 40.54154], [-74.14181, 40.54219], [-74.14185, 40.54215], [-74.14187, 40.54217], [-74.14167, 40.54234], [-74.14171, 40.54236], [-74.14172, 40.54236], [-74.14174, 40.54236], [-74.14176, 40.54236], [-74.14181, 40.54236], [-74.14186, 40.54236], [-74.14191, 40.54234], [-74.14196, 40.54233], [-74.14204, 40.54229], [-74.14208, 40.54226], [-74.14211, 40.54225], [-74.14212, 40.54224], [-74.14214, 40.54224], [-74.14216, 40.54224], [-74.14217, 40.54225], [-74.14218, 40.54226], [-74.14221, 40.54229], [-74.14224, 40.5423], [-74.14225, 40.5423], [-74.14226, 40.5423], [-74.14226, 40.54229], [-74.14226, 40.54229], [-74.14227, 40.54229], [-74.14228, 40.54228], [-74.14228, 40.54227], [-74.14229, 40.54227], [-74.14229, 40.54226], [-74.1423, 40.54226], [-74.1423, 40.54225], [-74.1423, 40.54225], [-74.1423, 40.54224], [-74.1423, 40.54223], [-74.1423, 40.54223], [-74.1423, 40.54222], [-74.1423, 40.54222], [-74.1423, 40.54221], [-74.14229, 40.5422], [-74.14229, 40.5422], [-74.14229, 40.54219], [-74.14228, 40.54218], [-74.14227, 40.54218], [-74.14226, 40.54217], [-74.14225, 40.54216], [-74.14224, 40.54216], [-74.14224, 40.54215], [-74.14223, 40.54214], [-74.14219, 40.54207], [-74.14219, 40.54206], [-74.14218, 40.54205], [-74.14218, 40.54204], [-74.14218, 40.54203], [-74.14218, 40.54203], [-74.14218, 40.54202], [-74.14219, 40.54201], [-74.14219, 40.542], [-74.14219, 40.54199], [-74.14219, 40.54198], [-74.14219, 40.54197], [-74.1422, 40.54197], [-74.1422, 40.54196], [-74.14221, 40.54195], [-74.14221, 40.54194], [-74.14222, 40.54193], [-74.14224, 40.54189], [-74.14224, 40.54188], [-74.14225, 40.54187], [-74.14225, 40.54186], [-74.14226, 40.54185], [-74.14227, 40.54184], [-74.14228, 40.54183], [-74.14231, 40.54177], [-74.14232, 40.54176], [-74.14232, 40.54174], [-74.14233, 40.54173], [-74.14233, 40.54172], [-74.14234, 40.5417], [-74.14234, 40.5417], [-74.14235, 40.54169], [-74.14235, 40.54169], [-74.14235, 40.54168], [-74.14235, 40.54168], [-74.14235, 40.54167], [-74.14235, 40.54166], [-74.14235, 40.54166], [-74.14235, 40.54165], [-74.14232, 40.54159], [-74.14232, 40.54158], [-74.14232, 40.54157], [-74.14233, 40.54156], [-74.14233, 40.54155], [-74.14233, 40.54153], [-74.14233, 40.54152], [-74.14234, 40.54151], [-74.14234, 40.5415], [-74.14235, 40.54149], [-74.14236, 40.54148], [-74.14237, 40.54146], [-74.14238, 40.54145], [-74.1424, 40.54144], [-74.14241, 40.54143], [-74.14242, 40.54143], [-74.14243, 40.54142], [-74.14243, 40.54142], [-74.14244, 40.54141], [-74.14245, 40.5414], [-74.14245, 40.5414], [-74.14246, 40.54139], [-74.14246, 40.54138], [-74.14247, 40.54137], [-74.14247, 40.54137], [-74.14247, 40.54136], [-74.14248, 40.54135], [-74.14248, 40.54134], [-74.14248, 40.54134], [-74.14248, 40.54133], [-74.14248, 40.54133], [-74.14247, 40.54132], [-74.14247, 40.54132], [-74.14247, 40.54131], [-74.14246, 40.54131], [-74.14246, 40.5413], [-74.14245, 40.5413], [-74.14245, 40.54129], [-74.14244, 40.54128], [-74.14244, 40.54127], [-74.14243, 40.54126], [-74.14243, 40.54125], [-74.14242, 40.54124], [-74.14242, 40.54123], [-74.14242, 40.54122], [-74.14241, 40.54121], [-74.1424, 40.5412], [-74.1424, 40.54119], [-74.14239, 40.54118], [-74.14238, 40.54117], [-74.14237, 40.54117], [-74.14236, 40.54116], [-74.14235, 40.54115], [-74.14234, 40.54113], [-74.14233, 40.54112], [-74.14232, 40.54111], [-74.14232, 40.5411], [-74.1423, 40.54109], [-74.14229, 40.54107], [-74.14228, 40.54105], [-74.14227, 40.54104], [-74.14225, 40.54103], [-74.14224, 40.54101], [-74.14223, 40.541], [-74.14222, 40.54098], [-74.14221, 40.54097], [-74.1422, 40.54096], [-74.1422, 40.54095], [-74.1422, 40.54094], [-74.1422, 40.54093], [-74.14219, 40.54092], [-74.1422, 40.5409], [-74.1422, 40.54089], [-74.14221, 40.54088], [-74.14221, 40.54087], [-74.14222, 40.54086], [-74.14222, 40.54085], [-74.14224, 40.54084], [-74.14226, 40.54083], [-74.14227, 40.54081], [-74.14227, 40.54081], [-74.14226, 40.5408], [-74.14226, 40.5408], [-74.14225, 40.54079], [-74.14225, 40.54078], [-74.14224, 40.54078], [-74.14224, 40.54077], [-74.14223, 40.54077], [-74.14222, 40.54076], [-74.14221, 40.54075], [-74.14219, 40.54074], [-74.14218, 40.54073], [-74.14217, 40.54073], [-74.14216, 40.54072], [-74.14214, 40.54071], [-74.14212, 40.5407], [-74.1421, 40.54069], [-74.14207, 40.54068], [-74.14207, 40.54067], [-74.14206, 40.54067], [-74.14205, 40.54066], [-74.14205, 40.54066], [-74.14204, 40.54065], [-74.14204, 40.54064], [-74.14203, 40.54064], [-74.14203, 40.54063], [-74.14203, 40.54062], [-74.14203, 40.54061], [-74.14203, 40.5406], [-74.14203, 40.5406], [-74.14203, 40.54059], [-74.14203, 40.54059], [-74.14203, 40.54058], [-74.14203, 40.54057], [-74.14204, 40.54057], [-74.14204, 40.54056], [-74.14205, 40.54056], [-74.14205, 40.54055], [-74.14206, 40.54055], [-74.14206, 40.54055], [-74.14207, 40.54054], [-74.14207, 40.54054], [-74.14207, 40.54053], [-74.14207, 40.54052], [-74.14208, 40.54052], [-74.14208, 40.54051], [-74.14207, 40.5405], [-74.14206, 40.54049], [-74.14205, 40.54047], [-74.14204, 40.54046], [-74.14203, 40.54044], [-74.14202, 40.54043], [-74.14201, 40.54042], [-74.142, 40.54041], [-74.14199, 40.5404], [-74.14199, 40.5404], [-74.14198, 40.54039], [-74.14197, 40.54038], [-74.14195, 40.54038], [-74.14194, 40.54038], [-74.14193, 40.54037], [-74.14192, 40.54037], [-74.14191, 40.54036], [-74.14191, 40.54036], [-74.1419, 40.54035], [-74.1419, 40.54034], [-74.1419, 40.54033], [-74.1419, 40.54032], [-74.1419, 40.54032], [-74.1419, 40.54031], [-74.14191, 40.5403], [-74.14191, 40.54029], [-74.14191, 40.54028], [-74.14191, 40.54027], [-74.14191, 40.54026], [-74.14191, 40.54025], [-74.14191, 40.54024], [-74.14191, 40.54023], [-74.14191, 40.54022], [-74.1419, 40.54021], [-74.14189, 40.54019], [-74.14189, 40.54018], [-74.14188, 40.54017], [-74.14187, 40.54016], [-74.14186, 40.54015], [-74.14184, 40.54014], [-74.14183, 40.54012], [-74.14182, 40.54011], [-74.14181, 40.54011], [-74.1418, 40.54011], [-74.1418, 40.54011], [-74.14179, 40.54011], [-74.14179, 40.5401], [-74.14179, 40.5401], [-74.14178, 40.5401], [-74.14178, 40.54009], [-74.14178, 40.54009], [-74.14178, 40.54008], [-74.14177, 40.54008], [-74.14177, 40.54008], [-74.14178, 40.54007], [-74.14178, 40.54007], [-74.14178, 40.54006], [-74.14178, 40.54006], [-74.14178, 40.54005], [-74.14179, 40.54005], [-74.14179, 40.54005], [-74.1418, 40.54004], [-74.1418, 40.54004], [-74.14181, 40.54004], [-74.14181, 40.54004], [-74.14182, 40.54004], [-74.14183, 40.54004], [-74.14183, 40.54004], [-74.14184, 40.54004], [-74.14184, 40.54004], [-74.14185, 40.54004], [-74.14186, 40.54003], [-74.14186, 40.54003], [-74.14187, 40.54002], [-74.14187, 40.54002], [-74.14188, 40.54001], [-74.14188, 40.54001], [-74.14188, 40.54], [-74.14189, 40.53999], [-74.14189, 40.53999], [-74.14189, 40.53998], [-74.14189, 40.53997], [-74.14189, 40.53996], [-74.14189, 40.53995], [-74.14188, 40.53994], [-74.14188, 40.53993], [-74.14188, 40.53992], [-74.14188, 40.53991], [-74.14187, 40.5399], [-74.14187, 40.53989], [-74.14186, 40.53988], [-74.14185, 40.53986], [-74.14185, 40.53985], [-74.14184, 40.53984], [-74.14184, 40.53982], [-74.14184, 40.53981], [-74.14183, 40.53979], [-74.14183, 40.53979], [-74.14183, 40.53978], [-74.14183, 40.53977], [-74.14184, 40.53976], [-74.14184, 40.53975], [-74.14184, 40.53975], [-74.14184, 40.53974], [-74.14185, 40.53973], [-74.14185, 40.53972], [-74.14186, 40.53972], [-74.14187, 40.53971], [-74.14187, 40.5397], [-74.14188, 40.5397], [-74.14189, 40.53969], [-74.14196, 40.53968], [-74.14198, 40.53966], [-74.14201, 40.53962], [-74.14201, 40.53957], [-74.14198, 40.53954], [-74.14193, 40.5395], [-74.14188, 40.53946], [-74.14183, 40.53942], [-74.14177, 40.53939], [-74.14174, 40.53937], [-74.14173, 40.53934], [-74.14174, 40.53931], [-74.14176, 40.53928], [-74.14189, 40.53921], [-74.14203, 40.53918], [-74.1421, 40.53916], [-74.14217, 40.53915], [-74.14222, 40.53914], [-74.14227, 40.5391], [-74.1423, 40.53907], [-74.14224, 40.53903], [-74.14226, 40.53901], [-74.14234, 40.53895], [-74.14215, 40.53882], [-74.14177, 40.53854], [-74.14227, 40.53814], [-74.14225, 40.53813], [-74.14221, 40.53816], [-74.14221, 40.53817], [-74.14187, 40.53844], [-74.14184, 40.53842], [-74.1422, 40.53813], [-74.14221, 40.53813], [-74.14223, 40.53811], [-74.1422, 40.53809], [-74.14208, 40.538], [-74.14217, 40.53793], [-74.14215, 40.53792], [-74.14214, 40.53792], [-74.14122, 40.53725], [-74.1412, 40.53725], [-74.14107, 40.53737], [-74.14104, 40.53735], [-74.1412, 40.53722], [-74.1413, 40.53714], [-74.14132, 40.53715], [-74.14124, 40.53722], [-74.14124, 40.53723], [-74.14218, 40.53789], [-74.14216, 40.5379], [-74.14219, 40.53792], [-74.14239, 40.53775], [-74.14158, 40.53709], [-74.14173, 40.53704], [-74.14305, 40.53724], [-74.14349, 40.53724], [-74.14354, 40.53724], [-74.1436, 40.53724], [-74.14365, 40.53723], [-74.1437, 40.53721], [-74.14375, 40.53719], [-74.14379, 40.53717], [-74.14383, 40.53714], [-74.14392, 40.53708], [-74.14399, 40.53701], [-74.14406, 40.53694], [-74.14413, 40.53687], [-74.14418, 40.53679], [-74.14423, 40.53672], [-74.14428, 40.53664], [-74.14428, 40.53657], [-74.1443, 40.53653], [-74.14437, 40.53639], [-74.14439, 40.53636], [-74.14456, 40.53595], [-74.14474, 40.5358], [-74.14479, 40.53579], [-74.14489, 40.5358], [-74.14507, 40.53584], [-74.14536, 40.53586], [-74.14555, 40.53576], [-74.14574, 40.53567], [-74.14582, 40.53562], [-74.14585, 40.5356], [-74.14588, 40.53557], [-74.14591, 40.53553], [-74.14593, 40.5355], [-74.14594, 40.53546], [-74.14594, 40.53542], [-74.14599, 40.53538], [-74.14626, 40.53554], [-74.1467, 40.53541], [-74.14702, 40.53532], [-74.14794, 40.53492], [-74.14851, 40.53461], [-74.1487, 40.53451], [-74.14922, 40.53424], [-74.14978, 40.53389], [-74.14978, 40.53383], [-74.14972, 40.53349], [-74.14976, 40.53342], [-74.14981, 40.53336], [-74.14986, 40.5333], [-74.14992, 40.53324], [-74.14999, 40.53319], [-74.15002, 40.53317], [-74.15013, 40.53309], [-74.1503, 40.53292], [-74.15026, 40.5329], [-74.15024, 40.53292], [-74.15022, 40.5329], [-74.15027, 40.53286], [-74.15029, 40.53288], [-74.15028, 40.53289], [-74.15032, 40.53291], [-74.15049, 40.53275], [-74.1507, 40.53255], [-74.15102, 40.53271], [-74.1511, 40.53274], [-74.15112, 40.53274], [-74.15125, 40.53268], [-74.15145, 40.5326], [-74.15176, 40.5324], [-74.15176, 40.5324], [-74.15176, 40.53239], [-74.15177, 40.53239], [-74.15177, 40.53238], [-74.15177, 40.53238], [-74.15176, 40.53237], [-74.15176, 40.53237], [-74.15176, 40.53236], [-74.15173, 40.53235], [-74.15171, 40.53233], [-74.1517, 40.53232], [-74.1517, 40.53232], [-74.15169, 40.53231], [-74.15169, 40.5323], [-74.15168, 40.5323], [-74.15168, 40.53229], [-74.15168, 40.53228], [-74.15168, 40.53228], [-74.15169, 40.53227], [-74.15169, 40.53226], [-74.1517, 40.53226], [-74.15177, 40.53221], [-74.15185, 40.53216], [-74.15189, 40.53216], [-74.15192, 40.53215], [-74.15195, 40.53215], [-74.15198, 40.53216], [-74.15202, 40.53217], [-74.15204, 40.53218], [-74.15207, 40.53218], [-74.1521, 40.53217], [-74.15213, 40.53217], [-74.15216, 40.53216], [-74.15218, 40.53214], [-74.15218, 40.53214], [-74.15223, 40.53212], [-74.15227, 40.53211], [-74.15232, 40.5321], [-74.15235, 40.5321], [-74.15239, 40.53209], [-74.15242, 40.53208], [-74.15246, 40.53207], [-74.15277, 40.53181], [-74.15355, 40.53118], [-74.15365, 40.53111], [-74.15373, 40.53105], [-74.15384, 40.53096], [-74.15399, 40.53083], [-74.15413, 40.53072], [-74.15414, 40.53071], [-74.15412, 40.53069], [-74.15405, 40.53062], [-74.15404, 40.53061], [-74.15405, 40.53059], [-74.15406, 40.53058], [-74.15408, 40.53059], [-74.15421, 40.53066], [-74.15422, 40.53067], [-74.15423, 40.53066], [-74.15424, 40.53064], [-74.15431, 40.53059], [-74.15437, 40.53055], [-74.15438, 40.53053], [-74.15436, 40.53051], [-74.15435, 40.53049], [-74.15435, 40.53048], [-74.15454, 40.5303], [-74.15457, 40.53032], [-74.15461, 40.53034], [-74.15463, 40.53034], [-74.15464, 40.53033], [-74.15466, 40.53032], [-74.1547, 40.53025], [-74.1545, 40.5301], [-74.15454, 40.53006], [-74.15493, 40.53023], [-74.15505, 40.53015], [-74.15516, 40.53008], [-74.15527, 40.53], [-74.15537, 40.52991], [-74.15547, 40.52983], [-74.15556, 40.52974], [-74.15565, 40.52964], [-74.15547, 40.52948], [-74.1555, 40.52944], [-74.15573, 40.5296], [-74.15586, 40.52951], [-74.15599, 40.52942], [-74.15611, 40.52932], [-74.15622, 40.52922], [-74.15633, 40.52911], [-74.15643, 40.529], [-74.15646, 40.52897], [-74.15609, 40.52864], [-74.15617, 40.5286], [-74.15667, 40.52899], [-74.15677, 40.52902], [-74.15702, 40.52898], [-74.15721, 40.52884], [-74.15761, 40.52866], [-74.1579, 40.52853], [-74.15826, 40.5283], [-74.15795, 40.52808], [-74.15797, 40.52807], [-74.15833, 40.52828], [-74.15849, 40.5282], [-74.15864, 40.52812], [-74.15868, 40.5281], [-74.1589, 40.52794], [-74.15917, 40.52767], [-74.15928, 40.52751], [-74.1594, 40.52743], [-74.1597, 40.5273], [-74.15988, 40.52737], [-74.16006, 40.52763], [-74.16043, 40.52812], [-74.16086, 40.52872], [-74.16135, 40.52937], [-74.16123, 40.52942], [-74.16037, 40.52978], [-74.15851, 40.53057], [-74.1573, 40.53108], [-74.15717, 40.53113], [-74.15703, 40.53119], [-74.15691, 40.53126], [-74.15679, 40.53134], [-74.15669, 40.53143], [-74.15602, 40.53211], [-74.15553, 40.53263], [-74.15503, 40.53316], [-74.15447, 40.53375], [-74.15439, 40.53384], [-74.15416, 40.53407], [-74.15397, 40.53427], [-74.15405, 40.53431], [-74.15593, 40.53535], [-74.15704, 40.53597], [-74.15722, 40.53608], [-74.15739, 40.53619], [-74.15755, 40.53631], [-74.15771, 40.53643], [-74.15787, 40.53656], [-74.15801, 40.53669], [-74.15815, 40.53682], [-74.15829, 40.53696], [-74.15842, 40.53711], [-74.15854, 40.53725], [-74.15914, 40.5379], [-74.15956, 40.53833], [-74.16102, 40.5399], [-74.16253, 40.5415], [-74.16359, 40.54264], [-74.16423, 40.5433], [-74.16479, 40.5438], [-74.16526, 40.54424], [-74.1654, 40.54443], [-74.16549, 40.54465], [-74.16574, 40.5454], [-74.1662, 40.54711], [-74.16623, 40.54734], [-74.16683, 40.54778], [-74.16689, 40.54784], [-74.16694, 40.5479], [-74.16698, 40.54796], [-74.16702, 40.54803], [-74.16705, 40.54809], [-74.16707, 40.54816], [-74.16709, 40.54823], [-74.1671, 40.5483], [-74.1671, 40.54838], [-74.1671, 40.54845], [-74.16726, 40.54917], [-74.16742, 40.54988], [-74.16757, 40.55057], [-74.16774, 40.55129], [-74.16777, 40.55144], [-74.16787, 40.55189], [-74.1679, 40.552], [-74.16805, 40.55272], [-74.1681, 40.55295], [-74.16821, 40.55343], [-74.16837, 40.55413], [-74.16852, 40.55485], [-74.16868, 40.55557], [-74.16884, 40.55627], [-74.169, 40.55697], [-74.16917, 40.5577], [-74.16932, 40.55841], [-74.16948, 40.55913], [-74.16974, 40.56025], [-74.16978, 40.56039], [-74.1698, 40.56053], [-74.16982, 40.56067], [-74.16983, 40.56081], [-74.16983, 40.56095], [-74.16983, 40.56109], [-74.16689, 40.56048], [-74.16589, 40.56028], [-74.16494, 40.56011], [-74.16378, 40.56032], [-74.16272, 40.56077], [-74.16193, 40.56111], [-74.16153, 40.56127], [-74.16097, 40.56146], [-74.16006, 40.56171], [-74.15916, 40.56194], [-74.15826, 40.5622], [-74.15741, 40.5625], [-74.15726, 40.56255], [-74.15726, 40.56255], [-74.15726, 40.56255], [-74.15712, 40.56262], [-74.15712, 40.56262], [-74.15712, 40.56262], [-74.15698, 40.5627], [-74.15698, 40.5627], [-74.15698, 40.5627], [-74.15686, 40.56279], [-74.15686, 40.56279], [-74.15686, 40.56279], [-74.15675, 40.56289], [-74.15585, 40.56377], [-74.15511, 40.56494], [-74.15503, 40.56509], [-74.15493, 40.56524], [-74.1548, 40.56538], [-74.15466, 40.56551], [-74.15451, 40.56563], [-74.15434, 40.56574], [-74.15416, 40.56584], [-74.15358, 40.56625], [-74.15296, 40.56678], [-74.15228, 40.56739], [-74.15172, 40.56789], [-74.15147, 40.56805], [-74.15124, 40.56822], [-74.151, 40.56839], [-74.15078, 40.56857], [-74.15055, 40.56875], [-74.15033, 40.56893], [-74.14984, 40.56936], [-74.1479, 40.57089], [-74.14721, 40.57053], [-74.14714, 40.57052], [-74.14707, 40.57051]]]}}, {"type": "Feature", "properties": {"zone_id": 110, "zone": "Great Kills Park", "borough": "Staten Island", "demand": 0}, "geometry": {"type": "Polygon", "coordinates": [[[-74.11814, 40.55059], [-74.11656, 40.54913], [-74.11496, 40.54958], [-74.11458, 40.54928], [-74.11445, 40.54917], [-74.11395, 40.54873], [-74.11338, 40.54807], [-74.11341, 40.54807], [-74.11344, 40.54806], [-74.11375, 40.54802], [-74.11387, 40.54809], [-74.11474, 40.548], [-74.11497, 40.54789], [-74.11523, 40.5476], [-74.11527, 40.54757], [-74.11531, 40.54755], [-74.11536, 40.54753], [-74.11541, 40.54752], [-74.11546, 40.54752], [-74.11551, 40.54752], [-74.11557, 40.54753], [-74.11561, 40.54754], [-74.11565, 40.5476], [-74.1157, 40.54765], [-74.11575, 40.5477], [-74.11581, 40.54774], [-74.11587, 40.54778], [-74.11594, 40.54781], [-74.11601, 40.54784], [-74.11608, 40.54786], [-74.11616, 40.54788], [-74.11623, 40.54789], [-74.11631, 40.5479], [-74.11639, 40.5479], [-74.11647, 40.54789], [-74.11655, 40.54787], [-74.11676, 40.54775], [-74.11698, 40.54763], [-74.11708, 40.54757], [-74.11719, 40.54751], [-74.1173, 40.54746], [-74.11742, 40.54742], [-74.11754, 40.54739], [-74.11766, 40.54736], [-74.11779, 40.54733], [-74.11791, 40.54732], [-74.11804, 40.54731], [-74.11817, 40.54721], [-74.1183, 40.54711], [-74.11841, 40.547], [-74.11853, 40.5469], [-74.11863, 40.54678], [-74.11873, 40.54667], [-74.11883, 40.54655], [-74.11891, 40.54643], [-74.11899, 40.54631], [-74.11908, 40.54618], [-74.11917, 40.54606], [-74.11926, 40.54594], [-74.11934, 40.54585], [-74.11943, 40.54576], [-74.11949, 40.54569], [-74.11955, 40.54563], [-74.11962, 40.54557], [-74.1197, 40.54552], [-74.11978, 40.54547], [-74.11986, 40.54543], [-74.11996, 40.54539], [-74.12005, 40.54536], [-74.12015, 40.54533], [-74.12025, 40.54531], [-74.12035, 40.5453], [-74.12041, 40.54528], [-74.12046, 40.54527], [-74.12052, 40.54527], [-74.12059, 40.54527], [-74.12066, 40.54527], [-74.12079, 40.54528], [-74.12092, 40.54529], [-74.12106, 40.54529], [-74.12119, 40.54528], [-74.12132, 40.54526], [-74.12145, 40.54524], [-74.12158, 40.54521], [-74.12171, 40.54517], [-74.12183, 40.54513], [-74.12194, 40.54508], [-74.12206, 40.54502], [-74.12216, 40.54496], [-74.12245, 40.54477], [-74.12424, 40.54311], [-74.12575, 40.54131], [-74.12638, 40.54052], [-74.12762, 40.53872], [-74.13071, 40.53453], [-74.13356, 40.53151], [-74.13528, 40.53029], [-74.13619, 40.52962], [-74.13691, 40.52928], [-74.13729, 40.52974], [-74.13744, 40.52968], [-74.13793, 40.52967], [-74.13804, 40.52967], [-74.13815, 40.52968], [-74.13825, 40.52969], [-74.13836, 40.52971], [-74.13846, 40.52974], [-74.13856, 40.52977], [-74.13865, 40.5298], [-74.13874, 40.52984], [-74.13883, 40.52989], [-74.13888, 40.52996], [-74.13893, 40.53003], [-74.13897, 40.53011], [-74.139, 40.53019], [-74.13902, 40.53027], [-74.13903, 40.53035], [-74.13904, 40.53043], [-74.13903, 40.53052], [-74.13902, 40.5306], [-74.139, 40.53068], [-74.139, 40.5308], [-74.139, 40.53092], [-74.13902, 40.53104], [-74.13904, 40.53116], [-74.13907, 40.53128], [-74.13911, 40.5314], [-74.13915, 40.53152], [-74.1392, 40.53164], [-74.14027, 40.5333], [-74.14061, 40.53413], [-74.14062, 40.53424], [-74.14063, 40.53436], [-74.14062, 40.53447], [-74.14061, 40.53459], [-74.14059, 40.5347], [-74.14055, 40.53481], [-74.14051, 40.53492], [-74.14049, 40.535], [-74.14046, 40.53507], [-74.14042, 40.53515], [-74.14038, 40.53522], [-74.14033, 40.53528], [-74.14026, 40.53535], [-74.1402, 40.53541], [-74.14015, 40.53543], [-74.1401, 40.53544], [-74.14005, 40.53545], [-74.14, 40.53546], [-74.13995, 40.53546], [-74.13948, 40.53536], [-74.13928, 40.53532], [-74.13907, 40.53529], [-74.13886, 40.53526], [-74.13865, 40.53524], [-74.13844, 40.53522], [-74.13822, 40.53521], [-74.13801, 40.5352], [-74.13508, 40.53524], [-74.13491, 40.53527], [-74.13474, 40.5353], [-74.13458, 40.53534], [-74.13442, 40.53539], [-74.13426, 40.53544], [-74.1341, 40.53549], [-74.13395, 40.53557], [-74.13381, 40.53564], [-74.13367, 40.53572], [-74.13354, 40.53581], [-74.13341, 40.5359], [-74.13327, 40.53601], [-74.13315, 40.53612], [-74.13303, 40.53624], [-74.13321, 40.53629], [-74.13322, 40.53628], [-74.13338, 40.53632], [-74.13337, 40.53636], [-74.13321, 40.53631], [-74.1332, 40.53631], [-74.13301, 40.53626], [-74.13297, 40.53629], [-74.13317, 40.53636], [-74.13316, 40.53637], [-74.13309, 40.53635], [-74.13308, 40.5364], [-74.13294, 40.53632], [-74.1312, 40.53787], [-74.13128, 40.53793], [-74.13133, 40.53789], [-74.13132, 40.53788], [-74.13151, 40.53771], [-74.13153, 40.53772], [-74.13135, 40.53787], [-74.13136, 40.53788], [-74.13138, 40.53789], [-74.13129, 40.53796], [-74.13136, 40.538], [-74.13173, 40.53825], [-74.13181, 40.53831], [-74.13211, 40.53805], [-74.13203, 40.538], [-74.13202, 40.53799], [-74.13194, 40.53794], [-74.13193, 40.53793], [-74.13185, 40.53788], [-74.13184, 40.53787], [-74.13177, 40.53782], [-74.1317, 40.53788], [-74.13168, 40.53787], [-74.1317, 40.53786], [-74.13172, 40.53784], [-74.13176, 40.53781], [-74.13177, 40.5378], [-74.13182, 40.53776], [-74.13183, 40.53775], [-74.13185, 40.53773], [-74.13186, 40.53774], [-74.13179, 40.5378], [-74.13186, 40.53785], [-74.13203, 40.53797], [-74.13204, 40.53797], [-74.13205, 40.53798], [-74.13214, 40.53803], [-74.13222, 40.53796], [-74.13222, 40.53796], [-74.13243, 40.53778], [-74.13235, 40.53772], [-74.132, 40.53748], [-74.13192, 40.53754], [-74.13191, 40.53753], [-74.13194, 40.53751], [-74.13198, 40.53748], [-74.13199, 40.53747], [-74.132, 40.53746], [-74.13205, 40.53742], [-74.13206, 40.53741], [-74.13208, 40.53739], [-74.13209, 40.5374], [-74.13202, 40.53746], [-74.13209, 40.53751], [-74.13213, 40.53754], [-74.13218, 40.53757], [-74.13228, 40.53764], [-74.13236, 40.5377], [-74.13237, 40.5377], [-74.13245, 40.53776], [-74.13276, 40.5375], [-74.13267, 40.53744], [-74.13257, 40.53737], [-74.13254, 40.53736], [-74.13248, 40.53731], [-74.13243, 40.53728], [-74.13239, 40.53725], [-74.13232, 40.53721], [-74.13225, 40.53727], [-74.13224, 40.53726], [-74.13226, 40.53724], [-74.13227, 40.53724], [-74.13232, 40.53719], [-74.1324, 40.53712], [-74.13241, 40.53713], [-74.13239, 40.53714], [-74.13239, 40.53714], [-74.13234, 40.53719], [-74.13241, 40.53724], [-74.13269, 40.53743], [-74.13278, 40.53748], [-74.13307, 40.53723], [-74.133, 40.53717], [-74.13298, 40.53716], [-74.13291, 40.53712], [-74.1329, 40.53711], [-74.13287, 40.53709], [-74.13281, 40.53705], [-74.13273, 40.53699], [-74.13272, 40.53699], [-74.13265, 40.53694], [-74.13257, 40.537], [-74.13256, 40.53699], [-74.13258, 40.53697], [-74.13262, 40.53695], [-74.13264, 40.53692], [-74.13265, 40.53692], [-74.13267, 40.5369], [-74.13271, 40.53687], [-74.13274, 40.53685], [-74.13274, 40.53686], [-74.13267, 40.53692], [-74.13274, 40.53697], [-74.13275, 40.53698], [-74.13283, 40.53703], [-74.13284, 40.53704], [-74.13292, 40.53709], [-74.13293, 40.5371], [-74.133, 40.53715], [-74.13302, 40.53716], [-74.1331, 40.53721], [-74.13318, 40.53714], [-74.13318, 40.53714], [-74.13339, 40.53696], [-74.13331, 40.5369], [-74.1333, 40.53689], [-74.13322, 40.53684], [-74.13321, 40.53683], [-74.13313, 40.53678], [-74.13312, 40.53677], [-74.13304, 40.53672], [-74.13303, 40.53671], [-74.13296, 40.53666], [-74.13289, 40.53673], [-74.13287, 40.53672], [-74.13289, 40.5367], [-74.1329, 40.53669], [-74.13295, 40.53665], [-74.13301, 40.53659], [-74.13304, 40.53657], [-74.13304, 40.53658], [-74.13297, 40.53664], [-74.13305, 40.53669], [-74.13329, 40.53686], [-74.13332, 40.53687], [-74.13333, 40.53688], [-74.13341, 40.53694], [-74.13368, 40.53671], [-74.13369, 40.5367], [-74.13367, 40.53669], [-74.13381, 40.53656], [-74.13386, 40.5366], [-74.1336, 40.53682], [-74.13321, 40.53715], [-74.13278, 40.53752], [-74.13247, 40.53779], [-74.1322, 40.53801], [-74.13194, 40.53824], [-74.13118, 40.53889], [-74.13105, 40.539], [-74.13063, 40.53937], [-74.13008, 40.53985], [-74.13008, 40.53984], [-74.13007, 40.53985], [-74.13008, 40.53986], [-74.12997, 40.53997], [-74.12994, 40.53995], [-74.13005, 40.53984], [-74.13006, 40.53984], [-74.13006, 40.53984], [-74.13006, 40.53983], [-74.13021, 40.5397], [-74.13013, 40.53965], [-74.12993, 40.53952], [-74.12985, 40.53947], [-74.12976, 40.53942], [-74.12969, 40.53948], [-74.12968, 40.53947], [-74.12985, 40.53933], [-74.12986, 40.53934], [-74.12978, 40.5394], [-74.13012, 40.53962], [-74.13013, 40.53962], [-74.13014, 40.53963], [-74.13023, 40.53968], [-74.13052, 40.53943], [-74.13043, 40.53936], [-74.13016, 40.53917], [-74.13008, 40.53912], [-74.13001, 40.53918], [-74.13, 40.53917], [-74.13017, 40.53903], [-74.13018, 40.53904], [-74.13011, 40.5391], [-74.13045, 40.53934], [-74.13054, 40.53941], [-74.13084, 40.53915], [-74.13075, 40.53909], [-74.13074, 40.53908], [-74.13066, 40.53903], [-74.13065, 40.53902], [-74.13058, 40.53897], [-74.13056, 40.53896], [-74.1305, 40.53891], [-74.13048, 40.5389], [-74.13041, 40.53885], [-74.13033, 40.53891], [-74.13032, 40.5389], [-74.13034, 40.53888], [-74.13035, 40.53888], [-74.1304, 40.53883], [-74.13045, 40.53879], [-74.13046, 40.53878], [-74.13047, 40.53877], [-74.13049, 40.53876], [-74.1305, 40.53877], [-74.13043, 40.53883], [-74.13066, 40.53899], [-74.13067, 40.539], [-74.13072, 40.53904], [-74.13076, 40.53906], [-74.13077, 40.53907], [-74.13086, 40.53913], [-74.13115, 40.53887], [-74.13107, 40.53882], [-74.13103, 40.53879], [-74.13099, 40.53876], [-74.13097, 40.53875], [-74.13089, 40.5387], [-74.13088, 40.53869], [-74.1308, 40.53864], [-74.13072, 40.53858], [-74.13065, 40.53864], [-74.13064, 40.53864], [-74.13065, 40.53862], [-74.13066, 40.53861], [-74.13071, 40.53857], [-74.13072, 40.53856], [-74.13073, 40.53856], [-74.13078, 40.53851], [-74.1308, 40.53849], [-74.13081, 40.5385], [-74.13074, 40.53856], [-74.13081, 40.53861], [-74.13109, 40.5388], [-74.13117, 40.53886], [-74.13147, 40.5386], [-74.13139, 40.53854], [-74.13138, 40.53854], [-74.1313, 40.53848], [-74.13129, 40.53848], [-74.13121, 40.53842], [-74.1312, 40.53841], [-74.13113, 40.53836], [-74.13112, 40.53836], [-74.13104, 40.5383], [-74.13097, 40.53837], [-74.13096, 40.53836], [-74.13098, 40.53834], [-74.13099, 40.53833], [-74.13103, 40.53829], [-74.13104, 40.53828], [-74.13107, 40.53827], [-74.1311, 40.53823], [-74.13112, 40.53822], [-74.13113, 40.53823], [-74.13106, 40.53829], [-74.13114, 40.53834], [-74.13115, 40.53834], [-74.13123, 40.5384], [-74.13142, 40.53853], [-74.1315, 40.53858], [-74.13179, 40.53833], [-74.13171, 40.53827], [-74.1317, 40.53826], [-74.13162, 40.53821], [-74.13161, 40.5382], [-74.13153, 40.53815], [-74.13152, 40.53814], [-74.13145, 40.53809], [-74.13143, 40.53808], [-74.13139, 40.53805], [-74.13135, 40.53802], [-74.13128, 40.53798], [-74.13126, 40.53796], [-74.13117, 40.5379], [-74.13087, 40.53816], [-74.12882, 40.53999], [-74.12879, 40.53996], [-74.12861, 40.5401], [-74.12845, 40.54025], [-74.12829, 40.5404], [-74.12813, 40.54055], [-74.12799, 40.54071], [-74.12789, 40.54085], [-74.12779, 40.541], [-74.12771, 40.54115], [-74.12763, 40.5413], [-74.12756, 40.54145], [-74.1275, 40.54161], [-74.12746, 40.54174], [-74.12743, 40.54188], [-74.12741, 40.54202], [-74.12739, 40.54216], [-74.12739, 40.5423], [-74.12739, 40.54243], [-74.12741, 40.54257], [-74.12744, 40.54274], [-74.12749, 40.5429], [-74.12754, 40.54306], [-74.1276, 40.54322], [-74.12767, 40.54338], [-74.1277, 40.54337], [-74.12773, 40.54342], [-74.1279, 40.54337], [-74.12787, 40.54332], [-74.12789, 40.54331], [-74.12793, 40.54337], [-74.12769, 40.54346], [-74.12757, 40.5435], [-74.12763, 40.54361], [-74.12775, 40.54357], [-74.12799, 40.54348], [-74.12803, 40.54355], [-74.12801, 40.54356], [-74.12798, 40.54351], [-74.12782, 40.54356], [-74.12795, 40.54376], [-74.12809, 40.54396], [-74.12823, 40.54415], [-74.12838, 40.54434], [-74.12854, 40.54453], [-74.12871, 40.54471], [-74.12886, 40.54489], [-74.12902, 40.54506], [-74.12918, 40.54523], [-74.12936, 40.54539], [-74.12945, 40.54548], [-74.12955, 40.54558], [-74.12965, 40.54566], [-74.12976, 40.54575], [-74.12987, 40.54583], [-74.12999, 40.5459], [-74.13011, 40.54598], [-74.13026, 40.54605], [-74.13041, 40.54613], [-74.13057, 40.54619], [-74.13073, 40.54626], [-74.13089, 40.54631], [-74.13111, 40.54639], [-74.13133, 40.54646], [-74.13155, 40.54652], [-74.13178, 40.54659], [-74.132, 40.54664], [-74.13258, 40.54675], [-74.13275, 40.54679], [-74.13292, 40.54681], [-74.13309, 40.54683], [-74.13326, 40.54685], [-74.13343, 40.54685], [-74.13347, 40.54686], [-74.13364, 40.54685], [-74.13382, 40.54685], [-74.134, 40.54683], [-74.13418, 40.54681], [-74.13436, 40.54679], [-74.13453, 40.54676], [-74.13476, 40.54672], [-74.13498, 40.54668], [-74.1352, 40.54663], [-74.13542, 40.54657], [-74.13564, 40.54652], [-74.13586, 40.54645], [-74.13701, 40.54697], [-74.13745, 40.54731], [-74.1382, 40.54803], [-74.13862, 40.54845], [-74.13862, 40.54849], [-74.1377, 40.54938], [-74.13739, 40.54959], [-74.13607, 40.55043], [-74.13528, 40.55086], [-74.13456, 40.55125], [-74.13317, 40.55236], [-74.13178, 40.55349], [-74.13109, 40.55397], [-74.13042, 40.55444], [-74.12976, 40.55503], [-74.12896, 40.55577], [-74.12812, 40.55653], [-74.1273, 40.5573], [-74.12725, 40.55727], [-74.12573, 40.55633], [-74.12402, 40.55523], [-74.1238, 40.55508], [-74.1227, 40.55436], [-74.12076, 40.55308], [-74.11946, 40.55222], [-74.11936, 40.55214], [-74.11852, 40.55143], [-74.11876, 40.55122], [-74.11814, 40.55059]]]}}, {"type": "Feature", "properties": {"zone_id": 111, "zone": "Green-Wood Cemetery", "borough": "Brooklyn", "demand": 0}, "geometry": {"type": "Polygon", "coordinates": [[[-73.99517, 40.65967], [-73.99296, 40.65834], [-73.99238, 40.6589], [-73.99019, 40.6576], [-73.98959, 40.65813], [-73.98901, 40.65869], [-73.98843, 40.65925], [-73.98623, 40.65792], [-73.98402, 40.65659], [-73.9818, 40.65525], [-73.98145, 40.65342], [-73.9813, 40.65264], [-73.98111, 40.65159], [-73.98105, 40.6513], [-73.98071, 40.64952], [-73.98036, 40.64769], [-73.98029, 40.6473], [-73.98133, 40.64718], [-73.98181, 40.64713], [-73.98231, 40.64693], [-73.98307, 40.64662], [-73.98528, 40.64577], [-73.98835, 40.64456], [-73.98906, 40.64412], [-73.99181, 40.64578], [-73.99393, 40.64707], [-73.99605, 40.64834], [-73.99831, 40.64974], [-73.99779, 40.65029], [-74.00214, 40.65296], [-74.00159, 40.65349], [-74.001, 40.65407], [-74.00041, 40.65463], [-73.99984, 40.65519], [-73.99926, 40.65575], [-73.99867, 40.65631], [-73.99809, 40.65686], [-73.9975, 40.65743], [-73.99692, 40.65799], [-73.99634, 40.65855], [-73.99575, 40.65911], [-73.99517, 40.65967]]]}}, {"type": "Feature", "properties": {"zone_id": 118, "zone": "Heartland Village/Todt Hill", "borough": "Staten Island", "demand": 0}, "geometry": {"type": "Polygon", "coordinates": [[[-74.10834, 40.61023], [-74.10779, 40.61023], [-74.10723, 40.61025], [-74.10668, 40.61029], [-74.10549, 40.61034], [-74.10429, 40.61038], [-74.10338, 40.61041], [-74.1029, 40.61043], [-74.1024, 40.61045], [-74.10181, 40.61047], [-74.10165, 40.61048], [-74.10139, 40.61049], [-74.10083, 40.61051], [-74.10004, 40.61054], [-74.09947, 40.61056], [-74.09938, 40.61056], [-74.09777, 40.61062], [-74.0973, 40.61063], [-74.09722, 40.61063], [-74.09593, 40.61064], [-74.09556, 40.61062], [-74.09519, 40.61059], [-74.09483, 40.61055], [-74.09446, 40.61049], [-74.09411, 40.61041], [-74.09306, 40.61012], [-74.09082, 40.60924], [-74.09046, 40.60909], [-74.09056, 40.609], [-74.0908, 40.60878], [-74.09096, 40.60863], [-74.09141, 40.60823], [-74.0915, 40.60805], [-74.0916, 40.60788], [-74.09173, 40.60772], [-74.09187, 40.60757], [-74.09203, 40.60743], [-74.0924, 40.60707], [-74.0925, 40.60694], [-74.09258, 40.60681], [-74.09265, 40.60666], [-74.09265, 40.60666], [-74.09265, 40.60666], [-74.09269, 40.60651], [-74.09272, 40.60636], [-74.09272, 40.60636], [-74.09272, 40.60636], [-74.09273, 40.60621], [-74.09271, 40.60606], [-74.09271, 40.60606], [-74.09271, 40.60606], [-74.09268, 40.60591], [-74.09263, 40.60545], [-74.09259, 40.60514], [-74.09244, 40.60412], [-74.09261, 40.60323], [-74.09272, 40.6025], [-74.09282, 40.60181], [-74.09286, 40.60172], [-74.09288, 40.60163], [-74.0929, 40.60154], [-74.0929, 40.60145], [-74.0929, 40.60136], [-74.09289, 40.60127], [-74.09287, 40.60118], [-74.09284, 40.60109], [-74.09264, 40.60085], [-74.09245, 40.6006], [-74.09228, 40.60035], [-74.09212, 40.60009], [-74.09197, 40.59982], [-74.0918, 40.59932], [-74.09172, 40.59922], [-74.09172, 40.59914], [-74.09172, 40.59905], [-74.09173, 40.59897], [-74.09174, 40.59888], [-74.09176, 40.5988], [-74.09178, 40.59872], [-74.09193, 40.5985], [-74.09229, 40.59808], [-74.09272, 40.59746], [-74.09336, 40.59703], [-74.09375, 40.59674], [-74.09428, 40.59645], [-74.0949, 40.5963], [-74.09586, 40.59595], [-74.09722, 40.59536], [-74.09799, 40.59493], [-74.09807, 40.59488], [-74.09874, 40.59449], [-74.09908, 40.59429], [-74.09949, 40.59405], [-74.0998, 40.59387], [-74.10042, 40.59334], [-74.10054, 40.59318], [-74.10065, 40.59302], [-74.10065, 40.59302], [-74.10065, 40.59302], [-74.10074, 40.59284], [-74.10074, 40.59284], [-74.10074, 40.59284], [-74.10082, 40.59267], [-74.10083, 40.59263], [-74.10098, 40.59183], [-74.10091, 40.59102], [-74.10089, 40.59043], [-74.10088, 40.59018], [-74.1015, 40.58934], [-74.10208, 40.58874], [-74.10246, 40.5884], [-74.10257, 40.5883], [-74.10282, 40.58807], [-74.10293, 40.58798], [-74.10317, 40.58775], [-74.10328, 40.58766], [-74.10345, 40.58751], [-74.10357, 40.58739], [-74.10393, 40.58708], [-74.10455, 40.5865], [-74.10526, 40.58592], [-74.10588, 40.58541], [-74.10649, 40.5849], [-74.10729, 40.58422], [-74.10791, 40.58369], [-74.10925, 40.58268], [-74.11029, 40.5822], [-74.11128, 40.58179], [-74.11221, 40.58127], [-74.11307, 40.58077], [-74.11367, 40.58031], [-74.11395, 40.58004], [-74.11423, 40.57973], [-74.11482, 40.57918], [-74.11542, 40.57863], [-74.11552, 40.57855], [-74.11563, 40.57848], [-74.11575, 40.57842], [-74.11588, 40.57838], [-74.11602, 40.57836], [-74.11623, 40.57835], [-74.11643, 40.57833], [-74.11663, 40.5783], [-74.11683, 40.57825], [-74.11702, 40.5782], [-74.11758, 40.5777], [-74.11803, 40.57717], [-74.11845, 40.57666], [-74.11911, 40.57616], [-74.11979, 40.57582], [-74.12112, 40.57531], [-74.12126, 40.57525], [-74.12154, 40.57515], [-74.12165, 40.57513], [-74.12165, 40.57513], [-74.12165, 40.57513], [-74.12176, 40.57511], [-74.12176, 40.57511], [-74.12176, 40.57511], [-74.12187, 40.57511], [-74.12187, 40.57511], [-74.12187, 40.57511], [-74.12199, 40.57511], [-74.12199, 40.57511], [-74.12199, 40.57511], [-74.1221, 40.57513], [-74.12264, 40.57548], [-74.12276, 40.57557], [-74.12276, 40.57557], [-74.12276, 40.57557], [-74.12289, 40.57564], [-74.12289, 40.57564], [-74.12289, 40.57564], [-74.12303, 40.5757], [-74.12303, 40.5757], [-74.12303, 40.5757], [-74.12318, 40.57575], [-74.12318, 40.57575], [-74.12318, 40.57575], [-74.12334, 40.57579], [-74.12334, 40.57579], [-74.12334, 40.57579], [-74.1235, 40.57581], [-74.12408, 40.57583], [-74.12513, 40.57588], [-74.12564, 40.57597], [-74.12666, 40.57628], [-74.12709, 40.57637], [-74.12714, 40.57617], [-74.12714, 40.57617], [-74.12714, 40.57617], [-74.12721, 40.57597], [-74.12721, 40.57597], [-74.12721, 40.57597], [-74.1273, 40.57578], [-74.1273, 40.57578], [-74.1273, 40.57578], [-74.1274, 40.57559], [-74.1274, 40.57559], [-74.1274, 40.57559], [-74.12752, 40.57541], [-74.12752, 40.57541], [-74.12752, 40.57541], [-74.12765, 40.57523], [-74.12785, 40.57517], [-74.12815, 40.57506], [-74.12914, 40.57473], [-74.1293, 40.57468], [-74.13094, 40.57411], [-74.13194, 40.57374], [-74.13227, 40.57363], [-74.13261, 40.57353], [-74.13295, 40.57344], [-74.1333, 40.57337], [-74.13379, 40.5733], [-74.13462, 40.5732], [-74.13579, 40.57305], [-74.13635, 40.57299], [-74.13704, 40.57291], [-74.13814, 40.57278], [-74.13847, 40.57274], [-74.14024, 40.57253], [-74.14111, 40.57242], [-74.14185, 40.57233], [-74.14419, 40.57204], [-74.14404, 40.5713], [-74.14387, 40.57061], [-74.14402, 40.57033], [-74.14439, 40.56971], [-74.1449, 40.56992], [-74.1456, 40.57021], [-74.14629, 40.5705], [-74.14635, 40.57052], [-74.14641, 40.57053], [-74.14647, 40.57055], [-74.14653, 40.57055], [-74.14659, 40.57055], [-74.14666, 40.57055], [-74.14672, 40.57054], [-74.14678, 40.57053], [-74.14685, 40.57051], [-74.14692, 40.57051], [-74.14699, 40.5705], [-74.14707, 40.57051], [-74.14714, 40.57052], [-74.14721, 40.57053], [-74.1479, 40.57089], [-74.14984, 40.56936], [-74.15033, 40.56893], [-74.15055, 40.56875], [-74.15078, 40.56857], [-74.151, 40.56839], [-74.15124, 40.56822], [-74.15147, 40.56805], [-74.15172, 40.56789], [-74.15228, 40.56739], [-74.15296, 40.56678], [-74.15358, 40.56625], [-74.15416, 40.56584], [-74.15434, 40.56574], [-74.15451, 40.56563], [-74.15466, 40.56551], [-74.1548, 40.56538], [-74.15493, 40.56524], [-74.15503, 40.56509], [-74.15511, 40.56494], [-74.15585, 40.56377], [-74.15675, 40.56289], [-74.15686, 40.56279], [-74.15686, 40.56279], [-74.15686, 40.56279], [-74.15698, 40.5627], [-74.15698, 40.5627], [-74.15698, 40.5627], [-74.15712, 40.56262], [-74.15712, 40.56262], [-74.15712, 40.56262], [-74.15726, 40.56255], [-74.15726, 40.56255], [-74.15726, 40.56255], [-74.15741, 40.5625], [-74.15826, 40.5622], [-74.15916, 40.56194], [-74.16006, 40.56171], [-74.16097, 40.56146], [-74.16153, 40.56127], [-74.16193, 40.56111], [-74.16272, 40.56077], [-74.16378, 40.56032], [-74.16494, 40.56011], [-74.16589, 40.56028], [-74.16689, 40.56048], [-74.16983, 40.56109], [-74.16977, 40.56288], [-74.16975, 40.56333], [-74.16975, 40.56333], [-74.16975, 40.56345], [-74.16974, 40.56384], [-74.16973, 40.56437], [-74.16973, 40.56447], [-74.16969, 40.56607], [-74.16968, 40.56647], [-74.16966, 40.5669], [-74.16963, 40.56765], [-74.16963, 40.5683], [-74.16965, 40.56895], [-74.16969, 40.56959], [-74.16975, 40.57024], [-74.16984, 40.57088], [-74.1699, 40.57139], [-74.16994, 40.57191], [-74.16997, 40.57242], [-74.16997, 40.57294], [-74.16996, 40.57346], [-74.16992, 40.57397], [-74.16981, 40.57579], [-74.16976, 40.57669], [-74.16973, 40.57697], [-74.16971, 40.57745], [-74.16967, 40.57794], [-74.16962, 40.57843], [-74.16956, 40.57892], [-74.16948, 40.5794], [-74.16914, 40.58181], [-74.16909, 40.58211], [-74.16909, 40.58218], [-74.16908, 40.58222], [-74.16906, 40.58239], [-74.16905, 40.58243], [-74.16904, 40.58249], [-74.16901, 40.58269], [-74.16895, 40.5831], [-74.16843, 40.5865], [-74.16801, 40.58807], [-74.16799, 40.58819], [-74.16796, 40.5883], [-74.16792, 40.58841], [-74.16788, 40.58853], [-74.16782, 40.58863], [-74.16776, 40.58873], [-74.16769, 40.58883], [-74.16761, 40.58893], [-74.16728, 40.5893], [-74.16693, 40.58966], [-74.16656, 40.59002], [-74.16618, 40.59037], [-74.16579, 40.59071], [-74.1637, 40.59226], [-74.16345, 40.59242], [-74.16322, 40.59259], [-74.163, 40.59277], [-74.16279, 40.59296], [-74.1626, 40.59316], [-74.16245, 40.59338], [-74.16231, 40.59361], [-74.16219, 40.59384], [-74.16209, 40.59408], [-74.162, 40.59433], [-74.16194, 40.59454], [-74.16191, 40.59469], [-74.16189, 40.59484], [-74.16189, 40.59499], [-74.16189, 40.59501], [-74.1619, 40.5953], [-74.1618, 40.5953], [-74.16026, 40.59534], [-74.15989, 40.59517], [-74.15892, 40.59463], [-74.15843, 40.59436], [-74.158, 40.59412], [-74.15796, 40.59409], [-74.15637, 40.59319], [-74.1561, 40.59305], [-74.15537, 40.5926], [-74.15451, 40.59214], [-74.15235, 40.59094], [-74.15216, 40.59084], [-74.15097, 40.59018], [-74.14973, 40.58949], [-74.14869, 40.58884], [-74.14859, 40.58877], [-74.14847, 40.5887], [-74.14834, 40.58864], [-74.1482, 40.5886], [-74.14805, 40.58857], [-74.14791, 40.58856], [-74.14776, 40.58856], [-74.14685, 40.58857], [-74.14645, 40.58856], [-74.14636, 40.58856], [-74.14583, 40.58856], [-74.14387, 40.58862], [-74.1423, 40.58873], [-74.14168, 40.58874], [-74.13864, 40.58906], [-74.1385, 40.58931], [-74.13729, 40.59079], [-74.13705, 40.59107], [-74.13682, 40.59137], [-74.1366, 40.59167], [-74.1364, 40.59197], [-74.1355, 40.5937], [-74.13544, 40.59382], [-74.1351, 40.59453], [-74.13386, 40.59636], [-74.13281, 40.59724], [-74.13205, 40.59782], [-74.13124, 40.59831], [-74.13114, 40.59841], [-74.13106, 40.59851], [-74.131, 40.59862], [-74.13095, 40.59874], [-74.13092, 40.59885], [-74.1308, 40.59884], [-74.12983, 40.59867], [-74.12889, 40.59855], [-74.12798, 40.59842], [-74.12715, 40.59833], [-74.12545, 40.59814], [-74.12535, 40.59814], [-74.12525, 40.59815], [-74.12516, 40.59816], [-74.12506, 40.59818], [-74.12497, 40.5982], [-74.12488, 40.59823], [-74.12479, 40.59827], [-74.1247, 40.5983], [-74.12462, 40.59835], [-74.12454, 40.5984], [-74.12399, 40.59871], [-74.12323, 40.5991], [-74.12319, 40.59919], [-74.12264, 40.59942], [-74.12229, 40.59969], [-74.1207, 40.60071], [-74.12064, 40.60078], [-74.12064, 40.60078], [-74.12064, 40.60078], [-74.1206, 40.60087], [-74.1206, 40.60087], [-74.1206, 40.60087], [-74.12057, 40.60096], [-74.12057, 40.60096], [-74.12057, 40.60096], [-74.12056, 40.60105], [-74.1206, 40.60181], [-74.11958, 40.60182], [-74.1179, 40.60186], [-74.11778, 40.60186], [-74.11684, 40.60189], [-74.115, 40.60207], [-74.11487, 40.60214], [-74.11511, 40.60253], [-74.1153, 40.60387], [-74.11538, 40.60398], [-74.11544, 40.60469], [-74.11555, 40.6054], [-74.11567, 40.60613], [-74.11579, 40.60686], [-74.11586, 40.60715], [-74.11588, 40.60726], [-74.11601, 40.60737], [-74.11616, 40.60748], [-74.11625, 40.60754], [-74.11632, 40.60758], [-74.11649, 40.60766], [-74.11707, 40.60821], [-74.11742, 40.60929], [-74.11834, 40.60914], [-74.1184, 40.60914], [-74.11849, 40.60913], [-74.11869, 40.60911], [-74.11883, 40.60909], [-74.11897, 40.60908], [-74.11913, 40.60906], [-74.12025, 40.60893], [-74.12052, 40.60891], [-74.12066, 40.60889], [-74.1208, 40.60887], [-74.12117, 40.60883], [-74.12127, 40.60936], [-74.12134, 40.60967], [-74.12135, 40.60977], [-74.12044, 40.61002], [-74.11994, 40.61015], [-74.11833, 40.61058], [-74.11739, 40.61083], [-74.11687, 40.61097], [-74.11678, 40.61099], [-74.11651, 40.61105], [-74.11567, 40.61118], [-74.11509, 40.61121], [-74.11459, 40.6112], [-74.11426, 40.6112], [-74.11393, 40.61118], [-74.1136, 40.61114], [-74.11327, 40.6111], [-74.11295, 40.61104], [-74.11264, 40.61097], [-74.11114, 40.61059], [-74.11083, 40.61051], [-74.11048, 40.61042], [-74.11001, 40.61034], [-74.10946, 40.61029], [-74.1089, 40.61025], [-74.10885, 40.61025], [-74.10834, 40.61023]]]}}, {"type": "Feature", "properties": {"zone_id": 124, "zone": "Howard Beach", "borough": "Queens", "demand": 0}, "geometry": {"type": "MultiPolygon", "coordinates": [[[[-73.85096, 40.67172], [-73.84848, 40.67092], [-73.84787, 40.67078], [-73.84741, 40.67063], [-73.84594, 40.67018], [-73.84557, 40.67008], [-73.84322, 40.66934], [-73.84306, 40.66931], [-73.84289, 40.66928], [-73.84271, 40.66928], [-73.84258, 40.66928], [-73.84244, 40.66929], [-73.8423, 40.66881], [-73.84227, 40.66874], [-73.84216, 40.6687], [-73.84117, 40.66851], [-73.84014, 40.66827], [-73.84009, 40.66844], [-73.83928, 40.6682], [-73.83834, 40.66799], [-73.83745, 40.6678], [-73.8373, 40.66771], [-73.83668, 40.66759], [-73.8357, 40.66726], [-73.83529, 40.66724], [-73.83488, 40.66721], [-73.83465, 40.66711], [-73.83335, 40.66677], [-73.833, 40.66592], [-73.83296, 40.66583], [-73.83292, 40.66576], [-73.83271, 40.66541], [-73.83248, 40.66497], [-73.83186, 40.66365], [-73.83108, 40.66206], [-73.83031, 40.66042], [-73.83003, 40.65989], [-73.82991, 40.65967], [-73.82931, 40.6589], [-73.8286, 40.6572], [-73.82828, 40.65603], [-73.82807, 40.65527], [-73.82783, 40.65424], [-73.82771, 40.65375], [-73.8276, 40.65329], [-73.82748, 40.65279], [-73.82736, 40.65231], [-73.82724, 40.65181], [-73.82713, 40.65133], [-73.82701, 40.65086], [-73.8269, 40.65035], [-73.82672, 40.64958], [-73.82639, 40.64832], [-73.82643, 40.64833], [-73.82647, 40.64834], [-73.8265, 40.64836], [-73.82653, 40.64837], [-73.82655, 40.6484], [-73.82656, 40.64844], [-73.82657, 40.64848], [-73.82658, 40.64852], [-73.8266, 40.64856], [-73.82665, 40.6486], [-73.82669, 40.64865], [-73.82673, 40.6487], [-73.82676, 40.64875], [-73.82681, 40.64878], [-73.82687, 40.6488], [-73.82693, 40.64882], [-73.82699, 40.64883], [-73.82706, 40.64886], [-73.82712, 40.64889], [-73.82719, 40.64891], [-73.82727, 40.64893], [-73.82734, 40.64894], [-73.82741, 40.64895], [-73.82743, 40.64896], [-73.82746, 40.64896], [-73.82749, 40.64897], [-73.82752, 40.64897], [-73.82755, 40.64896], [-73.82758, 40.64895], [-73.82758, 40.64895], [-73.82759, 40.64894], [-73.82759, 40.64894], [-73.8276, 40.64893], [-73.82761, 40.64893], [-73.82762, 40.64893], [-73.82763, 40.64893], [-73.82764, 40.64893], [-73.82765, 40.64893], [-73.82765, 40.64893], [-73.82766, 40.64893], [-73.82767, 40.64894], [-73.82771, 40.64897], [-73.82777, 40.64899], [-73.82782, 40.64901], [-73.82788, 40.64902], [-73.82794, 40.64902], [-73.828, 40.64902], [-73.82805, 40.64902], [-73.82811, 40.64901], [-73.8282, 40.64902], [-73.82828, 40.64904], [-73.82837, 40.64907], [-73.82845, 40.6491], [-73.82853, 40.64913], [-73.8286, 40.64917], [-73.82867, 40.64921], [-73.82872, 40.64926], [-73.82878, 40.6493], [-73.82885, 40.64934], [-73.82891, 40.64938], [-73.829, 40.64955], [-73.82908, 40.64966], [-73.82911, 40.64977], [-73.82912, 40.64983], [-73.82914, 40.64983], [-73.82923, 40.64988], [-73.82934, 40.64995], [-73.82939, 40.65003], [-73.82945, 40.65004], [-73.82968, 40.65023], [-73.82987, 40.65043], [-73.83001, 40.65092], [-73.83038, 40.65115], [-73.83053, 40.65133], [-73.8307, 40.6514], [-73.83082, 40.65151], [-73.83094, 40.65163], [-73.83099, 40.65177], [-73.8311, 40.65226], [-73.83133, 40.65275], [-73.8313, 40.65323], [-73.83129, 40.65347], [-73.8314, 40.65351], [-73.83156, 40.6536], [-73.83156, 40.6536], [-73.83159, 40.65365], [-73.83161, 40.65375], [-73.83158, 40.65381], [-73.83118, 40.65417], [-73.8312, 40.65419], [-73.83113, 40.65425], [-73.83043, 40.65483], [-73.83042, 40.65483], [-73.83016, 40.655], [-73.83014, 40.65503], [-73.83015, 40.65503], [-73.83017, 40.65501], [-73.83021, 40.65503], [-73.83018, 40.65506], [-73.83013, 40.65504], [-73.83011, 40.6551], [-73.83008, 40.65514], [-73.8299, 40.6553], [-73.82935, 40.65571], [-73.82917, 40.65586], [-73.82904, 40.65602], [-73.82902, 40.65605], [-73.82901, 40.65611], [-73.82904, 40.65612], [-73.82907, 40.65612], [-73.82911, 40.65611], [-73.82915, 40.6561], [-73.82919, 40.65607], [-73.82921, 40.65604], [-73.82935, 40.65592], [-73.82939, 40.6559], [-73.82946, 40.65583], [-73.82943, 40.65582], [-73.82967, 40.6556], [-73.82985, 40.65564], [-73.83002, 40.65564], [-73.83002, 40.65564], [-73.83007, 40.65566], [-73.83009, 40.65566], [-73.83015, 40.65566], [-73.8302, 40.65566], [-73.83031, 40.65562], [-73.83037, 40.65557], [-73.83044, 40.65552], [-73.83053, 40.65542], [-73.83055, 40.65539], [-73.83058, 40.65532], [-73.83057, 40.65516], [-73.83056, 40.65515], [-73.83056, 40.65531], [-73.83055, 40.65536], [-73.83053, 40.65536], [-73.83054, 40.65532], [-73.83054, 40.65491], [-73.83055, 40.65491], [-73.83056, 40.65514], [-73.83057, 40.65514], [-73.83056, 40.65493], [-73.83056, 40.65489], [-73.83057, 40.65486], [-73.8306, 40.65481], [-73.83098, 40.65449], [-73.83136, 40.65418], [-73.83134, 40.65417], [-73.83145, 40.6541], [-73.83147, 40.65412], [-73.83171, 40.65393], [-73.83195, 40.65403], [-73.832, 40.654], [-73.83205, 40.65405], [-73.83212, 40.65427], [-73.832, 40.65444], [-73.83205, 40.65447], [-73.83216, 40.65451], [-73.8322, 40.65445], [-73.83222, 40.65446], [-73.83217, 40.65453], [-73.83205, 40.65448], [-73.8319, 40.65463], [-73.83186, 40.65461], [-73.8316, 40.65484], [-73.83155, 40.65492], [-73.83149, 40.65498], [-73.83141, 40.65519], [-73.83138, 40.65535], [-73.83136, 40.65547], [-73.83131, 40.6556], [-73.83116, 40.65592], [-73.8311, 40.65595], [-73.83093, 40.65603], [-73.83089, 40.65604], [-73.83083, 40.65604], [-73.83075, 40.65607], [-73.8306, 40.65614], [-73.83047, 40.65622], [-73.83047, 40.65622], [-73.83041, 40.65625], [-73.83038, 40.65626], [-73.83038, 40.65627], [-73.83035, 40.65628], [-73.83028, 40.65631], [-73.83025, 40.65632], [-73.83021, 40.65634], [-73.83008, 40.65647], [-73.83009, 40.65649], [-73.83009, 40.65651], [-73.83007, 40.65653], [-73.83006, 40.65655], [-73.83003, 40.65657], [-73.82999, 40.65658], [-73.82993, 40.65657], [-73.82989, 40.65656], [-73.82985, 40.65652], [-73.8298, 40.65649], [-73.82971, 40.65646], [-73.82966, 40.65645], [-73.82961, 40.65643], [-73.82961, 40.65644], [-73.82955, 40.65644], [-73.82955, 40.65642], [-73.82953, 40.65643], [-73.82948, 40.65645], [-73.82938, 40.65651], [-73.82931, 40.65655], [-73.82926, 40.65661], [-73.82924, 40.65664], [-73.82924, 40.65666], [-73.82925, 40.65668], [-73.82926, 40.65671], [-73.82926, 40.65673], [-73.82926, 40.65674], [-73.82927, 40.65677], [-73.82928, 40.65681], [-73.8293, 40.65687], [-73.82931, 40.65693], [-73.82929, 40.65696], [-73.82927, 40.65698], [-73.82924, 40.65701], [-73.82921, 40.65704], [-73.82916, 40.65707], [-73.82914, 40.65709], [-73.82912, 40.65712], [-73.8291, 40.65713], [-73.82909, 40.65714], [-73.82906, 40.65715], [-73.82903, 40.65716], [-73.829, 40.65717], [-73.82898, 40.65718], [-73.82897, 40.6572], [-73.82896, 40.65723], [-73.82897, 40.65726], [-73.82898, 40.65729], [-73.82901, 40.65742], [-73.82908, 40.65758], [-73.82913, 40.6577], [-73.82918, 40.6578], [-73.82921, 40.65782], [-73.82926, 40.65785], [-73.82932, 40.65788], [-73.82939, 40.65788], [-73.82942, 40.65788], [-73.82946, 40.6579], [-73.82951, 40.65791], [-73.82953, 40.65793], [-73.82953, 40.65794], [-73.82954, 40.65796], [-73.82955, 40.65798], [-73.82966, 40.65809], [-73.82969, 40.65811], [-73.82973, 40.65812], [-73.82975, 40.65814], [-73.82978, 40.65816], [-73.82979, 40.65818], [-73.8298, 40.6582], [-73.82982, 40.65822], [-73.82986, 40.65823], [-73.82992, 40.65825], [-73.82993, 40.65826], [-73.82993, 40.65827], [-73.82994, 40.65829], [-73.82995, 40.6583], [-73.82998, 40.65831], [-73.83001, 40.65832], [-73.83005, 40.65834], [-73.83009, 40.65836], [-73.83012, 40.65838], [-73.83013, 40.6584], [-73.83013, 40.65843], [-73.83012, 40.65845], [-73.83011, 40.65846], [-73.83008, 40.65848], [-73.83005, 40.65849], [-73.83002, 40.65849], [-73.82999, 40.65849], [-73.82996, 40.65849], [-73.82992, 40.65848], [-73.82988, 40.65847], [-73.82985, 40.65847], [-73.82981, 40.65848], [-73.82977, 40.65849], [-73.82973, 40.6585], [-73.82971, 40.6585], [-73.82967, 40.65852], [-73.82963, 40.65856], [-73.82961, 40.6586], [-73.8296, 40.65866], [-73.82961, 40.65871], [-73.82967, 40.65879], [-73.82969, 40.65884], [-73.82972, 40.65889], [-73.82976, 40.65895], [-73.82981, 40.65902], [-73.82982, 40.65903], [-73.82987, 40.6591], [-73.82992, 40.65915], [-73.82993, 40.65918], [-73.82994, 40.65924], [-73.82996, 40.6593], [-73.82996, 40.6593], [-73.82997, 40.65932], [-73.82997, 40.65935], [-73.83, 40.65945], [-73.83001, 40.6595], [-73.83001, 40.65952], [-73.83001, 40.65955], [-73.83002, 40.65958], [-73.83005, 40.65963], [-73.83008, 40.65971], [-73.8301, 40.65975], [-73.83012, 40.65979], [-73.83013, 40.65981], [-73.83015, 40.65981], [-73.83016, 40.6598], [-73.83017, 40.65979], [-73.83018, 40.65978], [-73.83018, 40.65976], [-73.83017, 40.65974], [-73.83015, 40.65972], [-73.83014, 40.65971], [-73.83013, 40.65969], [-73.83012, 40.65967], [-73.83012, 40.65964], [-73.83011, 40.65961], [-73.8301, 40.65956], [-73.83007, 40.65948], [-73.83007, 40.65942], [-73.83003, 40.65926], [-73.83003, 40.65923], [-73.83002, 40.6592], [-73.83001, 40.65916], [-73.82995, 40.65911], [-73.8299, 40.65905], [-73.82988, 40.65903], [-73.82983, 40.65896], [-73.82979, 40.65888], [-73.82976, 40.65882], [-73.82973, 40.65874], [-73.82971, 40.6587], [-73.8297, 40.65866], [-73.82971, 40.6586], [-73.82979, 40.65857], [-73.82987, 40.65857], [-73.82995, 40.65859], [-73.83, 40.65859], [-73.83006, 40.65857], [-73.83013, 40.65853], [-73.83016, 40.65852], [-73.8302, 40.65851], [-73.83024, 40.65843], [-73.83024, 40.65835], [-73.83017, 40.65832], [-73.8301, 40.65826], [-73.83001, 40.65818], [-73.82991, 40.65814], [-73.82989, 40.65814], [-73.82983, 40.65812], [-73.82977, 40.65802], [-73.8297, 40.65793], [-73.82963, 40.65785], [-73.82951, 40.6578], [-73.82946, 40.6578], [-73.82937, 40.65779], [-73.82922, 40.65771], [-73.82911, 40.65754], [-73.82906, 40.65744], [-73.82909, 40.65733], [-73.82917, 40.65724], [-73.82924, 40.65718], [-73.82935, 40.6571], [-73.82943, 40.65701], [-73.8295, 40.65691], [-73.82949, 40.65686], [-73.82946, 40.65677], [-73.82946, 40.65669], [-73.8295, 40.65665], [-73.82958, 40.65666], [-73.82968, 40.65669], [-73.82978, 40.65671], [-73.82989, 40.65673], [-73.8299, 40.65673], [-73.83001, 40.65674], [-73.83009, 40.65674], [-73.83019, 40.65669], [-73.83024, 40.65663], [-73.83033, 40.65651], [-73.83039, 40.65644], [-73.83051, 40.65634], [-73.83107, 40.65614], [-73.83111, 40.65612], [-73.83114, 40.6561], [-73.83121, 40.65605], [-73.83127, 40.656], [-73.83133, 40.65595], [-73.83137, 40.65589], [-73.83141, 40.65583], [-73.83144, 40.65577], [-73.83146, 40.6557], [-73.83148, 40.65563], [-73.83147, 40.65555], [-73.83152, 40.65546], [-73.83155, 40.65542], [-73.83156, 40.65535], [-73.83155, 40.65524], [-73.83161, 40.65519], [-73.83169, 40.65509], [-73.83175, 40.65496], [-73.83185, 40.65488], [-73.83192, 40.65488], [-73.83201, 40.6549], [-73.83206, 40.65489], [-73.83213, 40.65487], [-73.83218, 40.65489], [-73.83224, 40.65509], [-73.83248, 40.65587], [-73.83275, 40.65674], [-73.83285, 40.65706], [-73.8329, 40.65748], [-73.83278, 40.65755], [-73.83209, 40.65613], [-73.83194, 40.65617], [-73.8326, 40.65783], [-73.83202, 40.65808], [-73.83097, 40.65823], [-73.83128, 40.65841], [-73.83195, 40.65827], [-73.83284, 40.65814], [-73.83338, 40.65805], [-73.83306, 40.65669], [-73.8328, 40.65582], [-73.83257, 40.65503], [-73.83238, 40.65424], [-73.83217, 40.65335], [-73.83197, 40.65264], [-73.83183, 40.65214], [-73.83171, 40.65168], [-73.83157, 40.65117], [-73.83144, 40.65069], [-73.83127, 40.65007], [-73.83111, 40.64942], [-73.83105, 40.64909], [-73.83104, 40.64879], [-73.83104, 40.64871], [-73.83105, 40.64863], [-73.83107, 40.64856], [-73.83109, 40.64848], [-73.83113, 40.64841], [-73.83117, 40.64834], [-73.83122, 40.64828], [-73.83128, 40.64821], [-73.83135, 40.64816], [-73.83142, 40.6481], [-73.8315, 40.64805], [-73.83158, 40.64801], [-73.83167, 40.64797], [-73.8342, 40.6481], [-73.83434, 40.6481], [-73.83448, 40.64811], [-73.83462, 40.64812], [-73.83475, 40.64814], [-73.83489, 40.64817], [-73.83502, 40.6482], [-73.83515, 40.64824], [-73.83528, 40.64828], [-73.8354, 40.64833], [-73.83546, 40.64837], [-73.83552, 40.64841], [-73.83557, 40.64846], [-73.83561, 40.64851], [-73.83565, 40.64856], [-73.83568, 40.64861], [-73.8357, 40.64867], [-73.83571, 40.64873], [-73.83572, 40.64879], [-73.83571, 40.64884], [-73.8357, 40.64889], [-73.8357, 40.64895], [-73.83571, 40.64901], [-73.83573, 40.64906], [-73.83576, 40.64911], [-73.83579, 40.64916], [-73.83572, 40.64938], [-73.83622, 40.65107], [-73.83654, 40.6527], [-73.83704, 40.65441], [-73.83755, 40.65603], [-73.83796, 40.65776], [-73.83827, 40.65938], [-73.83879, 40.66109], [-73.83806, 40.66201], [-73.83874, 40.66245], [-73.83935, 40.66218], [-73.83958, 40.66208], [-73.83998, 40.6619], [-73.83973, 40.66095], [-73.83979, 40.66049], [-73.83942, 40.65923], [-73.83896, 40.65755], [-73.83855, 40.65589], [-73.83814, 40.65422], [-73.83763, 40.65251], [-73.83724, 40.6509], [-73.83681, 40.64925], [-73.83592, 40.6455], [-73.83626, 40.64535], [-73.83633, 40.64532], [-73.83641, 40.64532], [-73.8397, 40.64516], [-73.84001, 40.64514], [-73.84009, 40.64506], [-73.8403, 40.64501], [-73.84058, 40.64486], [-73.84089, 40.64497], [-73.846, 40.64457], [-73.84951, 40.64413], [-73.85183, 40.64586], [-73.85193, 40.64597], [-73.85202, 40.64609], [-73.8521, 40.64621], [-73.85217, 40.64633], [-73.85223, 40.64646], [-73.85229, 40.64659], [-73.85233, 40.64672], [-73.85237, 40.64685], [-73.85239, 40.64698], [-73.85241, 40.64712], [-73.85242, 40.64725], [-73.85242, 40.64739], [-73.8524, 40.64748], [-73.85237, 40.64758], [-73.85234, 40.64768], [-73.8523, 40.64777], [-73.85226, 40.64786], [-73.8522, 40.64795], [-73.85215, 40.64804], [-73.85208, 40.64812], [-73.85204, 40.64825], [-73.852, 40.64837], [-73.85199, 40.64844], [-73.85197, 40.64851], [-73.85194, 40.64858], [-73.8519, 40.64864], [-73.85186, 40.64871], [-73.85181, 40.64877], [-73.85175, 40.64883], [-73.85175, 40.64884], [-73.85175, 40.64887], [-73.85173, 40.64891], [-73.8517, 40.64895], [-73.85167, 40.64897], [-73.85166, 40.649], [-73.85163, 40.64902], [-73.85161, 40.64904], [-73.85159, 40.64907], [-73.85159, 40.64908], [-73.85159, 40.6491], [-73.85157, 40.64911], [-73.85156, 40.6491], [-73.85155, 40.64909], [-73.85154, 40.6491], [-73.85153, 40.6491], [-73.85152, 40.64911], [-73.85151, 40.64912], [-73.8515, 40.64912], [-73.8515, 40.64913], [-73.85146, 40.6491], [-73.85144, 40.64911], [-73.8514, 40.64913], [-73.85139, 40.64914], [-73.85138, 40.64915], [-73.85139, 40.64917], [-73.85137, 40.64918], [-73.85134, 40.64918], [-73.85133, 40.64916], [-73.85133, 40.64913], [-73.85132, 40.64911], [-73.85131, 40.64909], [-73.8513, 40.64909], [-73.85124, 40.64907], [-73.85119, 40.64907], [-73.85114, 40.64907], [-73.85108, 40.64908], [-73.85103, 40.64909], [-73.85099, 40.64911], [-73.85094, 40.64914], [-73.85091, 40.64917], [-73.8509, 40.6492], [-73.8509, 40.64922], [-73.85092, 40.64926], [-73.85093, 40.64931], [-73.85093, 40.64937], [-73.85093, 40.64941], [-73.85091, 40.64947], [-73.8509, 40.64948], [-73.85089, 40.64949], [-73.85088, 40.64949], [-73.85088, 40.64949], [-73.85086, 40.64951], [-73.85083, 40.64952], [-73.85083, 40.64954], [-73.85081, 40.64956], [-73.85081, 40.6496], [-73.8508, 40.64962], [-73.8508, 40.64967], [-73.85079, 40.64972], [-73.85079, 40.64974], [-73.85077, 40.64974], [-73.85077, 40.64974], [-73.85077, 40.64975], [-73.85077, 40.64977], [-73.85079, 40.64978], [-73.85078, 40.64981], [-73.85071, 40.6498], [-73.8507, 40.6498], [-73.85068, 40.6498], [-73.85066, 40.64979], [-73.85061, 40.64979], [-73.8506, 40.64981], [-73.85058, 40.64986], [-73.85059, 40.6499], [-73.85059, 40.64991], [-73.8506, 40.64992], [-73.85059, 40.64994], [-73.85058, 40.64996], [-73.85058, 40.65001], [-73.85059, 40.65007], [-73.85059, 40.65012], [-73.85061, 40.65017], [-73.85061, 40.65023], [-73.8506, 40.65028], [-73.85059, 40.65034], [-73.85058, 40.65035], [-73.85056, 40.65036], [-73.85054, 40.65036], [-73.85053, 40.65037], [-73.85052, 40.65038], [-73.8505, 40.65037], [-73.85047, 40.65034], [-73.85043, 40.65029], [-73.8504, 40.65027], [-73.85038, 40.65027], [-73.85038, 40.65029], [-73.8504, 40.65031], [-73.85042, 40.65033], [-73.85044, 40.65037], [-73.85044, 40.65042], [-73.85045, 40.65046], [-73.85042, 40.65048], [-73.8504, 40.65049], [-73.85037, 40.65051], [-73.85034, 40.65052], [-73.85032, 40.65053], [-73.85027, 40.65054], [-73.85024, 40.65054], [-73.85022, 40.65056], [-73.8502, 40.6506], [-73.85018, 40.65063], [-73.85017, 40.65063], [-73.85016, 40.65066], [-73.85011, 40.65068], [-73.85006, 40.65071], [-73.85005, 40.65071], [-73.85005, 40.65071], [-73.85004, 40.65072], [-73.85002, 40.65074], [-73.84997, 40.65077], [-73.84992, 40.6508], [-73.84985, 40.65083], [-73.84979, 40.65086], [-73.84973, 40.65088], [-73.84969, 40.65088], [-73.84969, 40.65089], [-73.84968, 40.65092], [-73.84961, 40.65092], [-73.84957, 40.65093], [-73.84955, 40.65093], [-73.84952, 40.65094], [-73.84949, 40.65094], [-73.84947, 40.65093], [-73.84945, 40.65093], [-73.84943, 40.65093], [-73.84937, 40.65097], [-73.8493, 40.65101], [-73.84926, 40.65103], [-73.84922, 40.65108], [-73.84921, 40.65111], [-73.84921, 40.65113], [-73.84922, 40.65117], [-73.84924, 40.65119], [-73.84925, 40.6512], [-73.84928, 40.65123], [-73.8493, 40.65127], [-73.84932, 40.65128], [-73.84932, 40.65128], [-73.84933, 40.65129], [-73.84934, 40.65132], [-73.84935, 40.65135], [-73.84935, 40.65137], [-73.84936, 40.65139], [-73.8494, 40.65143], [-73.84943, 40.65146], [-73.84946, 40.65148], [-73.8495, 40.6515], [-73.84954, 40.65152], [-73.84959, 40.65152], [-73.84964, 40.65153], [-73.84992, 40.65166], [-73.84997, 40.65165], [-73.85002, 40.65165], [-73.85007, 40.65166], [-73.85012, 40.65167], [-73.85024, 40.65158], [-73.85029, 40.65159], [-73.85034, 40.6516], [-73.8504, 40.6516], [-73.85045, 40.6516], [-73.8505, 40.65159], [-73.85055, 40.65157], [-73.8506, 40.65155], [-73.85064, 40.65152], [-73.85065, 40.65152], [-73.85067, 40.65151], [-73.85068, 40.65151], [-73.8507, 40.6515], [-73.85071, 40.6515], [-73.85073, 40.6515], [-73.85075, 40.65151], [-73.85076, 40.65151], [-73.85077, 40.65152], [-73.85079, 40.65153], [-73.8509, 40.6515], [-73.85101, 40.65146], [-73.85111, 40.65142], [-73.85121, 40.65137], [-73.85131, 40.65132], [-73.8514, 40.65126], [-73.85149, 40.6512], [-73.85177, 40.65083], [-73.85179, 40.65082], [-73.85181, 40.65081], [-73.85183, 40.6508], [-73.85186, 40.6508], [-73.85188, 40.65079], [-73.85191, 40.6508], [-73.85193, 40.6508], [-73.85196, 40.65081], [-73.85198, 40.65082], [-73.85202, 40.65081], [-73.85206, 40.6508], [-73.8521, 40.65079], [-73.85214, 40.65076], [-73.85216, 40.65074], [-73.85219, 40.65071], [-73.8522, 40.65069], [-73.85223, 40.65066], [-73.85226, 40.65063], [-73.85231, 40.6506], [-73.85235, 40.65058], [-73.8524, 40.65056], [-73.85246, 40.65055], [-73.85251, 40.65055], [-73.85256, 40.65055], [-73.85262, 40.65056], [-73.85267, 40.65058], [-73.85285, 40.65061], [-73.85303, 40.65063], [-73.85322, 40.65065], [-73.8534, 40.65066], [-73.85359, 40.65067], [-73.85361, 40.65067], [-73.85368, 40.65066], [-73.85375, 40.65064], [-73.85382, 40.65064], [-73.85389, 40.65064], [-73.85396, 40.65065], [-73.85403, 40.65066], [-73.8541, 40.65068], [-73.85419, 40.65073], [-73.85429, 40.65077], [-73.85439, 40.65081], [-73.85449, 40.65084], [-73.85459, 40.65087], [-73.8547, 40.6509], [-73.85479, 40.65092], [-73.85491, 40.65095], [-73.85503, 40.65099], [-73.85515, 40.65104], [-73.85525, 40.65109], [-73.85535, 40.65114], [-73.85544, 40.6512], [-73.85544, 40.65121], [-73.85544, 40.65123], [-73.85544, 40.65124], [-73.85545, 40.65125], [-73.85546, 40.65126], [-73.85547, 40.65127], [-73.85548, 40.65127], [-73.85549, 40.65128], [-73.85551, 40.65128], [-73.85552, 40.65129], [-73.85554, 40.65129], [-73.85555, 40.65129], [-73.85558, 40.65127], [-73.85561, 40.65126], [-73.85565, 40.65125], [-73.85568, 40.65125], [-73.85572, 40.65125], [-73.85575, 40.65125], [-73.85579, 40.65126], [-73.85583, 40.65127], [-73.85588, 40.65129], [-73.85592, 40.65131], [-73.85596, 40.65133], [-73.85599, 40.65136], [-73.85605, 40.6514], [-73.85611, 40.65144], [-73.85616, 40.65149], [-73.85621, 40.65154], [-73.85625, 40.6516], [-73.85628, 40.65165], [-73.8563, 40.65171], [-73.85632, 40.65177], [-73.85632, 40.65184], [-73.85633, 40.6519], [-73.85632, 40.65196], [-73.85632, 40.65197], [-73.85631, 40.65202], [-73.85631, 40.65208], [-73.85633, 40.65213], [-73.85635, 40.65218], [-73.85638, 40.65223], [-73.85642, 40.65227], [-73.85646, 40.65231], [-73.85652, 40.65235], [-73.85652, 40.65242], [-73.85653, 40.65248], [-73.85655, 40.65255], [-73.85658, 40.65262], [-73.85662, 40.65268], [-73.85666, 40.65274], [-73.85671, 40.6528], [-73.85677, 40.65285], [-73.85684, 40.6529], [-73.85691, 40.65295], [-73.85696, 40.65296], [-73.85701, 40.65297], [-73.85705, 40.65297], [-73.8571, 40.65296], [-73.85715, 40.65295], [-73.85719, 40.65293], [-73.85723, 40.65291], [-73.85727, 40.65288], [-73.85727, 40.65288], [-73.85727, 40.65287], [-73.85727, 40.65286], [-73.85727, 40.65286], [-73.85728, 40.65285], [-73.85728, 40.65284], [-73.85729, 40.65284], [-73.8573, 40.65284], [-73.85731, 40.65283], [-73.85732, 40.65283], [-73.85733, 40.65283], [-73.85733, 40.65283], [-73.85739, 40.65283], [-73.85746, 40.65283], [-73.85752, 40.65282], [-73.85757, 40.6528], [-73.85763, 40.65278], [-73.85768, 40.65276], [-73.85772, 40.65273], [-73.8579, 40.6528], [-73.85815, 40.65292], [-73.85828, 40.65299], [-73.8584, 40.65313], [-73.85852, 40.65331], [-73.85856, 40.65354], [-73.85857, 40.65372], [-73.85869, 40.65388], [-73.85876, 40.65403], [-73.85876, 40.65405], [-73.85876, 40.65416], [-73.85886, 40.65423], [-73.85893, 40.65425], [-73.859, 40.65429], [-73.85916, 40.6544], [-73.85927, 40.65464], [-73.85928, 40.6547], [-73.85929, 40.65479], [-73.85929, 40.65491], [-73.85931, 40.65497], [-73.8594, 40.65501], [-73.85952, 40.65508], [-73.85961, 40.65515], [-73.85967, 40.65519], [-73.85972, 40.65523], [-73.85976, 40.65528], [-73.85996, 40.65549], [-73.86073, 40.65605], [-73.86084, 40.65617], [-73.86106, 40.65625], [-73.86126, 40.65636], [-73.86135, 40.65639], [-73.86136, 40.65641], [-73.86137, 40.65643], [-73.86136, 40.65646], [-73.86135, 40.65648], [-73.86136, 40.65651], [-73.86139, 40.65654], [-73.8614, 40.65657], [-73.8614, 40.65658], [-73.86139, 40.65659], [-73.86136, 40.65659], [-73.8613, 40.65659], [-73.86124, 40.65658], [-73.86117, 40.65657], [-73.86109, 40.65656], [-73.86102, 40.65654], [-73.86099, 40.65654], [-73.86096, 40.65655], [-73.86093, 40.65656], [-73.86091, 40.65657], [-73.86087, 40.65656], [-73.86083, 40.65656], [-73.86079, 40.65657], [-73.86072, 40.65659], [-73.86067, 40.65658], [-73.86065, 40.65651], [-73.86064, 40.65647], [-73.86062, 40.65646], [-73.86062, 40.65646], [-73.86061, 40.65647], [-73.86061, 40.65652], [-73.86062, 40.65663], [-73.86062, 40.65664], [-73.8606, 40.65666], [-73.86058, 40.65667], [-73.8605, 40.65668], [-73.86046, 40.65669], [-73.86044, 40.6567], [-73.86044, 40.65672], [-73.86045, 40.65673], [-73.86048, 40.65674], [-73.86051, 40.65675], [-73.86051, 40.65675], [-73.86052, 40.65677], [-73.86048, 40.65681], [-73.86045, 40.65684], [-73.86035, 40.65688], [-73.86031, 40.6569], [-73.86028, 40.65692], [-73.86024, 40.65695], [-73.86023, 40.65698], [-73.86021, 40.65701], [-73.86019, 40.65702], [-73.86016, 40.65701], [-73.86015, 40.65699], [-73.86014, 40.65696], [-73.86012, 40.65684], [-73.86011, 40.65681], [-73.8601, 40.65679], [-73.86008, 40.65678], [-73.86007, 40.65678], [-73.86004, 40.65679], [-73.86003, 40.65682], [-73.86007, 40.65694], [-73.86006, 40.65696], [-73.86006, 40.65697], [-73.86005, 40.65697], [-73.86001, 40.65697], [-73.85996, 40.65697], [-73.85993, 40.65697], [-73.85988, 40.65696], [-73.85985, 40.65697], [-73.85983, 40.65698], [-73.85985, 40.657], [-73.85989, 40.65701], [-73.85993, 40.65704], [-73.85996, 40.65705], [-73.86, 40.65705], [-73.86001, 40.65705], [-73.86002, 40.65705], [-73.86005, 40.65704], [-73.86007, 40.65704], [-73.86008, 40.65705], [-73.86007, 40.65706], [-73.86005, 40.65708], [-73.86004, 40.65709], [-73.86003, 40.6571], [-73.85999, 40.65714], [-73.85996, 40.65717], [-73.85994, 40.65721], [-73.85994, 40.65722], [-73.85992, 40.65721], [-73.85988, 40.65727], [-73.85981, 40.65732], [-73.8598, 40.65738], [-73.85979, 40.65743], [-73.85981, 40.65746], [-73.85992, 40.65767], [-73.85994, 40.6577], [-73.85994, 40.65772], [-73.85992, 40.65773], [-73.85988, 40.65775], [-73.8598, 40.65778], [-73.85973, 40.65782], [-73.85971, 40.65784], [-73.85967, 40.65789], [-73.85965, 40.6579], [-73.85962, 40.65794], [-73.85959, 40.65799], [-73.85957, 40.65803], [-73.85956, 40.65808], [-73.85955, 40.65813], [-73.85956, 40.6582], [-73.85957, 40.65826], [-73.85958, 40.65833], [-73.85961, 40.65839], [-73.85964, 40.65846], [-73.85968, 40.65849], [-73.85973, 40.65852], [-73.85978, 40.65855], [-73.85984, 40.65857], [-73.85989, 40.65859], [-73.85997, 40.65859], [-73.86004, 40.6586], [-73.8601, 40.65861], [-73.86014, 40.6586], [-73.86017, 40.6586], [-73.8602, 40.65861], [-73.86023, 40.65862], [-73.86026, 40.65863], [-73.86029, 40.65871], [-73.86031, 40.65878], [-73.86027, 40.6588], [-73.86023, 40.65883], [-73.8602, 40.65886], [-73.8602, 40.65886], [-73.8602, 40.65886], [-73.86019, 40.65887], [-73.86019, 40.65887], [-73.86019, 40.65888], [-73.8602, 40.65888], [-73.8602, 40.65888], [-73.8602, 40.65889], [-73.86021, 40.65889], [-73.86021, 40.65889], [-73.86022, 40.6589], [-73.86022, 40.6589], [-73.86023, 40.6589], [-73.86023, 40.6589], [-73.8603, 40.65888], [-73.86035, 40.65885], [-73.86041, 40.65882], [-73.86042, 40.65882], [-73.86043, 40.65882], [-73.86044, 40.65881], [-73.86045, 40.6588], [-73.86045, 40.6588], [-73.86046, 40.65879], [-73.86046, 40.65878], [-73.86046, 40.65877], [-73.86046, 40.65876], [-73.86045, 40.65875], [-73.86043, 40.65871], [-73.86041, 40.65867], [-73.86039, 40.65862], [-73.86039, 40.65861], [-73.8604, 40.6586], [-73.8604, 40.6586], [-73.86041, 40.65859], [-73.86042, 40.65859], [-73.86042, 40.65858], [-73.86043, 40.65858], [-73.86044, 40.65857], [-73.86045, 40.65858], [-73.86047, 40.65858], [-73.86048, 40.65857], [-73.86049, 40.65857], [-73.8605, 40.65857], [-73.86051, 40.65856], [-73.86051, 40.65856], [-73.86052, 40.65855], [-73.86052, 40.65854], [-73.86052, 40.65854], [-73.86051, 40.65854], [-73.86051, 40.65853], [-73.86051, 40.65853], [-73.8605, 40.65853], [-73.8605, 40.65852], [-73.8605, 40.65852], [-73.8605, 40.65852], [-73.8605, 40.65851], [-73.8605, 40.65851], [-73.86051, 40.6585], [-73.86052, 40.65849], [-73.86054, 40.65848], [-73.86055, 40.65848], [-73.86057, 40.65847], [-73.86058, 40.65848], [-73.86058, 40.65848], [-73.86059, 40.65849], [-73.86059, 40.65849], [-73.8606, 40.6585], [-73.8606, 40.6585], [-73.86061, 40.6585], [-73.86062, 40.6585], [-73.86063, 40.6585], [-73.86063, 40.6585], [-73.86064, 40.65849], [-73.86065, 40.65849], [-73.86065, 40.65849], [-73.86072, 40.65842], [-73.86082, 40.65839], [-73.86092, 40.65835], [-73.86094, 40.65836], [-73.86096, 40.65836], [-73.86097, 40.65837], [-73.86098, 40.65838], [-73.86099, 40.65839], [-73.861, 40.6584], [-73.861, 40.65842], [-73.861, 40.65843], [-73.861, 40.65844], [-73.86099, 40.65848], [-73.86098, 40.65852], [-73.86096, 40.65856], [-73.86094, 40.65859], [-73.8609, 40.65863], [-73.86089, 40.65864], [-73.86088, 40.65865], [-73.86088, 40.65867], [-73.86088, 40.65868], [-73.86087, 40.65869], [-73.86087, 40.65871], [-73.86086, 40.65872], [-73.86085, 40.65873], [-73.86083, 40.65874], [-73.86077, 40.65875], [-73.86072, 40.65877], [-73.86066, 40.6588], [-73.86062, 40.65883], [-73.86058, 40.65887], [-73.86054, 40.65891], [-73.86051, 40.65895], [-73.86049, 40.65899], [-73.86048, 40.65904], [-73.86047, 40.65909], [-73.86047, 40.65913], [-73.86048, 40.65918], [-73.86053, 40.65923], [-73.86057, 40.65928], [-73.86061, 40.65933], [-73.86065, 40.65932], [-73.86069, 40.65931], [-73.86072, 40.6593], [-73.86075, 40.65928], [-73.86077, 40.65926], [-73.86079, 40.65923], [-73.86081, 40.65921], [-73.86081, 40.65917], [-73.86082, 40.65913], [-73.86082, 40.65909], [-73.86082, 40.65907], [-73.86082, 40.65905], [-73.86083, 40.65904], [-73.86084, 40.65902], [-73.86086, 40.659], [-73.86087, 40.65899], [-73.86095, 40.65895], [-73.86103, 40.65891], [-73.86117, 40.65881], [-73.86121, 40.65877], [-73.86125, 40.65872], [-73.86128, 40.65867], [-73.8613, 40.65862], [-73.86132, 40.65857], [-73.86132, 40.65851], [-73.86131, 40.65849], [-73.86131, 40.65846], [-73.8613, 40.65843], [-73.8613, 40.6584], [-73.8613, 40.65835], [-73.86129, 40.65831], [-73.86127, 40.65826], [-73.86125, 40.65822], [-73.86113, 40.65816], [-73.86102, 40.65809], [-73.861, 40.65808], [-73.86098, 40.65807], [-73.86096, 40.65806], [-73.86094, 40.65806], [-73.8609, 40.65806], [-73.86082, 40.65806], [-73.86073, 40.65806], [-73.86066, 40.65807], [-73.8606, 40.65808], [-73.86054, 40.65809], [-73.86051, 40.65813], [-73.86047, 40.65817], [-73.86043, 40.65821], [-73.86039, 40.65824], [-73.86021, 40.65829], [-73.86018, 40.65831], [-73.86015, 40.65832], [-73.86011, 40.65833], [-73.86008, 40.65833], [-73.86004, 40.65833], [-73.85989, 40.65831], [-73.85984, 40.6583], [-73.85983, 40.6583], [-73.85981, 40.6583], [-73.8598, 40.6583], [-73.85979, 40.6583], [-73.85978, 40.65829], [-73.85978, 40.65829], [-73.85977, 40.65828], [-73.85978, 40.65826], [-73.85978, 40.65824], [-73.85978, 40.65824], [-73.85978, 40.65824], [-73.85978, 40.65824], [-73.85978, 40.65824], [-73.85978, 40.65824], [-73.85978, 40.65824], [-73.85978, 40.65824], [-73.85978, 40.65824], [-73.85978, 40.65824], [-73.85978, 40.65824], [-73.85978, 40.65824], [-73.85978, 40.65824], [-73.85979, 40.65824], [-73.85979, 40.65824], [-73.85979, 40.65824], [-73.8598, 40.65825], [-73.8598, 40.65825], [-73.8598, 40.65825], [-73.85981, 40.65824], [-73.85981, 40.65824], [-73.85981, 40.65824], [-73.85982, 40.65824], [-73.85982, 40.65824], [-73.85982, 40.65823], [-73.85982, 40.65823], [-73.85984, 40.65821], [-73.85996, 40.65813], [-73.85997, 40.65813], [-73.85999, 40.65813], [-73.86, 40.65812], [-73.86001, 40.65812], [-73.86002, 40.65811], [-73.86003, 40.6581], [-73.86004, 40.65809], [-73.86005, 40.65808], [-73.86005, 40.65807], [-73.86004, 40.65806], [-73.86004, 40.65806], [-73.86004, 40.65806], [-73.86004, 40.65806], [-73.86003, 40.65805], [-73.86003, 40.65805], [-73.86003, 40.65805], [-73.86003, 40.65804], [-73.86004, 40.65804], [-73.86004, 40.65804], [-73.86004, 40.65803], [-73.86004, 40.65803], [-73.86005, 40.65803], [-73.86005, 40.65803], [-73.86018, 40.658], [-73.8602, 40.65799], [-73.86021, 40.65798], [-73.86021, 40.65797], [-73.86022, 40.65795], [-73.86022, 40.65794], [-73.86022, 40.65793], [-73.86022, 40.65793], [-73.86021, 40.65792], [-73.86021, 40.65791], [-73.86024, 40.6579], [-73.86027, 40.65789], [-73.8603, 40.65789], [-73.86034, 40.65789], [-73.86037, 40.65789], [-73.86038, 40.65788], [-73.8604, 40.65787], [-73.86041, 40.65785], [-73.86045, 40.65784], [-73.86049, 40.65785], [-73.86053, 40.65784], [-73.86056, 40.65784], [-73.86056, 40.65784], [-73.86057, 40.65784], [-73.86057, 40.65784], [-73.86057, 40.65784], [-73.86057, 40.65784], [-73.86057, 40.65784], [-73.86058, 40.65784], [-73.86058, 40.65783], [-73.86058, 40.65783], [-73.86058, 40.65783], [-73.86058, 40.65783], [-73.86058, 40.65783], [-73.86058, 40.65783], [-73.86057, 40.65782], [-73.86053, 40.65782], [-73.86049, 40.6578], [-73.86044, 40.65778], [-73.86041, 40.65776], [-73.86041, 40.65761], [-73.86039, 40.65755], [-73.86036, 40.65751], [-73.86032, 40.65746], [-73.86031, 40.65742], [-73.86032, 40.65738], [-73.86034, 40.65725], [-73.86035, 40.65723], [-73.86037, 40.65721], [-73.86039, 40.65721], [-73.86042, 40.65721], [-73.86044, 40.65721], [-73.86046, 40.65721], [-73.86048, 40.6572], [-73.86053, 40.65718], [-73.86059, 40.65716], [-73.86061, 40.65715], [-73.86062, 40.65716], [-73.86061, 40.6572], [-73.86062, 40.6572], [-73.86066, 40.65717], [-73.86066, 40.65716], [-73.86066, 40.65714], [-73.86066, 40.65712], [-73.86066, 40.65712], [-73.86066, 40.65712], [-73.86066, 40.65711], [-73.86066, 40.65711], [-73.86066, 40.65711], [-73.86066, 40.6571], [-73.86066, 40.6571], [-73.86067, 40.6571], [-73.86067, 40.6571], [-73.86067, 40.6571], [-73.86068, 40.6571], [-73.86068, 40.6571], [-73.86068, 40.6571], [-73.8607, 40.65709], [-73.86072, 40.65709], [-73.86074, 40.65709], [-73.86075, 40.65708], [-73.86084, 40.65693], [-73.86084, 40.65693], [-73.86085, 40.65692], [-73.86085, 40.65692], [-73.86085, 40.65691], [-73.86086, 40.65691], [-73.86086, 40.65691], [-73.86087, 40.65691], [-73.86088, 40.65691], [-73.86088, 40.65691], [-73.86089, 40.65691], [-73.86128, 40.657], [-73.86149, 40.657], [-73.86161, 40.657], [-73.86163, 40.65705], [-73.86164, 40.6571], [-73.86164, 40.65715], [-73.86164, 40.6572], [-73.86163, 40.65726], [-73.86162, 40.6574], [-73.86162, 40.65754], [-73.86163, 40.65769], [-73.86164, 40.65783], [-73.86167, 40.65797], [-73.86167, 40.65798], [-73.86167, 40.65799], [-73.86168, 40.658], [-73.86168, 40.65801], [-73.86169, 40.65802], [-73.8617, 40.65802], [-73.86171, 40.65803], [-73.86173, 40.65803], [-73.8627, 40.65762], [-73.8627, 40.65762], [-73.86317, 40.65828], [-73.86175, 40.65894], [-73.86122, 40.65922], [-73.86036, 40.65965], [-73.85939, 40.65977], [-73.85851, 40.6599], [-73.85761, 40.66011], [-73.85792, 40.66132], [-73.85803, 40.66172], [-73.85812, 40.66204], [-73.85843, 40.66345], [-73.85754, 40.6636], [-73.85659, 40.66375], [-73.85612, 40.66381], [-73.85568, 40.66387], [-73.85611, 40.66551], [-73.85646, 40.66704], [-73.85685, 40.6686], [-73.85723, 40.6701], [-73.85725, 40.67017], [-73.85727, 40.67025], [-73.85729, 40.67032], [-73.85731, 40.67042], [-73.85763, 40.67166], [-73.85855, 40.67153], [-73.85947, 40.67138], [-73.86039, 40.67127], [-73.86078, 40.6728], [-73.86107, 40.67402], [-73.86106, 40.67434], [-73.86132, 40.67502], [-73.8603, 40.67477], [-73.85959, 40.67456], [-73.85928, 40.67445], [-73.85825, 40.67413], [-73.85711, 40.67357], [-73.85649, 40.67338], [-73.85284, 40.67228], [-73.85163, 40.67193], [-73.85096, 40.67172]]], [[[-73.83033, 40.65513], [-73.83038, 40.65513], [-73.83041, 40.65516], [-73.83041, 40.65522], [-73.8304, 40.65526], [-73.83036, 40.65532], [-73.83033, 40.65537], [-73.83027, 40.65543], [-73.83019, 40.65548], [-73.83013, 40.65551], [-73.83, 40.65555], [-73.82993, 40.65554], [-73.82989, 40.65552], [-73.82995, 40.65542], [-73.83004, 40.65535], [-73.83033, 40.65513]]], [[[-73.85976, 40.6541], [-73.86042, 40.65461], [-73.86048, 40.65466], [-73.86053, 40.65471], [-73.86057, 40.65475], [-73.8606, 40.65478], [-73.86099, 40.65521], [-73.86095, 40.65522], [-73.8609, 40.65523], [-73.86085, 40.65523], [-73.86081, 40.65522], [-73.86076, 40.65521], [-73.86072, 40.6552], [-73.86045, 40.65507], [-73.8603, 40.65492], [-73.86026, 40.65488], [-73.86025, 40.65488], [-73.86025, 40.65487], [-73.86021, 40.65484], [-73.86016, 40.65479], [-73.85979, 40.65448], [-73.85976, 40.6541]]], [[[-73.85898, 40.65267], [-73.85976, 40.6541], [-73.85949, 40.65393], [-73.85941, 40.65386], [-73.85941, 40.65386], [-73.85944, 40.65364], [-73.85934, 40.65356], [-73.85925, 40.65325], [-73.85913, 40.65317], [-73.85905, 40.65311], [-73.85901, 40.653], [-73.85898, 40.65267]]], [[[-73.85898, 40.65267], [-73.85869, 40.65249], [-73.85855, 40.65236], [-73.85837, 40.65218], [-73.85805, 40.6518], [-73.85794, 40.65168], [-73.85783, 40.65156], [-73.85775, 40.65149], [-73.85753, 40.65138], [-73.85732, 40.65124], [-73.8573, 40.65106], [-73.85719, 40.65088], [-73.85703, 40.65069], [-73.85696, 40.65059], [-73.85898, 40.65267]]]]}}, {"type": "Feature", "properties": {"zone_id": 128, "zone": "Inwood Hill Park", "borough": "Manhattan", "demand": 0}, "geometry": {"type": "MultiPolygon", "coordinates": [[[[-73.9236, 40.8789], [-73.92362, 40.87885], [-73.92362, 40.87885], [-73.92364, 40.87881], [-73.92368, 40.87883], [-73.92367, 40.87886], [-73.92368, 40.87887], [-73.92366, 40.87891], [-73.92365, 40.87891], [-73.92363, 40.87896], [-73.92359, 40.87895], [-73.92361, 40.8789], [-73.9236, 40.8789]]], [[[-73.92641, 40.87762], [-73.92635, 40.87759], [-73.9263, 40.87756], [-73.92631, 40.87755], [-73.9263, 40.87753], [-73.92629, 40.87751], [-73.92629, 40.8775], [-73.92629, 40.87748], [-73.9263, 40.87746], [-73.92631, 40.87744], [-73.92632, 40.87743], [-73.92634, 40.87741], [-73.92635, 40.87741], [-73.92637, 40.8774], [-73.92638, 40.8774], [-73.92639, 40.87738], [-73.92641, 40.87737], [-73.92642, 40.87734], [-73.92642, 40.87729], [-73.92642, 40.87727], [-73.92641, 40.87724], [-73.9264, 40.87722], [-73.9264, 40.87722], [-73.92638, 40.87719], [-73.92635, 40.87716], [-73.92633, 40.87715], [-73.9263, 40.87713], [-73.92627, 40.87712], [-73.92625, 40.87711], [-73.92615, 40.87709], [-73.92606, 40.87707], [-73.92596, 40.87706], [-73.92586, 40.87705], [-73.92575, 40.87707], [-73.92564, 40.87709], [-73.92559, 40.8771], [-73.92549, 40.87713], [-73.9254, 40.87716], [-73.92531, 40.87719], [-73.92525, 40.87723], [-73.92519, 40.87727], [-73.92514, 40.87731], [-73.92511, 40.87735], [-73.92508, 40.87739], [-73.92505, 40.87741], [-73.92501, 40.87742], [-73.92497, 40.87744], [-73.92493, 40.87744], [-73.92489, 40.87745], [-73.92483, 40.87744], [-73.92476, 40.87744], [-73.92469, 40.87743], [-73.92467, 40.87743], [-73.92463, 40.87742], [-73.92455, 40.8774], [-73.92447, 40.87739], [-73.92439, 40.87738], [-73.92428, 40.87737], [-73.92418, 40.87734], [-73.92408, 40.87732], [-73.92398, 40.87728], [-73.92398, 40.87728], [-73.92391, 40.87726], [-73.92387, 40.87724], [-73.92381, 40.87723], [-73.92375, 40.87722], [-73.92369, 40.87723], [-73.92363, 40.87723], [-73.92358, 40.87725], [-73.92353, 40.87726], [-73.92349, 40.87728], [-73.92343, 40.87729], [-73.92337, 40.87729], [-73.92331, 40.87729], [-73.92326, 40.87729], [-73.92321, 40.87728], [-73.92316, 40.87727], [-73.92311, 40.87725], [-73.92306, 40.87723], [-73.92303, 40.87721], [-73.92301, 40.87718], [-73.92294, 40.87714], [-73.92294, 40.87713], [-73.92292, 40.87709], [-73.92288, 40.87706], [-73.92287, 40.87706], [-73.92282, 40.87704], [-73.9228, 40.87703], [-73.92278, 40.87702], [-73.92277, 40.87703], [-73.92276, 40.87702], [-73.92278, 40.87701], [-73.92278, 40.877], [-73.92277, 40.877], [-73.92275, 40.87699], [-73.92273, 40.87697], [-73.9227, 40.87694], [-73.92266, 40.87693], [-73.92263, 40.87692], [-73.92261, 40.87694], [-73.92261, 40.87692], [-73.9226, 40.87692], [-73.92258, 40.87692], [-73.92257, 40.87691], [-73.92257, 40.87691], [-73.92258, 40.8769], [-73.92257, 40.8769], [-73.92258, 40.87688], [-73.92259, 40.87687], [-73.92257, 40.87686], [-73.92254, 40.87687], [-73.9225, 40.87684], [-73.92248, 40.87682], [-73.92244, 40.87679], [-73.92243, 40.87677], [-73.92242, 40.87677], [-73.92241, 40.87675], [-73.9224, 40.87674], [-73.9224, 40.87673], [-73.92241, 40.8767], [-73.92242, 40.87663], [-73.92242, 40.87655], [-73.92241, 40.87648], [-73.92241, 40.87639], [-73.92244, 40.87623], [-73.92244, 40.87607], [-73.92243, 40.87602], [-73.92241, 40.87594], [-73.92241, 40.87588], [-73.92242, 40.87584], [-73.92241, 40.87581], [-73.92242, 40.8758], [-73.92243, 40.87578], [-73.92242, 40.87575], [-73.92242, 40.87572], [-73.92242, 40.87569], [-73.92243, 40.87565], [-73.92245, 40.87561], [-73.92247, 40.87559], [-73.92248, 40.87556], [-73.92249, 40.87553], [-73.92253, 40.87547], [-73.92255, 40.87543], [-73.92255, 40.87541], [-73.92257, 40.87536], [-73.92258, 40.87533], [-73.92259, 40.87531], [-73.92261, 40.87526], [-73.92264, 40.87522], [-73.92265, 40.87519], [-73.92265, 40.87516], [-73.92266, 40.87514], [-73.92266, 40.8751], [-73.92265, 40.87505], [-73.92265, 40.87501], [-73.92266, 40.87495], [-73.92266, 40.87492], [-73.92266, 40.8749], [-73.92266, 40.87486], [-73.92265, 40.87481], [-73.92265, 40.87478], [-73.92265, 40.87474], [-73.92265, 40.87472], [-73.92263, 40.87465], [-73.92264, 40.87462], [-73.92265, 40.87461], [-73.92264, 40.87461], [-73.92264, 40.87458], [-73.92262, 40.87453], [-73.92261, 40.87449], [-73.92258, 40.87442], [-73.92257, 40.87436], [-73.92254, 40.87429], [-73.92254, 40.87426], [-73.92254, 40.87424], [-73.92251, 40.87421], [-73.92248, 40.87419], [-73.92245, 40.87419], [-73.92244, 40.87415], [-73.92241, 40.87412], [-73.9224, 40.87408], [-73.92238, 40.87404], [-73.92234, 40.874], [-73.92233, 40.87397], [-73.92228, 40.87387], [-73.92226, 40.87386], [-73.92226, 40.87385], [-73.92224, 40.87382], [-73.92222, 40.87378], [-73.9222, 40.87377], [-73.92219, 40.87373], [-73.92216, 40.87369], [-73.92211, 40.87365], [-73.92209, 40.87364], [-73.92207, 40.87361], [-73.92204, 40.87359], [-73.92199, 40.87357], [-73.92199, 40.87356], [-73.92197, 40.87355], [-73.92194, 40.87353], [-73.92192, 40.87352], [-73.9219, 40.87348], [-73.92187, 40.87347], [-73.92183, 40.87345], [-73.92178, 40.87342], [-73.92173, 40.87338], [-73.92167, 40.87333], [-73.92162, 40.8733], [-73.92159, 40.87329], [-73.9215, 40.87325], [-73.92141, 40.8732], [-73.92133, 40.87315], [-73.92125, 40.8731], [-73.92117, 40.87307], [-73.92108, 40.87305], [-73.92105, 40.87304], [-73.921, 40.87304], [-73.92098, 40.87303], [-73.92093, 40.87303], [-73.92089, 40.87303], [-73.92085, 40.87303], [-73.92081, 40.87303], [-73.92079, 40.87302], [-73.92077, 40.87301], [-73.92076, 40.87301], [-73.92071, 40.87301], [-73.9207, 40.87301], [-73.92069, 40.873], [-73.92067, 40.873], [-73.92064, 40.87299], [-73.92061, 40.87299], [-73.92057, 40.87299], [-73.92056, 40.87299], [-73.92053, 40.87301], [-73.92049, 40.87303], [-73.92046, 40.87304], [-73.92043, 40.87305], [-73.92039, 40.87307], [-73.92036, 40.87308], [-73.92033, 40.87309], [-73.9203, 40.87311], [-73.92029, 40.8731], [-73.92028, 40.87311], [-73.92026, 40.87312], [-73.92022, 40.87315], [-73.92019, 40.87316], [-73.92017, 40.87317], [-73.92015, 40.87318], [-73.92013, 40.87319], [-73.92012, 40.87321], [-73.9201, 40.87322], [-73.92008, 40.87323], [-73.92006, 40.87325], [-73.92005, 40.87328], [-73.92001, 40.87332], [-73.91999, 40.87335], [-73.91998, 40.87338], [-73.91997, 40.8734], [-73.91995, 40.87341], [-73.91995, 40.87345], [-73.91996, 40.87347], [-73.91995, 40.87349], [-73.91995, 40.87351], [-73.91996, 40.87353], [-73.91994, 40.87354], [-73.91994, 40.87355], [-73.91994, 40.87358], [-73.91992, 40.87359], [-73.91992, 40.87359], [-73.9199, 40.87359], [-73.9199, 40.87361], [-73.91986, 40.87361], [-73.91982, 40.87361], [-73.91978, 40.8736], [-73.91978, 40.87364], [-73.91982, 40.87365], [-73.91986, 40.87365], [-73.91989, 40.87365], [-73.91992, 40.87365], [-73.91993, 40.87367], [-73.91995, 40.87368], [-73.91995, 40.8737], [-73.91994, 40.87372], [-73.91995, 40.87373], [-73.91995, 40.87374], [-73.91995, 40.87375], [-73.91996, 40.87377], [-73.91997, 40.8738], [-73.91997, 40.87382], [-73.91997, 40.87383], [-73.91998, 40.87384], [-73.91999, 40.87384], [-73.92012, 40.87392], [-73.92014, 40.8739], [-73.92016, 40.87392], [-73.92015, 40.87394], [-73.92019, 40.87396], [-73.92021, 40.87394], [-73.92024, 40.87396], [-73.92022, 40.87398], [-73.92029, 40.87401], [-73.92035, 40.87405], [-73.9204, 40.87408], [-73.92044, 40.87411], [-73.92047, 40.87414], [-73.9205, 40.87416], [-73.92054, 40.87414], [-73.92058, 40.87418], [-73.92061, 40.87421], [-73.92063, 40.87423], [-73.92077, 40.87418], [-73.92079, 40.87418], [-73.9208, 40.87419], [-73.92081, 40.87421], [-73.92066, 40.87428], [-73.92067, 40.8743], [-73.92069, 40.87432], [-73.9207, 40.87435], [-73.92071, 40.87439], [-73.9207, 40.87439], [-73.92072, 40.87441], [-73.92072, 40.87443], [-73.92074, 40.87445], [-73.92076, 40.87447], [-73.92075, 40.87449], [-73.92077, 40.87451], [-73.92078, 40.87453], [-73.92078, 40.87454], [-73.92079, 40.87455], [-73.92079, 40.87456], [-73.9208, 40.87458], [-73.9208, 40.87459], [-73.92081, 40.8746], [-73.92082, 40.87461], [-73.92082, 40.87462], [-73.92083, 40.87463], [-73.92084, 40.87464], [-73.92084, 40.87465], [-73.92084, 40.87466], [-73.92085, 40.87466], [-73.92087, 40.87468], [-73.92088, 40.87469], [-73.92089, 40.8747], [-73.92089, 40.87472], [-73.92091, 40.87474], [-73.92092, 40.87475], [-73.92092, 40.87476], [-73.92091, 40.87478], [-73.92092, 40.8748], [-73.92092, 40.8748], [-73.92093, 40.87481], [-73.92094, 40.87483], [-73.92095, 40.87484], [-73.92097, 40.87484], [-73.92099, 40.87486], [-73.92099, 40.87488], [-73.921, 40.87489], [-73.92102, 40.8749], [-73.92103, 40.87493], [-73.92105, 40.87496], [-73.92108, 40.87498], [-73.92111, 40.87501], [-73.92114, 40.87505], [-73.92116, 40.87508], [-73.92117, 40.87509], [-73.92117, 40.87511], [-73.92117, 40.87512], [-73.92118, 40.87514], [-73.92117, 40.87514], [-73.92117, 40.87515], [-73.92117, 40.87517], [-73.92117, 40.87518], [-73.92117, 40.87518], [-73.92116, 40.87519], [-73.92116, 40.8752], [-73.92114, 40.8752], [-73.92115, 40.87521], [-73.92113, 40.87521], [-73.92113, 40.87522], [-73.92113, 40.87523], [-73.92111, 40.87524], [-73.9211, 40.87525], [-73.92111, 40.87527], [-73.92111, 40.87528], [-73.9211, 40.87528], [-73.92108, 40.87529], [-73.92106, 40.87531], [-73.92106, 40.87532], [-73.92104, 40.87534], [-73.92102, 40.87537], [-73.92101, 40.87538], [-73.92099, 40.87538], [-73.92098, 40.8754], [-73.92097, 40.87542], [-73.92095, 40.87543], [-73.92093, 40.87544], [-73.92093, 40.87545], [-73.92092, 40.87545], [-73.92091, 40.87546], [-73.9209, 40.87547], [-73.92089, 40.87546], [-73.92088, 40.87546], [-73.92084, 40.87546], [-73.9208, 40.87545], [-73.92076, 40.87544], [-73.92073, 40.87542], [-73.92068, 40.8754], [-73.92058, 40.87536], [-73.92054, 40.87534], [-73.92047, 40.87529], [-73.92039, 40.87525], [-73.92034, 40.87523], [-73.9203, 40.87522], [-73.92025, 40.87521], [-73.92023, 40.8752], [-73.92018, 40.87519], [-73.9201, 40.87515], [-73.91982, 40.87503], [-73.91972, 40.875], [-73.91925, 40.87483], [-73.91897, 40.87471], [-73.91897, 40.87471], [-73.91894, 40.8747], [-73.9189, 40.87467], [-73.91886, 40.87464], [-73.91886, 40.87463], [-73.91885, 40.87461], [-73.91886, 40.87459], [-73.91887, 40.87457], [-73.91889, 40.87456], [-73.91894, 40.87453], [-73.91899, 40.87449], [-73.91902, 40.87446], [-73.91904, 40.87443], [-73.91909, 40.87436], [-73.91912, 40.87431], [-73.91916, 40.87425], [-73.91921, 40.87416], [-73.91923, 40.8741], [-73.91923, 40.87407], [-73.91925, 40.87401], [-73.91926, 40.87394], [-73.91926, 40.87383], [-73.91926, 40.87372], [-73.91926, 40.87369], [-73.91927, 40.87366], [-73.91928, 40.87364], [-73.91926, 40.87361], [-73.91922, 40.87362], [-73.91894, 40.8733], [-73.91862, 40.8732], [-73.91855, 40.87318], [-73.91854, 40.8732], [-73.91854, 40.87323], [-73.91855, 40.87326], [-73.91856, 40.8733], [-73.91858, 40.87331], [-73.9186, 40.87332], [-73.91862, 40.87335], [-73.91864, 40.87337], [-73.91863, 40.87342], [-73.91863, 40.87345], [-73.9186, 40.87349], [-73.91855, 40.87352], [-73.91851, 40.87354], [-73.91847, 40.87356], [-73.91845, 40.87357], [-73.91844, 40.87357], [-73.91841, 40.87358], [-73.91843, 40.87359], [-73.9184, 40.87363], [-73.91838, 40.87364], [-73.91836, 40.87366], [-73.91833, 40.87369], [-73.9183, 40.87369], [-73.91829, 40.87371], [-73.91827, 40.87372], [-73.91824, 40.87373], [-73.91821, 40.87374], [-73.91818, 40.87375], [-73.91818, 40.87378], [-73.91816, 40.8738], [-73.91814, 40.87383], [-73.91811, 40.87384], [-73.91808, 40.87385], [-73.91806, 40.87385], [-73.91805, 40.87386], [-73.91804, 40.8739], [-73.91794, 40.87398], [-73.91793, 40.87398], [-73.91775, 40.87425], [-73.91777, 40.87425], [-73.91758, 40.87455], [-73.9175, 40.87452], [-73.91769, 40.87422], [-73.91771, 40.87423], [-73.91789, 40.87396], [-73.91788, 40.87396], [-73.91787, 40.8739], [-73.91785, 40.87393], [-73.91781, 40.87395], [-73.91781, 40.87396], [-73.91779, 40.87395], [-73.91778, 40.87396], [-73.91778, 40.87398], [-73.91777, 40.87399], [-73.91774, 40.87401], [-73.91771, 40.87402], [-73.91764, 40.87403], [-73.91759, 40.87404], [-73.91755, 40.87407], [-73.91749, 40.87408], [-73.91743, 40.87412], [-73.9174, 40.87416], [-73.91727, 40.87421], [-73.91719, 40.87424], [-73.91712, 40.87426], [-73.91704, 40.8743], [-73.91698, 40.87433], [-73.91685, 40.87434], [-73.91671, 40.87435], [-73.91666, 40.87439], [-73.91658, 40.87444], [-73.91645, 40.87449], [-73.91634, 40.87452], [-73.91621, 40.8745], [-73.9161, 40.8745], [-73.91602, 40.87451], [-73.91589, 40.87452], [-73.91577, 40.87453], [-73.91568, 40.87453], [-73.91558, 40.87452], [-73.9154, 40.8745], [-73.91522, 40.87449], [-73.91507, 40.87445], [-73.91498, 40.87442], [-73.91463, 40.87433], [-73.91422, 40.8742], [-73.9142, 40.87419], [-73.9139, 40.8741], [-73.91358, 40.87403], [-73.9135, 40.87399], [-73.91334, 40.87395], [-73.91329, 40.87394], [-73.91325, 40.87393], [-73.91319, 40.87389], [-73.91314, 40.87387], [-73.91309, 40.87385], [-73.91304, 40.87384], [-73.91298, 40.87384], [-73.91289, 40.87384], [-73.91273, 40.87381], [-73.91261, 40.87377], [-73.9125, 40.87373], [-73.91229, 40.87363], [-73.91208, 40.87353], [-73.91154, 40.87325], [-73.91176, 40.87306], [-73.91206, 40.87281], [-73.91268, 40.87229], [-73.91334, 40.87176], [-73.91366, 40.8715], [-73.91401, 40.87116], [-73.91415, 40.87122], [-73.91506, 40.8716], [-73.91628, 40.87212], [-73.91718, 40.8725], [-73.91846, 40.87302], [-73.91946, 40.87225], [-73.9197, 40.87206], [-73.91925, 40.87101], [-73.9209, 40.86988], [-73.92112, 40.86971], [-73.92112, 40.86971], [-73.92112, 40.86971], [-73.92136, 40.86955], [-73.92161, 40.86941], [-73.92161, 40.86941], [-73.92187, 40.86927], [-73.92187, 40.86927], [-73.92187, 40.86927], [-73.92214, 40.86915], [-73.92234, 40.86946], [-73.92382, 40.86902], [-73.92623, 40.86851], [-73.927, 40.86795], [-73.92872, 40.86674], [-73.92934, 40.86726], [-73.92998, 40.8678], [-73.93092, 40.86857], [-73.93118, 40.86877], [-73.93128, 40.86884], [-73.93141, 40.86896], [-73.93157, 40.86958], [-73.9322, 40.86984], [-73.93221, 40.8701], [-73.93212, 40.87038], [-73.93205, 40.87058], [-73.93203, 40.87076], [-73.93191, 40.87113], [-73.93178, 40.87133], [-73.9316, 40.87158], [-73.93147, 40.8718], [-73.93138, 40.87211], [-73.93122, 40.87233], [-73.93106, 40.87267], [-73.93084, 40.87289], [-73.93068, 40.87316], [-73.92998, 40.87434], [-73.92986, 40.87442], [-73.92932, 40.87529], [-73.92918, 40.87556], [-73.92901, 40.87574], [-73.92859, 40.8761], [-73.92833, 40.87635], [-73.92815, 40.87652], [-73.92804, 40.87658], [-73.92797, 40.87662], [-73.92753, 40.87671], [-73.9269, 40.87722], [-73.92661, 40.87751], [-73.92653, 40.87758], [-73.92648, 40.87762], [-73.92642, 40.87761], [-73.92641, 40.87762]]]]}}, {"type": "Feature", "properties": {"zone_id": 150, "zone": "Manhattan Beach", "borough": "Brooklyn", "demand": 0}, "geometry": {"type": "Polygon", "coordinates": [[[-73.93019, 40.58509], [-73.9301, 40.5845], [-73.93108, 40.58438], [-73.93106, 40.58432], [-73.93116, 40.58431], [-73.93204, 40.58423], [-73.93203, 40.58415], [-73.93186, 40.58308], [-73.93194, 40.58311], [-73.93198, 40.58311], [-73.93193, 40.58287], [-73.93238, 40.58292], [-73.93237, 40.58296], [-73.93201, 40.58293], [-73.93199, 40.58294], [-73.93202, 40.58311], [-73.93206, 40.58307], [-73.93209, 40.58307], [-73.9322, 40.58305], [-73.93226, 40.58303], [-73.93227, 40.58302], [-73.93228, 40.58302], [-73.93234, 40.583], [-73.93235, 40.58298], [-73.93238, 40.58299], [-73.93254, 40.58291], [-73.93261, 40.58292], [-73.93267, 40.58289], [-73.93275, 40.58288], [-73.93278, 40.58294], [-73.9328, 40.58296], [-73.93284, 40.58296], [-73.93287, 40.58295], [-73.9329, 40.58294], [-73.93295, 40.58294], [-73.93297, 40.58294], [-73.93304, 40.58295], [-73.93311, 40.58297], [-73.93314, 40.58299], [-73.93329, 40.58303], [-73.93339, 40.58304], [-73.93349, 40.58306], [-73.93349, 40.58296], [-73.93371, 40.58297], [-73.93421, 40.58298], [-73.93421, 40.58309], [-73.93437, 40.58311], [-73.93438, 40.58314], [-73.93447, 40.58315], [-73.93456, 40.58317], [-73.93456, 40.58312], [-73.93456, 40.58302], [-73.93528, 40.5831], [-73.93528, 40.58322], [-73.93528, 40.58324], [-73.93544, 40.58325], [-73.93569, 40.58327], [-73.93569, 40.58325], [-73.93572, 40.58325], [-73.93572, 40.58315], [-73.93568, 40.58315], [-73.93567, 40.58302], [-73.93582, 40.58302], [-73.93583, 40.58315], [-73.93576, 40.58316], [-73.93577, 40.58328], [-73.93586, 40.58329], [-73.93613, 40.58331], [-73.9362, 40.58327], [-73.93625, 40.58325], [-73.93625, 40.58318], [-73.93627, 40.58318], [-73.93627, 40.58306], [-73.93629, 40.58306], [-73.93629, 40.58301], [-73.93629, 40.583], [-73.93625, 40.583], [-73.93624, 40.58298], [-73.93613, 40.58298], [-73.93613, 40.58301], [-73.93613, 40.58301], [-73.9361, 40.58301], [-73.9361, 40.583], [-73.9361, 40.58295], [-73.93624, 40.58295], [-73.93624, 40.58295], [-73.93635, 40.58295], [-73.93657, 40.58296], [-73.93656, 40.58299], [-73.93635, 40.58298], [-73.93635, 40.583], [-73.9363, 40.583], [-73.9363, 40.58301], [-73.9363, 40.58302], [-73.93631, 40.58302], [-73.93632, 40.58318], [-73.93654, 40.58316], [-73.93655, 40.58322], [-73.93658, 40.58324], [-73.93663, 40.58324], [-73.93697, 40.58323], [-73.93698, 40.58307], [-73.93699, 40.58307], [-73.93699, 40.58303], [-73.93699, 40.58302], [-73.93693, 40.58302], [-73.93693, 40.58299], [-73.9369, 40.58299], [-73.93689, 40.58299], [-73.93683, 40.58299], [-73.93675, 40.58299], [-73.93673, 40.58299], [-73.93666, 40.58299], [-73.93665, 40.58299], [-73.93663, 40.58299], [-73.93663, 40.58297], [-73.93706, 40.58298], [-73.93706, 40.58303], [-73.93705, 40.58308], [-73.93763, 40.5831], [-73.93763, 40.58312], [-73.93705, 40.5831], [-73.93705, 40.58313], [-73.93703, 40.58313], [-73.93703, 40.58303], [-73.93703, 40.58302], [-73.93701, 40.58302], [-73.93701, 40.58303], [-73.937, 40.58307], [-73.93701, 40.58307], [-73.93702, 40.58323], [-73.93705, 40.58324], [-73.93708, 40.58333], [-73.93712, 40.58335], [-73.9373, 40.58335], [-73.93732, 40.58334], [-73.93732, 40.58329], [-73.93783, 40.58329], [-73.93789, 40.58334], [-73.93812, 40.58334], [-73.93809, 40.58312], [-73.93824, 40.58312], [-73.93826, 40.58328], [-73.93833, 40.58334], [-73.93855, 40.58334], [-73.93848, 40.58318], [-73.93867, 40.58316], [-73.93867, 40.58316], [-73.93866, 40.58314], [-73.93866, 40.58314], [-73.93865, 40.58311], [-73.93862, 40.5831], [-73.93863, 40.58307], [-73.93879, 40.58307], [-73.93878, 40.58309], [-73.93873, 40.58309], [-73.93867, 40.58308], [-73.93866, 40.5831], [-73.93868, 40.58314], [-73.93869, 40.58314], [-73.9387, 40.58316], [-73.9393, 40.58317], [-73.9393, 40.58333], [-73.93983, 40.58333], [-73.93983, 40.58317], [-73.93986, 40.58317], [-73.93986, 40.58333], [-73.94027, 40.58333], [-73.94058, 40.58333], [-73.94058, 40.58328], [-73.94058, 40.58327], [-73.94057, 40.58322], [-73.94057, 40.58321], [-73.94057, 40.58316], [-73.94057, 40.58315], [-73.94057, 40.58311], [-73.94057, 40.58309], [-73.94054, 40.58309], [-73.94054, 40.58309], [-73.94047, 40.58309], [-73.94047, 40.58309], [-73.94011, 40.58309], [-73.94011, 40.58307], [-73.94013, 40.58307], [-73.94021, 40.58307], [-73.94023, 40.58307], [-73.94027, 40.58307], [-73.94028, 40.58307], [-73.94036, 40.58307], [-73.94038, 40.58307], [-73.94047, 40.58307], [-73.94049, 40.58307], [-73.94056, 40.58307], [-73.94058, 40.58307], [-73.94066, 40.58307], [-73.94068, 40.58307], [-73.94068, 40.58309], [-73.94059, 40.58309], [-73.94059, 40.58311], [-73.94059, 40.58314], [-73.94059, 40.58315], [-73.94059, 40.5832], [-73.94059, 40.58321], [-73.94063, 40.5832], [-73.94064, 40.58333], [-73.9407, 40.58333], [-73.9407, 40.5833], [-73.94092, 40.5833], [-73.9409, 40.58312], [-73.9409, 40.58309], [-73.94074, 40.58309], [-73.94074, 40.58308], [-73.94079, 40.58307], [-73.94083, 40.58307], [-73.94085, 40.58307], [-73.94092, 40.58307], [-73.94098, 40.58307], [-73.941, 40.58307], [-73.94103, 40.58307], [-73.94103, 40.58309], [-73.94091, 40.58309], [-73.94092, 40.58312], [-73.94093, 40.58326], [-73.94093, 40.5833], [-73.94116, 40.5833], [-73.94116, 40.58327], [-73.94114, 40.58316], [-73.94113, 40.58316], [-73.94111, 40.58314], [-73.94111, 40.58313], [-73.9411, 40.58309], [-73.94115, 40.5831], [-73.94115, 40.5831], [-73.9412, 40.58309], [-73.94121, 40.5831], [-73.94115, 40.58311], [-73.94116, 40.58313], [-73.94119, 40.58326], [-73.94121, 40.5833], [-73.94125, 40.5833], [-73.94126, 40.58334], [-73.94131, 40.58334], [-73.94144, 40.58334], [-73.94149, 40.58353], [-73.94154, 40.58352], [-73.94157, 40.58361], [-73.94255, 40.58351], [-73.94202, 40.58311], [-73.94215, 40.58311], [-73.9427, 40.58351], [-73.94305, 40.58349], [-73.94256, 40.58313], [-73.94269, 40.58312], [-73.9432, 40.58349], [-73.94354, 40.58347], [-73.94309, 40.58313], [-73.94323, 40.58313], [-73.94351, 40.58334], [-73.94369, 40.58347], [-73.94407, 40.58347], [-73.94364, 40.58315], [-73.94377, 40.58314], [-73.94423, 40.58348], [-73.94462, 40.5835], [-73.94417, 40.58316], [-73.94432, 40.58316], [-73.94478, 40.58351], [-73.94518, 40.58352], [-73.94471, 40.58316], [-73.94485, 40.58316], [-73.94535, 40.58353], [-73.94573, 40.58354], [-73.94527, 40.58318], [-73.94538, 40.58318], [-73.9459, 40.58355], [-73.94629, 40.58357], [-73.9458, 40.58319], [-73.94592, 40.58319], [-73.94643, 40.58356], [-73.94679, 40.58355], [-73.94632, 40.58321], [-73.94646, 40.5832], [-73.94692, 40.58355], [-73.94727, 40.58353], [-73.94682, 40.58319], [-73.94701, 40.58319], [-73.94747, 40.58353], [-73.94837, 40.58349], [-73.94958, 40.58336], [-73.95025, 40.58329], [-73.95118, 40.5832], [-73.95247, 40.58308], [-73.95349, 40.58299], [-73.95343, 40.58267], [-73.95342, 40.58261], [-73.9533, 40.582], [-73.95286, 40.58204], [-73.95233, 40.58209], [-73.95194, 40.58212], [-73.95102, 40.5822], [-73.95009, 40.58228], [-73.9497, 40.58232], [-73.94937, 40.58226], [-73.948, 40.582], [-73.94698, 40.5818], [-73.94601, 40.58162], [-73.94503, 40.58143], [-73.94414, 40.58126], [-73.94306, 40.58106], [-73.94274, 40.581], [-73.94217, 40.581], [-73.94124, 40.58102], [-73.94036, 40.58103], [-73.93899, 40.58105], [-73.93806, 40.58107], [-73.93711, 40.58108], [-73.93617, 40.5811], [-73.93475, 40.58112], [-73.93381, 40.58113], [-73.93381, 40.58121], [-73.93384, 40.58121], [-73.93384, 40.5812], [-73.9343, 40.5812], [-73.93513, 40.58118], [-73.93514, 40.5813], [-73.93511, 40.5813], [-73.93511, 40.58122], [-73.9351, 40.58121], [-73.93391, 40.58123], [-73.93384, 40.58123], [-73.93384, 40.58122], [-73.93381, 40.58122], [-73.93381, 40.58123], [-73.93376, 40.58123], [-73.93376, 40.58119], [-73.93366, 40.58119], [-73.93366, 40.58121], [-73.9334, 40.58122], [-73.9334, 40.58116], [-73.93366, 40.58116], [-73.93366, 40.58118], [-73.93376, 40.58118], [-73.93376, 40.58113], [-73.933, 40.58114], [-73.933, 40.58128], [-73.93297, 40.58128], [-73.93296, 40.58114], [-73.93291, 40.58115], [-73.93291, 40.58128], [-73.93287, 40.58129], [-73.93287, 40.58115], [-73.93281, 40.58115], [-73.93278, 40.5812], [-73.93275, 40.58124], [-73.9327, 40.58127], [-73.93264, 40.58128], [-73.93258, 40.58126], [-73.93255, 40.58124], [-73.93252, 40.5812], [-73.9325, 40.58115], [-73.93245, 40.58097], [-73.93202, 40.57954], [-73.932, 40.57952], [-73.93182, 40.57896], [-73.93183, 40.57868], [-73.93169, 40.57818], [-73.93164, 40.57817], [-73.93106, 40.57627], [-73.93106, 40.57616], [-73.93144, 40.5757], [-73.9315, 40.57566], [-73.93307, 40.57561], [-73.93332, 40.57559], [-73.93488, 40.57558], [-73.93491, 40.57558], [-73.93492, 40.57556], [-73.93492, 40.57554], [-73.93492, 40.57528], [-73.93492, 40.57527], [-73.93492, 40.57527], [-73.93492, 40.57527], [-73.93493, 40.57527], [-73.93493, 40.57527], [-73.93493, 40.57527], [-73.93494, 40.57527], [-73.93494, 40.57527], [-73.93494, 40.57527], [-73.93495, 40.57527], [-73.93495, 40.57527], [-73.93497, 40.57548], [-73.93505, 40.57555], [-73.9353, 40.57563], [-73.93574, 40.57575], [-73.93623, 40.57585], [-73.93647, 40.57586], [-73.93656, 40.57582], [-73.9366, 40.57577], [-73.93662, 40.57572], [-73.93665, 40.57562], [-73.93667, 40.57543], [-73.93668, 40.57542], [-73.9367, 40.57542], [-73.93671, 40.57542], [-73.93672, 40.57542], [-73.93673, 40.57542], [-73.93675, 40.57542], [-73.93676, 40.57543], [-73.93676, 40.57543], [-73.93679, 40.57554], [-73.9368, 40.57554], [-73.9368, 40.57555], [-73.9368, 40.57555], [-73.93681, 40.57555], [-73.93681, 40.57556], [-73.93682, 40.57556], [-73.93683, 40.57556], [-73.93683, 40.57556], [-73.93684, 40.57556], [-73.93684, 40.57556], [-73.93685, 40.57556], [-73.93892, 40.57549], [-73.94251, 40.57537], [-73.94252, 40.57538], [-73.94253, 40.57539], [-73.94253, 40.5754], [-73.94254, 40.57541], [-73.94254, 40.57542], [-73.94254, 40.57544], [-73.94253, 40.57545], [-73.94253, 40.57546], [-73.94252, 40.57547], [-73.94251, 40.57548], [-73.9425, 40.57548], [-73.94249, 40.57549], [-73.94248, 40.57549], [-73.94248, 40.57551], [-73.94249, 40.57552], [-73.94251, 40.57554], [-73.94252, 40.57555], [-73.94254, 40.57556], [-73.94256, 40.57556], [-73.94258, 40.57557], [-73.9426, 40.57557], [-73.94274, 40.5756], [-73.94289, 40.57563], [-73.94312, 40.57568], [-73.94329, 40.57572], [-73.94347, 40.57575], [-73.94364, 40.57577], [-73.94382, 40.57579], [-73.94393, 40.5758], [-73.94405, 40.57581], [-73.94416, 40.57581], [-73.94428, 40.5758], [-73.94439, 40.57579], [-73.94451, 40.57577], [-73.94454, 40.57576], [-73.94458, 40.57574], [-73.94461, 40.57572], [-73.94463, 40.57569], [-73.94455, 40.57529], [-73.94457, 40.57527], [-73.94457, 40.57525], [-73.94461, 40.57523], [-73.94463, 40.57525], [-73.94465, 40.57526], [-73.94468, 40.57534], [-73.94471, 40.57553], [-73.94487, 40.57557], [-73.945, 40.57556], [-73.94519, 40.57556], [-73.94545, 40.57557], [-73.94554, 40.57557], [-73.94563, 40.57557], [-73.94572, 40.57556], [-73.94581, 40.57554], [-73.9459, 40.57552], [-73.94598, 40.5755], [-73.94604, 40.57547], [-73.94608, 40.57543], [-73.94612, 40.57539], [-73.94616, 40.57535], [-73.94618, 40.5753], [-73.9462, 40.57525], [-73.94621, 40.5752], [-73.94616, 40.57519], [-73.94595, 40.57521], [-73.94592, 40.5752], [-73.94591, 40.57514], [-73.94592, 40.57512], [-73.94665, 40.57502], [-73.94671, 40.57502], [-73.94678, 40.57502], [-73.9468, 40.57502], [-73.94692, 40.575], [-73.94709, 40.57498], [-73.94777, 40.57491], [-73.94869, 40.57481], [-73.94896, 40.57478], [-73.94939, 40.57469], [-73.94954, 40.57465], [-73.94992, 40.57455], [-73.95007, 40.57456], [-73.95019, 40.57456], [-73.95031, 40.57453], [-73.95053, 40.57452], [-73.95053, 40.57452], [-73.95081, 40.57449], [-73.95105, 40.57446], [-73.95133, 40.57442], [-73.95148, 40.57442], [-73.95151, 40.57442], [-73.95176, 40.57442], [-73.95208, 40.5744], [-73.95224, 40.57433], [-73.95236, 40.57427], [-73.95243, 40.57456], [-73.95287, 40.57688], [-73.953, 40.57748], [-73.95304, 40.57768], [-73.9531, 40.57799], [-73.95334, 40.57927], [-73.95374, 40.58136], [-73.95384, 40.58175], [-73.95392, 40.58187], [-73.95404, 40.58252], [-73.95407, 40.5827], [-73.95411, 40.58292], [-73.95412, 40.58298], [-73.95414, 40.58311], [-73.95437, 40.58308], [-73.95517, 40.58292], [-73.95571, 40.5828], [-73.95604, 40.58274], [-73.95646, 40.58266], [-73.95676, 40.58283], [-73.95683, 40.58289], [-73.95689, 40.58293], [-73.95696, 40.58298], [-73.95703, 40.58304], [-73.95713, 40.58305], [-73.95724, 40.58304], [-73.95734, 40.58302], [-73.95901, 40.58284], [-73.96005, 40.58327], [-73.96011, 40.58341], [-73.96015, 40.58358], [-73.96022, 40.58451], [-73.96023, 40.58461], [-73.96023, 40.58468], [-73.96024, 40.58475], [-73.96024, 40.58479], [-73.96024, 40.58483], [-73.96026, 40.58503], [-73.96022, 40.58504], [-73.96007, 40.58505], [-73.95917, 40.58514], [-73.9588, 40.58519], [-73.95778, 40.58518], [-73.95765, 40.58519], [-73.95762, 40.5852], [-73.95758, 40.5852], [-73.95691, 40.58528], [-73.95674, 40.5853], [-73.95657, 40.58534], [-73.95642, 40.5854], [-73.95627, 40.58547], [-73.95576, 40.5855], [-73.95486, 40.58562], [-73.9544, 40.58568], [-73.95398, 40.58571], [-73.95388, 40.58572], [-73.95389, 40.58564], [-73.95387, 40.58556], [-73.95383, 40.58548], [-73.95376, 40.58541], [-73.95367, 40.58535], [-73.95357, 40.58531], [-73.95347, 40.58529], [-73.95336, 40.58527], [-73.95324, 40.58526], [-73.95312, 40.58526], [-73.95301, 40.58527], [-73.9529, 40.5853], [-73.95288, 40.5852], [-73.95124, 40.58492], [-73.94987, 40.58486], [-73.94866, 40.58489], [-73.94764, 40.585], [-73.94669, 40.58507], [-73.94555, 40.58514], [-73.94493, 40.58517], [-73.94387, 40.5853], [-73.94291, 40.58541], [-73.94192, 40.58552], [-73.94106, 40.58566], [-73.93921, 40.58597], [-73.93915, 40.58598], [-73.93909, 40.58599], [-73.93817, 40.58615], [-73.93725, 40.58631], [-73.93678, 40.5864], [-73.93634, 40.58648], [-73.93589, 40.58653], [-73.93541, 40.58659], [-73.93477, 40.58664], [-73.93445, 40.58665], [-73.93344, 40.58654], [-73.93245, 40.58636], [-73.93211, 40.58629], [-73.93146, 40.5861], [-73.9314, 40.58608], [-73.93134, 40.58581], [-73.93133, 40.58574], [-73.93132, 40.58567], [-73.93127, 40.58544], [-73.93119, 40.58541], [-73.93019, 40.58509]]]}}, {"type": "Feature", "properties": {"zone_id": 154, "zone": "Marine Park/Floyd Bennett Field", "borough": "Brooklyn", "demand": 0}, "geometry": {"type": "MultiPolygon", "coordinates": [[[[-73.93531, 40.60886], [-73.93423, 40.6079], [-73.93351, 40.60834], [-73.93201, 40.607], [-73.9317, 40.60671], [-73.92987, 40.60507], [-73.9295, 40.60531], [-73.92916, 40.60553], [-73.92844, 40.606], [-73.92769, 40.60648], [-73.92696, 40.60696], [-73.92625, 40.60741], [-73.92444, 40.60579], [-73.92373, 40.60625], [-73.92301, 40.60672], [-73.9223, 40.60718], [-73.92158, 40.60764], [-73.92066, 40.60675], [-73.91985, 40.60722], [-73.91971, 40.6073], [-73.91853, 40.60611], [-73.91848, 40.60615], [-73.91795, 40.60621], [-73.91702, 40.60538], [-73.91712, 40.60531], [-73.9156, 40.60394], [-73.9155, 40.60391], [-73.91542, 40.60395], [-73.91477, 40.60336], [-73.91489, 40.60329], [-73.91443, 40.60286], [-73.914, 40.60279], [-73.91397, 40.60278], [-73.91395, 40.60277], [-73.91389, 40.6027], [-73.91386, 40.60276], [-73.91385, 40.60276], [-73.9138, 40.60287], [-73.91382, 40.60288], [-73.91382, 40.60289], [-73.91381, 40.60288], [-73.91369, 40.60285], [-73.91369, 40.60284], [-73.91379, 40.60287], [-73.91384, 40.60276], [-73.91382, 40.60275], [-73.91382, 40.60274], [-73.91386, 40.60269], [-73.91383, 40.60267], [-73.91384, 40.60266], [-73.91384, 40.60266], [-73.91375, 40.6026], [-73.91373, 40.60261], [-73.91364, 40.60252], [-73.91333, 40.60276], [-73.91349, 40.6029], [-73.91347, 40.60291], [-73.9133, 40.60277], [-73.91364, 40.6025], [-73.91363, 40.60249], [-73.91366, 40.60247], [-73.91365, 40.60246], [-73.91358, 40.60242], [-73.9135, 40.60237], [-73.91338, 40.60245], [-73.91338, 40.60244], [-73.91334, 40.60248], [-73.91335, 40.60249], [-73.91327, 40.60255], [-73.91339, 40.60263], [-73.9132, 40.60278], [-73.91318, 40.60277], [-73.91335, 40.60264], [-73.91336, 40.60264], [-73.91326, 40.60257], [-73.91325, 40.60257], [-73.91302, 40.60275], [-73.913, 40.60274], [-73.9133, 40.60251], [-73.91328, 40.6025], [-73.91332, 40.60246], [-73.91332, 40.60246], [-73.91336, 40.60244], [-73.91336, 40.60243], [-73.91348, 40.60235], [-73.9134, 40.60231], [-73.91337, 40.60229], [-73.91331, 40.60226], [-73.9133, 40.60225], [-73.91325, 40.60225], [-73.91318, 40.60224], [-73.91312, 40.60222], [-73.9129, 40.60249], [-73.91291, 40.60249], [-73.91274, 40.60271], [-73.91271, 40.60269], [-73.91285, 40.60251], [-73.91272, 40.60245], [-73.91275, 40.60242], [-73.91289, 40.60248], [-73.91293, 40.60243], [-73.91292, 40.60243], [-73.9131, 40.60221], [-73.91306, 40.60221], [-73.91299, 40.6022], [-73.91293, 40.6022], [-73.91281, 40.60219], [-73.91277, 40.60218], [-73.91267, 40.60218], [-73.91257, 40.60217], [-73.91244, 40.60215], [-73.91227, 40.60214], [-73.91212, 40.60214], [-73.91196, 40.60215], [-73.91176, 40.60216], [-73.91158, 40.60214], [-73.91158, 40.60222], [-73.91181, 40.60223], [-73.91216, 40.60226], [-73.91231, 40.60227], [-73.91232, 40.60228], [-73.91254, 40.60236], [-73.91253, 40.60239], [-73.91251, 40.60239], [-73.91251, 40.60237], [-73.91231, 40.6023], [-73.91226, 40.60229], [-73.91225, 40.60232], [-73.91202, 40.6023], [-73.91183, 40.60229], [-73.91165, 40.60228], [-73.91165, 40.60229], [-73.91158, 40.60229], [-73.91157, 40.60232], [-73.91156, 40.60232], [-73.91154, 40.60244], [-73.91162, 40.60245], [-73.91163, 40.60245], [-73.91209, 40.60252], [-73.91209, 40.60252], [-73.9122, 40.60253], [-73.91221, 40.60253], [-73.91223, 40.60254], [-73.91226, 40.60254], [-73.91228, 40.60254], [-73.9123, 40.60255], [-73.91232, 40.60255], [-73.91234, 40.60255], [-73.91236, 40.60255], [-73.91238, 40.60256], [-73.9124, 40.60256], [-73.91244, 40.60256], [-73.91245, 40.60256], [-73.9125, 40.60252], [-73.91261, 40.60253], [-73.91257, 40.60268], [-73.91256, 40.60268], [-73.91259, 40.60255], [-73.91252, 40.60254], [-73.91249, 40.60267], [-73.91248, 40.60267], [-73.91249, 40.60261], [-73.91248, 40.60259], [-73.91246, 40.60259], [-73.91241, 40.60258], [-73.9124, 40.60258], [-73.9123, 40.60257], [-73.91229, 40.60257], [-73.91226, 40.60256], [-73.91225, 40.60256], [-73.91213, 40.60254], [-73.91212, 40.60254], [-73.91209, 40.60254], [-73.91206, 40.60253], [-73.91203, 40.60253], [-73.912, 40.60253], [-73.91197, 40.60252], [-73.91194, 40.60252], [-73.91192, 40.60252], [-73.91188, 40.60251], [-73.91187, 40.60251], [-73.91183, 40.6025], [-73.91181, 40.6025], [-73.91178, 40.6025], [-73.91176, 40.60249], [-73.91172, 40.60249], [-73.9117, 40.60249], [-73.91166, 40.60248], [-73.91164, 40.60248], [-73.9116, 40.60247], [-73.91157, 40.60247], [-73.91154, 40.60246], [-73.91152, 40.60246], [-73.91149, 40.60246], [-73.91146, 40.60246], [-73.91144, 40.60245], [-73.9114, 40.60245], [-73.91136, 40.60245], [-73.91134, 40.60245], [-73.91131, 40.60245], [-73.91128, 40.60244], [-73.91125, 40.60244], [-73.91122, 40.60244], [-73.91119, 40.60244], [-73.91118, 40.60244], [-73.91113, 40.60243], [-73.91111, 40.60243], [-73.91111, 40.60243], [-73.91105, 40.60243], [-73.91102, 40.60243], [-73.91097, 40.60242], [-73.91096, 40.60243], [-73.91095, 40.6025], [-73.91094, 40.6025], [-73.91096, 40.60238], [-73.91095, 40.60236], [-73.91089, 40.60236], [-73.91089, 40.60249], [-73.91087, 40.60249], [-73.91088, 40.60234], [-73.91099, 40.60235], [-73.91098, 40.6024], [-73.91103, 40.60241], [-73.91105, 40.60241], [-73.91151, 40.60244], [-73.91152, 40.6024], [-73.91154, 40.60222], [-73.91151, 40.60222], [-73.91108, 40.60217], [-73.91107, 40.60217], [-73.91105, 40.60216], [-73.91105, 40.60216], [-73.91094, 40.60215], [-73.91093, 40.60221], [-73.91092, 40.60221], [-73.91094, 40.60213], [-73.91096, 40.60213], [-73.91096, 40.60214], [-73.91112, 40.60216], [-73.91132, 40.60219], [-73.91155, 40.60221], [-73.91156, 40.60216], [-73.91149, 40.60215], [-73.91149, 40.60212], [-73.91092, 40.60205], [-73.91076, 40.60203], [-73.91074, 40.60215], [-73.91074, 40.60242], [-73.91075, 40.60242], [-73.91075, 40.60244], [-73.9107, 40.60244], [-73.91068, 40.60244], [-73.91066, 40.60245], [-73.91063, 40.60245], [-73.9106, 40.60245], [-73.91058, 40.60245], [-73.91054, 40.60246], [-73.91053, 40.60246], [-73.9105, 40.60246], [-73.91047, 40.60246], [-73.91044, 40.60247], [-73.91041, 40.60247], [-73.91039, 40.60247], [-73.91035, 40.60248], [-73.91032, 40.60248], [-73.9103, 40.60248], [-73.91027, 40.60248], [-73.91024, 40.60249], [-73.91022, 40.60249], [-73.91019, 40.60249], [-73.91015, 40.60249], [-73.91013, 40.6025], [-73.91009, 40.6025], [-73.91009, 40.6025], [-73.91005, 40.6025], [-73.91005, 40.60251], [-73.90999, 40.60251], [-73.90997, 40.60251], [-73.90993, 40.60252], [-73.90991, 40.60252], [-73.90988, 40.60252], [-73.90986, 40.60252], [-73.90982, 40.60253], [-73.90979, 40.60253], [-73.90975, 40.60253], [-73.90974, 40.60253], [-73.90972, 40.60254], [-73.90969, 40.60254], [-73.90966, 40.60254], [-73.90964, 40.60254], [-73.90961, 40.60255], [-73.90959, 40.60255], [-73.90956, 40.60255], [-73.90953, 40.60256], [-73.9095, 40.60256], [-73.90947, 40.60256], [-73.90944, 40.60256], [-73.90942, 40.60257], [-73.90939, 40.60257], [-73.90937, 40.60257], [-73.90934, 40.60257], [-73.90931, 40.60258], [-73.90929, 40.60258], [-73.90926, 40.60258], [-73.90923, 40.60258], [-73.90921, 40.60259], [-73.90918, 40.60259], [-73.90915, 40.60259], [-73.90913, 40.60259], [-73.90909, 40.6026], [-73.90907, 40.6026], [-73.90904, 40.6026], [-73.90905, 40.60268], [-73.90904, 40.60268], [-73.90902, 40.60252], [-73.90903, 40.60252], [-73.90904, 40.60257], [-73.90905, 40.60258], [-73.90907, 40.60258], [-73.90957, 40.60253], [-73.9096, 40.60253], [-73.90963, 40.60252], [-73.90964, 40.60252], [-73.90966, 40.60252], [-73.90969, 40.60252], [-73.90972, 40.60251], [-73.90973, 40.60251], [-73.90976, 40.60251], [-73.90978, 40.60251], [-73.9098, 40.60251], [-73.90983, 40.6025], [-73.90986, 40.6025], [-73.90988, 40.6025], [-73.90991, 40.6025], [-73.90993, 40.60249], [-73.90995, 40.60249], [-73.90998, 40.60249], [-73.90999, 40.60249], [-73.91002, 40.60248], [-73.91004, 40.60248], [-73.91007, 40.60248], [-73.9101, 40.60248], [-73.91011, 40.60248], [-73.91013, 40.60247], [-73.91016, 40.60247], [-73.91018, 40.60247], [-73.91021, 40.60247], [-73.91023, 40.60247], [-73.91025, 40.60246], [-73.91028, 40.60246], [-73.9103, 40.60246], [-73.91043, 40.60245], [-73.91044, 40.60245], [-73.91071, 40.60242], [-73.91072, 40.60216], [-73.91072, 40.60215], [-73.91071, 40.60214], [-73.91066, 40.60215], [-73.91063, 40.60215], [-73.91062, 40.60215], [-73.91059, 40.60215], [-73.91058, 40.60215], [-73.91055, 40.60215], [-73.91054, 40.60215], [-73.91051, 40.60215], [-73.9105, 40.60215], [-73.91047, 40.60216], [-73.91046, 40.60216], [-73.91043, 40.60216], [-73.91042, 40.60216], [-73.91039, 40.60216], [-73.91038, 40.60216], [-73.91034, 40.60216], [-73.91033, 40.60216], [-73.9103, 40.60216], [-73.91029, 40.60216], [-73.91025, 40.60217], [-73.91024, 40.60217], [-73.91021, 40.60217], [-73.9102, 40.60217], [-73.91017, 40.60217], [-73.91015, 40.60217], [-73.91013, 40.60217], [-73.9101, 40.60217], [-73.91008, 40.60217], [-73.91006, 40.60217], [-73.91004, 40.60218], [-73.91002, 40.60218], [-73.91, 40.60218], [-73.90997, 40.60218], [-73.90995, 40.60218], [-73.90993, 40.60218], [-73.9099, 40.60218], [-73.90989, 40.60218], [-73.90986, 40.60218], [-73.90982, 40.60219], [-73.90982, 40.60219], [-73.9098, 40.60219], [-73.90978, 40.60219], [-73.90975, 40.60219], [-73.90973, 40.60219], [-73.90971, 40.60219], [-73.90969, 40.60219], [-73.90965, 40.60219], [-73.90965, 40.60219], [-73.90963, 40.60219], [-73.90963, 40.60219], [-73.90952, 40.6022], [-73.90952, 40.6022], [-73.90943, 40.6022], [-73.90942, 40.60221], [-73.90943, 40.60227], [-73.90942, 40.60227], [-73.90941, 40.60219], [-73.91025, 40.60214], [-73.91028, 40.60214], [-73.91061, 40.60211], [-73.91072, 40.60211], [-73.91073, 40.60202], [-73.91068, 40.602], [-73.91059, 40.60198], [-73.91046, 40.60197], [-73.91033, 40.60195], [-73.91029, 40.60195], [-73.91027, 40.60196], [-73.91019, 40.60198], [-73.91009, 40.60199], [-73.91001, 40.60201], [-73.90993, 40.60204], [-73.90988, 40.60204], [-73.90983, 40.60205], [-73.9098, 40.60204], [-73.90976, 40.60203], [-73.90972, 40.60201], [-73.90969, 40.60199], [-73.90965, 40.60198], [-73.9096, 40.60197], [-73.90952, 40.60196], [-73.90941, 40.60193], [-73.90932, 40.60187], [-73.90928, 40.60184], [-73.90919, 40.60179], [-73.90916, 40.60173], [-73.90912, 40.60168], [-73.90905, 40.60162], [-73.909, 40.60161], [-73.90894, 40.60161], [-73.90889, 40.60161], [-73.90886, 40.60165], [-73.90884, 40.60169], [-73.90878, 40.60171], [-73.90869, 40.60172], [-73.90859, 40.60176], [-73.90848, 40.60181], [-73.90845, 40.60185], [-73.90849, 40.60192], [-73.90842, 40.60196], [-73.90832, 40.60199], [-73.90828, 40.60201], [-73.90822, 40.60206], [-73.90813, 40.60208], [-73.90805, 40.60208], [-73.90797, 40.60209], [-73.90798, 40.60214], [-73.90794, 40.60216], [-73.90788, 40.60216], [-73.90784, 40.60215], [-73.9078, 40.60214], [-73.90774, 40.60217], [-73.90766, 40.60222], [-73.90771, 40.60226], [-73.90768, 40.60229], [-73.90758, 40.6023], [-73.90747, 40.60231], [-73.90741, 40.60232], [-73.90734, 40.60228], [-73.90731, 40.60225], [-73.90722, 40.60225], [-73.90715, 40.60231], [-73.90708, 40.60236], [-73.90701, 40.60241], [-73.90694, 40.60241], [-73.90683, 40.60238], [-73.90676, 40.60238], [-73.9067, 40.60239], [-73.90665, 40.60236], [-73.90657, 40.60234], [-73.90651, 40.60238], [-73.90644, 40.60244], [-73.90629, 40.60246], [-73.9062, 40.60248], [-73.90611, 40.60246], [-73.90602, 40.60248], [-73.90594, 40.60252], [-73.90586, 40.60253], [-73.90581, 40.60253], [-73.90578, 40.60257], [-73.90571, 40.60256], [-73.90568, 40.60257], [-73.90568, 40.60261], [-73.90562, 40.60263], [-73.90556, 40.60261], [-73.90551, 40.60261], [-73.90546, 40.60264], [-73.90539, 40.60265], [-73.90536, 40.60263], [-73.90531, 40.60264], [-73.90528, 40.60262], [-73.90516, 40.6026], [-73.90497, 40.60257], [-73.9049, 40.6026], [-73.90485, 40.60257], [-73.90457, 40.60253], [-73.90434, 40.60257], [-73.90413, 40.60262], [-73.90399, 40.60271], [-73.90393, 40.60272], [-73.90385, 40.60271], [-73.90376, 40.60267], [-73.90369, 40.60264], [-73.90367, 40.6026], [-73.90359, 40.60259], [-73.90342, 40.60257], [-73.90336, 40.60255], [-73.90333, 40.60251], [-73.90333, 40.60246], [-73.90331, 40.60248], [-73.90327, 40.60253], [-73.90324, 40.6026], [-73.9032, 40.60265], [-73.90313, 40.60263], [-73.90306, 40.60261], [-73.90302, 40.60261], [-73.9029, 40.60264], [-73.90284, 40.60276], [-73.90275, 40.60275], [-73.90269, 40.60278], [-73.90264, 40.60278], [-73.90258, 40.60279], [-73.90255, 40.60284], [-73.90249, 40.60286], [-73.90243, 40.60293], [-73.90235, 40.60296], [-73.90226, 40.60296], [-73.90209, 40.60304], [-73.90201, 40.60311], [-73.90195, 40.60311], [-73.90186, 40.60311], [-73.90175, 40.60314], [-73.90172, 40.60317], [-73.90165, 40.60316], [-73.90143, 40.60327], [-73.90131, 40.60328], [-73.90114, 40.6033], [-73.90103, 40.60328], [-73.90098, 40.60325], [-73.90087, 40.60329], [-73.90078, 40.6033], [-73.90062, 40.60328], [-73.90051, 40.60328], [-73.90041, 40.60334], [-73.90028, 40.60338], [-73.90014, 40.60337], [-73.90003, 40.60334], [-73.89984, 40.60334], [-73.89953, 40.60344], [-73.8992, 40.60357], [-73.89901, 40.60362], [-73.89892, 40.60364], [-73.89885, 40.60365], [-73.89881, 40.60366], [-73.89877, 40.60366], [-73.8987, 40.60366], [-73.89864, 40.60365], [-73.89857, 40.60363], [-73.89851, 40.60361], [-73.89843, 40.60359], [-73.89836, 40.60357], [-73.89828, 40.60354], [-73.89822, 40.6035], [-73.89815, 40.60346], [-73.89808, 40.6034], [-73.898, 40.60335], [-73.89793, 40.60332], [-73.89789, 40.6034], [-73.89788, 40.60342], [-73.89786, 40.60343], [-73.89783, 40.60343], [-73.89781, 40.60342], [-73.89776, 40.60341], [-73.8977, 40.60339], [-73.89763, 40.60336], [-73.89759, 40.60336], [-73.89755, 40.60336], [-73.89752, 40.60335], [-73.89748, 40.60336], [-73.89747, 40.60336], [-73.89746, 40.60336], [-73.89748, 40.60337], [-73.89749, 40.60338], [-73.89748, 40.60339], [-73.89747, 40.60339], [-73.89743, 40.6034], [-73.8974, 40.60342], [-73.89738, 40.60342], [-73.89736, 40.60341], [-73.89734, 40.6034], [-73.89732, 40.60341], [-73.89731, 40.60341], [-73.89729, 40.6034], [-73.89723, 40.60337], [-73.89716, 40.60333], [-73.89713, 40.60332], [-73.89711, 40.60332], [-73.89708, 40.60332], [-73.89707, 40.60333], [-73.89704, 40.60333], [-73.89698, 40.60332], [-73.89688, 40.6033], [-73.8968, 40.60329], [-73.89673, 40.60328], [-73.89666, 40.60327], [-73.89659, 40.60325], [-73.89655, 40.60325], [-73.89651, 40.60326], [-73.89649, 40.60326], [-73.89649, 40.60326], [-73.89649, 40.60327], [-73.89648, 40.60328], [-73.89644, 40.60328], [-73.8964, 40.60329], [-73.89637, 40.60329], [-73.89634, 40.6033], [-73.89632, 40.60331], [-73.8963, 40.60332], [-73.89628, 40.60333], [-73.89625, 40.60332], [-73.8962, 40.60331], [-73.89617, 40.6033], [-73.89614, 40.60329], [-73.8961, 40.60327], [-73.89607, 40.60326], [-73.89604, 40.60326], [-73.896, 40.60325], [-73.89597, 40.60325], [-73.89594, 40.60324], [-73.89591, 40.60324], [-73.89586, 40.60323], [-73.89579, 40.60321], [-73.89572, 40.6032], [-73.89566, 40.60318], [-73.89562, 40.60317], [-73.89555, 40.60314], [-73.89551, 40.60314], [-73.89546, 40.60314], [-73.8954, 40.60313], [-73.89535, 40.60312], [-73.89531, 40.60312], [-73.89527, 40.60312], [-73.89522, 40.60313], [-73.89519, 40.60313], [-73.89515, 40.60314], [-73.89515, 40.60316], [-73.89515, 40.60317], [-73.89514, 40.60318], [-73.89513, 40.6032], [-73.89512, 40.60321], [-73.89511, 40.60322], [-73.8951, 40.60322], [-73.89508, 40.60323], [-73.89507, 40.60323], [-73.89505, 40.60323], [-73.89502, 40.60323], [-73.89497, 40.60323], [-73.89494, 40.60324], [-73.89491, 40.60325], [-73.89488, 40.60326], [-73.89486, 40.60326], [-73.89482, 40.60326], [-73.89478, 40.60327], [-73.89475, 40.60329], [-73.89473, 40.6033], [-73.8947, 40.60331], [-73.89468, 40.60332], [-73.89465, 40.60331], [-73.89461, 40.60331], [-73.89453, 40.60329], [-73.89451, 40.60329], [-73.89443, 40.60328], [-73.89438, 40.60327], [-73.89432, 40.60326], [-73.89421, 40.60323], [-73.89415, 40.60322], [-73.89409, 40.60321], [-73.89401, 40.60319], [-73.89393, 40.60319], [-73.89386, 40.60319], [-73.89382, 40.60319], [-73.8938, 40.60319], [-73.89378, 40.6032], [-73.89377, 40.60321], [-73.89377, 40.60322], [-73.89376, 40.60323], [-73.89374, 40.60323], [-73.89372, 40.60322], [-73.89371, 40.60322], [-73.89368, 40.60323], [-73.89366, 40.60325], [-73.89364, 40.60328], [-73.89359, 40.60332], [-73.89356, 40.60336], [-73.89352, 40.60339], [-73.89347, 40.60342], [-73.89345, 40.60343], [-73.89343, 40.60343], [-73.89338, 40.60343], [-73.89336, 40.60344], [-73.89334, 40.60345], [-73.8933, 40.60347], [-73.89326, 40.60348], [-73.89321, 40.60348], [-73.89316, 40.60348], [-73.89312, 40.60347], [-73.89306, 40.60346], [-73.89293, 40.60343], [-73.89282, 40.60341], [-73.89275, 40.60339], [-73.89268, 40.60338], [-73.89264, 40.60337], [-73.89261, 40.60337], [-73.89256, 40.60337], [-73.89253, 40.60337], [-73.8925, 40.60337], [-73.89245, 40.60338], [-73.8924, 40.60338], [-73.89236, 40.60338], [-73.89229, 40.60338], [-73.89224, 40.60339], [-73.8922, 40.60339], [-73.89216, 40.6034], [-73.89211, 40.60342], [-73.89209, 40.60344], [-73.89205, 40.60345], [-73.89203, 40.60345], [-73.89199, 40.60346], [-73.89192, 40.60347], [-73.89186, 40.60349], [-73.89183, 40.6035], [-73.8918, 40.60351], [-73.89177, 40.60352], [-73.89174, 40.60351], [-73.89171, 40.60351], [-73.8917, 40.60351], [-73.89168, 40.6035], [-73.89164, 40.6035], [-73.89159, 40.60351], [-73.89144, 40.60353], [-73.89138, 40.60353], [-73.89136, 40.60354], [-73.89135, 40.60355], [-73.89136, 40.60356], [-73.89136, 40.60356], [-73.89133, 40.60359], [-73.89129, 40.6036], [-73.89127, 40.60361], [-73.89124, 40.60362], [-73.89122, 40.60361], [-73.89121, 40.6036], [-73.89119, 40.60359], [-73.89117, 40.6036], [-73.89116, 40.60361], [-73.89116, 40.60366], [-73.89116, 40.60369], [-73.89115, 40.60371], [-73.89113, 40.60374], [-73.89111, 40.60376], [-73.89109, 40.60378], [-73.89104, 40.60381], [-73.89101, 40.60383], [-73.89097, 40.60387], [-73.89095, 40.60388], [-73.89092, 40.60391], [-73.89089, 40.60392], [-73.89086, 40.60394], [-73.89083, 40.60396], [-73.8908, 40.60398], [-73.89076, 40.604], [-73.89072, 40.60401], [-73.89068, 40.60402], [-73.89065, 40.60404], [-73.8906, 40.60405], [-73.89055, 40.60407], [-73.89051, 40.60408], [-73.89046, 40.60411], [-73.89041, 40.60413], [-73.89034, 40.60415], [-73.8903, 40.60416], [-73.89028, 40.60416], [-73.89022, 40.60417], [-73.89017, 40.60418], [-73.89014, 40.60418], [-73.89011, 40.60418], [-73.89006, 40.60419], [-73.89002, 40.6042], [-73.88997, 40.60422], [-73.88993, 40.60423], [-73.88988, 40.60425], [-73.88985, 40.60426], [-73.88982, 40.60428], [-73.88979, 40.6043], [-73.88975, 40.60431], [-73.88971, 40.60432], [-73.88967, 40.60433], [-73.88962, 40.60433], [-73.88957, 40.60434], [-73.88954, 40.60436], [-73.88949, 40.60438], [-73.88944, 40.60441], [-73.88942, 40.60441], [-73.88937, 40.60443], [-73.88934, 40.60443], [-73.8893, 40.60444], [-73.88927, 40.60445], [-73.88925, 40.60446], [-73.88916, 40.60451], [-73.88912, 40.60453], [-73.8891, 40.60453], [-73.88908, 40.60454], [-73.88907, 40.60454], [-73.88905, 40.60454], [-73.88904, 40.60454], [-73.88902, 40.60455], [-73.88901, 40.60454], [-73.88899, 40.60455], [-73.88898, 40.60455], [-73.88897, 40.60455], [-73.88896, 40.60456], [-73.88896, 40.60457], [-73.88896, 40.60459], [-73.88897, 40.60461], [-73.88897, 40.60463], [-73.88897, 40.60464], [-73.88896, 40.60467], [-73.88895, 40.60469], [-73.88893, 40.60471], [-73.8889, 40.60474], [-73.88888, 40.60475], [-73.88885, 40.60477], [-73.88883, 40.60479], [-73.8888, 40.60481], [-73.88877, 40.60483], [-73.88873, 40.60484], [-73.88871, 40.60485], [-73.8887, 40.60486], [-73.88853, 40.6049], [-73.88845, 40.60493], [-73.88841, 40.60495], [-73.88837, 40.60496], [-73.88835, 40.60498], [-73.88834, 40.60499], [-73.88834, 40.60499], [-73.88832, 40.605], [-73.88829, 40.605], [-73.88827, 40.60501], [-73.88824, 40.60501], [-73.88822, 40.60502], [-73.88819, 40.60503], [-73.88816, 40.60504], [-73.88814, 40.60506], [-73.88811, 40.60509], [-73.88809, 40.60511], [-73.88806, 40.60513], [-73.88803, 40.60514], [-73.88798, 40.60514], [-73.88795, 40.60515], [-73.88781, 40.60521], [-73.88776, 40.60524], [-73.8877, 40.60526], [-73.88764, 40.60528], [-73.88756, 40.60529], [-73.88746, 40.60531], [-73.88735, 40.60532], [-73.88726, 40.60532], [-73.88716, 40.60532], [-73.8871, 40.60532], [-73.88704, 40.60532], [-73.88699, 40.60531], [-73.88692, 40.6053], [-73.88686, 40.60528], [-73.88683, 40.60527], [-73.88678, 40.60526], [-73.88671, 40.60526], [-73.88662, 40.60525], [-73.88651, 40.60523], [-73.88643, 40.60522], [-73.88635, 40.60521], [-73.88627, 40.6052], [-73.88619, 40.60519], [-73.88613, 40.60519], [-73.88606, 40.60518], [-73.88598, 40.60517], [-73.88587, 40.60517], [-73.88576, 40.60515], [-73.88566, 40.60515], [-73.88559, 40.60515], [-73.8855, 40.60515], [-73.88524, 40.60516], [-73.88512, 40.60516], [-73.88504, 40.60517], [-73.88495, 40.60517], [-73.88491, 40.60515], [-73.88487, 40.60514], [-73.88482, 40.60514], [-73.88478, 40.60514], [-73.88473, 40.60515], [-73.88469, 40.60517], [-73.88465, 40.60519], [-73.88462, 40.60521], [-73.88459, 40.60524], [-73.88457, 40.60527], [-73.88456, 40.6053], [-73.88456, 40.60531], [-73.88456, 40.60533], [-73.88456, 40.60534], [-73.88455, 40.60535], [-73.88454, 40.60536], [-73.88453, 40.60537], [-73.88452, 40.60537], [-73.88451, 40.60538], [-73.88398, 40.60557], [-73.88297, 40.60465], [-73.88269, 40.60422], [-73.88297, 40.60378], [-73.8829, 40.6035], [-73.88333, 40.60305], [-73.88329, 40.60292], [-73.88325, 40.60278], [-73.8832, 40.60264], [-73.88315, 40.60251], [-73.88308, 40.60238], [-73.88301, 40.60225], [-73.88293, 40.60213], [-73.88284, 40.602], [-73.88274, 40.60189], [-73.88269, 40.60186], [-73.88265, 40.60183], [-73.88262, 40.60179], [-73.8826, 40.60176], [-73.88258, 40.60171], [-73.88257, 40.60167], [-73.88257, 40.60163], [-73.88258, 40.60159], [-73.88258, 40.6015], [-73.88257, 40.60141], [-73.88255, 40.60133], [-73.88252, 40.60125], [-73.88249, 40.60117], [-73.88245, 40.60109], [-73.8824, 40.60101], [-73.88234, 40.60094], [-73.88229, 40.60086], [-73.88225, 40.60078], [-73.88221, 40.6007], [-73.88219, 40.60062], [-73.88217, 40.60053], [-73.88218, 40.60047], [-73.88218, 40.60041], [-73.88218, 40.60035], [-73.88217, 40.60029], [-73.88215, 40.60024], [-73.88212, 40.60018], [-73.88208, 40.60013], [-73.88204, 40.60008], [-73.88199, 40.60003], [-73.88194, 40.59999], [-73.88191, 40.59996], [-73.88189, 40.59992], [-73.88187, 40.59988], [-73.88186, 40.59985], [-73.88186, 40.59981], [-73.88186, 40.59977], [-73.88185, 40.59972], [-73.88184, 40.59968], [-73.88182, 40.59964], [-73.88179, 40.59961], [-73.88175, 40.59957], [-73.88172, 40.59955], [-73.88169, 40.59952], [-73.88166, 40.5995], [-73.88164, 40.59947], [-73.88163, 40.59945], [-73.88162, 40.59942], [-73.88162, 40.59939], [-73.88162, 40.59936], [-73.88163, 40.59933], [-73.88164, 40.59929], [-73.88164, 40.59925], [-73.88163, 40.59921], [-73.88161, 40.59917], [-73.88158, 40.59914], [-73.88155, 40.5991], [-73.88152, 40.59907], [-73.8815, 40.59902], [-73.88149, 40.59898], [-73.88149, 40.59893], [-73.8815, 40.59889], [-73.88151, 40.59885], [-73.88154, 40.5988], [-73.88155, 40.59865], [-73.88155, 40.59849], [-73.88155, 40.59834], [-73.88153, 40.59818], [-73.88151, 40.59803], [-73.88147, 40.59787], [-73.88143, 40.59772], [-73.88138, 40.59757], [-73.88131, 40.59742], [-73.88124, 40.59727], [-73.88116, 40.59713], [-73.88107, 40.59699], [-73.88098, 40.59685], [-73.88087, 40.59672], [-73.88082, 40.59664], [-73.88078, 40.59656], [-73.88074, 40.59648], [-73.88071, 40.59639], [-73.8807, 40.59631], [-73.88068, 40.59622], [-73.88068, 40.59613], [-73.88069, 40.59605], [-73.8807, 40.59596], [-73.88073, 40.59588], [-73.88076, 40.59579], [-73.88077, 40.59563], [-73.88077, 40.59547], [-73.88077, 40.59531], [-73.88076, 40.59515], [-73.88074, 40.59499], [-73.88072, 40.59483], [-73.88069, 40.59466], [-73.87991, 40.59205], [-73.87942, 40.59213], [-73.87941, 40.5921], [-73.8799, 40.59202], [-73.87972, 40.5914], [-73.87936, 40.59084], [-73.87898, 40.59089], [-73.87897, 40.5909], [-73.87892, 40.59071], [-73.87929, 40.59066], [-73.87925, 40.59044], [-73.87923, 40.59027], [-73.87902, 40.59005], [-73.879, 40.59003], [-73.87899, 40.58998], [-73.87897, 40.5899], [-73.87897, 40.58973], [-73.87908, 40.5896], [-73.87914, 40.58937], [-73.87905, 40.5891], [-73.87903, 40.58897], [-73.87901, 40.58884], [-73.87897, 40.58864], [-73.87892, 40.58843], [-73.87886, 40.58823], [-73.87879, 40.58803], [-73.87871, 40.58783], [-73.87863, 40.58763], [-73.87853, 40.58744], [-73.87843, 40.58725], [-73.87832, 40.58706], [-73.8782, 40.58687], [-73.87808, 40.58668], [-73.87803, 40.58665], [-73.87799, 40.58661], [-73.87795, 40.58657], [-73.87792, 40.58652], [-73.8779, 40.58647], [-73.87789, 40.58642], [-73.87672, 40.58491], [-73.8797, 40.58013], [-73.88174, 40.57959], [-73.88187, 40.57945], [-73.88175, 40.57916], [-73.88207, 40.57907], [-73.88215, 40.57919], [-73.88232, 40.57918], [-73.8825, 40.57917], [-73.88263, 40.57916], [-73.88275, 40.57915], [-73.88287, 40.57913], [-73.88299, 40.5791], [-73.88311, 40.57907], [-73.88323, 40.57903], [-73.88334, 40.57899], [-73.88349, 40.57892], [-73.88363, 40.57885], [-73.88379, 40.57879], [-73.88394, 40.57873], [-73.88404, 40.57869], [-73.88414, 40.57866], [-73.88424, 40.57862], [-73.88435, 40.5786], [-73.88445, 40.57858], [-73.88456, 40.57856], [-73.88467, 40.57855], [-73.88478, 40.57854], [-73.88488, 40.57853], [-73.88498, 40.57853], [-73.8851, 40.57852], [-73.88522, 40.57851], [-73.88528, 40.57851], [-73.88534, 40.5785], [-73.88539, 40.57848], [-73.88545, 40.57846], [-73.88549, 40.57843], [-73.88553, 40.57841], [-73.88557, 40.57838], [-73.88559, 40.57838], [-73.8856, 40.57837], [-73.88562, 40.57837], [-73.88563, 40.57837], [-73.88565, 40.57837], [-73.88566, 40.57838], [-73.88567, 40.57839], [-73.88568, 40.57839], [-73.88569, 40.57839], [-73.88571, 40.57839], [-73.88572, 40.57839], [-73.88573, 40.57839], [-73.88573, 40.57839], [-73.88584, 40.57834], [-73.88595, 40.57831], [-73.88606, 40.57827], [-73.88618, 40.57825], [-73.8863, 40.57823], [-73.88642, 40.57821], [-73.88654, 40.57821], [-73.88666, 40.57821], [-73.88668, 40.57821], [-73.88676, 40.5782], [-73.88684, 40.5782], [-73.88691, 40.57818], [-73.88698, 40.57816], [-73.88705, 40.57814], [-73.88706, 40.57814], [-73.88715, 40.57811], [-73.88725, 40.57809], [-73.88735, 40.57807], [-73.88745, 40.57807], [-73.88755, 40.57807], [-73.88765, 40.57807], [-73.88769, 40.57806], [-73.88774, 40.57806], [-73.88781, 40.57806], [-73.88795, 40.57806], [-73.88806, 40.57809], [-73.88816, 40.57811], [-73.88827, 40.57813], [-73.88838, 40.57814], [-73.88849, 40.57815], [-73.8886, 40.57814], [-73.88871, 40.57814], [-73.88882, 40.57812], [-73.88893, 40.5781], [-73.88904, 40.57808], [-73.88908, 40.57803], [-73.88913, 40.57798], [-73.88919, 40.57794], [-73.88925, 40.57791], [-73.88931, 40.57787], [-73.88938, 40.57785], [-73.88945, 40.57782], [-73.88953, 40.57781], [-73.88964, 40.57779], [-73.88976, 40.57779], [-73.88987, 40.57779], [-73.88999, 40.57779], [-73.8901, 40.5778], [-73.89021, 40.57782], [-73.89033, 40.57784], [-73.89104, 40.57788], [-73.89111, 40.57788], [-73.89118, 40.57787], [-73.89125, 40.57786], [-73.89132, 40.57784], [-73.89139, 40.57781], [-73.89144, 40.57778], [-73.8915, 40.57774], [-73.89154, 40.5777], [-73.89158, 40.57765], [-73.89174, 40.57759], [-73.89191, 40.57753], [-73.89208, 40.57747], [-73.89225, 40.57742], [-73.89242, 40.57738], [-73.8926, 40.57734], [-73.89277, 40.57731], [-73.89295, 40.57729], [-73.89314, 40.57726], [-73.89333, 40.57722], [-73.89351, 40.57718], [-73.89369, 40.57713], [-73.89387, 40.57707], [-73.89405, 40.57701], [-73.89419, 40.57697], [-73.89432, 40.57691], [-73.89443, 40.57687], [-73.89455, 40.57684], [-73.89467, 40.57681], [-73.89479, 40.57679], [-73.89491, 40.57677], [-73.89503, 40.57676], [-73.89515, 40.57675], [-73.89528, 40.57675], [-73.8954, 40.57676], [-73.89552, 40.57677], [-73.89558, 40.57698], [-73.89564, 40.57719], [-73.8957, 40.5774], [-73.89578, 40.57761], [-73.89586, 40.57781], [-73.89595, 40.57802], [-73.89605, 40.57822], [-73.89615, 40.57842], [-73.89627, 40.57862], [-73.89639, 40.57881], [-73.89651, 40.57901], [-73.8966, 40.57907], [-73.89668, 40.57914], [-73.89676, 40.57921], [-73.89683, 40.57929], [-73.89689, 40.57937], [-73.89694, 40.57946], [-73.89699, 40.57954], [-73.89703, 40.57966], [-73.89706, 40.57977], [-73.89709, 40.57989], [-73.89711, 40.58], [-73.89711, 40.58012], [-73.89712, 40.58024], [-73.89711, 40.58036], [-73.89709, 40.58047], [-73.89707, 40.58059], [-73.89704, 40.5807], [-73.897, 40.58082], [-73.89695, 40.58093], [-73.89689, 40.58104], [-73.89683, 40.58115], [-73.89676, 40.58125], [-73.89664, 40.58157], [-73.89652, 40.58189], [-73.89649, 40.58202], [-73.89647, 40.58214], [-73.89646, 40.58226], [-73.89645, 40.58239], [-73.89646, 40.58251], [-73.89647, 40.58264], [-73.89649, 40.58276], [-73.89652, 40.58288], [-73.89656, 40.583], [-73.8966, 40.58312], [-73.8969, 40.58363], [-73.89693, 40.58367], [-73.89695, 40.5837], [-73.89697, 40.58374], [-73.89698, 40.58378], [-73.89698, 40.58382], [-73.89698, 40.58386], [-73.89698, 40.58388], [-73.89698, 40.5839], [-73.89699, 40.58393], [-73.89703, 40.58399], [-73.89721, 40.58418], [-73.89732, 40.58432], [-73.89744, 40.58447], [-73.89755, 40.58457], [-73.89767, 40.58467], [-73.89783, 40.58483], [-73.89796, 40.58495], [-73.89807, 40.58509], [-73.89812, 40.58516], [-73.89814, 40.58519], [-73.89814, 40.58521], [-73.89814, 40.58522], [-73.89815, 40.58524], [-73.89815, 40.58527], [-73.89814, 40.58531], [-73.89812, 40.58534], [-73.89808, 40.5854], [-73.89801, 40.58549], [-73.89796, 40.58557], [-73.89791, 40.58572], [-73.8979, 40.58582], [-73.89791, 40.58591], [-73.89792, 40.58596], [-73.89794, 40.58601], [-73.89803, 40.58615], [-73.89808, 40.58622], [-73.89815, 40.58631], [-73.89821, 40.5864], [-73.89826, 40.58647], [-73.89828, 40.58652], [-73.89828, 40.58656], [-73.89826, 40.58659], [-73.89824, 40.58662], [-73.89822, 40.58665], [-73.89822, 40.58668], [-73.89825, 40.58674], [-73.89826, 40.58679], [-73.89831, 40.58684], [-73.89839, 40.58694], [-73.89847, 40.58705], [-73.89855, 40.58713], [-73.8986, 40.5872], [-73.89864, 40.58726], [-73.8987, 40.58734], [-73.89877, 40.58742], [-73.8988, 40.58746], [-73.89887, 40.5875], [-73.89892, 40.58754], [-73.89905, 40.58745], [-73.89909, 40.58748], [-73.89918, 40.58742], [-73.89919, 40.58743], [-73.89928, 40.58738], [-73.89926, 40.58736], [-73.89935, 40.5873], [-73.89938, 40.58727], [-73.89966, 40.5871], [-73.89973, 40.58716], [-73.89963, 40.58723], [-73.89961, 40.58724], [-73.89944, 40.58735], [-73.89933, 40.58742], [-73.89931, 40.58741], [-73.89924, 40.58745], [-73.89923, 40.58745], [-73.89922, 40.58746], [-73.89923, 40.58746], [-73.89914, 40.58751], [-73.89916, 40.58753], [-73.89899, 40.58763], [-73.89901, 40.58765], [-73.89903, 40.58768], [-73.89906, 40.5877], [-73.89909, 40.58771], [-73.89916, 40.58773], [-73.89923, 40.58775], [-73.89929, 40.58778], [-73.89935, 40.58782], [-73.8994, 40.58786], [-73.89944, 40.5879], [-73.89948, 40.58794], [-73.89953, 40.58796], [-73.89958, 40.58799], [-73.89963, 40.588], [-73.89969, 40.58801], [-73.89975, 40.58802], [-73.89981, 40.58801], [-73.89984, 40.58798], [-73.89991, 40.58779], [-73.89995, 40.5878], [-73.89994, 40.58781], [-73.89994, 40.58781], [-73.89988, 40.58797], [-73.89988, 40.58797], [-73.89994, 40.58798], [-73.89994, 40.58798], [-73.9, 40.58783], [-73.9, 40.58783], [-73.90001, 40.58782], [-73.90007, 40.58783], [-73.9003, 40.58773], [-73.90036, 40.58781], [-73.90056, 40.58773], [-73.90116, 40.5875], [-73.90111, 40.58742], [-73.90118, 40.5874], [-73.90122, 40.58738], [-73.90123, 40.5874], [-73.90116, 40.58743], [-73.90121, 40.5875], [-73.90095, 40.5876], [-73.90092, 40.58761], [-73.90034, 40.58783], [-73.90029, 40.58776], [-73.90003, 40.58787], [-73.89997, 40.58802], [-73.89997, 40.58802], [-73.89996, 40.58802], [-73.89996, 40.58803], [-73.89995, 40.58804], [-73.89995, 40.58804], [-73.90008, 40.58806], [-73.90013, 40.58808], [-73.90017, 40.58808], [-73.90024, 40.58809], [-73.90028, 40.5881], [-73.90031, 40.5881], [-73.90035, 40.5881], [-73.90044, 40.58809], [-73.90051, 40.58809], [-73.90057, 40.58809], [-73.90062, 40.58809], [-73.90065, 40.58809], [-73.90072, 40.58808], [-73.90081, 40.58807], [-73.90088, 40.58805], [-73.90094, 40.58803], [-73.90099, 40.58801], [-73.90102, 40.58801], [-73.90108, 40.58798], [-73.90114, 40.58796], [-73.90117, 40.58794], [-73.90121, 40.58792], [-73.90126, 40.5879], [-73.90131, 40.58788], [-73.90133, 40.58788], [-73.90135, 40.58786], [-73.90135, 40.58785], [-73.9014, 40.5878], [-73.90149, 40.58773], [-73.90156, 40.58769], [-73.90161, 40.58765], [-73.90165, 40.58762], [-73.90168, 40.58759], [-73.90173, 40.58756], [-73.90177, 40.58753], [-73.9018, 40.58751], [-73.90181, 40.5875], [-73.90183, 40.58748], [-73.90184, 40.58747], [-73.90185, 40.58747], [-73.90187, 40.58747], [-73.90192, 40.58748], [-73.90195, 40.58747], [-73.90197, 40.58746], [-73.90198, 40.58744], [-73.90199, 40.58743], [-73.90201, 40.58742], [-73.90204, 40.58741], [-73.90206, 40.5874], [-73.90208, 40.58738], [-73.90208, 40.58738], [-73.90208, 40.58737], [-73.9021, 40.58736], [-73.90215, 40.58735], [-73.90218, 40.58735], [-73.90221, 40.58735], [-73.90225, 40.58734], [-73.90228, 40.58734], [-73.9023, 40.58734], [-73.90234, 40.58735], [-73.9024, 40.58736], [-73.90246, 40.58737], [-73.90258, 40.58738], [-73.90261, 40.58738], [-73.90264, 40.58738], [-73.9027, 40.58738], [-73.90277, 40.58738], [-73.90282, 40.58737], [-73.90286, 40.58737], [-73.9029, 40.58735], [-73.90295, 40.58734], [-73.90298, 40.58733], [-73.90302, 40.58731], [-73.90305, 40.58729], [-73.90308, 40.58728], [-73.90316, 40.58728], [-73.90325, 40.58727], [-73.90329, 40.58727], [-73.9033, 40.58726], [-73.9033, 40.58726], [-73.90332, 40.58725], [-73.90339, 40.58723], [-73.90343, 40.58722], [-73.90345, 40.5872], [-73.90346, 40.58719], [-73.9035, 40.58718], [-73.90354, 40.58716], [-73.90355, 40.58716], [-73.90355, 40.58715], [-73.90356, 40.58713], [-73.90356, 40.58711], [-73.90356, 40.58709], [-73.90356, 40.58708], [-73.90359, 40.58706], [-73.90369, 40.58704], [-73.90372, 40.58704], [-73.90379, 40.58704], [-73.9039, 40.58704], [-73.90402, 40.58703], [-73.90409, 40.58702], [-73.90413, 40.58701], [-73.90417, 40.58699], [-73.90418, 40.58698], [-73.9042, 40.58697], [-73.90421, 40.58696], [-73.90422, 40.58695], [-73.90422, 40.58693], [-73.90422, 40.58693], [-73.90423, 40.58692], [-73.90424, 40.58692], [-73.90424, 40.58691], [-73.90425, 40.58691], [-73.90426, 40.58691], [-73.90427, 40.58691], [-73.90428, 40.58691], [-73.90428, 40.58692], [-73.90429, 40.58692], [-73.9043, 40.58692], [-73.90437, 40.58696], [-73.90487, 40.58707], [-73.90508, 40.58721], [-73.90516, 40.58723], [-73.90524, 40.58725], [-73.90585, 40.58749], [-73.90587, 40.58749], [-73.90588, 40.5875], [-73.90589, 40.5875], [-73.9059, 40.58751], [-73.90591, 40.58752], [-73.90591, 40.58753], [-73.90591, 40.58754], [-73.90589, 40.58755], [-73.90587, 40.58756], [-73.90586, 40.58758], [-73.90584, 40.58759], [-73.90583, 40.58761], [-73.90582, 40.58762], [-73.90582, 40.58764], [-73.90583, 40.58772], [-73.90586, 40.5878], [-73.90589, 40.58788], [-73.906, 40.58792], [-73.90612, 40.58797], [-73.90623, 40.58801], [-73.9063, 40.58802], [-73.90638, 40.58803], [-73.90645, 40.58803], [-73.90652, 40.58803], [-73.90659, 40.58801], [-73.90666, 40.58799], [-73.90672, 40.58797], [-73.90679, 40.58793], [-73.90686, 40.58788], [-73.90692, 40.58783], [-73.90698, 40.58778], [-73.90702, 40.58772], [-73.90706, 40.58766], [-73.9071, 40.58759], [-73.90713, 40.58753], [-73.90711, 40.58749], [-73.90708, 40.58746], [-73.90704, 40.58743], [-73.907, 40.58741], [-73.90696, 40.58739], [-73.90691, 40.58738], [-73.90686, 40.58738], [-73.90681, 40.58738], [-73.90678, 40.58739], [-73.90675, 40.58739], [-73.90672, 40.5874], [-73.90668, 40.5874], [-73.90665, 40.58739], [-73.90662, 40.58739], [-73.90658, 40.58738], [-73.90655, 40.58737], [-73.90652, 40.58736], [-73.90649, 40.58734], [-73.90647, 40.58732], [-73.90645, 40.5873], [-73.90644, 40.58728], [-73.90635, 40.58718], [-73.90634, 40.58713], [-73.90639, 40.5871], [-73.90641, 40.58709], [-73.90641, 40.58708], [-73.90642, 40.58708], [-73.90641, 40.58707], [-73.90642, 40.58705], [-73.90644, 40.58703], [-73.90647, 40.58702], [-73.90665, 40.587], [-73.90684, 40.58699], [-73.90708, 40.58696], [-73.90735, 40.58692], [-73.90747, 40.5869], [-73.90762, 40.58688], [-73.90781, 40.58685], [-73.90796, 40.58683], [-73.90811, 40.5868], [-73.9083, 40.58674], [-73.90847, 40.5867], [-73.90865, 40.58664], [-73.9089, 40.58654], [-73.909, 40.5865], [-73.9091, 40.58646], [-73.90932, 40.58639], [-73.90951, 40.58632], [-73.90965, 40.58628], [-73.90988, 40.58622], [-73.91003, 40.58618], [-73.91021, 40.58613], [-73.91037, 40.58609], [-73.91045, 40.58608], [-73.91059, 40.58604], [-73.9107, 40.586], [-73.91079, 40.58597], [-73.91089, 40.58595], [-73.91098, 40.58595], [-73.91107, 40.58595], [-73.91115, 40.58597], [-73.91124, 40.58599], [-73.91132, 40.58601], [-73.91141, 40.58604], [-73.91148, 40.58608], [-73.91155, 40.58612], [-73.91162, 40.58617], [-73.91168, 40.58622], [-73.91173, 40.58626], [-73.91178, 40.58631], [-73.91184, 40.58635], [-73.91192, 40.58643], [-73.91197, 40.5867], [-73.91197, 40.58674], [-73.91196, 40.58679], [-73.91194, 40.58686], [-73.91192, 40.58691], [-73.9119, 40.58696], [-73.91189, 40.58702], [-73.91189, 40.58703], [-73.91188, 40.58704], [-73.91188, 40.58705], [-73.91187, 40.58705], [-73.91186, 40.58704], [-73.91185, 40.58703], [-73.91185, 40.58701], [-73.91184, 40.58701], [-73.91184, 40.58699], [-73.91183, 40.58699], [-73.91181, 40.58699], [-73.91179, 40.58699], [-73.91175, 40.587], [-73.91172, 40.58701], [-73.91168, 40.58704], [-73.91166, 40.58706], [-73.91163, 40.58712], [-73.91163, 40.58715], [-73.91163, 40.58716], [-73.91162, 40.58718], [-73.91159, 40.58721], [-73.91158, 40.58724], [-73.91158, 40.58724], [-73.91158, 40.58726], [-73.91158, 40.58729], [-73.91159, 40.5873], [-73.9116, 40.58732], [-73.91161, 40.58735], [-73.91165, 40.58745], [-73.91167, 40.5875], [-73.91168, 40.58752], [-73.91171, 40.5876], [-73.91173, 40.58767], [-73.91174, 40.5877], [-73.91177, 40.5878], [-73.9118, 40.58791], [-73.91183, 40.58799], [-73.91185, 40.58805], [-73.91187, 40.58812], [-73.91188, 40.58817], [-73.91189, 40.58822], [-73.9119, 40.58829], [-73.91191, 40.58841], [-73.91191, 40.58847], [-73.9119, 40.58852], [-73.91188, 40.58862], [-73.91187, 40.58872], [-73.91186, 40.58878], [-73.91186, 40.58879], [-73.91187, 40.5888], [-73.91188, 40.5888], [-73.91188, 40.58881], [-73.91187, 40.58883], [-73.91187, 40.58883], [-73.91186, 40.58884], [-73.91185, 40.58886], [-73.91185, 40.58887], [-73.91186, 40.58889], [-73.91186, 40.58889], [-73.91186, 40.5889], [-73.91185, 40.5889], [-73.91184, 40.5889], [-73.91184, 40.58889], [-73.91181, 40.58896], [-73.9118, 40.58901], [-73.91175, 40.58911], [-73.91173, 40.58917], [-73.9117, 40.58922], [-73.91169, 40.58924], [-73.91169, 40.58925], [-73.91169, 40.58927], [-73.91169, 40.58927], [-73.9117, 40.58927], [-73.91172, 40.58928], [-73.91172, 40.5893], [-73.91172, 40.58931], [-73.91172, 40.58932], [-73.91171, 40.58932], [-73.9117, 40.58933], [-73.91169, 40.58935], [-73.9117, 40.58944], [-73.9117, 40.58952], [-73.9117, 40.58954], [-73.91171, 40.58955], [-73.91172, 40.58956], [-73.91173, 40.58957], [-73.91173, 40.58958], [-73.91173, 40.58958], [-73.91172, 40.58959], [-73.91172, 40.58959], [-73.9117, 40.5896], [-73.9117, 40.58961], [-73.91169, 40.58964], [-73.91168, 40.58973], [-73.91168, 40.58977], [-73.91168, 40.58979], [-73.91169, 40.58981], [-73.9117, 40.58982], [-73.91171, 40.58984], [-73.91172, 40.58986], [-73.91172, 40.58986], [-73.91172, 40.58987], [-73.91171, 40.58987], [-73.9117, 40.58987], [-73.91169, 40.58987], [-73.91169, 40.58989], [-73.9117, 40.5899], [-73.91171, 40.58992], [-73.91172, 40.58993], [-73.91172, 40.58995], [-73.91172, 40.58996], [-73.9117, 40.58996], [-73.91168, 40.58998], [-73.91168, 40.58999], [-73.91168, 40.59], [-73.9117, 40.59001], [-73.9117, 40.59001], [-73.91169, 40.59002], [-73.91168, 40.59004], [-73.91166, 40.59006], [-73.91165, 40.59009], [-73.91162, 40.59012], [-73.91161, 40.59014], [-73.9116, 40.59015], [-73.91159, 40.59015], [-73.91158, 40.59016], [-73.91157, 40.59017], [-73.91157, 40.59021], [-73.91158, 40.59022], [-73.91158, 40.59023], [-73.91159, 40.59025], [-73.9116, 40.59027], [-73.9116, 40.59029], [-73.91159, 40.59034], [-73.91158, 40.59043], [-73.91158, 40.59047], [-73.91159, 40.59051], [-73.91159, 40.59054], [-73.91159, 40.59055], [-73.91158, 40.59057], [-73.91157, 40.59058], [-73.91157, 40.59059], [-73.91156, 40.5906], [-73.91156, 40.59061], [-73.91157, 40.59063], [-73.91157, 40.59064], [-73.91157, 40.59065], [-73.91156, 40.59066], [-73.91156, 40.59068], [-73.91155, 40.59069], [-73.91156, 40.59071], [-73.91156, 40.59073], [-73.91156, 40.59074], [-73.91155, 40.59076], [-73.91154, 40.59078], [-73.91153, 40.59081], [-73.91153, 40.59089], [-73.91153, 40.59092], [-73.9115, 40.59106], [-73.91149, 40.59111], [-73.91149, 40.59114], [-73.9115, 40.59116], [-73.9115, 40.59119], [-73.9115, 40.59122], [-73.9115, 40.59124], [-73.9115, 40.59126], [-73.91151, 40.59129], [-73.91155, 40.59137], [-73.91157, 40.59139], [-73.91159, 40.59142], [-73.9116, 40.59143], [-73.9116, 40.59144], [-73.9116, 40.59146], [-73.91159, 40.59147], [-73.91159, 40.59147], [-73.91159, 40.59149], [-73.9116, 40.59151], [-73.91165, 40.5916], [-73.91165, 40.59161], [-73.91167, 40.59163], [-73.91168, 40.59165], [-73.9117, 40.59168], [-73.9117, 40.59171], [-73.91171, 40.59174], [-73.91171, 40.59177], [-73.91171, 40.5918], [-73.91171, 40.59182], [-73.91172, 40.59184], [-73.91172, 40.59186], [-73.91172, 40.59188], [-73.91172, 40.59189], [-73.9117, 40.5919], [-73.91168, 40.59192], [-73.91168, 40.59192], [-73.91168, 40.59194], [-73.91168, 40.59196], [-73.91168, 40.592], [-73.91169, 40.59202], [-73.91169, 40.59203], [-73.9117, 40.59204], [-73.91171, 40.59205], [-73.91172, 40.59206], [-73.91172, 40.59207], [-73.91172, 40.59208], [-73.91173, 40.59212], [-73.91174, 40.59216], [-73.91174, 40.59221], [-73.91177, 40.59227], [-73.91177, 40.59228], [-73.91177, 40.59229], [-73.91178, 40.5923], [-73.91178, 40.59231], [-73.91179, 40.59232], [-73.91179, 40.59232], [-73.9118, 40.59233], [-73.9118, 40.59233], [-73.91181, 40.59234], [-73.91181, 40.59234], [-73.91182, 40.59234], [-73.91183, 40.59235], [-73.91183, 40.59235], [-73.91184, 40.59235], [-73.91185, 40.59235], [-73.91186, 40.59235], [-73.91186, 40.59235], [-73.91187, 40.59235], [-73.91187, 40.59235], [-73.91187, 40.59235], [-73.91188, 40.59236], [-73.91188, 40.59236], [-73.91188, 40.59236], [-73.91188, 40.59237], [-73.91188, 40.59237], [-73.91187, 40.59238], [-73.91187, 40.59238], [-73.91187, 40.59239], [-73.91186, 40.5924], [-73.91186, 40.59241], [-73.91186, 40.59241], [-73.91186, 40.59242], [-73.91186, 40.59243], [-73.91187, 40.59244], [-73.91187, 40.59245], [-73.91187, 40.59246], [-73.91188, 40.59247], [-73.91189, 40.59248], [-73.91189, 40.59248], [-73.9119, 40.59249], [-73.9119, 40.5925], [-73.91191, 40.59251], [-73.91191, 40.59252], [-73.91193, 40.59258], [-73.91193, 40.59259], [-73.91193, 40.5926], [-73.91193, 40.59261], [-73.91193, 40.59263], [-73.91193, 40.59264], [-73.91193, 40.59265], [-73.91192, 40.59266], [-73.91192, 40.59267], [-73.91191, 40.59268], [-73.91191, 40.5927], [-73.9119, 40.59271], [-73.9119, 40.59273], [-73.91189, 40.59274], [-73.91189, 40.59276], [-73.91189, 40.59277], [-73.91189, 40.59279], [-73.91189, 40.59288], [-73.91189, 40.59289], [-73.91189, 40.5929], [-73.9119, 40.59291], [-73.9119, 40.59292], [-73.91191, 40.59293], [-73.91191, 40.59294], [-73.91195, 40.59297], [-73.91195, 40.59298], [-73.91196, 40.59298], [-73.91196, 40.59299], [-73.91197, 40.593], [-73.91197, 40.593], [-73.91197, 40.59301], [-73.91197, 40.59302], [-73.91198, 40.59302], [-73.91198, 40.59302], [-73.91198, 40.59303], [-73.91199, 40.59303], [-73.912, 40.59304], [-73.912, 40.59305], [-73.91201, 40.59306], [-73.91201, 40.59307], [-73.91202, 40.59307], [-73.91202, 40.59308], [-73.91202, 40.59309], [-73.91202, 40.5931], [-73.91203, 40.5931], [-73.91203, 40.59311], [-73.91203, 40.59313], [-73.91202, 40.59314], [-73.91202, 40.59316], [-73.91202, 40.59317], [-73.91201, 40.59318], [-73.91201, 40.59319], [-73.912, 40.59319], [-73.912, 40.5932], [-73.91199, 40.59321], [-73.91199, 40.59321], [-73.91199, 40.59322], [-73.91198, 40.59323], [-73.91198, 40.59324], [-73.91199, 40.59325], [-73.91199, 40.59325], [-73.91199, 40.59326], [-73.91199, 40.59327], [-73.912, 40.59328], [-73.91203, 40.59332], [-73.91203, 40.59332], [-73.91204, 40.59333], [-73.91204, 40.59334], [-73.91204, 40.59335], [-73.91204, 40.59336], [-73.91204, 40.59337], [-73.91204, 40.59339], [-73.91203, 40.59341], [-73.91203, 40.59342], [-73.91203, 40.59343], [-73.91203, 40.59344], [-73.91203, 40.59344], [-73.91203, 40.59345], [-73.91203, 40.59346], [-73.91202, 40.59346], [-73.91202, 40.59347], [-73.91202, 40.59348], [-73.91201, 40.59349], [-73.91201, 40.5935], [-73.91201, 40.59351], [-73.91201, 40.59353], [-73.91201, 40.59355], [-73.91201, 40.59356], [-73.91201, 40.59358], [-73.91201, 40.5936], [-73.91201, 40.59362], [-73.91201, 40.59364], [-73.91201, 40.59366], [-73.91202, 40.59367], [-73.91202, 40.59368], [-73.91203, 40.59369], [-73.91203, 40.59371], [-73.91204, 40.59372], [-73.91207, 40.59377], [-73.91207, 40.59379], [-73.91207, 40.59381], [-73.91207, 40.59382], [-73.91208, 40.59384], [-73.91208, 40.59386], [-73.91207, 40.59387], [-73.91207, 40.59389], [-73.91207, 40.59391], [-73.91206, 40.59395], [-73.91205, 40.59396], [-73.91205, 40.59397], [-73.91205, 40.59399], [-73.91204, 40.594], [-73.91204, 40.59401], [-73.91203, 40.59404], [-73.91202, 40.59407], [-73.91202, 40.59411], [-73.91202, 40.59412], [-73.91201, 40.59412], [-73.91201, 40.59413], [-73.91201, 40.59413], [-73.91201, 40.59414], [-73.91202, 40.59415], [-73.91202, 40.59416], [-73.91202, 40.59419], [-73.91202, 40.5942], [-73.91202, 40.5942], [-73.91202, 40.5942], [-73.91202, 40.59421], [-73.91201, 40.59421], [-73.91201, 40.59422], [-73.91201, 40.59422], [-73.912, 40.59422], [-73.912, 40.59423], [-73.912, 40.59423], [-73.91199, 40.59425], [-73.91199, 40.59426], [-73.91199, 40.59427], [-73.91199, 40.59428], [-73.91199, 40.59429], [-73.91199, 40.59431], [-73.91199, 40.59432], [-73.91199, 40.59433], [-73.912, 40.59434], [-73.912, 40.59435], [-73.91202, 40.59439], [-73.91202, 40.59441], [-73.91203, 40.59443], [-73.91203, 40.59445], [-73.91204, 40.59447], [-73.91204, 40.59449], [-73.91204, 40.59451], [-73.91205, 40.59452], [-73.91205, 40.59453], [-73.91206, 40.59454], [-73.91206, 40.59455], [-73.91207, 40.59456], [-73.91208, 40.59457], [-73.91209, 40.59458], [-73.9121, 40.59459], [-73.91211, 40.59459], [-73.91213, 40.5946], [-73.91213, 40.5946], [-73.91214, 40.59461], [-73.91214, 40.59461], [-73.91214, 40.59461], [-73.91214, 40.59462], [-73.91215, 40.59462], [-73.91218, 40.59467], [-73.91219, 40.59468], [-73.91219, 40.5947], [-73.9122, 40.59471], [-73.91221, 40.59473], [-73.91221, 40.59474], [-73.91222, 40.59476], [-73.91222, 40.59477], [-73.91223, 40.5948], [-73.91224, 40.59482], [-73.91224, 40.59484], [-73.91225, 40.59487], [-73.91225, 40.59489], [-73.91225, 40.59492], [-73.91226, 40.59493], [-73.91226, 40.59494], [-73.91226, 40.59495], [-73.91227, 40.59496], [-73.91228, 40.59497], [-73.91228, 40.59498], [-73.91229, 40.59499], [-73.9123, 40.595], [-73.9123, 40.59501], [-73.91231, 40.59502], [-73.91233, 40.59504], [-73.91234, 40.59505], [-73.91235, 40.59506], [-73.91236, 40.59507], [-73.91237, 40.59509], [-73.91238, 40.5951], [-73.91239, 40.59511], [-73.9124, 40.59512], [-73.9124, 40.59513], [-73.91241, 40.59515], [-73.91241, 40.59516], [-73.91242, 40.59518], [-73.91242, 40.59518], [-73.91242, 40.59519], [-73.91242, 40.59519], [-73.91242, 40.5952], [-73.91241, 40.5952], [-73.91241, 40.5952], [-73.91241, 40.59521], [-73.91241, 40.59521], [-73.9124, 40.59522], [-73.9124, 40.59522], [-73.9124, 40.59523], [-73.9124, 40.59524], [-73.9124, 40.59524], [-73.9124, 40.59525], [-73.9124, 40.59525], [-73.9124, 40.59526], [-73.91241, 40.59527], [-73.91241, 40.59528], [-73.91242, 40.59528], [-73.91243, 40.5953], [-73.91244, 40.59531], [-73.91245, 40.59532], [-73.91246, 40.59534], [-73.91247, 40.59536], [-73.91248, 40.59537], [-73.91249, 40.59538], [-73.9125, 40.5954], [-73.91251, 40.59541], [-73.91252, 40.59542], [-73.91252, 40.59543], [-73.91253, 40.59545], [-73.91254, 40.59546], [-73.91254, 40.59548], [-73.91255, 40.59549], [-73.91255, 40.5955], [-73.91256, 40.59552], [-73.91256, 40.59553], [-73.91257, 40.59554], [-73.91258, 40.59555], [-73.91259, 40.59556], [-73.9126, 40.59558], [-73.91261, 40.59559], [-73.91262, 40.5956], [-73.91268, 40.59566], [-73.9127, 40.59567], [-73.91273, 40.59569], [-73.91275, 40.5957], [-73.91276, 40.59571], [-73.91278, 40.59573], [-73.91279, 40.59574], [-73.91281, 40.59575], [-73.91282, 40.59576], [-73.91283, 40.59577], [-73.91283, 40.59578], [-73.91284, 40.59579], [-73.91285, 40.59579], [-73.91286, 40.5958], [-73.91288, 40.59581], [-73.91289, 40.59583], [-73.9129, 40.59583], [-73.9129, 40.59584], [-73.9129, 40.59584], [-73.91291, 40.59585], [-73.91291, 40.59585], [-73.91292, 40.59585], [-73.91292, 40.59586], [-73.91292, 40.59586], [-73.91293, 40.59586], [-73.91294, 40.59586], [-73.91295, 40.59587], [-73.91295, 40.59587], [-73.91296, 40.59588], [-73.91297, 40.59588], [-73.91299, 40.5959], [-73.91301, 40.59592], [-73.91303, 40.59594], [-73.91304, 40.59595], [-73.91304, 40.59595], [-73.91304, 40.59595], [-73.91304, 40.59596], [-73.91304, 40.59596], [-73.91305, 40.59596], [-73.91304, 40.59597], [-73.91304, 40.59598], [-73.91304, 40.59599], [-73.91305, 40.596], [-73.91305, 40.59601], [-73.91305, 40.59602], [-73.91306, 40.59603], [-73.91306, 40.59603], [-73.91307, 40.59604], [-73.91307, 40.59605], [-73.91308, 40.59605], [-73.91309, 40.59606], [-73.9131, 40.59606], [-73.91311, 40.59607], [-73.91311, 40.59608], [-73.91312, 40.59608], [-73.91313, 40.59609], [-73.91314, 40.5961], [-73.91315, 40.59611], [-73.91315, 40.59612], [-73.91316, 40.59613], [-73.91316, 40.59614], [-73.91317, 40.59615], [-73.91317, 40.59616], [-73.91318, 40.59616], [-73.91318, 40.59616], [-73.91319, 40.59617], [-73.91319, 40.59617], [-73.9132, 40.59617], [-73.9132, 40.59618], [-73.9132, 40.59618], [-73.9132, 40.59619], [-73.9132, 40.59619], [-73.9132, 40.5962], [-73.9132, 40.59621], [-73.9132, 40.59622], [-73.9132, 40.59623], [-73.9132, 40.59624], [-73.91321, 40.59625], [-73.91321, 40.59625], [-73.91322, 40.59626], [-73.91323, 40.59627], [-73.91324, 40.59628], [-73.91324, 40.59628], [-73.91325, 40.59629], [-73.91326, 40.5963], [-73.91326, 40.5963], [-73.91327, 40.59631], [-73.91327, 40.59632], [-73.91328, 40.59633], [-73.91329, 40.59637], [-73.91329, 40.59638], [-73.91329, 40.59638], [-73.91329, 40.59639], [-73.91329, 40.5964], [-73.91329, 40.59642], [-73.91329, 40.59644], [-73.91329, 40.59645], [-73.91329, 40.59646], [-73.91329, 40.59647], [-73.9133, 40.59647], [-73.9133, 40.59648], [-73.9133, 40.59649], [-73.91331, 40.59649], [-73.91331, 40.5965], [-73.91332, 40.59651], [-73.91333, 40.59651], [-73.91333, 40.59652], [-73.91334, 40.59652], [-73.91335, 40.59652], [-73.91337, 40.59654], [-73.91339, 40.59656], [-73.9134, 40.59658], [-73.91341, 40.59659], [-73.91342, 40.59661], [-73.91343, 40.59663], [-73.91343, 40.59664], [-73.91343, 40.59664], [-73.91343, 40.59665], [-73.91343, 40.59666], [-73.91343, 40.59666], [-73.91343, 40.59667], [-73.91343, 40.59668], [-73.91343, 40.59669], [-73.91343, 40.5967], [-73.91343, 40.59671], [-73.91343, 40.59672], [-73.91343, 40.59673], [-73.91344, 40.59674], [-73.91344, 40.59675], [-73.91345, 40.59677], [-73.91346, 40.59678], [-73.91346, 40.59679], [-73.91347, 40.59679], [-73.91347, 40.5968], [-73.91348, 40.59681], [-73.91349, 40.59681], [-73.9135, 40.59682], [-73.91352, 40.59684], [-73.91354, 40.59686], [-73.91356, 40.59688], [-73.91356, 40.59689], [-73.91356, 40.59689], [-73.91357, 40.5969], [-73.91357, 40.5969], [-73.91358, 40.5969], [-73.91359, 40.59691], [-73.9136, 40.59691], [-73.9136, 40.59692], [-73.91361, 40.59693], [-73.91361, 40.59694], [-73.91362, 40.59695], [-73.91362, 40.59696], [-73.91363, 40.59697], [-73.91364, 40.59699], [-73.91364, 40.59701], [-73.91365, 40.59701], [-73.91365, 40.59702], [-73.91366, 40.59702], [-73.91366, 40.59703], [-73.91366, 40.59704], [-73.91366, 40.59704], [-73.91366, 40.59705], [-73.91365, 40.59706], [-73.91365, 40.59707], [-73.91365, 40.59708], [-73.91364, 40.59708], [-73.91364, 40.59709], [-73.91364, 40.5971], [-73.91365, 40.5971], [-73.91365, 40.5971], [-73.91365, 40.5971], [-73.91365, 40.59711], [-73.91366, 40.59711], [-73.91366, 40.59711], [-73.91367, 40.59711], [-73.91367, 40.59711], [-73.91371, 40.59711], [-73.91374, 40.59712], [-73.91377, 40.59713], [-73.9138, 40.59713], [-73.91382, 40.59714], [-73.91385, 40.59715], [-73.91386, 40.59715], [-73.91386, 40.59715], [-73.91387, 40.59715], [-73.91388, 40.59715], [-73.91388, 40.59716], [-73.91389, 40.59716], [-73.91389, 40.59717], [-73.9139, 40.59717], [-73.9139, 40.59717], [-73.9139, 40.59718], [-73.91391, 40.59718], [-73.91391, 40.59718], [-73.91391, 40.59719], [-73.91392, 40.59719], [-73.91392, 40.59719], [-73.91393, 40.59719], [-73.91394, 40.59719], [-73.91396, 40.59719], [-73.91397, 40.5972], [-73.91398, 40.5972], [-73.914, 40.5972], [-73.91402, 40.59722], [-73.91404, 40.59723], [-73.91405, 40.59725], [-73.91407, 40.59726], [-73.91409, 40.59728], [-73.91411, 40.59729], [-73.91413, 40.59731], [-73.91415, 40.59732], [-73.91417, 40.59734], [-73.91419, 40.59736], [-73.9142, 40.59737], [-73.91421, 40.59738], [-73.91422, 40.59739], [-73.91422, 40.59741], [-73.91423, 40.59742], [-73.91424, 40.59744], [-73.91424, 40.59744], [-73.91424, 40.59745], [-73.91425, 40.59745], [-73.91425, 40.59746], [-73.91425, 40.59747], [-73.91425, 40.59747], [-73.91425, 40.59748], [-73.91425, 40.59749], [-73.91424, 40.5975], [-73.91423, 40.5975], [-73.91423, 40.59751], [-73.91423, 40.59752], [-73.91423, 40.59752], [-73.91423, 40.59752], [-73.91423, 40.59752], [-73.91423, 40.59753], [-73.91423, 40.59753], [-73.91424, 40.59753], [-73.91424, 40.59753], [-73.91425, 40.59753], [-73.91427, 40.59753], [-73.91428, 40.59754], [-73.9143, 40.59754], [-73.91431, 40.59754], [-73.91432, 40.59754], [-73.91433, 40.59754], [-73.91434, 40.59755], [-73.91434, 40.59755], [-73.91435, 40.59755], [-73.91436, 40.59756], [-73.91437, 40.59757], [-73.91437, 40.59757], [-73.91438, 40.59758], [-73.91438, 40.59759], [-73.91439, 40.5976], [-73.91439, 40.59761], [-73.91439, 40.59761], [-73.91439, 40.59761], [-73.91439, 40.59762], [-73.91439, 40.59762], [-73.91439, 40.59763], [-73.91439, 40.59763], [-73.91439, 40.59763], [-73.91439, 40.59764], [-73.91438, 40.59764], [-73.91437, 40.59764], [-73.91437, 40.59765], [-73.91436, 40.59765], [-73.91436, 40.59766], [-73.91436, 40.59767], [-73.91436, 40.59767], [-73.91436, 40.59768], [-73.91436, 40.59769], [-73.91436, 40.59769], [-73.91436, 40.5977], [-73.91437, 40.59771], [-73.91437, 40.59771], [-73.91438, 40.59772], [-73.91439, 40.59773], [-73.91439, 40.59774], [-73.9144, 40.59775], [-73.9144, 40.59776], [-73.91441, 40.59776], [-73.91441, 40.59777], [-73.91441, 40.59778], [-73.91441, 40.59778], [-73.91441, 40.59779], [-73.91441, 40.59779], [-73.91441, 40.5978], [-73.91441, 40.5978], [-73.9144, 40.5978], [-73.9144, 40.59781], [-73.91441, 40.59781], [-73.91441, 40.59781], [-73.91442, 40.59782], [-73.91443, 40.59783], [-73.91444, 40.59784], [-73.91444, 40.59784], [-73.91445, 40.59784], [-73.91445, 40.59785], [-73.91446, 40.59785], [-73.91446, 40.59786], [-73.91446, 40.59787], [-73.91446, 40.59788], [-73.91446, 40.59789], [-73.91447, 40.5979], [-73.91447, 40.59791], [-73.91447, 40.59792], [-73.91448, 40.59793], [-73.91448, 40.59793], [-73.91449, 40.59794], [-73.91449, 40.59795], [-73.9145, 40.59796], [-73.9145, 40.59796], [-73.91451, 40.59797], [-73.91451, 40.59797], [-73.91452, 40.59798], [-73.91453, 40.59798], [-73.91453, 40.59798], [-73.91454, 40.59798], [-73.91455, 40.59798], [-73.91456, 40.59799], [-73.91456, 40.59799], [-73.91456, 40.598], [-73.91456, 40.598], [-73.91456, 40.59801], [-73.91456, 40.59802], [-73.91456, 40.59802], [-73.91457, 40.59803], [-73.91457, 40.59804], [-73.91457, 40.59804], [-73.91458, 40.59806], [-73.9146, 40.59807], [-73.91461, 40.59809], [-73.91462, 40.5981], [-73.91464, 40.59812], [-73.91465, 40.59813], [-73.91467, 40.59815], [-73.91468, 40.59816], [-73.91469, 40.59816], [-73.91469, 40.59817], [-73.9147, 40.59817], [-73.9147, 40.59817], [-73.91471, 40.59817], [-73.91472, 40.59817], [-73.91472, 40.59818], [-73.91473, 40.59818], [-73.91473, 40.59817], [-73.91474, 40.59818], [-73.91475, 40.59818], [-73.91476, 40.59818], [-73.91477, 40.59818], [-73.91478, 40.59819], [-73.91479, 40.59819], [-73.9148, 40.59819], [-73.9148, 40.5982], [-73.91481, 40.5982], [-73.91481, 40.59821], [-73.91482, 40.59821], [-73.91482, 40.59822], [-73.91483, 40.59822], [-73.91484, 40.59822], [-73.91485, 40.59823], [-73.91485, 40.59823], [-73.91485, 40.59823], [-73.91486, 40.59823], [-73.91486, 40.59823], [-73.91486, 40.59823], [-73.91487, 40.59823], [-73.91487, 40.59824], [-73.91487, 40.59825], [-73.91487, 40.59826], [-73.91487, 40.59827], [-73.91486, 40.59828], [-73.91486, 40.59828], [-73.91486, 40.59829], [-73.91486, 40.5983], [-73.91486, 40.5983], [-73.91487, 40.59831], [-73.91487, 40.59831], [-73.91487, 40.59832], [-73.91488, 40.59833], [-73.91489, 40.59834], [-73.91489, 40.59835], [-73.9149, 40.59835], [-73.91491, 40.59836], [-73.91492, 40.59837], [-73.91493, 40.59839], [-73.91494, 40.5984], [-73.91495, 40.59842], [-73.91496, 40.59844], [-73.91497, 40.59846], [-73.91499, 40.59851], [-73.915, 40.59853], [-73.91501, 40.59854], [-73.91501, 40.59855], [-73.91502, 40.59855], [-73.91503, 40.59856], [-73.91504, 40.59857], [-73.91504, 40.59858], [-73.91505, 40.59859], [-73.91505, 40.59859], [-73.91506, 40.5986], [-73.91506, 40.59861], [-73.91508, 40.59863], [-73.91509, 40.59865], [-73.9151, 40.59867], [-73.91511, 40.59868], [-73.91512, 40.59869], [-73.91512, 40.5987], [-73.91512, 40.5987], [-73.91513, 40.59871], [-73.91513, 40.59872], [-73.91513, 40.59876], [-73.91513, 40.59876], [-73.91513, 40.59877], [-73.91513, 40.59877], [-73.91513, 40.59877], [-73.91513, 40.59878], [-73.91513, 40.59878], [-73.91514, 40.59878], [-73.91514, 40.59879], [-73.91515, 40.59879], [-73.91516, 40.59879], [-73.91517, 40.5988], [-73.91517, 40.5988], [-73.91518, 40.5988], [-73.91519, 40.59881], [-73.9152, 40.59881], [-73.9152, 40.59882], [-73.91521, 40.59882], [-73.91522, 40.59883], [-73.91522, 40.59884], [-73.91523, 40.59885], [-73.91526, 40.59886], [-73.91527, 40.59886], [-73.91527, 40.59887], [-73.91527, 40.59887], [-73.91528, 40.59887], [-73.91528, 40.59888], [-73.91528, 40.59888], [-73.91528, 40.59888], [-73.91529, 40.59889], [-73.91529, 40.5989], [-73.91529, 40.59891], [-73.9153, 40.59892], [-73.91531, 40.59892], [-73.91531, 40.59892], [-73.91532, 40.59892], [-73.91533, 40.59893], [-73.91534, 40.59893], [-73.91536, 40.59893], [-73.91536, 40.59893], [-73.91537, 40.59893], [-73.91537, 40.59894], [-73.91538, 40.59894], [-73.91538, 40.59894], [-73.9154, 40.59897], [-73.91543, 40.59902], [-73.91544, 40.59904], [-73.91553, 40.59911], [-73.91557, 40.59913], [-73.9156, 40.59916], [-73.91563, 40.59918], [-73.91567, 40.59919], [-73.91573, 40.5992], [-73.91578, 40.59923], [-73.9158, 40.59925], [-73.9158, 40.59926], [-73.91582, 40.59928], [-73.91585, 40.59931], [-73.91589, 40.59932], [-73.91591, 40.59932], [-73.91595, 40.59931], [-73.91604, 40.59938], [-73.91606, 40.59939], [-73.91611, 40.5994], [-73.91617, 40.59942], [-73.91621, 40.59945], [-73.91624, 40.59946], [-73.91628, 40.59945], [-73.91628, 40.59945], [-73.9163, 40.59946], [-73.91632, 40.59947], [-73.91634, 40.59948], [-73.91635, 40.59949], [-73.91636, 40.59949], [-73.91637, 40.5995], [-73.91638, 40.5995], [-73.9164, 40.5995], [-73.91642, 40.59951], [-73.91644, 40.59952], [-73.91645, 40.59953], [-73.91648, 40.59953], [-73.91649, 40.59954], [-73.91651, 40.59954], [-73.91653, 40.59955], [-73.91655, 40.59955], [-73.91656, 40.59955], [-73.91657, 40.59955], [-73.91658, 40.59955], [-73.91662, 40.5996], [-73.91663, 40.59962], [-73.91664, 40.59963], [-73.91665, 40.59963], [-73.91667, 40.59964], [-73.91668, 40.59964], [-73.9167, 40.59963], [-73.91671, 40.59962], [-73.91672, 40.59963], [-73.91674, 40.59964], [-73.91675, 40.59966], [-73.91676, 40.59968], [-73.91677, 40.59969], [-73.91679, 40.5997], [-73.91683, 40.59971], [-73.91686, 40.59973], [-73.91688, 40.59974], [-73.91688, 40.59975], [-73.91687, 40.59976], [-73.91686, 40.59977], [-73.91686, 40.59977], [-73.91686, 40.59978], [-73.91686, 40.5998], [-73.91687, 40.59981], [-73.91689, 40.59983], [-73.9169, 40.59984], [-73.91692, 40.59984], [-73.91693, 40.59984], [-73.91695, 40.59984], [-73.91697, 40.59983], [-73.91699, 40.59983], [-73.91701, 40.59982], [-73.91703, 40.59983], [-73.91707, 40.59984], [-73.91709, 40.59984], [-73.91711, 40.59985], [-73.91714, 40.59986], [-73.91716, 40.59987], [-73.91717, 40.59989], [-73.91716, 40.5999], [-73.91716, 40.59991], [-73.91716, 40.59992], [-73.91716, 40.59992], [-73.91717, 40.59993], [-73.91717, 40.59993], [-73.91719, 40.59992], [-73.91722, 40.5999], [-73.91723, 40.59989], [-73.91725, 40.59989], [-73.91726, 40.59989], [-73.91728, 40.59989], [-73.91729, 40.5999], [-73.9173, 40.5999], [-73.91731, 40.59991], [-73.91732, 40.59991], [-73.91732, 40.59992], [-73.91732, 40.59993], [-73.91733, 40.59994], [-73.91735, 40.59994], [-73.91743, 40.59997], [-73.9175, 40.59999], [-73.91754, 40.6], [-73.91757, 40.60002], [-73.91759, 40.60003], [-73.91761, 40.60005], [-73.91763, 40.60006], [-73.91767, 40.60008], [-73.91769, 40.60009], [-73.91771, 40.6001], [-73.91771, 40.60011], [-73.91771, 40.60012], [-73.91768, 40.60018], [-73.91768, 40.6002], [-73.91768, 40.60021], [-73.9177, 40.60023], [-73.91771, 40.60024], [-73.91775, 40.60028], [-73.91778, 40.60032], [-73.9178, 40.60034], [-73.91783, 40.60039], [-73.91784, 40.6004], [-73.91785, 40.60041], [-73.91787, 40.60042], [-73.91789, 40.60042], [-73.91791, 40.60042], [-73.91792, 40.60041], [-73.91793, 40.6004], [-73.91793, 40.60039], [-73.91795, 40.60038], [-73.91796, 40.60038], [-73.91797, 40.60039], [-73.91799, 40.60041], [-73.91801, 40.60042], [-73.91804, 40.60043], [-73.91806, 40.60045], [-73.91808, 40.60045], [-73.91809, 40.60045], [-73.91811, 40.60044], [-73.91813, 40.60044], [-73.91813, 40.60044], [-73.91813, 40.60045], [-73.91813, 40.60047], [-73.91813, 40.60049], [-73.91813, 40.6005], [-73.91814, 40.60051], [-73.91815, 40.60051], [-73.91819, 40.60052], [-73.91821, 40.60052], [-73.91822, 40.60053], [-73.91824, 40.60054], [-73.91825, 40.60054], [-73.91826, 40.60057], [-73.91831, 40.60062], [-73.91833, 40.60064], [-73.91838, 40.60067], [-73.91841, 40.60069], [-73.91844, 40.6007], [-73.91851, 40.60073], [-73.91853, 40.60074], [-73.91854, 40.60075], [-73.91856, 40.60077], [-73.91857, 40.60079], [-73.91859, 40.6008], [-73.91861, 40.6008], [-73.91862, 40.6008], [-73.91864, 40.60079], [-73.91867, 40.60078], [-73.91868, 40.60077], [-73.91869, 40.60077], [-73.91876, 40.6008], [-73.91878, 40.60081], [-73.9188, 40.60081], [-73.91883, 40.60081], [-73.91884, 40.60082], [-73.91885, 40.60082], [-73.91888, 40.60086], [-73.91889, 40.60087], [-73.91891, 40.60087], [-73.91894, 40.60087], [-73.91896, 40.60087], [-73.91898, 40.60086], [-73.91898, 40.60086], [-73.91899, 40.60086], [-73.91901, 40.60086], [-73.91905, 40.60087], [-73.91907, 40.60088], [-73.91907, 40.60088], [-73.91909, 40.60089], [-73.9191, 40.6009], [-73.9191, 40.6009], [-73.91911, 40.60091], [-73.91916, 40.60092], [-73.91918, 40.60093], [-73.91918, 40.60093], [-73.91918, 40.60094], [-73.91916, 40.60094], [-73.91914, 40.60094], [-73.91912, 40.60095], [-73.91911, 40.60095], [-73.91911, 40.60096], [-73.91912, 40.60096], [-73.91913, 40.60097], [-73.91919, 40.60097], [-73.91921, 40.60098], [-73.91922, 40.60098], [-73.91923, 40.601], [-73.91924, 40.60101], [-73.91925, 40.60101], [-73.91927, 40.60101], [-73.91928, 40.601], [-73.9193, 40.60099], [-73.91931, 40.60098], [-73.91931, 40.60095], [-73.91931, 40.60094], [-73.91932, 40.60094], [-73.91934, 40.60093], [-73.91935, 40.60093], [-73.91936, 40.60093], [-73.91936, 40.60092], [-73.91936, 40.60092], [-73.91932, 40.60092], [-73.91931, 40.60092], [-73.9193, 40.60092], [-73.9193, 40.60091], [-73.9193, 40.60091], [-73.9193, 40.6009], [-73.91932, 40.6009], [-73.9194, 40.6009], [-73.91942, 40.6009], [-73.91943, 40.60091], [-73.91944, 40.60094], [-73.91945, 40.60095], [-73.91945, 40.60096], [-73.91945, 40.60097], [-73.91946, 40.60097], [-73.91948, 40.60098], [-73.91951, 40.60099], [-73.91954, 40.60099], [-73.91957, 40.601], [-73.91962, 40.601], [-73.91967, 40.60099], [-73.91969, 40.60099], [-73.91971, 40.60098], [-73.91973, 40.60098], [-73.91974, 40.60098], [-73.91976, 40.60099], [-73.91978, 40.601], [-73.91978, 40.60102], [-73.91978, 40.60103], [-73.91977, 40.60103], [-73.91976, 40.60104], [-73.91975, 40.60104], [-73.91975, 40.60105], [-73.91976, 40.60105], [-73.91977, 40.60106], [-73.91979, 40.60107], [-73.9198, 40.60107], [-73.91982, 40.60106], [-73.91985, 40.60104], [-73.91988, 40.60103], [-73.9199, 40.60103], [-73.91992, 40.60103], [-73.91993, 40.60104], [-73.91994, 40.60106], [-73.91994, 40.60107], [-73.91996, 40.60109], [-73.91998, 40.6011], [-73.92001, 40.60111], [-73.92004, 40.60112], [-73.92005, 40.60112], [-73.92006, 40.60111], [-73.92007, 40.6011], [-73.9201, 40.60109], [-73.92011, 40.60108], [-73.92012, 40.60108], [-73.92014, 40.60108], [-73.92016, 40.60109], [-73.92017, 40.60109], [-73.92017, 40.60109], [-73.92017, 40.6011], [-73.92017, 40.6011], [-73.92017, 40.6011], [-73.92017, 40.60111], [-73.92015, 40.60112], [-73.92013, 40.60115], [-73.92011, 40.60118], [-73.9201, 40.6012], [-73.9201, 40.60121], [-73.92011, 40.60123], [-73.92013, 40.60125], [-73.92015, 40.60126], [-73.92018, 40.60128], [-73.92023, 40.60131], [-73.92025, 40.60132], [-73.92027, 40.60132], [-73.92029, 40.60131], [-73.92029, 40.6013], [-73.9203, 40.60128], [-73.92031, 40.60127], [-73.92034, 40.60127], [-73.92036, 40.60126], [-73.92038, 40.60126], [-73.9204, 40.60127], [-73.92042, 40.60128], [-73.92044, 40.60129], [-73.92044, 40.6013], [-73.92045, 40.60131], [-73.92046, 40.60131], [-73.92047, 40.60132], [-73.92048, 40.60132], [-73.92051, 40.60133], [-73.92053, 40.60135], [-73.92055, 40.60136], [-73.92058, 40.60137], [-73.9206, 40.60137], [-73.92063, 40.60139], [-73.92066, 40.60141], [-73.92067, 40.60142], [-73.92067, 40.60143], [-73.92067, 40.60144], [-73.92067, 40.60145], [-73.92068, 40.60146], [-73.92068, 40.60146], [-73.9207, 40.60147], [-73.92072, 40.60147], [-73.92074, 40.60147], [-73.92076, 40.60147], [-73.92077, 40.60147], [-73.92078, 40.60147], [-73.92081, 40.6015], [-73.92082, 40.6015], [-73.92083, 40.6015], [-73.92085, 40.6015], [-73.92088, 40.6015], [-73.9209, 40.60151], [-73.92093, 40.60152], [-73.92095, 40.60153], [-73.92096, 40.60154], [-73.92096, 40.60155], [-73.92096, 40.60156], [-73.92096, 40.60157], [-73.92096, 40.60158], [-73.92098, 40.60159], [-73.921, 40.60159], [-73.92102, 40.60159], [-73.92104, 40.6016], [-73.92106, 40.60161], [-73.92108, 40.60162], [-73.92109, 40.60165], [-73.92112, 40.60167], [-73.92114, 40.60167], [-73.92115, 40.60167], [-73.92116, 40.60167], [-73.92117, 40.60166], [-73.92118, 40.60165], [-73.92118, 40.60164], [-73.92121, 40.60164], [-73.92123, 40.60165], [-73.92125, 40.60165], [-73.92127, 40.60165], [-73.92128, 40.60166], [-73.92129, 40.60167], [-73.9213, 40.60169], [-73.9213, 40.6017], [-73.92131, 40.60171], [-73.92132, 40.60171], [-73.92136, 40.6017], [-73.92139, 40.6017], [-73.9214, 40.6017], [-73.92141, 40.60171], [-73.92142, 40.60172], [-73.92143, 40.60173], [-73.92142, 40.60174], [-73.92141, 40.60175], [-73.92139, 40.60176], [-73.92138, 40.60177], [-73.92136, 40.60179], [-73.92136, 40.6018], [-73.92136, 40.60181], [-73.92137, 40.60182], [-73.92142, 40.60187], [-73.92146, 40.6019], [-73.92147, 40.60191], [-73.92148, 40.60192], [-73.92149, 40.60192], [-73.92152, 40.60192], [-73.92153, 40.60192], [-73.92153, 40.60192], [-73.92154, 40.60191], [-73.92154, 40.6019], [-73.92154, 40.60189], [-73.92155, 40.60187], [-73.92156, 40.60186], [-73.92157, 40.60185], [-73.92159, 40.60185], [-73.92161, 40.60185], [-73.92163, 40.60184], [-73.92164, 40.60183], [-73.92165, 40.60182], [-73.92165, 40.60181], [-73.92165, 40.6018], [-73.92165, 40.60179], [-73.92166, 40.60178], [-73.92168, 40.60177], [-73.9217, 40.60177], [-73.92172, 40.60177], [-73.92173, 40.60178], [-73.92174, 40.60178], [-73.92175, 40.6018], [-73.92177, 40.60181], [-73.92178, 40.60182], [-73.92179, 40.60182], [-73.92181, 40.60181], [-73.92182, 40.60181], [-73.92185, 40.60179], [-73.92189, 40.60175], [-73.92191, 40.60174], [-73.92192, 40.60173], [-73.92192, 40.60173], [-73.92193, 40.60172], [-73.92195, 40.60172], [-73.92197, 40.60172], [-73.92197, 40.60172], [-73.92197, 40.60172], [-73.92199, 40.60173], [-73.92199, 40.60173], [-73.92199, 40.60174], [-73.92199, 40.60175], [-73.922, 40.60176], [-73.922, 40.60176], [-73.92201, 40.60176], [-73.92202, 40.60175], [-73.92204, 40.60175], [-73.92204, 40.60175], [-73.92205, 40.60176], [-73.92205, 40.60176], [-73.92206, 40.60176], [-73.92206, 40.60176], [-73.92207, 40.60174], [-73.92208, 40.60173], [-73.92209, 40.60172], [-73.9221, 40.60173], [-73.92214, 40.60175], [-73.92216, 40.60175], [-73.92217, 40.60176], [-73.92218, 40.60176], [-73.9222, 40.60175], [-73.92223, 40.60173], [-73.92226, 40.60171], [-73.92227, 40.60171], [-73.92227, 40.60171], [-73.92229, 40.60171], [-73.92229, 40.60172], [-73.9223, 40.60173], [-73.92231, 40.60173], [-73.92232, 40.60173], [-73.92234, 40.60173], [-73.92235, 40.60172], [-73.92237, 40.6017], [-73.92242, 40.60168], [-73.92244, 40.60167], [-73.92245, 40.60166], [-73.92245, 40.60165], [-73.92245, 40.60164], [-73.92244, 40.60163], [-73.92242, 40.60162], [-73.92241, 40.60161], [-73.9224, 40.60161], [-73.92239, 40.6016], [-73.92239, 40.6016], [-73.92239, 40.60159], [-73.9224, 40.60158], [-73.92241, 40.60158], [-73.92244, 40.60156], [-73.92246, 40.60156], [-73.92247, 40.60156], [-73.92249, 40.60156], [-73.92252, 40.60157], [-73.92254, 40.60157], [-73.92255, 40.60158], [-73.92255, 40.60158], [-73.92256, 40.60159], [-73.92256, 40.60159], [-73.92256, 40.6016], [-73.92259, 40.60161], [-73.9226, 40.60161], [-73.92261, 40.60161], [-73.92262, 40.6016], [-73.92264, 40.6016], [-73.92264, 40.6016], [-73.92265, 40.6016], [-73.92266, 40.6016], [-73.92267, 40.60159], [-73.92269, 40.60158], [-73.92271, 40.60155], [-73.92272, 40.60152], [-73.92273, 40.60151], [-73.92275, 40.6015], [-73.92278, 40.60148], [-73.92284, 40.60146], [-73.92287, 40.60143], [-73.92292, 40.60139], [-73.92295, 40.60137], [-73.92297, 40.60135], [-73.92297, 40.60133], [-73.92298, 40.60132], [-73.92299, 40.60129], [-73.923, 40.60126], [-73.923, 40.60124], [-73.92301, 40.60122], [-73.92304, 40.6012], [-73.92305, 40.60119], [-73.92306, 40.60119], [-73.92307, 40.60119], [-73.92308, 40.60119], [-73.92309, 40.60119], [-73.92309, 40.60118], [-73.9231, 40.60117], [-73.92311, 40.60116], [-73.92311, 40.60116], [-73.92312, 40.60116], [-73.92313, 40.60116], [-73.92314, 40.60116], [-73.92315, 40.60116], [-73.92316, 40.60116], [-73.92317, 40.60114], [-73.92317, 40.60114], [-73.92318, 40.60112], [-73.92318, 40.60111], [-73.92317, 40.6011], [-73.92317, 40.60109], [-73.92318, 40.60109], [-73.92319, 40.60109], [-73.9232, 40.60109], [-73.92321, 40.60109], [-73.92322, 40.60109], [-73.92323, 40.60109], [-73.92323, 40.60109], [-73.92324, 40.60108], [-73.92325, 40.60106], [-73.92326, 40.60103], [-73.92326, 40.60102], [-73.92326, 40.60101], [-73.92326, 40.601], [-73.92326, 40.60099], [-73.92327, 40.60098], [-73.92327, 40.60098], [-73.92328, 40.60097], [-73.9233, 40.60096], [-73.92332, 40.60095], [-73.92333, 40.60095], [-73.92335, 40.60092], [-73.92337, 40.60089], [-73.92337, 40.60088], [-73.92337, 40.60087], [-73.92337, 40.60087], [-73.92336, 40.60086], [-73.92335, 40.60086], [-73.92334, 40.60087], [-73.92333, 40.60087], [-73.92332, 40.60087], [-73.92331, 40.60086], [-73.92331, 40.60085], [-73.92331, 40.60084], [-73.92331, 40.60082], [-73.92332, 40.60081], [-73.92333, 40.60081], [-73.92334, 40.6008], [-73.92336, 40.6008], [-73.92337, 40.60079], [-73.92338, 40.60078], [-73.92339, 40.60076], [-73.92339, 40.60072], [-73.92339, 40.6007], [-73.92339, 40.6007], [-73.9234, 40.60069], [-73.92341, 40.60069], [-73.92342, 40.60068], [-73.92343, 40.60068], [-73.92344, 40.60067], [-73.92345, 40.60065], [-73.92345, 40.60065], [-73.92345, 40.60063], [-73.92345, 40.60061], [-73.92345, 40.6006], [-73.92345, 40.60059], [-73.92346, 40.60058], [-73.92347, 40.60058], [-73.92349, 40.60057], [-73.92351, 40.60058], [-73.92353, 40.60058], [-73.92354, 40.60058], [-73.92355, 40.60059], [-73.92355, 40.60059], [-73.92356, 40.60059], [-73.92357, 40.60058], [-73.92358, 40.60058], [-73.92359, 40.60056], [-73.92362, 40.60054], [-73.92362, 40.60053], [-73.92363, 40.60052], [-73.92363, 40.6005], [-73.92361, 40.60047], [-73.92359, 40.60044], [-73.92359, 40.60042], [-73.92358, 40.60041], [-73.92359, 40.60041], [-73.92359, 40.60039], [-73.9236, 40.60038], [-73.92361, 40.60037], [-73.92362, 40.60036], [-73.92362, 40.60035], [-73.92363, 40.60034], [-73.92364, 40.60034], [-73.92368, 40.60033], [-73.92369, 40.60032], [-73.92371, 40.60031], [-73.92372, 40.6003], [-73.92372, 40.60029], [-73.92373, 40.60027], [-73.92373, 40.60023], [-73.92373, 40.60022], [-73.92373, 40.60021], [-73.92374, 40.6002], [-73.92375, 40.60019], [-73.92376, 40.60018], [-73.92377, 40.60016], [-73.92378, 40.60013], [-73.9238, 40.60009], [-73.92383, 40.60003], [-73.92385, 40.59999], [-73.92386, 40.59998], [-73.92386, 40.59997], [-73.92387, 40.59996], [-73.92388, 40.59995], [-73.92388, 40.59995], [-73.92389, 40.59994], [-73.9239, 40.59993], [-73.9239, 40.59991], [-73.9239, 40.5999], [-73.9239, 40.59989], [-73.92392, 40.59988], [-73.92393, 40.59988], [-73.92393, 40.59987], [-73.92393, 40.59986], [-73.92393, 40.59983], [-73.92393, 40.59982], [-73.92393, 40.59981], [-73.92395, 40.5998], [-73.92396, 40.59979], [-73.92397, 40.59979], [-73.92398, 40.59978], [-73.92399, 40.59977], [-73.924, 40.59974], [-73.924, 40.59973], [-73.92401, 40.59972], [-73.92403, 40.59972], [-73.92405, 40.59971], [-73.92407, 40.59971], [-73.92408, 40.5997], [-73.92409, 40.59969], [-73.92409, 40.59968], [-73.92411, 40.59967], [-73.92413, 40.59966], [-73.92416, 40.59965], [-73.92416, 40.59965], [-73.92418, 40.59965], [-73.92418, 40.59965], [-73.92421, 40.59965], [-73.92425, 40.59965], [-73.92428, 40.59965], [-73.92429, 40.59966], [-73.92431, 40.59966], [-73.92431, 40.59967], [-73.92432, 40.59968], [-73.92431, 40.59968], [-73.9243, 40.59969], [-73.9243, 40.59969], [-73.92429, 40.5997], [-73.92429, 40.5997], [-73.9243, 40.59971], [-73.92431, 40.59972], [-73.92432, 40.59972], [-73.92434, 40.59974], [-73.92436, 40.59974], [-73.92437, 40.59974], [-73.92438, 40.59974], [-73.92439, 40.59973], [-73.92441, 40.59971], [-73.92441, 40.5997], [-73.92443, 40.5997], [-73.92445, 40.5997], [-73.92447, 40.59971], [-73.92448, 40.59971], [-73.92452, 40.59971], [-73.92455, 40.59972], [-73.92457, 40.59972], [-73.92458, 40.59973], [-73.92458, 40.59974], [-73.92458, 40.59975], [-73.92459, 40.59976], [-73.92459, 40.59977], [-73.9246, 40.59978], [-73.92462, 40.59979], [-73.92463, 40.59979], [-73.92465, 40.59979], [-73.92466, 40.59979], [-73.92467, 40.59979], [-73.92469, 40.59979], [-73.9247, 40.59979], [-73.92472, 40.5998], [-73.92474, 40.59979], [-73.92475, 40.59979], [-73.92477, 40.59979], [-73.92478, 40.5998], [-73.9248, 40.5998], [-73.92483, 40.59981], [-73.92485, 40.59982], [-73.92487, 40.59982], [-73.92488, 40.59983], [-73.9249, 40.59984], [-73.92492, 40.59985], [-73.92496, 40.59986], [-73.92502, 40.59989], [-73.92505, 40.5999], [-73.92508, 40.59992], [-73.9251, 40.59995], [-73.92513, 40.59998], [-73.92515, 40.6], [-73.92517, 40.60003], [-73.92519, 40.60004], [-73.92521, 40.60005], [-73.92522, 40.60005], [-73.92524, 40.60005], [-73.92528, 40.60006], [-73.92531, 40.60008], [-73.92532, 40.6001], [-73.92538, 40.60015], [-73.92543, 40.60018], [-73.92548, 40.60021], [-73.92555, 40.60024], [-73.92562, 40.60029], [-73.92569, 40.60032], [-73.92573, 40.60034], [-73.9258, 40.60041], [-73.9258, 40.60041], [-73.92581, 40.60042], [-73.92582, 40.60045], [-73.92583, 40.60046], [-73.92583, 40.60046], [-73.92583, 40.60046], [-73.92584, 40.60046], [-73.92584, 40.60047], [-73.92584, 40.60047], [-73.92585, 40.60047], [-73.92586, 40.60047], [-73.92586, 40.60048], [-73.92587, 40.60048], [-73.92592, 40.60049], [-73.92593, 40.60049], [-73.92594, 40.60049], [-73.92603, 40.60053], [-73.92606, 40.60054], [-73.92609, 40.60055], [-73.92612, 40.60057], [-73.92616, 40.60059], [-73.92617, 40.60059], [-73.92617, 40.60059], [-73.92618, 40.60059], [-73.92625, 40.60061], [-73.92626, 40.60061], [-73.92627, 40.60061], [-73.92627, 40.60062], [-73.92628, 40.60062], [-73.92628, 40.60062], [-73.92629, 40.60063], [-73.9263, 40.60064], [-73.92634, 40.60068], [-73.92634, 40.60068], [-73.92635, 40.60069], [-73.92637, 40.60071], [-73.92639, 40.60072], [-73.92643, 40.60075], [-73.92648, 40.60078], [-73.92658, 40.60085], [-73.92659, 40.60086], [-73.92663, 40.60088], [-73.92666, 40.60091], [-73.92672, 40.60097], [-73.92674, 40.60098], [-73.92676, 40.601], [-73.92678, 40.60102], [-73.9268, 40.60104], [-73.92684, 40.60106], [-73.92684, 40.60106], [-73.92685, 40.60107], [-73.92689, 40.60109], [-73.9269, 40.6011], [-73.92693, 40.60112], [-73.92703, 40.60116], [-73.92705, 40.60117], [-73.92711, 40.6012], [-73.92713, 40.60121], [-73.92713, 40.60121], [-73.92716, 40.60122], [-73.92718, 40.60123], [-73.92718, 40.60123], [-73.9272, 40.60125], [-73.92721, 40.60125], [-73.92722, 40.60126], [-73.92728, 40.60131], [-73.92734, 40.60136], [-73.92735, 40.60137], [-73.92735, 40.60137], [-73.92736, 40.60138], [-73.92738, 40.6014], [-73.92739, 40.60142], [-73.92741, 40.60146], [-73.92742, 40.60148], [-73.92743, 40.60151], [-73.92745, 40.60153], [-73.92746, 40.60154], [-73.92747, 40.60155], [-73.92749, 40.60157], [-73.92752, 40.60158], [-73.92758, 40.60161], [-73.9276, 40.60162], [-73.92761, 40.60163], [-73.92762, 40.60163], [-73.9277, 40.60169], [-73.92781, 40.60177], [-73.92785, 40.6018], [-73.92794, 40.60187], [-73.92797, 40.60189], [-73.92799, 40.6019], [-73.92799, 40.6019], [-73.928, 40.60191], [-73.92802, 40.60191], [-73.92808, 40.60193], [-73.92811, 40.60194], [-73.92812, 40.60194], [-73.92812, 40.60194], [-73.92812, 40.60194], [-73.92813, 40.60195], [-73.92814, 40.60196], [-73.92815, 40.60197], [-73.92816, 40.60197], [-73.92816, 40.60198], [-73.92817, 40.60199], [-73.92817, 40.60199], [-73.92817, 40.602], [-73.92817, 40.602], [-73.92818, 40.602], [-73.92818, 40.60201], [-73.92818, 40.60201], [-73.92818, 40.60201], [-73.92818, 40.60201], [-73.92818, 40.60202], [-73.92818, 40.60202], [-73.92817, 40.60203], [-73.92817, 40.60203], [-73.92817, 40.60204], [-73.92817, 40.60204], [-73.92817, 40.60204], [-73.92817, 40.60204], [-73.92818, 40.60204], [-73.92818, 40.60204], [-73.92818, 40.60204], [-73.92818, 40.60205], [-73.92818, 40.60205], [-73.92818, 40.60205], [-73.92818, 40.60205], [-73.92819, 40.60205], [-73.92821, 40.60207], [-73.92822, 40.60207], [-73.92822, 40.60207], [-73.92823, 40.60208], [-73.92824, 40.6021], [-73.92825, 40.60212], [-73.92826, 40.60212], [-73.92828, 40.60217], [-73.92829, 40.60219], [-73.92831, 40.60221], [-73.92831, 40.60221], [-73.92832, 40.60222], [-73.92832, 40.60222], [-73.92833, 40.60222], [-73.92834, 40.60223], [-73.92835, 40.60223], [-73.92837, 40.60223], [-73.92837, 40.60223], [-73.92839, 40.60224], [-73.9284, 40.60224], [-73.92853, 40.60224], [-73.92865, 40.60225], [-73.92865, 40.60225], [-73.92866, 40.60225], [-73.92866, 40.60225], [-73.92868, 40.60224], [-73.92868, 40.60224], [-73.92868, 40.60224], [-73.92868, 40.60224], [-73.9287, 40.60223], [-73.92873, 40.60222], [-73.92874, 40.60222], [-73.92875, 40.60221], [-73.92876, 40.60221], [-73.92877, 40.60221], [-73.92877, 40.60221], [-73.92877, 40.60221], [-73.92877, 40.60221], [-73.92878, 40.60221], [-73.92878, 40.60221], [-73.92878, 40.60221], [-73.92878, 40.60221], [-73.92878, 40.60221], [-73.92879, 40.60221], [-73.92879, 40.60221], [-73.92879, 40.60221], [-73.92879, 40.60222], [-73.92879, 40.60222], [-73.92879, 40.60222], [-73.9288, 40.60222], [-73.9288, 40.60223], [-73.92881, 40.60223], [-73.92881, 40.60224], [-73.92882, 40.60225], [-73.92882, 40.60226], [-73.92883, 40.6023], [-73.92883, 40.6023], [-73.92885, 40.60233], [-73.92888, 40.60241], [-73.92888, 40.60241], [-73.92889, 40.60244], [-73.92889, 40.60244], [-73.9289, 40.60246], [-73.92891, 40.60247], [-73.92892, 40.60248], [-73.92892, 40.60249], [-73.92893, 40.6025], [-73.92894, 40.6025], [-73.92895, 40.60251], [-73.92896, 40.60252], [-73.92897, 40.60252], [-73.92899, 40.60253], [-73.92899, 40.60253], [-73.92901, 40.60254], [-73.92903, 40.60255], [-73.92906, 40.60255], [-73.92908, 40.60256], [-73.92911, 40.60257], [-73.92912, 40.60257], [-73.92913, 40.60257], [-73.92918, 40.60257], [-73.92919, 40.60257], [-73.9292, 40.60257], [-73.92921, 40.60257], [-73.92921, 40.60257], [-73.92921, 40.60257], [-73.92931, 40.60261], [-73.9294, 40.60265], [-73.92943, 40.60267], [-73.92946, 40.60268], [-73.92951, 40.60271], [-73.92953, 40.60273], [-73.92953, 40.60273], [-73.92954, 40.60275], [-73.92957, 40.60278], [-73.92957, 40.60278], [-73.92958, 40.6028], [-73.9296, 40.60283], [-73.92962, 40.60286], [-73.92963, 40.6029], [-73.92963, 40.60291], [-73.92964, 40.60294], [-73.92965, 40.60297], [-73.92965, 40.60301], [-73.92964, 40.60306], [-73.92963, 40.60309], [-73.92963, 40.60311], [-73.92963, 40.60314], [-73.92963, 40.60315], [-73.92962, 40.60319], [-73.9296, 40.60322], [-73.9296, 40.60322], [-73.92957, 40.60325], [-73.92951, 40.60328], [-73.92948, 40.60331], [-73.92945, 40.60331], [-73.92943, 40.60331], [-73.92942, 40.60332], [-73.92941, 40.60335], [-73.9294, 40.60337], [-73.92939, 40.60339], [-73.92938, 40.60341], [-73.92937, 40.60342], [-73.92934, 40.60344], [-73.92933, 40.60345], [-73.92931, 40.60345], [-73.9293, 40.60346], [-73.92928, 40.60348], [-73.92924, 40.60352], [-73.92918, 40.60356], [-73.92908, 40.60363], [-73.92904, 40.60366], [-73.92902, 40.60367], [-73.92901, 40.60369], [-73.92901, 40.6037], [-73.92901, 40.60371], [-73.92902, 40.60372], [-73.92902, 40.60373], [-73.92904, 40.60374], [-73.92904, 40.60376], [-73.92904, 40.60377], [-73.92905, 40.60378], [-73.92909, 40.60381], [-73.92911, 40.60381], [-73.92913, 40.60382], [-73.92915, 40.60382], [-73.92916, 40.60383], [-73.92917, 40.60384], [-73.92917, 40.60384], [-73.92917, 40.60385], [-73.92917, 40.60385], [-73.92917, 40.60388], [-73.92917, 40.6039], [-73.92918, 40.60391], [-73.9292, 40.60392], [-73.92921, 40.60394], [-73.92924, 40.60396], [-73.92925, 40.60398], [-73.92927, 40.60399], [-73.9293, 40.604], [-73.92936, 40.604], [-73.92941, 40.604], [-73.92942, 40.604], [-73.92944, 40.60399], [-73.92946, 40.60397], [-73.92949, 40.60394], [-73.9295, 40.60393], [-73.92953, 40.6039], [-73.92957, 40.60387], [-73.92961, 40.60385], [-73.92964, 40.60385], [-73.92967, 40.60384], [-73.9297, 40.60383], [-73.92973, 40.60381], [-73.92977, 40.60379], [-73.92981, 40.60377], [-73.92985, 40.60375], [-73.92988, 40.60374], [-73.9299, 40.60374], [-73.92992, 40.60375], [-73.92997, 40.60377], [-73.93005, 40.6038], [-73.93006, 40.60381], [-73.93008, 40.60383], [-73.93008, 40.60386], [-73.93009, 40.6039], [-73.93009, 40.60394], [-73.9301, 40.60398], [-73.93011, 40.604], [-73.93013, 40.60402], [-73.93014, 40.60403], [-73.93017, 40.60403], [-73.93019, 40.60402], [-73.93021, 40.60399], [-73.93023, 40.60396], [-73.93026, 40.60392], [-73.93027, 40.60389], [-73.93028, 40.60387], [-73.93032, 40.60383], [-73.93035, 40.6038], [-73.93038, 40.60378], [-73.93039, 40.60377], [-73.9304, 40.60377], [-73.93044, 40.60375], [-73.93049, 40.60374], [-73.93053, 40.60373], [-73.93057, 40.60373], [-73.93062, 40.60373], [-73.93067, 40.60373], [-73.93071, 40.60374], [-73.93075, 40.60376], [-73.93079, 40.60378], [-73.93083, 40.6038], [-73.93085, 40.60382], [-73.93088, 40.60384], [-73.9309, 40.60387], [-73.93092, 40.60388], [-73.93093, 40.60389], [-73.93094, 40.60391], [-73.93096, 40.60392], [-73.93098, 40.60394], [-73.93099, 40.60394], [-73.931, 40.60394], [-73.93105, 40.60391], [-73.93106, 40.60389], [-73.93108, 40.60389], [-73.93108, 40.60389], [-73.9311, 40.60388], [-73.93112, 40.60388], [-73.93117, 40.60385], [-73.93121, 40.60382], [-73.93123, 40.6038], [-73.93123, 40.60378], [-73.93125, 40.60375], [-73.93128, 40.60373], [-73.93131, 40.60368], [-73.93136, 40.60363], [-73.93143, 40.60359], [-73.93145, 40.60356], [-73.93148, 40.60352], [-73.93151, 40.60349], [-73.93154, 40.60347], [-73.93156, 40.60344], [-73.93161, 40.60339], [-73.93166, 40.60333], [-73.93169, 40.60329], [-73.93173, 40.60325], [-73.93177, 40.60321], [-73.93182, 40.60319], [-73.93187, 40.60317], [-73.93191, 40.60315], [-73.93194, 40.60313], [-73.93196, 40.60312], [-73.93197, 40.6031], [-73.93199, 40.60305], [-73.93201, 40.60301], [-73.93204, 40.60295], [-73.93207, 40.6029], [-73.93209, 40.60285], [-73.93212, 40.60275], [-73.93212, 40.60271], [-73.93212, 40.60269], [-73.9321, 40.60267], [-73.93206, 40.60265], [-73.93201, 40.60264], [-73.93199, 40.60265], [-73.93197, 40.60265], [-73.93192, 40.60265], [-73.93188, 40.60264], [-73.93183, 40.60264], [-73.93179, 40.60261], [-73.93176, 40.6026], [-73.93176, 40.60258], [-73.93174, 40.60254], [-73.93172, 40.60248], [-73.93171, 40.60243], [-73.93168, 40.60238], [-73.93164, 40.60232], [-73.93157, 40.60224], [-73.93153, 40.60218], [-73.9315, 40.60214], [-73.93149, 40.60211], [-73.93145, 40.60206], [-73.9314, 40.60201], [-73.93137, 40.602], [-73.93134, 40.60199], [-73.93128, 40.60193], [-73.93124, 40.60189], [-73.9312, 40.60183], [-73.93114, 40.60177], [-73.93109, 40.60172], [-73.93103, 40.60167], [-73.93097, 40.60164], [-73.93091, 40.60162], [-73.93088, 40.60162], [-73.93085, 40.60163], [-73.93083, 40.60164], [-73.93078, 40.60163], [-73.93073, 40.60159], [-73.93068, 40.60156], [-73.93068, 40.60156], [-73.93066, 40.60153], [-73.93065, 40.60151], [-73.93064, 40.6015], [-73.93064, 40.6015], [-73.93063, 40.6015], [-73.93063, 40.6015], [-73.93062, 40.60149], [-73.93058, 40.60147], [-73.93057, 40.60147], [-73.93056, 40.60146], [-73.93053, 40.60144], [-73.93051, 40.60142], [-73.93041, 40.60135], [-73.93034, 40.6013], [-73.93032, 40.60129], [-73.93032, 40.60125], [-73.93033, 40.60122], [-73.93034, 40.6012], [-73.93033, 40.60118], [-73.93031, 40.60117], [-73.93028, 40.60117], [-73.93027, 40.60117], [-73.93025, 40.60117], [-73.93024, 40.60119], [-73.93022, 40.60121], [-73.93019, 40.60126], [-73.93016, 40.60126], [-73.93015, 40.60126], [-73.93014, 40.60126], [-73.93014, 40.60126], [-73.93013, 40.60126], [-73.93007, 40.60126], [-73.93003, 40.60126], [-73.93002, 40.60126], [-73.92983, 40.60124], [-73.92977, 40.60123], [-73.92973, 40.60123], [-73.9297, 40.60122], [-73.9297, 40.60122], [-73.92968, 40.60122], [-73.92967, 40.60122], [-73.92967, 40.60121], [-73.92967, 40.60121], [-73.92966, 40.60121], [-73.92965, 40.60121], [-73.92965, 40.6012], [-73.92964, 40.6012], [-73.92964, 40.60119], [-73.92962, 40.60118], [-73.9296, 40.60116], [-73.92959, 40.60114], [-73.92957, 40.60112], [-73.92954, 40.60109], [-73.92953, 40.60106], [-73.9295, 40.60103], [-73.92944, 40.60101], [-73.92938, 40.60099], [-73.92936, 40.60099], [-73.92934, 40.60097], [-73.92933, 40.60094], [-73.92932, 40.6009], [-73.92934, 40.60086], [-73.92935, 40.60083], [-73.92939, 40.60078], [-73.92941, 40.60076], [-73.92938, 40.60076], [-73.92933, 40.60077], [-73.92928, 40.6008], [-73.92928, 40.60079], [-73.92929, 40.60075], [-73.9293, 40.60072], [-73.92931, 40.60071], [-73.92933, 40.6007], [-73.92935, 40.60068], [-73.92936, 40.60067], [-73.92937, 40.60065], [-73.92936, 40.60062], [-73.92936, 40.60059], [-73.92933, 40.60055], [-73.9293, 40.60053], [-73.92926, 40.60051], [-73.92923, 40.60049], [-73.92919, 40.60048], [-73.92915, 40.60048], [-73.92911, 40.60049], [-73.92907, 40.60049], [-73.92904, 40.60049], [-73.92901, 40.60049], [-73.92899, 40.60048], [-73.92895, 40.60046], [-73.92892, 40.60046], [-73.92889, 40.60047], [-73.92887, 40.60046], [-73.92881, 40.60042], [-73.92875, 40.6004], [-73.9287, 40.60039], [-73.92865, 40.60039], [-73.92863, 40.6004], [-73.92863, 40.60041], [-73.92863, 40.60043], [-73.92864, 40.60044], [-73.92864, 40.60045], [-73.92864, 40.6005], [-73.92865, 40.60057], [-73.92865, 40.60058], [-73.92864, 40.60058], [-73.92862, 40.60059], [-73.92861, 40.60059], [-73.92861, 40.6006], [-73.92862, 40.6006], [-73.92862, 40.60061], [-73.92862, 40.60061], [-73.92862, 40.60062], [-73.9286, 40.60061], [-73.92859, 40.60061], [-73.92858, 40.6006], [-73.92858, 40.6006], [-73.92857, 40.60059], [-73.92855, 40.60059], [-73.92851, 40.60059], [-73.92847, 40.60058], [-73.92844, 40.60055], [-73.9284, 40.60053], [-73.92839, 40.60052], [-73.92838, 40.6005], [-73.92838, 40.60048], [-73.92839, 40.60046], [-73.92841, 40.60044], [-73.92842, 40.60043], [-73.92843, 40.60042], [-73.92844, 40.60041], [-73.92843, 40.6004], [-73.92843, 40.60038], [-73.92841, 40.60037], [-73.92838, 40.60035], [-73.92833, 40.60034], [-73.92831, 40.60033], [-73.92828, 40.60034], [-73.92825, 40.60035], [-73.92823, 40.60037], [-73.9282, 40.60038], [-73.92817, 40.60038], [-73.92815, 40.60037], [-73.92812, 40.60036], [-73.92808, 40.60035], [-73.928, 40.60034], [-73.92792, 40.60033], [-73.92787, 40.60032], [-73.92785, 40.60032], [-73.92783, 40.6003], [-73.92782, 40.60028], [-73.92783, 40.60026], [-73.92783, 40.60024], [-73.92783, 40.60023], [-73.92782, 40.60022], [-73.9278, 40.60021], [-73.92778, 40.6002], [-73.92776, 40.60019], [-73.92775, 40.60017], [-73.92773, 40.60015], [-73.92771, 40.60014], [-73.92769, 40.60015], [-73.92768, 40.60015], [-73.92766, 40.60016], [-73.92763, 40.60016], [-73.9276, 40.60016], [-73.92758, 40.60014], [-73.92756, 40.60014], [-73.92756, 40.60012], [-73.92755, 40.60012], [-73.92753, 40.60012], [-73.9275, 40.60011], [-73.92747, 40.60009], [-73.92742, 40.60006], [-73.92736, 40.60002], [-73.92732, 40.59999], [-73.92729, 40.59996], [-73.92727, 40.59993], [-73.92727, 40.59992], [-73.92727, 40.59992], [-73.92726, 40.59991], [-73.92725, 40.59992], [-73.92723, 40.59992], [-73.92721, 40.59991], [-73.9272, 40.59991], [-73.92719, 40.5999], [-73.92719, 40.59989], [-73.92719, 40.59988], [-73.92719, 40.59988], [-73.92721, 40.59987], [-73.92723, 40.59986], [-73.92724, 40.59985], [-73.92723, 40.59985], [-73.92723, 40.59984], [-73.92721, 40.59983], [-73.92717, 40.59983], [-73.92716, 40.59983], [-73.92716, 40.59982], [-73.9271, 40.59977], [-73.92709, 40.59976], [-73.92705, 40.59973], [-73.92702, 40.59969], [-73.927, 40.59966], [-73.92699, 40.59963], [-73.92696, 40.5996], [-73.92695, 40.59959], [-73.92694, 40.59958], [-73.92693, 40.59957], [-73.9269, 40.59956], [-73.92689, 40.59955], [-73.92687, 40.59954], [-73.92685, 40.59953], [-73.92683, 40.59952], [-73.92681, 40.5995], [-73.92677, 40.59949], [-73.92674, 40.59948], [-73.92672, 40.59946], [-73.92669, 40.59944], [-73.92666, 40.59942], [-73.92664, 40.59941], [-73.9266, 40.5994], [-73.92654, 40.59937], [-73.92653, 40.59937], [-73.9265, 40.59936], [-73.92648, 40.59935], [-73.92648, 40.59934], [-73.92647, 40.59933], [-73.92646, 40.59932], [-73.92645, 40.5993], [-73.92644, 40.59929], [-73.92641, 40.59927], [-73.92639, 40.59924], [-73.92637, 40.59922], [-73.92636, 40.59921], [-73.92635, 40.5992], [-73.92635, 40.59918], [-73.92635, 40.59917], [-73.92635, 40.59917], [-73.92634, 40.59915], [-73.92633, 40.59914], [-73.92632, 40.59913], [-73.92629, 40.59912], [-73.92628, 40.59911], [-73.92627, 40.59911], [-73.92625, 40.59911], [-73.92624, 40.59911], [-73.92623, 40.5991], [-73.92622, 40.59909], [-73.92622, 40.59908], [-73.9262, 40.59906], [-73.92616, 40.59904], [-73.92612, 40.59901], [-73.9261, 40.59899], [-73.92605, 40.59897], [-73.92603, 40.59895], [-73.92602, 40.59895], [-73.92601, 40.59895], [-73.92595, 40.5989], [-73.92594, 40.5989], [-73.92594, 40.59889], [-73.92593, 40.59889], [-73.92593, 40.59889], [-73.92593, 40.59889], [-73.92593, 40.59888], [-73.92591, 40.59884], [-73.9259, 40.59884], [-73.9259, 40.59883], [-73.9259, 40.59883], [-73.92589, 40.59883], [-73.92586, 40.5988], [-73.92584, 40.59878], [-73.92582, 40.59877], [-73.92581, 40.59876], [-73.9258, 40.59876], [-73.92576, 40.59873], [-73.92575, 40.59873], [-73.92574, 40.59872], [-73.92566, 40.59865], [-73.92563, 40.59863], [-73.9256, 40.59861], [-73.92556, 40.59858], [-73.92555, 40.59858], [-73.92553, 40.59856], [-73.92548, 40.59854], [-73.92541, 40.59851], [-73.92536, 40.59849], [-73.92532, 40.59847], [-73.92529, 40.59845], [-73.92528, 40.59845], [-73.92528, 40.59845], [-73.92526, 40.59843], [-73.92523, 40.59841], [-73.92515, 40.59836], [-73.92511, 40.59833], [-73.9251, 40.59832], [-73.92505, 40.59828], [-73.92501, 40.59825], [-73.92495, 40.59819], [-73.92492, 40.59816], [-73.92491, 40.59815], [-73.9249, 40.59814], [-73.92486, 40.59809], [-73.92484, 40.59806], [-73.92484, 40.59806], [-73.92483, 40.59805], [-73.92482, 40.59804], [-73.92479, 40.59798], [-73.92478, 40.59797], [-73.92478, 40.59796], [-73.92478, 40.59796], [-73.92477, 40.59794], [-73.92476, 40.59794], [-73.92475, 40.59793], [-73.92474, 40.59792], [-73.92474, 40.59791], [-73.92473, 40.59791], [-73.92472, 40.5979], [-73.92471, 40.59789], [-73.92469, 40.59788], [-73.92461, 40.59783], [-73.92452, 40.59777], [-73.92448, 40.59774], [-73.92446, 40.59773], [-73.92445, 40.59772], [-73.92441, 40.59769], [-73.9243, 40.59759], [-73.92419, 40.5975], [-73.92416, 40.59748], [-73.92414, 40.59746], [-73.9241, 40.59742], [-73.9241, 40.59741], [-73.92409, 40.5974], [-73.92403, 40.59734], [-73.92395, 40.59725], [-73.92395, 40.59725], [-73.92393, 40.59724], [-73.92391, 40.59722], [-73.92388, 40.59721], [-73.92384, 40.59719], [-73.92382, 40.59718], [-73.92381, 40.59718], [-73.92373, 40.59715], [-73.92372, 40.59715], [-73.9237, 40.59714], [-73.9237, 40.59714], [-73.92368, 40.59712], [-73.92365, 40.5971], [-73.92364, 40.59709], [-73.92362, 40.59708], [-73.92361, 40.59707], [-73.9236, 40.59706], [-73.92357, 40.59702], [-73.92354, 40.59696], [-73.92352, 40.59694], [-73.92351, 40.59691], [-73.9235, 40.59688], [-73.92349, 40.59687], [-73.92349, 40.59686], [-73.92348, 40.59685], [-73.92348, 40.59685], [-73.92348, 40.59685], [-73.92346, 40.59684], [-73.92346, 40.59684], [-73.92345, 40.59683], [-73.92341, 40.59682], [-73.9234, 40.59681], [-73.92339, 40.5968], [-73.92338, 40.5968], [-73.92337, 40.59679], [-73.92335, 40.59678], [-73.9233, 40.59673], [-73.92326, 40.5967], [-73.92313, 40.59661], [-73.92308, 40.59657], [-73.923, 40.59652], [-73.92298, 40.59651], [-73.92294, 40.59648], [-73.92292, 40.59647], [-73.9229, 40.59645], [-73.92289, 40.59643], [-73.92287, 40.59642], [-73.92283, 40.59636], [-73.92278, 40.5963], [-73.92277, 40.59628], [-73.92276, 40.59627], [-73.92275, 40.59626], [-73.92273, 40.59625], [-73.92271, 40.59623], [-73.92269, 40.59622], [-73.92266, 40.5962], [-73.92264, 40.59619], [-73.92263, 40.59619], [-73.92261, 40.59617], [-73.9226, 40.59616], [-73.92259, 40.59615], [-73.92258, 40.59614], [-73.92257, 40.59612], [-73.92255, 40.5961], [-73.92255, 40.5961], [-73.92254, 40.59609], [-73.92253, 40.59607], [-73.92252, 40.59604], [-73.92251, 40.59601], [-73.92249, 40.59594], [-73.92249, 40.59594], [-73.92248, 40.59591], [-73.92247, 40.5959], [-73.92246, 40.59588], [-73.92245, 40.59587], [-73.92245, 40.59586], [-73.92235, 40.59574], [-73.92235, 40.59574], [-73.92234, 40.59566], [-73.92233, 40.59565], [-73.92233, 40.59564], [-73.92232, 40.59562], [-73.92231, 40.59561], [-73.9223, 40.5956], [-73.92229, 40.59559], [-73.92227, 40.59557], [-73.92225, 40.59556], [-73.92224, 40.59554], [-73.92223, 40.59553], [-73.92223, 40.59553], [-73.92223, 40.59552], [-73.92222, 40.59551], [-73.92222, 40.59551], [-73.92222, 40.5955], [-73.92222, 40.59548], [-73.92222, 40.59547], [-73.92222, 40.59547], [-73.92221, 40.59546], [-73.92221, 40.59546], [-73.92221, 40.59546], [-73.9222, 40.59545], [-73.92219, 40.59545], [-73.92219, 40.59545], [-73.92218, 40.59544], [-73.92217, 40.59544], [-73.92217, 40.59544], [-73.92216, 40.59543], [-73.92215, 40.59543], [-73.92215, 40.59542], [-73.92214, 40.59542], [-73.92213, 40.5954], [-73.92211, 40.59538], [-73.92209, 40.59536], [-73.92207, 40.59534], [-73.92206, 40.59532], [-73.92204, 40.59531], [-73.92202, 40.59529], [-73.92201, 40.59528], [-73.92199, 40.59526], [-73.92198, 40.59524], [-73.92196, 40.59521], [-73.92194, 40.59518], [-73.92194, 40.59518], [-73.92192, 40.59516], [-73.92191, 40.59516], [-73.9219, 40.59516], [-73.9219, 40.59515], [-73.9219, 40.59515], [-73.92189, 40.59514], [-73.92189, 40.59514], [-73.92189, 40.59514], [-73.92189, 40.59514], [-73.92189, 40.59513], [-73.92189, 40.59513], [-73.92189, 40.59513], [-73.92189, 40.59513], [-73.92189, 40.59513], [-73.92188, 40.59512], [-73.92188, 40.59512], [-73.92187, 40.59513], [-73.92187, 40.59513], [-73.92187, 40.59513], [-73.92187, 40.59513], [-73.92186, 40.59513], [-73.92186, 40.59513], [-73.92185, 40.59513], [-73.92185, 40.59513], [-73.92184, 40.59512], [-73.92184, 40.59512], [-73.92183, 40.59512], [-73.92183, 40.59512], [-73.92182, 40.59511], [-73.92182, 40.5951], [-73.92182, 40.5951], [-73.92181, 40.59509], [-73.92179, 40.59505], [-73.92179, 40.59505], [-73.92179, 40.59504], [-73.92178, 40.59504], [-73.92178, 40.59503], [-73.92177, 40.59503], [-73.92176, 40.59503], [-73.92176, 40.59502], [-73.92175, 40.59502], [-73.92174, 40.59502], [-73.92174, 40.59502], [-73.92173, 40.59502], [-73.92172, 40.59503], [-73.92172, 40.59503], [-73.92171, 40.59503], [-73.92171, 40.59503], [-73.9217, 40.59504], [-73.92169, 40.59504], [-73.92169, 40.59504], [-73.92168, 40.59504], [-73.92168, 40.59504], [-73.92167, 40.59504], [-73.92166, 40.59504], [-73.92166, 40.59503], [-73.92165, 40.59503], [-73.92164, 40.59503], [-73.92164, 40.59502], [-73.92163, 40.59502], [-73.92163, 40.59501], [-73.92163, 40.595], [-73.92162, 40.595], [-73.92161, 40.59499], [-73.92161, 40.59499], [-73.9216, 40.59499], [-73.92159, 40.59498], [-73.92159, 40.59498], [-73.92158, 40.59498], [-73.92156, 40.59497], [-73.92154, 40.59496], [-73.92151, 40.59495], [-73.92149, 40.59494], [-73.92147, 40.59493], [-73.92144, 40.59493], [-73.92142, 40.59492], [-73.9214, 40.59491], [-73.92137, 40.59491], [-73.92135, 40.5949], [-73.92131, 40.59489], [-73.92127, 40.59489], [-73.92123, 40.59488], [-73.92119, 40.59487], [-73.92115, 40.59487], [-73.92111, 40.59486], [-73.92107, 40.59486], [-73.92106, 40.59486], [-73.92105, 40.59485], [-73.92103, 40.59485], [-73.92102, 40.59486], [-73.92101, 40.59486], [-73.921, 40.59486], [-73.92099, 40.59486], [-73.92098, 40.59486], [-73.92096, 40.59487], [-73.92095, 40.59487], [-73.92093, 40.59487], [-73.92092, 40.59487], [-73.9209, 40.59487], [-73.92089, 40.59487], [-73.92087, 40.59487], [-73.92086, 40.59487], [-73.92085, 40.59487], [-73.92084, 40.59487], [-73.92083, 40.59487], [-73.92082, 40.59487], [-73.92081, 40.59486], [-73.9208, 40.59486], [-73.92077, 40.59485], [-73.92076, 40.59484], [-73.92074, 40.59483], [-73.92072, 40.59482], [-73.92069, 40.59481], [-73.92066, 40.5948], [-73.92062, 40.59479], [-73.92059, 40.59478], [-73.92056, 40.59477], [-73.92053, 40.59476], [-73.92051, 40.59476], [-73.92049, 40.59475], [-73.92047, 40.59475], [-73.92045, 40.59475], [-73.92044, 40.59475], [-73.92042, 40.59475], [-73.92041, 40.59475], [-73.9204, 40.59475], [-73.92039, 40.59475], [-73.92038, 40.59474], [-73.92037, 40.59474], [-73.92036, 40.59474], [-73.92035, 40.59474], [-73.92034, 40.59473], [-73.92033, 40.59472], [-73.92032, 40.59472], [-73.92031, 40.59471], [-73.92031, 40.59471], [-73.9203, 40.5947], [-73.92029, 40.59469], [-73.92029, 40.59468], [-73.92028, 40.59468], [-73.92028, 40.59467], [-73.92027, 40.59466], [-73.92026, 40.59464], [-73.92025, 40.59463], [-73.92024, 40.59462], [-73.92023, 40.5946], [-73.92022, 40.59459], [-73.92021, 40.59458], [-73.92019, 40.59457], [-73.92018, 40.59456], [-73.92017, 40.59455], [-73.92015, 40.59454], [-73.92014, 40.59453], [-73.92013, 40.59453], [-73.92011, 40.59452], [-73.9201, 40.59452], [-73.92009, 40.59452], [-73.92008, 40.59451], [-73.92007, 40.5945], [-73.92006, 40.5945], [-73.92005, 40.59449], [-73.92004, 40.59448], [-73.92004, 40.59448], [-73.92003, 40.59447], [-73.92002, 40.59446], [-73.92001, 40.59445], [-73.92, 40.59444], [-73.91999, 40.59443], [-73.91998, 40.59442], [-73.91996, 40.59441], [-73.91995, 40.59441], [-73.91994, 40.5944], [-73.91992, 40.59439], [-73.91991, 40.59439], [-73.9199, 40.59438], [-73.91989, 40.59438], [-73.91989, 40.59438], [-73.91989, 40.59438], [-73.91987, 40.59437], [-73.91986, 40.59436], [-73.91981, 40.59431], [-73.9198, 40.5943], [-73.91978, 40.59427], [-73.91978, 40.59427], [-73.91978, 40.59427], [-73.91977, 40.59427], [-73.91977, 40.59427], [-73.91976, 40.59426], [-73.91976, 40.59426], [-73.91976, 40.59426], [-73.91975, 40.59425], [-73.9197, 40.59423], [-73.9197, 40.59422], [-73.91969, 40.59422], [-73.91958, 40.59415], [-73.91949, 40.59409], [-73.91942, 40.59404], [-73.91939, 40.59402], [-73.91939, 40.59402], [-73.91938, 40.59402], [-73.91938, 40.59402], [-73.91938, 40.59401], [-73.91938, 40.59401], [-73.91938, 40.59401], [-73.91937, 40.594], [-73.91937, 40.59399], [-73.91937, 40.59398], [-73.91937, 40.59398], [-73.91937, 40.59398], [-73.91936, 40.59397], [-73.91936, 40.59397], [-73.91936, 40.59397], [-73.91936, 40.59397], [-73.91936, 40.59397], [-73.91931, 40.59394], [-73.91927, 40.5939], [-73.91917, 40.59384], [-73.91915, 40.59383], [-73.91913, 40.59382], [-73.9191, 40.59381], [-73.91909, 40.5938], [-73.91909, 40.5938], [-73.91908, 40.5938], [-73.91908, 40.59379], [-73.91906, 40.59378], [-73.91904, 40.59377], [-73.91901, 40.59373], [-73.91897, 40.5937], [-73.91893, 40.59366], [-73.91888, 40.59362], [-73.91887, 40.5936], [-73.91886, 40.59358], [-73.91884, 40.59356], [-73.91882, 40.59354], [-73.91881, 40.59352], [-73.91879, 40.59349], [-73.91878, 40.59348], [-73.91878, 40.59347], [-73.91875, 40.59342], [-73.91875, 40.59341], [-73.91873, 40.59339], [-73.91872, 40.59337], [-73.91871, 40.59336], [-73.9187, 40.59335], [-73.91867, 40.59333], [-73.91866, 40.59332], [-73.91865, 40.59331], [-73.91864, 40.59331], [-73.91859, 40.59328], [-73.91856, 40.59327], [-73.91854, 40.59326], [-73.91847, 40.59323], [-73.91845, 40.59323], [-73.91844, 40.59322], [-73.91839, 40.59321], [-73.91836, 40.5932], [-73.91834, 40.59319], [-73.91832, 40.59319], [-73.91831, 40.59318], [-73.91829, 40.59317], [-73.91826, 40.59316], [-73.91826, 40.59316], [-73.91826, 40.59315], [-73.91823, 40.59314], [-73.91821, 40.59313], [-73.91821, 40.59313], [-73.9182, 40.59312], [-73.91818, 40.59311], [-73.91818, 40.5931], [-73.91816, 40.59309], [-73.91813, 40.59307], [-73.91811, 40.59305], [-73.9181, 40.59303], [-73.91809, 40.59303], [-73.91805, 40.59297], [-73.91805, 40.59297], [-73.91804, 40.59296], [-73.91803, 40.59295], [-73.918, 40.59294], [-73.91798, 40.59293], [-73.91797, 40.59292], [-73.91796, 40.59291], [-73.91795, 40.5929], [-73.91794, 40.59289], [-73.91792, 40.59287], [-73.9179, 40.59285], [-73.91789, 40.59283], [-73.91786, 40.59279], [-73.91786, 40.59278], [-73.91778, 40.59266], [-73.91777, 40.59265], [-73.91776, 40.59263], [-73.91775, 40.59261], [-73.91774, 40.5926], [-73.91767, 40.59251], [-73.91762, 40.59245], [-73.91762, 40.59245], [-73.91762, 40.59245], [-73.91758, 40.5924], [-73.91753, 40.59236], [-73.91752, 40.59235], [-73.91752, 40.59235], [-73.91751, 40.59234], [-73.91747, 40.59232], [-73.91747, 40.59231], [-73.91745, 40.5923], [-73.91744, 40.59229], [-73.91744, 40.59229], [-73.91743, 40.59228], [-73.91743, 40.59228], [-73.91739, 40.59218], [-73.91738, 40.59215], [-73.91737, 40.59213], [-73.91737, 40.59212], [-73.91736, 40.5921], [-73.91736, 40.5921], [-73.91736, 40.5921], [-73.91735, 40.59209], [-73.91735, 40.59209], [-73.91735, 40.59209], [-73.91731, 40.59207], [-73.91729, 40.59207], [-73.91728, 40.59206], [-73.91728, 40.59205], [-73.91727, 40.59204], [-73.91727, 40.59204], [-73.91727, 40.59201], [-73.91727, 40.59199], [-73.91726, 40.59198], [-73.91725, 40.59197], [-73.91723, 40.59197], [-73.91716, 40.59195], [-73.91711, 40.59193], [-73.91708, 40.59192], [-73.91707, 40.59191], [-73.91705, 40.5919], [-73.91704, 40.59189], [-73.91701, 40.59185], [-73.91699, 40.59184], [-73.91697, 40.59181], [-73.91695, 40.59178], [-73.91693, 40.59176], [-73.91692, 40.59175], [-73.91691, 40.59174], [-73.91691, 40.59174], [-73.91691, 40.59173], [-73.91692, 40.59172], [-73.91693, 40.59171], [-73.91696, 40.5917], [-73.91698, 40.59168], [-73.91698, 40.59168], [-73.91698, 40.59167], [-73.91697, 40.59167], [-73.91694, 40.59167], [-73.9169, 40.59166], [-73.91689, 40.59165], [-73.91689, 40.59163], [-73.91687, 40.5916], [-73.91685, 40.59157], [-73.91684, 40.59155], [-73.91684, 40.59154], [-73.91683, 40.59152], [-73.91682, 40.59151], [-73.9168, 40.59149], [-73.91678, 40.59148], [-73.91676, 40.59146], [-73.91675, 40.59145], [-73.91674, 40.59144], [-73.91673, 40.59144], [-73.91671, 40.59143], [-73.9167, 40.59143], [-73.9167, 40.59143], [-73.91668, 40.59142], [-73.91664, 40.59138], [-73.91662, 40.59136], [-73.9166, 40.59134], [-73.91659, 40.59132], [-73.91658, 40.5913], [-73.91658, 40.59125], [-73.91659, 40.59124], [-73.91659, 40.59122], [-73.91658, 40.5912], [-73.91656, 40.59118], [-73.91655, 40.59117], [-73.91656, 40.59114], [-73.91657, 40.59112], [-73.91656, 40.5911], [-73.91656, 40.59109], [-73.91655, 40.59109], [-73.91653, 40.59108], [-73.91652, 40.59108], [-73.91651, 40.59109], [-73.91649, 40.5911], [-73.91648, 40.59111], [-73.91646, 40.59111], [-73.91645, 40.5911], [-73.91644, 40.59109], [-73.91643, 40.59108], [-73.91642, 40.59106], [-73.9164, 40.59105], [-73.91637, 40.59104], [-73.91635, 40.59104], [-73.91634, 40.59104], [-73.91632, 40.59104], [-73.9163, 40.59104], [-73.91628, 40.59103], [-73.91626, 40.59102], [-73.91626, 40.59101], [-73.91626, 40.591], [-73.91626, 40.59099], [-73.91624, 40.59098], [-73.91622, 40.59097], [-73.91621, 40.59096], [-73.91621, 40.59095], [-73.91619, 40.59094], [-73.91617, 40.59093], [-73.91615, 40.59092], [-73.91613, 40.5909], [-73.91611, 40.59088], [-73.9161, 40.59086], [-73.91609, 40.59086], [-73.91608, 40.59084], [-73.91606, 40.59082], [-73.91603, 40.59081], [-73.91599, 40.59081], [-73.91596, 40.59081], [-73.91594, 40.5908], [-73.91591, 40.59079], [-73.9159, 40.59079], [-73.9159, 40.59078], [-73.91589, 40.59076], [-73.91588, 40.59075], [-73.91585, 40.59073], [-73.91582, 40.59072], [-73.91578, 40.59072], [-73.91576, 40.59072], [-73.91573, 40.59071], [-73.91571, 40.59071], [-73.9157, 40.5907], [-73.91569, 40.59069], [-73.91568, 40.59069], [-73.91569, 40.59068], [-73.91568, 40.59067], [-73.91567, 40.59067], [-73.91566, 40.59066], [-73.91566, 40.59064], [-73.91565, 40.59063], [-73.91564, 40.59062], [-73.91559, 40.59061], [-73.91555, 40.5906], [-73.91553, 40.59059], [-73.91552, 40.59059], [-73.91551, 40.59059], [-73.9155, 40.59059], [-73.9155, 40.59059], [-73.9155, 40.59058], [-73.9155, 40.59056], [-73.91549, 40.59056], [-73.91548, 40.59056], [-73.91547, 40.59056], [-73.91545, 40.59055], [-73.91544, 40.59054], [-73.91543, 40.59052], [-73.91542, 40.59052], [-73.91541, 40.59052], [-73.91539, 40.59052], [-73.91538, 40.59051], [-73.91536, 40.5905], [-73.91535, 40.59048], [-73.91533, 40.59047], [-73.91532, 40.59047], [-73.9153, 40.59048], [-73.91527, 40.59047], [-73.91525, 40.59047], [-73.9152, 40.59044], [-73.91518, 40.59043], [-73.91516, 40.59042], [-73.91514, 40.59042], [-73.91513, 40.59042], [-73.91512, 40.59043], [-73.91512, 40.59043], [-73.9151, 40.59042], [-73.91507, 40.5904], [-73.91504, 40.59037], [-73.91503, 40.59035], [-73.91502, 40.59034], [-73.91499, 40.59033], [-73.91498, 40.59032], [-73.91497, 40.59031], [-73.91496, 40.59029], [-73.91496, 40.59028], [-73.91495, 40.59027], [-73.91494, 40.59027], [-73.91491, 40.59026], [-73.9149, 40.59024], [-73.91489, 40.59023], [-73.91488, 40.59022], [-73.91489, 40.59021], [-73.9149, 40.59021], [-73.91492, 40.5902], [-73.91493, 40.59019], [-73.91493, 40.59019], [-73.91494, 40.59018], [-73.91494, 40.59016], [-73.91493, 40.59014], [-73.91491, 40.59012], [-73.91486, 40.59007], [-73.91482, 40.59004], [-73.91476, 40.58999], [-73.9147, 40.58996], [-73.91469, 40.58995], [-73.91466, 40.58995], [-73.91465, 40.58995], [-73.91461, 40.58996], [-73.91459, 40.58996], [-73.91456, 40.58996], [-73.91455, 40.58995], [-73.91454, 40.58994], [-73.91454, 40.58993], [-73.91456, 40.58992], [-73.91457, 40.58991], [-73.91458, 40.5899], [-73.91458, 40.58988], [-73.91458, 40.58988], [-73.91457, 40.58985], [-73.91454, 40.58978], [-73.91454, 40.58972], [-73.91454, 40.5897], [-73.91455, 40.58967], [-73.91457, 40.58966], [-73.91458, 40.58965], [-73.91459, 40.58964], [-73.91459, 40.58963], [-73.91458, 40.58963], [-73.91457, 40.58961], [-73.91457, 40.58958], [-73.91457, 40.58955], [-73.91458, 40.58953], [-73.91458, 40.58951], [-73.91458, 40.58948], [-73.91457, 40.58946], [-73.91457, 40.58944], [-73.91458, 40.58943], [-73.91459, 40.58942], [-73.9146, 40.58942], [-73.91461, 40.58942], [-73.91462, 40.58942], [-73.91463, 40.58942], [-73.91462, 40.5894], [-73.91462, 40.58939], [-73.91461, 40.58937], [-73.91462, 40.58935], [-73.91462, 40.58934], [-73.91462, 40.58933], [-73.91461, 40.58933], [-73.9146, 40.58933], [-73.91459, 40.58935], [-73.91458, 40.58936], [-73.91457, 40.58937], [-73.91455, 40.58938], [-73.91453, 40.58938], [-73.91451, 40.58938], [-73.91449, 40.58936], [-73.91448, 40.58929], [-73.91447, 40.58928], [-73.91446, 40.58926], [-73.91443, 40.58925], [-73.9144, 40.58924], [-73.91438, 40.58924], [-73.91436, 40.58924], [-73.91434, 40.58925], [-73.9143, 40.58928], [-73.91428, 40.5893], [-73.91427, 40.58933], [-73.91426, 40.58933], [-73.91426, 40.58934], [-73.91425, 40.58934], [-73.91424, 40.58933], [-73.91423, 40.58931], [-73.91422, 40.58928], [-73.91422, 40.58926], [-73.91421, 40.58924], [-73.91421, 40.58922], [-73.91421, 40.5892], [-73.91422, 40.58914], [-73.91423, 40.58908], [-73.91425, 40.58903], [-73.91426, 40.589], [-73.91428, 40.58898], [-73.9143, 40.58896], [-73.91431, 40.58894], [-73.91431, 40.58893], [-73.91432, 40.58892], [-73.91434, 40.58889], [-73.9144, 40.58884], [-73.91444, 40.58881], [-73.91448, 40.58879], [-73.91452, 40.58877], [-73.91453, 40.58875], [-73.91455, 40.58874], [-73.91458, 40.58873], [-73.91472, 40.58867], [-73.91482, 40.58863], [-73.91494, 40.58857], [-73.91503, 40.58852], [-73.9152, 40.58844], [-73.91532, 40.58838], [-73.91548, 40.58831], [-73.9156, 40.58826], [-73.91574, 40.5882], [-73.9159, 40.58813], [-73.91605, 40.58806], [-73.91612, 40.58803], [-73.91629, 40.58795], [-73.91635, 40.58792], [-73.91636, 40.58792], [-73.91637, 40.58791], [-73.91639, 40.58789], [-73.9164, 40.58788], [-73.91641, 40.58786], [-73.91642, 40.58785], [-73.91644, 40.58785], [-73.91645, 40.58784], [-73.91645, 40.58782], [-73.91646, 40.58782], [-73.91647, 40.58781], [-73.91648, 40.58781], [-73.91648, 40.58781], [-73.91649, 40.58782], [-73.9165, 40.58783], [-73.91653, 40.58782], [-73.91655, 40.58782], [-73.91657, 40.58781], [-73.91659, 40.5878], [-73.91666, 40.58776], [-73.91671, 40.58774], [-73.91674, 40.58773], [-73.91679, 40.58771], [-73.91683, 40.58769], [-73.91688, 40.58767], [-73.91694, 40.58765], [-73.91699, 40.58762], [-73.91701, 40.58761], [-73.91708, 40.58758], [-73.91714, 40.58755], [-73.91726, 40.58748], [-73.91737, 40.5874], [-73.91747, 40.58733], [-73.91757, 40.58724], [-73.91767, 40.58716], [-73.91776, 40.58707], [-73.91784, 40.58697], [-73.91791, 40.58688], [-73.91798, 40.58678], [-73.91804, 40.58668], [-73.91809, 40.58657], [-73.91819, 40.58661], [-73.91973, 40.58799], [-73.92096, 40.5891], [-73.92231, 40.59031], [-73.92332, 40.59121], [-73.92406, 40.59187], [-73.9244, 40.59218], [-73.92547, 40.59315], [-73.92653, 40.5941], [-73.9276, 40.59506], [-73.92867, 40.59602], [-73.92957, 40.59682], [-73.92912, 40.59711], [-73.92879, 40.59732], [-73.92813, 40.59778], [-73.92992, 40.59944], [-73.93173, 40.60106], [-73.93355, 40.60269], [-73.93426, 40.60223], [-73.93609, 40.60387], [-73.93792, 40.6055], [-73.93844, 40.60597], [-73.93973, 40.60713], [-73.93939, 40.60735], [-73.93934, 40.60739], [-73.93901, 40.6076], [-73.9383, 40.60806], [-73.93754, 40.60856], [-73.93709, 40.60884], [-73.93676, 40.60905], [-73.93605, 40.60951], [-73.93572, 40.60923], [-73.93531, 40.60886]]], [[[-73.9199, 40.5996], [-73.91996, 40.59957], [-73.91998, 40.59955], [-73.91999, 40.59954], [-73.91998, 40.59954], [-73.91997, 40.59953], [-73.91991, 40.59952], [-73.91987, 40.59952], [-73.91982, 40.59953], [-73.91977, 40.59953], [-73.91969, 40.59952], [-73.91967, 40.59952], [-73.91964, 40.59953], [-73.91956, 40.59956], [-73.91951, 40.59958], [-73.91949, 40.59959], [-73.91946, 40.5996], [-73.91944, 40.59961], [-73.9194, 40.59961], [-73.91936, 40.59961], [-73.91933, 40.59961], [-73.91929, 40.5996], [-73.91927, 40.5996], [-73.91924, 40.5996], [-73.9192, 40.59961], [-73.91918, 40.59961], [-73.91916, 40.59961], [-73.91915, 40.59961], [-73.91914, 40.5996], [-73.91914, 40.59959], [-73.91914, 40.59958], [-73.91913, 40.59958], [-73.91912, 40.59957], [-73.9191, 40.59958], [-73.91908, 40.59958], [-73.91907, 40.59959], [-73.91906, 40.59959], [-73.91904, 40.59959], [-73.91902, 40.59958], [-73.919, 40.59956], [-73.91897, 40.59956], [-73.91896, 40.59956], [-73.91895, 40.59956], [-73.91894, 40.59956], [-73.91893, 40.59956], [-73.91893, 40.59956], [-73.91892, 40.59955], [-73.91892, 40.59954], [-73.91893, 40.59953], [-73.91894, 40.59953], [-73.91894, 40.59952], [-73.91894, 40.59951], [-73.91894, 40.5995], [-73.91892, 40.59948], [-73.91891, 40.59947], [-73.91889, 40.59946], [-73.91887, 40.59946], [-73.91886, 40.59946], [-73.91884, 40.59946], [-73.91884, 40.59947], [-73.91883, 40.59948], [-73.91883, 40.59948], [-73.91882, 40.59949], [-73.9188, 40.59949], [-73.91879, 40.59948], [-73.91877, 40.59948], [-73.91875, 40.59949], [-73.91872, 40.59949], [-73.91869, 40.59948], [-73.91866, 40.59947], [-73.91862, 40.59946], [-73.9186, 40.59945], [-73.91859, 40.59944], [-73.91859, 40.59943], [-73.91858, 40.59942], [-73.91857, 40.5994], [-73.91857, 40.59938], [-73.91856, 40.59937], [-73.91855, 40.59936], [-73.91853, 40.59935], [-73.91852, 40.59934], [-73.9185, 40.59932], [-73.91846, 40.59927], [-73.91846, 40.59927], [-73.91846, 40.59926], [-73.91847, 40.59926], [-73.91847, 40.59926], [-73.91851, 40.59927], [-73.91851, 40.59927], [-73.91852, 40.59927], [-73.91851, 40.59927], [-73.91851, 40.59926], [-73.91851, 40.59925], [-73.9185, 40.59924], [-73.9185, 40.59923], [-73.9185, 40.59922], [-73.91849, 40.59921], [-73.91845, 40.59917], [-73.91844, 40.59917], [-73.91842, 40.59916], [-73.9184, 40.59916], [-73.91838, 40.59915], [-73.91837, 40.59915], [-73.91837, 40.59916], [-73.91836, 40.59916], [-73.91836, 40.59916], [-73.91836, 40.59916], [-73.91835, 40.59916], [-73.91833, 40.59915], [-73.91827, 40.59911], [-73.91824, 40.5991], [-73.91823, 40.5991], [-73.9182, 40.59909], [-73.91819, 40.59908], [-73.91817, 40.59908], [-73.91817, 40.59907], [-73.91816, 40.59906], [-73.91815, 40.59905], [-73.91813, 40.59904], [-73.9181, 40.59902], [-73.91808, 40.59901], [-73.91805, 40.59899], [-73.91799, 40.59896], [-73.91796, 40.59895], [-73.91792, 40.59893], [-73.91789, 40.59892], [-73.91786, 40.59891], [-73.91784, 40.59889], [-73.91779, 40.59887], [-73.91777, 40.59886], [-73.91776, 40.59885], [-73.91774, 40.59884], [-73.91773, 40.59883], [-73.91772, 40.59882], [-73.91771, 40.59882], [-73.91768, 40.59881], [-73.91766, 40.59881], [-73.91765, 40.5988], [-73.91763, 40.59879], [-73.91762, 40.59878], [-73.9176, 40.59877], [-73.91759, 40.59876], [-73.91758, 40.59875], [-73.91756, 40.59873], [-73.91755, 40.59872], [-73.91753, 40.59871], [-73.91751, 40.5987], [-73.91746, 40.59867], [-73.91743, 40.59866], [-73.91741, 40.59864], [-73.91739, 40.59863], [-73.91737, 40.59862], [-73.91735, 40.59861], [-73.91733, 40.5986], [-73.9173, 40.59859], [-73.91725, 40.59857], [-73.91722, 40.59856], [-73.91719, 40.59854], [-73.91716, 40.59853], [-73.91713, 40.59852], [-73.91711, 40.5985], [-73.91709, 40.59849], [-73.91707, 40.59848], [-73.91706, 40.59847], [-73.91703, 40.59846], [-73.91701, 40.59845], [-73.91699, 40.59844], [-73.91697, 40.59843], [-73.91694, 40.59843], [-73.91692, 40.59842], [-73.9169, 40.59841], [-73.91683, 40.59839], [-73.91676, 40.59837], [-73.91672, 40.59835], [-73.9167, 40.59834], [-73.91668, 40.59833], [-73.91667, 40.59831], [-73.91665, 40.5983], [-73.91664, 40.59829], [-73.91662, 40.59828], [-73.9166, 40.59827], [-73.91657, 40.59826], [-73.91655, 40.59825], [-73.91652, 40.59825], [-73.91648, 40.59824], [-73.91646, 40.59824], [-73.91643, 40.59824], [-73.91639, 40.59824], [-73.91637, 40.59824], [-73.91636, 40.59823], [-73.91635, 40.59823], [-73.91634, 40.59822], [-73.91634, 40.59822], [-73.91633, 40.59821], [-73.91632, 40.5982], [-73.91631, 40.59819], [-73.91629, 40.59817], [-73.91626, 40.59816], [-73.91624, 40.59811], [-73.91624, 40.5981], [-73.91624, 40.59809], [-73.91624, 40.59809], [-73.91624, 40.59808], [-73.91624, 40.59807], [-73.91623, 40.59806], [-73.91623, 40.59806], [-73.91623, 40.59805], [-73.91623, 40.59803], [-73.91623, 40.59801], [-73.91623, 40.59799], [-73.91623, 40.59797], [-73.91622, 40.59795], [-73.91622, 40.59793], [-73.91622, 40.59791], [-73.91621, 40.59789], [-73.91621, 40.59787], [-73.9162, 40.59785], [-73.9162, 40.59782], [-73.91619, 40.5978], [-73.91618, 40.59778], [-73.91617, 40.59776], [-73.91616, 40.59774], [-73.91615, 40.59772], [-73.91614, 40.59769], [-73.91613, 40.59767], [-73.91612, 40.59765], [-73.9161, 40.59763], [-73.91609, 40.5976], [-73.91608, 40.59758], [-73.91606, 40.59757], [-73.91605, 40.59755], [-73.91603, 40.59753], [-73.91602, 40.59751], [-73.916, 40.59749], [-73.91595, 40.59743], [-73.91594, 40.59743], [-73.91593, 40.59742], [-73.91592, 40.59741], [-73.91591, 40.59741], [-73.9159, 40.5974], [-73.91589, 40.5974], [-73.91588, 40.59739], [-73.91587, 40.59739], [-73.91587, 40.59739], [-73.91586, 40.59739], [-73.91585, 40.59739], [-73.91584, 40.59739], [-73.91584, 40.59739], [-73.91584, 40.59739], [-73.91583, 40.59739], [-73.91583, 40.59739], [-73.91583, 40.59739], [-73.91582, 40.59739], [-73.91582, 40.59738], [-73.91582, 40.59738], [-73.91582, 40.59738], [-73.91582, 40.59738], [-73.91582, 40.59738], [-73.91583, 40.59738], [-73.91583, 40.59738], [-73.91583, 40.59738], [-73.91584, 40.59738], [-73.91584, 40.59738], [-73.91585, 40.59737], [-73.91586, 40.59737], [-73.91586, 40.59737], [-73.91586, 40.59737], [-73.91586, 40.59736], [-73.91586, 40.59736], [-73.91586, 40.59735], [-73.91585, 40.59734], [-73.91585, 40.59733], [-73.91585, 40.59733], [-73.91584, 40.59732], [-73.91584, 40.59731], [-73.91583, 40.59731], [-73.91582, 40.5973], [-73.91575, 40.59722], [-73.91574, 40.59722], [-73.91574, 40.59721], [-73.91573, 40.59721], [-73.91572, 40.5972], [-73.91572, 40.5972], [-73.91571, 40.59719], [-73.9157, 40.59719], [-73.9157, 40.59719], [-73.91569, 40.59718], [-73.91569, 40.59718], [-73.91568, 40.59717], [-73.91568, 40.59717], [-73.91568, 40.59716], [-73.91568, 40.59716], [-73.91567, 40.59715], [-73.91566, 40.59715], [-73.91566, 40.59714], [-73.91565, 40.59714], [-73.91564, 40.59713], [-73.91563, 40.59713], [-73.91562, 40.59712], [-73.91561, 40.59712], [-73.9156, 40.59711], [-73.91559, 40.59711], [-73.91558, 40.59711], [-73.91557, 40.5971], [-73.91556, 40.5971], [-73.91556, 40.59709], [-73.91555, 40.59709], [-73.91554, 40.59708], [-73.91554, 40.59707], [-73.91553, 40.59707], [-73.91553, 40.59706], [-73.91552, 40.59705], [-73.91548, 40.59698], [-73.91547, 40.59696], [-73.91546, 40.59694], [-73.91545, 40.59692], [-73.91544, 40.59689], [-73.91544, 40.59689], [-73.91543, 40.59688], [-73.91542, 40.59686], [-73.91541, 40.59685], [-73.91539, 40.59682], [-73.91536, 40.59679], [-73.91534, 40.59677], [-73.91533, 40.59675], [-73.91532, 40.59674], [-73.9153, 40.59672], [-73.91529, 40.59671], [-73.91528, 40.5967], [-73.91526, 40.59669], [-73.91525, 40.59668], [-73.91524, 40.59667], [-73.91523, 40.59666], [-73.91523, 40.59665], [-73.91522, 40.59664], [-73.9152, 40.59662], [-73.91519, 40.5966], [-73.91517, 40.59658], [-73.91515, 40.59657], [-73.91511, 40.59653], [-73.91507, 40.59649], [-73.91503, 40.59646], [-73.91502, 40.59645], [-73.91501, 40.59644], [-73.915, 40.59644], [-73.91499, 40.59643], [-73.91498, 40.59643], [-73.91498, 40.59642], [-73.91497, 40.59642], [-73.91497, 40.59641], [-73.91494, 40.59638], [-73.91493, 40.59638], [-73.91492, 40.59637], [-73.91491, 40.59636], [-73.9149, 40.59636], [-73.91489, 40.59635], [-73.91488, 40.59635], [-73.91486, 40.59635], [-73.91481, 40.59633], [-73.91481, 40.59633], [-73.9148, 40.59633], [-73.9148, 40.59632], [-73.91479, 40.59632], [-73.91479, 40.59632], [-73.91477, 40.59626], [-73.91476, 40.59625], [-73.91475, 40.59624], [-73.91475, 40.59623], [-73.91474, 40.59623], [-73.91473, 40.59622], [-73.91473, 40.59622], [-73.91472, 40.59621], [-73.91471, 40.59621], [-73.9147, 40.59621], [-73.91469, 40.5962], [-73.91468, 40.5962], [-73.91468, 40.5962], [-73.91466, 40.5962], [-73.91465, 40.5962], [-73.91464, 40.5962], [-73.91463, 40.59619], [-73.91462, 40.59619], [-73.9146, 40.59618], [-73.91459, 40.59617], [-73.91458, 40.59616], [-73.91457, 40.59616], [-73.91456, 40.59615], [-73.91456, 40.59614], [-73.91455, 40.59613], [-73.91455, 40.59613], [-73.91454, 40.59612], [-73.91453, 40.59612], [-73.91452, 40.59611], [-73.91451, 40.5961], [-73.9145, 40.5961], [-73.91444, 40.59607], [-73.91443, 40.59606], [-73.91443, 40.59606], [-73.91442, 40.59605], [-73.91442, 40.59604], [-73.91441, 40.59604], [-73.91441, 40.59603], [-73.9144, 40.59603], [-73.9144, 40.59602], [-73.9144, 40.59601], [-73.91439, 40.596], [-73.91439, 40.59599], [-73.91438, 40.59597], [-73.91438, 40.59596], [-73.91437, 40.59595], [-73.91436, 40.59595], [-73.91436, 40.59594], [-73.91436, 40.59593], [-73.91436, 40.59592], [-73.91436, 40.59592], [-73.91435, 40.59591], [-73.91436, 40.5959], [-73.91436, 40.5959], [-73.91436, 40.59589], [-73.91436, 40.59589], [-73.91435, 40.59588], [-73.91435, 40.59588], [-73.91435, 40.59587], [-73.91433, 40.59586], [-73.91432, 40.59585], [-73.91431, 40.59583], [-73.9143, 40.59582], [-73.91428, 40.59578], [-73.91424, 40.59572], [-73.91421, 40.59568], [-73.91418, 40.59565], [-73.91416, 40.59561], [-73.91411, 40.59554], [-73.91406, 40.59547], [-73.91401, 40.59539], [-73.91397, 40.59534], [-73.91394, 40.59528], [-73.9139, 40.59523], [-73.9139, 40.59521], [-73.91389, 40.5952], [-73.91388, 40.59518], [-73.91387, 40.59517], [-73.91387, 40.59516], [-73.91386, 40.59515], [-73.91386, 40.59515], [-73.91386, 40.59514], [-73.91385, 40.59513], [-73.91383, 40.59507], [-73.91383, 40.59506], [-73.91382, 40.59505], [-73.91382, 40.59504], [-73.91381, 40.59503], [-73.9138, 40.59503], [-73.9138, 40.59502], [-73.91378, 40.595], [-73.91376, 40.59498], [-73.91375, 40.59496], [-73.91374, 40.59494], [-73.91372, 40.59493], [-73.91371, 40.59492], [-73.9137, 40.5949], [-73.91368, 40.59489], [-73.91367, 40.59488], [-73.91366, 40.59488], [-73.91364, 40.59487], [-73.91363, 40.59486], [-73.91361, 40.59485], [-73.9136, 40.59485], [-73.9136, 40.59485], [-73.91359, 40.59485], [-73.91358, 40.59485], [-73.91358, 40.59485], [-73.91357, 40.59485], [-73.91356, 40.59485], [-73.91355, 40.59485], [-73.91355, 40.59485], [-73.91354, 40.59485], [-73.91354, 40.59485], [-73.91353, 40.59485], [-73.91353, 40.59485], [-73.91352, 40.59485], [-73.91352, 40.59485], [-73.91351, 40.59485], [-73.9135, 40.59484], [-73.9135, 40.59484], [-73.91349, 40.59483], [-73.91349, 40.59483], [-73.91348, 40.59482], [-73.91347, 40.5948], [-73.91346, 40.59479], [-73.91344, 40.59478], [-73.91344, 40.59477], [-73.91343, 40.59476], [-73.91342, 40.59476], [-73.91341, 40.59475], [-73.9134, 40.59474], [-73.91339, 40.59474], [-73.91339, 40.59473], [-73.91338, 40.59472], [-73.91338, 40.59471], [-73.91337, 40.5947], [-73.91337, 40.59468], [-73.91336, 40.59467], [-73.91336, 40.59466], [-73.91333, 40.59457], [-73.9133, 40.59446], [-73.9133, 40.59445], [-73.91329, 40.59443], [-73.91329, 40.59442], [-73.91328, 40.59441], [-73.91328, 40.5944], [-73.91326, 40.59434], [-73.91325, 40.59432], [-73.91324, 40.59431], [-73.91323, 40.5943], [-73.91322, 40.59429], [-73.91322, 40.59428], [-73.91321, 40.59427], [-73.9132, 40.59425], [-73.9132, 40.59424], [-73.91319, 40.59423], [-73.91318, 40.59422], [-73.91317, 40.59421], [-73.91316, 40.59421], [-73.91311, 40.59418], [-73.91311, 40.59418], [-73.9131, 40.59417], [-73.91309, 40.59417], [-73.91309, 40.59416], [-73.91308, 40.59416], [-73.91308, 40.59415], [-73.91308, 40.59414], [-73.91307, 40.59414], [-73.91307, 40.59413], [-73.91307, 40.59412], [-73.91307, 40.59412], [-73.91307, 40.59411], [-73.91306, 40.59407], [-73.91307, 40.59406], [-73.91307, 40.59405], [-73.91308, 40.59404], [-73.91308, 40.59404], [-73.91309, 40.59402], [-73.91309, 40.59401], [-73.9131, 40.594], [-73.9131, 40.59399], [-73.91311, 40.59398], [-73.91311, 40.59396], [-73.91311, 40.59395], [-73.91311, 40.5939], [-73.91311, 40.5939], [-73.91311, 40.59389], [-73.91311, 40.59389], [-73.91311, 40.59388], [-73.9131, 40.59388], [-73.9131, 40.59387], [-73.91309, 40.59387], [-73.91309, 40.59386], [-73.91309, 40.59386], [-73.91309, 40.59385], [-73.91309, 40.59384], [-73.91309, 40.59384], [-73.91309, 40.59383], [-73.91309, 40.59382], [-73.91309, 40.59381], [-73.91309, 40.5938], [-73.91309, 40.59379], [-73.91309, 40.59378], [-73.91309, 40.59376], [-73.91309, 40.59374], [-73.91309, 40.59372], [-73.9131, 40.5937], [-73.9131, 40.59368], [-73.91311, 40.59367], [-73.91312, 40.5936], [-73.91312, 40.5936], [-73.91312, 40.59359], [-73.91312, 40.59359], [-73.91312, 40.59358], [-73.91311, 40.59357], [-73.91311, 40.59356], [-73.9131, 40.59355], [-73.9131, 40.59353], [-73.9131, 40.59353], [-73.91309, 40.59349], [-73.91309, 40.59348], [-73.91309, 40.59348], [-73.9131, 40.59348], [-73.9131, 40.59347], [-73.9131, 40.59347], [-73.91311, 40.59346], [-73.91311, 40.59346], [-73.91312, 40.59345], [-73.91313, 40.59343], [-73.91315, 40.59342], [-73.91316, 40.59341], [-73.91317, 40.59339], [-73.91318, 40.59338], [-73.91319, 40.59336], [-73.91319, 40.59335], [-73.9132, 40.59335], [-73.9132, 40.59334], [-73.9132, 40.59333], [-73.91321, 40.59332], [-73.91321, 40.59331], [-73.91321, 40.5933], [-73.91321, 40.5933], [-73.9132, 40.5933], [-73.9132, 40.5933], [-73.9132, 40.5933], [-73.9132, 40.5933], [-73.91319, 40.5933], [-73.91319, 40.59329], [-73.91319, 40.59329], [-73.91319, 40.59328], [-73.91319, 40.59328], [-73.9132, 40.59324], [-73.9132, 40.59323], [-73.9132, 40.59323], [-73.9132, 40.59322], [-73.91319, 40.59322], [-73.91319, 40.59321], [-73.91319, 40.59321], [-73.91318, 40.5932], [-73.91317, 40.5932], [-73.91316, 40.59319], [-73.91317, 40.59318], [-73.91317, 40.59318], [-73.91317, 40.59317], [-73.91317, 40.59316], [-73.91318, 40.59316], [-73.91318, 40.59315], [-73.91319, 40.59314], [-73.91319, 40.59313], [-73.9132, 40.59312], [-73.9132, 40.59311], [-73.91321, 40.5931], [-73.91321, 40.59309], [-73.91321, 40.59308], [-73.91322, 40.59307], [-73.91322, 40.59305], [-73.91322, 40.59304], [-73.91322, 40.59303], [-73.91323, 40.59302], [-73.91323, 40.593], [-73.91323, 40.59299], [-73.91322, 40.59298], [-73.91322, 40.59296], [-73.91322, 40.59295], [-73.91322, 40.59293], [-73.91322, 40.59292], [-73.91321, 40.5929], [-73.91321, 40.59288], [-73.91321, 40.59287], [-73.9132, 40.59285], [-73.9132, 40.59284], [-73.91319, 40.59282], [-73.91318, 40.5928], [-73.91318, 40.59279], [-73.91317, 40.59277], [-73.91317, 40.59275], [-73.91316, 40.59273], [-73.91316, 40.59267], [-73.91316, 40.59266], [-73.91316, 40.59265], [-73.91316, 40.59264], [-73.91317, 40.59263], [-73.91317, 40.59262], [-73.91318, 40.5926], [-73.91319, 40.59258], [-73.9132, 40.59256], [-73.91321, 40.59254], [-73.91321, 40.59252], [-73.91322, 40.5925], [-73.91322, 40.59248], [-73.91323, 40.59243], [-73.91324, 40.59239], [-73.91325, 40.59234], [-73.91325, 40.59233], [-73.91326, 40.59232], [-73.91326, 40.5923], [-73.91326, 40.59229], [-73.91326, 40.59228], [-73.91326, 40.59226], [-73.91326, 40.59225], [-73.91326, 40.59224], [-73.91326, 40.59223], [-73.91326, 40.59222], [-73.91326, 40.59221], [-73.91325, 40.5922], [-73.91324, 40.59218], [-73.91323, 40.59216], [-73.91322, 40.59214], [-73.91322, 40.59213], [-73.91321, 40.59212], [-73.9132, 40.59212], [-73.9132, 40.59211], [-73.91319, 40.59211], [-73.91318, 40.5921], [-73.91317, 40.5921], [-73.91316, 40.5921], [-73.91315, 40.5921], [-73.91314, 40.59209], [-73.91314, 40.59209], [-73.91313, 40.59209], [-73.91312, 40.59209], [-73.91308, 40.5921], [-73.91305, 40.5921], [-73.91301, 40.5921], [-73.91298, 40.5921], [-73.91295, 40.59209], [-73.91294, 40.59209], [-73.91294, 40.59209], [-73.91293, 40.59209], [-73.91293, 40.59209], [-73.91293, 40.59209], [-73.91293, 40.59208], [-73.91293, 40.59208], [-73.91293, 40.59208], [-73.91293, 40.59208], [-73.91293, 40.59207], [-73.91295, 40.59205], [-73.91298, 40.59203], [-73.91301, 40.59202], [-73.91305, 40.592], [-73.9131, 40.59198], [-73.91317, 40.59196], [-73.91324, 40.59195], [-73.9133, 40.59194], [-73.91335, 40.59192], [-73.91342, 40.5919], [-73.91346, 40.5919], [-73.91347, 40.59189], [-73.91348, 40.59189], [-73.91348, 40.59188], [-73.91349, 40.59187], [-73.91349, 40.59187], [-73.91352, 40.59185], [-73.91363, 40.59181], [-73.91368, 40.5918], [-73.9137, 40.59179], [-73.91371, 40.59179], [-73.91372, 40.59177], [-73.91374, 40.59176], [-73.91376, 40.59175], [-73.91382, 40.59173], [-73.91393, 40.59168], [-73.914, 40.59165], [-73.91405, 40.59163], [-73.91409, 40.59161], [-73.91412, 40.5916], [-73.91422, 40.59156], [-73.91429, 40.59153], [-73.91435, 40.59152], [-73.91437, 40.59152], [-73.91439, 40.59151], [-73.91442, 40.59151], [-73.91444, 40.59151], [-73.91448, 40.5915], [-73.91453, 40.5915], [-73.91457, 40.59151], [-73.91459, 40.59151], [-73.91462, 40.59151], [-73.91467, 40.59151], [-73.91476, 40.59151], [-73.91479, 40.59151], [-73.91483, 40.59152], [-73.91484, 40.59152], [-73.91485, 40.59153], [-73.91487, 40.59154], [-73.91488, 40.59155], [-73.91489, 40.59155], [-73.91491, 40.59155], [-73.91493, 40.59156], [-73.91497, 40.59156], [-73.91501, 40.59157], [-73.91505, 40.59158], [-73.91517, 40.59162], [-73.91519, 40.59162], [-73.9152, 40.59162], [-73.91521, 40.59162], [-73.91521, 40.59162], [-73.91522, 40.59161], [-73.91522, 40.59159], [-73.91523, 40.59158], [-73.91525, 40.59159], [-73.91525, 40.59163], [-73.91525, 40.59164], [-73.91524, 40.59165], [-73.91525, 40.59165], [-73.91526, 40.59165], [-73.9153, 40.59167], [-73.91533, 40.59168], [-73.91537, 40.5917], [-73.91538, 40.59171], [-73.91539, 40.59172], [-73.9154, 40.59172], [-73.91542, 40.59173], [-73.91545, 40.59174], [-73.91545, 40.59175], [-73.91546, 40.59176], [-73.91547, 40.59177], [-73.91549, 40.59177], [-73.9155, 40.59177], [-73.91551, 40.59177], [-73.91552, 40.59178], [-73.91553, 40.59179], [-73.91553, 40.59179], [-73.91554, 40.59181], [-73.91556, 40.59182], [-73.9156, 40.59185], [-73.91564, 40.59188], [-73.91567, 40.5919], [-73.91569, 40.59192], [-73.91571, 40.59194], [-73.91572, 40.59195], [-73.91574, 40.59196], [-73.91576, 40.59198], [-73.91579, 40.59199], [-73.91582, 40.59201], [-73.91584, 40.59203], [-73.91589, 40.59205], [-73.91591, 40.59207], [-73.91594, 40.59209], [-73.91596, 40.5921], [-73.91597, 40.59211], [-73.91597, 40.59211], [-73.91597, 40.59211], [-73.91597, 40.59212], [-73.91596, 40.59213], [-73.91595, 40.59214], [-73.91596, 40.59216], [-73.91596, 40.59217], [-73.91598, 40.59218], [-73.916, 40.59219], [-73.91602, 40.59219], [-73.91604, 40.59219], [-73.91605, 40.5922], [-73.91606, 40.59221], [-73.91606, 40.59222], [-73.91606, 40.59223], [-73.91606, 40.59225], [-73.91606, 40.59226], [-73.91606, 40.59228], [-73.91607, 40.59229], [-73.91609, 40.5923], [-73.9161, 40.59231], [-73.9161, 40.59233], [-73.91609, 40.59235], [-73.91608, 40.59236], [-73.91607, 40.59237], [-73.91606, 40.59238], [-73.91604, 40.59239], [-73.91602, 40.5924], [-73.91601, 40.5924], [-73.91601, 40.59242], [-73.91601, 40.59243], [-73.91602, 40.59243], [-73.91603, 40.59244], [-73.91604, 40.59245], [-73.91606, 40.59246], [-73.91608, 40.59247], [-73.91615, 40.5925], [-73.91617, 40.59251], [-73.91618, 40.59253], [-73.91618, 40.59254], [-73.91619, 40.59255], [-73.9162, 40.59255], [-73.91621, 40.59256], [-73.91623, 40.59256], [-73.91625, 40.59257], [-73.91626, 40.59258], [-73.91627, 40.59259], [-73.91627, 40.5926], [-73.91626, 40.5926], [-73.91626, 40.59261], [-73.91625, 40.59262], [-73.91625, 40.59264], [-73.91625, 40.59265], [-73.91625, 40.59266], [-73.91626, 40.59267], [-73.91626, 40.59267], [-73.91627, 40.59267], [-73.91627, 40.59267], [-73.91628, 40.59268], [-73.91629, 40.59268], [-73.91631, 40.59269], [-73.91632, 40.59271], [-73.91634, 40.59272], [-73.91636, 40.59274], [-73.91636, 40.59274], [-73.91637, 40.59275], [-73.91637, 40.59275], [-73.91637, 40.59276], [-73.91638, 40.59277], [-73.91638, 40.59277], [-73.91637, 40.59279], [-73.91637, 40.5928], [-73.91637, 40.59282], [-73.91637, 40.59283], [-73.91637, 40.59284], [-73.91637, 40.59285], [-73.91638, 40.59286], [-73.91638, 40.59287], [-73.91638, 40.59288], [-73.91638, 40.59288], [-73.91639, 40.59289], [-73.9164, 40.5929], [-73.9164, 40.59291], [-73.91641, 40.59292], [-73.91641, 40.59293], [-73.91642, 40.59294], [-73.91643, 40.59299], [-73.91643, 40.59307], [-73.91643, 40.59308], [-73.91643, 40.59308], [-73.91643, 40.59309], [-73.91643, 40.5931], [-73.91643, 40.5931], [-73.91643, 40.59311], [-73.91643, 40.59311], [-73.91644, 40.59312], [-73.91644, 40.59313], [-73.91645, 40.59313], [-73.91645, 40.59314], [-73.91646, 40.59314], [-73.91647, 40.59315], [-73.91648, 40.59316], [-73.91649, 40.59316], [-73.91649, 40.59317], [-73.9165, 40.59318], [-73.9165, 40.59319], [-73.91651, 40.59321], [-73.91653, 40.59322], [-73.91654, 40.59324], [-73.91655, 40.59326], [-73.91658, 40.59329], [-73.9166, 40.59332], [-73.91663, 40.59336], [-73.91665, 40.59339], [-73.91665, 40.5934], [-73.91666, 40.59341], [-73.91667, 40.59342], [-73.91668, 40.59343], [-73.91668, 40.59344], [-73.91669, 40.59345], [-73.9167, 40.59346], [-73.91671, 40.59347], [-73.91672, 40.59348], [-73.91673, 40.59349], [-73.91673, 40.5935], [-73.91674, 40.59351], [-73.91675, 40.59353], [-73.91677, 40.59355], [-73.91679, 40.59357], [-73.9168, 40.59359], [-73.91682, 40.59361], [-73.91684, 40.59363], [-73.91686, 40.59365], [-73.91687, 40.59367], [-73.91689, 40.59368], [-73.91691, 40.5937], [-73.91692, 40.59372], [-73.91694, 40.59375], [-73.91696, 40.59378], [-73.91698, 40.5938], [-73.917, 40.59383], [-73.91702, 40.59385], [-73.91703, 40.59386], [-73.91704, 40.59388], [-73.91705, 40.59389], [-73.91706, 40.5939], [-73.91707, 40.59391], [-73.91708, 40.59392], [-73.9171, 40.59393], [-73.91711, 40.59394], [-73.91713, 40.59397], [-73.91716, 40.59399], [-73.91718, 40.59401], [-73.91721, 40.59403], [-73.91723, 40.59405], [-73.91726, 40.59408], [-73.91729, 40.5941], [-73.91732, 40.59413], [-73.91735, 40.59416], [-73.91738, 40.59419], [-73.91741, 40.59422], [-73.91744, 40.59425], [-73.91747, 40.59428], [-73.9175, 40.59431], [-73.91753, 40.59434], [-73.91756, 40.59436], [-73.91758, 40.59439], [-73.9176, 40.59442], [-73.91762, 40.59444], [-73.91767, 40.59449], [-73.91771, 40.59454], [-73.91775, 40.59458], [-73.91779, 40.59463], [-73.91783, 40.59467], [-73.91786, 40.59471], [-73.91788, 40.59472], [-73.91789, 40.59473], [-73.9179, 40.59474], [-73.91792, 40.59475], [-73.91792, 40.59476], [-73.91793, 40.59477], [-73.91794, 40.59477], [-73.91795, 40.59477], [-73.91795, 40.59478], [-73.91796, 40.59478], [-73.91797, 40.59478], [-73.91803, 40.59481], [-73.91805, 40.59483], [-73.91806, 40.59484], [-73.91808, 40.59485], [-73.91809, 40.59486], [-73.91811, 40.59487], [-73.91812, 40.59488], [-73.91814, 40.59488], [-73.91816, 40.59489], [-73.91817, 40.5949], [-73.91819, 40.5949], [-73.91821, 40.59491], [-73.91823, 40.59492], [-73.91834, 40.59496], [-73.91835, 40.59496], [-73.91836, 40.59497], [-73.91837, 40.59497], [-73.91838, 40.59498], [-73.91839, 40.59498], [-73.9184, 40.59499], [-73.91841, 40.595], [-73.91841, 40.595], [-73.91844, 40.59506], [-73.91848, 40.59511], [-73.91848, 40.59512], [-73.91849, 40.59512], [-73.91849, 40.59513], [-73.9185, 40.59514], [-73.91851, 40.59514], [-73.91851, 40.59515], [-73.91852, 40.59515], [-73.91853, 40.59516], [-73.91854, 40.59516], [-73.91855, 40.59517], [-73.91855, 40.59517], [-73.91856, 40.59517], [-73.91857, 40.59517], [-73.91858, 40.59517], [-73.91859, 40.59518], [-73.9186, 40.59517], [-73.91861, 40.59517], [-73.91862, 40.59517], [-73.91863, 40.59517], [-73.91864, 40.59517], [-73.91865, 40.59517], [-73.91866, 40.59517], [-73.91866, 40.59517], [-73.91867, 40.59517], [-73.91868, 40.59517], [-73.91869, 40.59517], [-73.9187, 40.59517], [-73.91871, 40.59517], [-73.91872, 40.59518], [-73.91873, 40.59518], [-73.91874, 40.59519], [-73.91875, 40.59519], [-73.91876, 40.5952], [-73.91877, 40.5952], [-73.91877, 40.59521], [-73.91878, 40.59522], [-73.91883, 40.59526], [-73.91883, 40.59527], [-73.91883, 40.59527], [-73.91883, 40.59528], [-73.91883, 40.59528], [-73.91882, 40.59528], [-73.91882, 40.59528], [-73.91882, 40.59529], [-73.91881, 40.59529], [-73.9188, 40.59529], [-73.9188, 40.5953], [-73.91879, 40.59531], [-73.91879, 40.59531], [-73.91879, 40.59532], [-73.91879, 40.59532], [-73.9188, 40.59532], [-73.9188, 40.59533], [-73.91881, 40.59533], [-73.91881, 40.59533], [-73.91882, 40.59534], [-73.91885, 40.59535], [-73.91887, 40.59536], [-73.9189, 40.59538], [-73.9189, 40.59538], [-73.91891, 40.59538], [-73.91891, 40.59538], [-73.91892, 40.59538], [-73.91892, 40.59538], [-73.91893, 40.59538], [-73.91893, 40.59538], [-73.91893, 40.59537], [-73.91894, 40.59537], [-73.91895, 40.59536], [-73.91895, 40.59536], [-73.91896, 40.59535], [-73.91897, 40.59535], [-73.91897, 40.59535], [-73.91898, 40.59535], [-73.91898, 40.59535], [-73.91899, 40.59535], [-73.91899, 40.59535], [-73.91899, 40.59536], [-73.919, 40.59536], [-73.919, 40.59536], [-73.919, 40.59537], [-73.919, 40.59537], [-73.919, 40.59537], [-73.919, 40.59538], [-73.91899, 40.59539], [-73.91899, 40.5954], [-73.91899, 40.59542], [-73.91899, 40.59542], [-73.91899, 40.59543], [-73.919, 40.59543], [-73.919, 40.59544], [-73.91901, 40.59544], [-73.91901, 40.59545], [-73.91902, 40.59545], [-73.91904, 40.59546], [-73.91905, 40.59547], [-73.91907, 40.59547], [-73.91908, 40.59548], [-73.9191, 40.59548], [-73.91911, 40.59549], [-73.91912, 40.5955], [-73.91913, 40.5955], [-73.91914, 40.59551], [-73.91915, 40.59552], [-73.91921, 40.59556], [-73.91923, 40.59557], [-73.91925, 40.59559], [-73.91927, 40.5956], [-73.91935, 40.59565], [-73.91936, 40.59566], [-73.91937, 40.59567], [-73.91938, 40.59567], [-73.91939, 40.59568], [-73.9194, 40.59568], [-73.91941, 40.59569], [-73.91942, 40.59569], [-73.91943, 40.5957], [-73.91944, 40.5957], [-73.91945, 40.5957], [-73.91946, 40.5957], [-73.91947, 40.59571], [-73.91947, 40.59571], [-73.91951, 40.59575], [-73.91953, 40.59576], [-73.91954, 40.59577], [-73.91956, 40.59578], [-73.91958, 40.59579], [-73.9196, 40.5958], [-73.91962, 40.59581], [-73.91964, 40.59582], [-73.91967, 40.59584], [-73.91969, 40.59586], [-73.91972, 40.59588], [-73.91973, 40.59589], [-73.91974, 40.5959], [-73.91975, 40.59591], [-73.91976, 40.59591], [-73.91977, 40.59592], [-73.91978, 40.59592], [-73.9198, 40.59593], [-73.91981, 40.59593], [-73.91982, 40.59594], [-73.91983, 40.59595], [-73.91984, 40.59595], [-73.91985, 40.59596], [-73.91986, 40.59597], [-73.91987, 40.59597], [-73.91988, 40.59598], [-73.91989, 40.59599], [-73.9199, 40.59599], [-73.91991, 40.596], [-73.91991, 40.596], [-73.91992, 40.596], [-73.91993, 40.596], [-73.91993, 40.596], [-73.91994, 40.596], [-73.91995, 40.596], [-73.91995, 40.596], [-73.91996, 40.596], [-73.91996, 40.596], [-73.91997, 40.59599], [-73.91997, 40.59599], [-73.91998, 40.59599], [-73.91998, 40.59599], [-73.91999, 40.59599], [-73.91999, 40.59599], [-73.92, 40.59599], [-73.92, 40.59599], [-73.92, 40.59599], [-73.92001, 40.596], [-73.92001, 40.596], [-73.92001, 40.596], [-73.92002, 40.596], [-73.92002, 40.59601], [-73.92002, 40.59601], [-73.92002, 40.59602], [-73.92002, 40.59602], [-73.92003, 40.59602], [-73.92003, 40.59602], [-73.92004, 40.59602], [-73.92004, 40.59602], [-73.92005, 40.59602], [-73.92005, 40.59602], [-73.92006, 40.59603], [-73.92006, 40.59603], [-73.92006, 40.59603], [-73.92007, 40.59603], [-73.92007, 40.59604], [-73.92007, 40.59604], [-73.92007, 40.59605], [-73.92007, 40.59605], [-73.92007, 40.59606], [-73.92006, 40.59606], [-73.92006, 40.59606], [-73.92006, 40.59607], [-73.92006, 40.59607], [-73.92006, 40.59607], [-73.92006, 40.59608], [-73.92006, 40.59608], [-73.92006, 40.59608], [-73.92006, 40.59609], [-73.92007, 40.59609], [-73.9201, 40.59611], [-73.9201, 40.59612], [-73.92011, 40.59612], [-73.92011, 40.59612], [-73.92012, 40.59612], [-73.92012, 40.59612], [-73.92013, 40.59612], [-73.92013, 40.59612], [-73.92014, 40.59612], [-73.92014, 40.59612], [-73.92015, 40.59613], [-73.92015, 40.59613], [-73.92016, 40.59613], [-73.92016, 40.59613], [-73.92016, 40.59614], [-73.92017, 40.59614], [-73.92017, 40.59615], [-73.92017, 40.59615], [-73.92017, 40.59616], [-73.92018, 40.59617], [-73.92019, 40.59617], [-73.92019, 40.59618], [-73.9202, 40.59618], [-73.92023, 40.5962], [-73.92024, 40.5962], [-73.92024, 40.5962], [-73.92025, 40.59621], [-73.92025, 40.59621], [-73.92026, 40.59621], [-73.92027, 40.59621], [-73.92027, 40.59621], [-73.92028, 40.59622], [-73.92028, 40.59622], [-73.92029, 40.59622], [-73.92029, 40.59621], [-73.9203, 40.59621], [-73.9203, 40.59621], [-73.9203, 40.59621], [-73.92031, 40.5962], [-73.92033, 40.5962], [-73.92034, 40.5962], [-73.92034, 40.5962], [-73.92035, 40.5962], [-73.92035, 40.5962], [-73.92036, 40.5962], [-73.92036, 40.5962], [-73.92037, 40.5962], [-73.92037, 40.59621], [-73.92038, 40.59621], [-73.92038, 40.59621], [-73.92038, 40.59622], [-73.9204, 40.59625], [-73.92042, 40.59626], [-73.92044, 40.59628], [-73.92046, 40.59629], [-73.92049, 40.59631], [-73.9205, 40.59632], [-73.92051, 40.59633], [-73.92052, 40.59633], [-73.92053, 40.59634], [-73.92055, 40.59635], [-73.92056, 40.59635], [-73.92057, 40.59636], [-73.92058, 40.59636], [-73.92059, 40.59636], [-73.9206, 40.59636], [-73.92061, 40.59636], [-73.92062, 40.59636], [-73.92063, 40.59636], [-73.92064, 40.59636], [-73.92065, 40.59636], [-73.92067, 40.59636], [-73.92068, 40.59635], [-73.92069, 40.59635], [-73.92071, 40.59634], [-73.92072, 40.59634], [-73.92073, 40.59633], [-73.92074, 40.59632], [-73.92075, 40.59632], [-73.92075, 40.59632], [-73.92076, 40.59632], [-73.92076, 40.59632], [-73.92077, 40.59632], [-73.92077, 40.59632], [-73.92078, 40.59632], [-73.92078, 40.59632], [-73.92079, 40.59632], [-73.92079, 40.59632], [-73.92079, 40.59633], [-73.9208, 40.59633], [-73.9208, 40.59633], [-73.9208, 40.59633], [-73.9208, 40.59633], [-73.92081, 40.59634], [-73.92082, 40.59634], [-73.92083, 40.59633], [-73.92083, 40.59634], [-73.92083, 40.59634], [-73.92083, 40.59634], [-73.92083, 40.59635], [-73.92083, 40.59635], [-73.92083, 40.59637], [-73.92084, 40.59639], [-73.92084, 40.59641], [-73.92084, 40.59643], [-73.92085, 40.59644], [-73.92085, 40.59646], [-73.92086, 40.59648], [-73.92086, 40.59656], [-73.92087, 40.59657], [-73.92087, 40.59658], [-73.92088, 40.59659], [-73.92088, 40.5966], [-73.92089, 40.5966], [-73.9209, 40.59661], [-73.92091, 40.59662], [-73.92091, 40.59663], [-73.92092, 40.59663], [-73.92093, 40.59664], [-73.92094, 40.59664], [-73.92094, 40.59665], [-73.92095, 40.59665], [-73.92096, 40.59666], [-73.92097, 40.59666], [-73.92098, 40.59666], [-73.92099, 40.59667], [-73.921, 40.59667], [-73.92101, 40.59667], [-73.92102, 40.59668], [-73.92103, 40.59668], [-73.92103, 40.59668], [-73.92104, 40.59669], [-73.92104, 40.5967], [-73.92108, 40.59674], [-73.92111, 40.59678], [-73.92115, 40.59681], [-73.92118, 40.59685], [-73.92119, 40.59685], [-73.92119, 40.59686], [-73.9212, 40.59686], [-73.92121, 40.59687], [-73.92121, 40.59687], [-73.92122, 40.59687], [-73.92123, 40.59687], [-73.92123, 40.59687], [-73.92124, 40.59688], [-73.92125, 40.59688], [-73.92126, 40.59688], [-73.92126, 40.59687], [-73.92127, 40.59687], [-73.92127, 40.59687], [-73.92128, 40.59687], [-73.92129, 40.59687], [-73.92129, 40.59687], [-73.9213, 40.59688], [-73.9213, 40.59688], [-73.92131, 40.59688], [-73.92131, 40.59689], [-73.92132, 40.5969], [-73.92132, 40.5969], [-73.92133, 40.59691], [-73.92133, 40.59692], [-73.92133, 40.59693], [-73.92134, 40.59694], [-73.92134, 40.59694], [-73.92134, 40.59695], [-73.92135, 40.59696], [-73.92136, 40.59697], [-73.92136, 40.59698], [-73.92137, 40.59699], [-73.92138, 40.59699], [-73.9214, 40.59701], [-73.92142, 40.59704], [-73.92145, 40.59706], [-73.92147, 40.59707], [-73.92148, 40.59708], [-73.9215, 40.59709], [-73.92151, 40.5971], [-73.92152, 40.5971], [-73.92154, 40.59711], [-73.92154, 40.59711], [-73.92155, 40.59712], [-73.92155, 40.59712], [-73.92156, 40.59712], [-73.92157, 40.59712], [-73.92158, 40.59712], [-73.92158, 40.59712], [-73.92159, 40.59712], [-73.9216, 40.59712], [-73.9216, 40.59713], [-73.92161, 40.59713], [-73.92161, 40.59713], [-73.92162, 40.59713], [-73.92162, 40.59714], [-73.92162, 40.59714], [-73.92162, 40.59714], [-73.92163, 40.59719], [-73.92163, 40.5972], [-73.92164, 40.59721], [-73.92164, 40.59722], [-73.92165, 40.59722], [-73.92166, 40.59723], [-73.92166, 40.59724], [-73.92166, 40.59725], [-73.92167, 40.59725], [-73.92167, 40.59726], [-73.92168, 40.59727], [-73.92168, 40.59727], [-73.92169, 40.59728], [-73.9217, 40.59728], [-73.92171, 40.59729], [-73.92172, 40.59729], [-73.92174, 40.59729], [-73.92176, 40.5973], [-73.92177, 40.5973], [-73.92177, 40.5973], [-73.92178, 40.59731], [-73.92179, 40.59731], [-73.9218, 40.59731], [-73.92181, 40.59732], [-73.92181, 40.59732], [-73.92182, 40.59733], [-73.92182, 40.59733], [-73.92182, 40.59733], [-73.92183, 40.59734], [-73.92183, 40.59734], [-73.92183, 40.59734], [-73.92183, 40.59735], [-73.92183, 40.59735], [-73.92183, 40.59736], [-73.92183, 40.59736], [-73.92182, 40.59737], [-73.92181, 40.59737], [-73.9218, 40.59738], [-73.9218, 40.59739], [-73.92179, 40.59739], [-73.92178, 40.5974], [-73.92178, 40.5974], [-73.92177, 40.59741], [-73.92177, 40.59741], [-73.92177, 40.59742], [-73.92176, 40.59742], [-73.92176, 40.59743], [-73.92176, 40.59743], [-73.92176, 40.59744], [-73.92176, 40.59744], [-73.92176, 40.59745], [-73.92176, 40.59746], [-73.92177, 40.59748], [-73.92177, 40.5975], [-73.92178, 40.59752], [-73.92178, 40.59754], [-73.92179, 40.59756], [-73.9218, 40.59759], [-73.92181, 40.59761], [-73.92182, 40.59763], [-73.92183, 40.59766], [-73.92184, 40.59768], [-73.92184, 40.5977], [-73.92185, 40.59772], [-73.92185, 40.59774], [-73.92185, 40.59775], [-73.92185, 40.59777], [-73.92186, 40.59778], [-73.92186, 40.59779], [-73.92186, 40.5978], [-73.92187, 40.59781], [-73.92188, 40.59784], [-73.9219, 40.59786], [-73.92192, 40.59789], [-73.92193, 40.59791], [-73.92194, 40.59792], [-73.92195, 40.59793], [-73.92196, 40.59795], [-73.92197, 40.59797], [-73.92199, 40.59798], [-73.922, 40.598], [-73.92201, 40.59801], [-73.92202, 40.59802], [-73.92203, 40.59804], [-73.92203, 40.59804], [-73.92204, 40.59805], [-73.92204, 40.59806], [-73.92205, 40.59807], [-73.92209, 40.59814], [-73.92209, 40.59814], [-73.92209, 40.59815], [-73.9221, 40.59815], [-73.9221, 40.59815], [-73.92211, 40.59815], [-73.92211, 40.59816], [-73.92212, 40.59816], [-73.92213, 40.59816], [-73.92213, 40.59816], [-73.92214, 40.59816], [-73.92214, 40.59816], [-73.92215, 40.59816], [-73.92216, 40.59816], [-73.92216, 40.59815], [-73.92217, 40.59815], [-73.92217, 40.59815], [-73.92218, 40.59815], [-73.92218, 40.59815], [-73.92219, 40.59815], [-73.92219, 40.59815], [-73.92219, 40.59815], [-73.9222, 40.59815], [-73.9222, 40.59816], [-73.9222, 40.59816], [-73.92221, 40.59817], [-73.92221, 40.59818], [-73.92222, 40.59819], [-73.92222, 40.59819], [-73.92222, 40.5982], [-73.92223, 40.59821], [-73.92223, 40.59822], [-73.92223, 40.59823], [-73.92223, 40.59824], [-73.92223, 40.59826], [-73.92223, 40.59827], [-73.92223, 40.59829], [-73.92224, 40.5983], [-73.92225, 40.59832], [-73.92225, 40.59833], [-73.92226, 40.59835], [-73.92227, 40.59836], [-73.92227, 40.59838], [-73.92227, 40.59839], [-73.92227, 40.5984], [-73.92227, 40.59841], [-73.92227, 40.59842], [-73.92227, 40.59842], [-73.92227, 40.59843], [-73.92227, 40.59844], [-73.92227, 40.59845], [-73.92226, 40.59846], [-73.92226, 40.59847], [-73.92225, 40.59848], [-73.92222, 40.59853], [-73.9222, 40.59857], [-73.92217, 40.59862], [-73.92215, 40.59863], [-73.92214, 40.59865], [-73.92213, 40.59866], [-73.92212, 40.59868], [-73.9221, 40.59869], [-73.92209, 40.5987], [-73.92207, 40.59872], [-73.92206, 40.59873], [-73.92204, 40.59874], [-73.92201, 40.59877], [-73.92199, 40.59879], [-73.92196, 40.59881], [-73.92193, 40.59884], [-73.92191, 40.59885], [-73.92189, 40.59887], [-73.92187, 40.59889], [-73.92185, 40.5989], [-73.92178, 40.59896], [-73.92174, 40.59899], [-73.92163, 40.59906], [-73.92152, 40.59912], [-73.92141, 40.59918], [-73.92129, 40.59924], [-73.92117, 40.5993], [-73.92107, 40.59934], [-73.92095, 40.5994], [-73.92089, 40.59943], [-73.92087, 40.59945], [-73.92086, 40.59946], [-73.92086, 40.59947], [-73.92087, 40.59948], [-73.92088, 40.5995], [-73.92088, 40.59951], [-73.92088, 40.59952], [-73.92087, 40.59953], [-73.92085, 40.59954], [-73.92083, 40.59954], [-73.9208, 40.59954], [-73.92078, 40.59953], [-73.92075, 40.59953], [-73.92074, 40.59952], [-73.92073, 40.59952], [-73.92071, 40.59951], [-73.92069, 40.5995], [-73.92066, 40.5995], [-73.92063, 40.5995], [-73.92055, 40.59952], [-73.92052, 40.59952], [-73.92046, 40.59952], [-73.92042, 40.59952], [-73.92037, 40.59952], [-73.92031, 40.59952], [-73.92029, 40.59953], [-73.92027, 40.59954], [-73.92026, 40.59956], [-73.92026, 40.59957], [-73.92025, 40.59958], [-73.92024, 40.59959], [-73.92024, 40.59959], [-73.92023, 40.59959], [-73.92022, 40.59959], [-73.9202, 40.59959], [-73.92019, 40.59959], [-73.92018, 40.59959], [-73.92018, 40.5996], [-73.92017, 40.5996], [-73.92016, 40.59959], [-73.92015, 40.59958], [-73.92013, 40.59958], [-73.92012, 40.59957], [-73.92009, 40.59957], [-73.92002, 40.59958], [-73.92, 40.59959], [-73.91997, 40.59961], [-73.91994, 40.59962], [-73.91993, 40.59962], [-73.91991, 40.59962], [-73.9199, 40.59962], [-73.9199, 40.59961], [-73.9199, 40.59961], [-73.9199, 40.5996]]], [[[-73.91513, 40.58627], [-73.9151, 40.58627], [-73.91506, 40.58627], [-73.91498, 40.58627], [-73.91491, 40.58626], [-73.91488, 40.58626], [-73.91486, 40.58626], [-73.91485, 40.58627], [-73.91484, 40.58627], [-73.91482, 40.58628], [-73.9148, 40.58627], [-73.91478, 40.58626], [-73.91476, 40.58626], [-73.91474, 40.58625], [-73.91473, 40.58625], [-73.91471, 40.58625], [-73.91469, 40.58624], [-73.91468, 40.58624], [-73.91466, 40.58623], [-73.91457, 40.5862], [-73.91455, 40.5862], [-73.91453, 40.5862], [-73.91452, 40.58621], [-73.91451, 40.58621], [-73.9145, 40.58622], [-73.91449, 40.58623], [-73.91447, 40.58624], [-73.91445, 40.58624], [-73.91441, 40.58623], [-73.9143, 40.58618], [-73.91428, 40.58617], [-73.91426, 40.58617], [-73.91425, 40.58617], [-73.91423, 40.58617], [-73.91421, 40.58617], [-73.91419, 40.58616], [-73.91417, 40.58614], [-73.91411, 40.58611], [-73.91409, 40.5861], [-73.91406, 40.58609], [-73.91403, 40.5861], [-73.91402, 40.5861], [-73.914, 40.58611], [-73.91398, 40.5861], [-73.91394, 40.58607], [-73.91389, 40.58606], [-73.91384, 40.58604], [-73.91379, 40.58604], [-73.91374, 40.58604], [-73.91369, 40.58605], [-73.91365, 40.58606], [-73.9136, 40.58608], [-73.9136, 40.58608], [-73.9136, 40.58609], [-73.91359, 40.5861], [-73.91359, 40.5861], [-73.91359, 40.58611], [-73.9136, 40.58612], [-73.9136, 40.58612], [-73.91361, 40.58613], [-73.91361, 40.58613], [-73.91361, 40.58614], [-73.91361, 40.58614], [-73.9136, 40.58614], [-73.9136, 40.58615], [-73.91359, 40.58615], [-73.91358, 40.58615], [-73.91358, 40.58616], [-73.91357, 40.58616], [-73.91356, 40.58616], [-73.9135, 40.58616], [-73.91344, 40.58615], [-73.91338, 40.58614], [-73.91332, 40.58613], [-73.91326, 40.58611], [-73.91316, 40.58609], [-73.91312, 40.58607], [-73.91307, 40.58605], [-73.91303, 40.58603], [-73.91298, 40.58602], [-73.91291, 40.58599], [-73.91287, 40.58594], [-73.91282, 40.5859], [-73.91278, 40.58585], [-73.91275, 40.58579], [-73.91272, 40.58574], [-73.91269, 40.58572], [-73.91266, 40.58569], [-73.91257, 40.58561], [-73.91254, 40.58532], [-73.91255, 40.58528], [-73.91254, 40.58524], [-73.91253, 40.58519], [-73.91252, 40.58515], [-73.91249, 40.58511], [-73.91246, 40.58508], [-73.91245, 40.58503], [-73.91245, 40.58499], [-73.91246, 40.58494], [-73.91247, 40.5849], [-73.9125, 40.58474], [-73.9125, 40.58473], [-73.91251, 40.58471], [-73.9125, 40.58469], [-73.91248, 40.58466], [-73.91244, 40.58465], [-73.91241, 40.58464], [-73.91239, 40.58464], [-73.91238, 40.58462], [-73.91238, 40.58459], [-73.91237, 40.58456], [-73.91237, 40.58453], [-73.91238, 40.5845], [-73.91239, 40.5845], [-73.91242, 40.5845], [-73.91249, 40.58451], [-73.91251, 40.58448], [-73.91252, 40.58446], [-73.91258, 40.58438], [-73.91261, 40.58432], [-73.91262, 40.58428], [-73.91262, 40.58425], [-73.91262, 40.58422], [-73.91263, 40.5842], [-73.91264, 40.58418], [-73.91263, 40.58417], [-73.91262, 40.58417], [-73.9126, 40.58416], [-73.91259, 40.58414], [-73.91258, 40.58412], [-73.91259, 40.58409], [-73.91259, 40.58407], [-73.91261, 40.58402], [-73.91264, 40.58397], [-73.91264, 40.58395], [-73.91262, 40.58393], [-73.91259, 40.58392], [-73.91254, 40.58392], [-73.91252, 40.58391], [-73.9125, 40.5839], [-73.9125, 40.58389], [-73.91251, 40.58388], [-73.91253, 40.58388], [-73.91257, 40.58389], [-73.91261, 40.58389], [-73.91265, 40.58389], [-73.91267, 40.58389], [-73.91269, 40.58387], [-73.9127, 40.58385], [-73.91271, 40.58383], [-73.9127, 40.58375], [-73.91271, 40.5837], [-73.91271, 40.58367], [-73.91269, 40.58365], [-73.91268, 40.58362], [-73.91266, 40.58361], [-73.91265, 40.5836], [-73.91263, 40.58361], [-73.91263, 40.58361], [-73.91261, 40.58362], [-73.9126, 40.58364], [-73.91258, 40.58365], [-73.91256, 40.58366], [-73.91254, 40.58364], [-73.91253, 40.58363], [-73.91248, 40.58357], [-73.91245, 40.58354], [-73.91242, 40.58351], [-73.91241, 40.58349], [-73.9124, 40.58345], [-73.91241, 40.58342], [-73.91242, 40.58339], [-73.91244, 40.58337], [-73.91246, 40.58335], [-73.9125, 40.58334], [-73.91257, 40.58331], [-73.91261, 40.58329], [-73.91262, 40.58327], [-73.91265, 40.58325], [-73.91268, 40.58323], [-73.9127, 40.5832], [-73.91275, 40.58315], [-73.91282, 40.58309], [-73.91286, 40.58307], [-73.91297, 40.58303], [-73.91305, 40.58301], [-73.91306, 40.58301], [-73.91308, 40.58301], [-73.9131, 40.58303], [-73.91311, 40.58304], [-73.91311, 40.58306], [-73.91309, 40.58308], [-73.91303, 40.58311], [-73.91301, 40.58313], [-73.913, 40.58315], [-73.91301, 40.58317], [-73.91303, 40.58318], [-73.91305, 40.58319], [-73.91308, 40.58317], [-73.91308, 40.58315], [-73.91309, 40.58313], [-73.91312, 40.58312], [-73.91315, 40.58311], [-73.91321, 40.58311], [-73.91335, 40.58309], [-73.91344, 40.58307], [-73.91351, 40.58304], [-73.91356, 40.58303], [-73.91359, 40.58303], [-73.91363, 40.58303], [-73.91367, 40.58303], [-73.91371, 40.58302], [-73.9138, 40.58299], [-73.91384, 40.58298], [-73.91389, 40.58298], [-73.91393, 40.58299], [-73.91398, 40.58299], [-73.91401, 40.58299], [-73.91405, 40.58298], [-73.91408, 40.58297], [-73.91413, 40.58297], [-73.91415, 40.58297], [-73.91419, 40.58296], [-73.91421, 40.58294], [-73.91424, 40.58292], [-73.91426, 40.58291], [-73.91429, 40.5829], [-73.91431, 40.5829], [-73.91431, 40.58288], [-73.91432, 40.58287], [-73.91434, 40.58286], [-73.91435, 40.58285], [-73.91436, 40.58286], [-73.91438, 40.58286], [-73.91441, 40.58287], [-73.91443, 40.58286], [-73.91443, 40.58284], [-73.91442, 40.58283], [-73.91441, 40.58281], [-73.91443, 40.5828], [-73.91445, 40.5828], [-73.91448, 40.58281], [-73.91451, 40.58281], [-73.91454, 40.5828], [-73.91457, 40.58278], [-73.91459, 40.58277], [-73.91461, 40.58276], [-73.91463, 40.58276], [-73.91472, 40.58277], [-73.91475, 40.58278], [-73.91479, 40.58279], [-73.91481, 40.5828], [-73.91482, 40.58282], [-73.91482, 40.58283], [-73.91482, 40.58285], [-73.91481, 40.58286], [-73.91483, 40.58287], [-73.91486, 40.58287], [-73.91488, 40.58287], [-73.9149, 40.58287], [-73.91491, 40.58288], [-73.9149, 40.58289], [-73.91488, 40.58291], [-73.91486, 40.58294], [-73.91485, 40.58296], [-73.91486, 40.58298], [-73.91488, 40.58301], [-73.91488, 40.58303], [-73.91487, 40.58305], [-73.91486, 40.58307], [-73.91487, 40.58309], [-73.9149, 40.5831], [-73.91492, 40.58311], [-73.91495, 40.58312], [-73.91497, 40.58313], [-73.91498, 40.58315], [-73.91499, 40.58315], [-73.91499, 40.58315], [-73.915, 40.58315], [-73.91503, 40.58313], [-73.91505, 40.58312], [-73.91506, 40.58312], [-73.91507, 40.58312], [-73.91509, 40.58312], [-73.91511, 40.58311], [-73.91514, 40.5831], [-73.91517, 40.5831], [-73.91521, 40.58309], [-73.91526, 40.58309], [-73.91528, 40.58308], [-73.91535, 40.58305], [-73.9154, 40.58304], [-73.91543, 40.58304], [-73.91545, 40.58304], [-73.91548, 40.58303], [-73.91551, 40.58302], [-73.91553, 40.58301], [-73.91555, 40.58299], [-73.91557, 40.58298], [-73.91561, 40.58296], [-73.91565, 40.58296], [-73.9157, 40.58295], [-73.91573, 40.58294], [-73.91575, 40.58294], [-73.91576, 40.58293], [-73.91576, 40.58291], [-73.91578, 40.58291], [-73.9158, 40.58291], [-73.9159, 40.58291], [-73.91596, 40.58291], [-73.91601, 40.5829], [-73.91605, 40.58289], [-73.91608, 40.58288], [-73.91612, 40.58286], [-73.91614, 40.58286], [-73.91616, 40.58286], [-73.91617, 40.58287], [-73.91616, 40.58289], [-73.91616, 40.58292], [-73.91617, 40.58293], [-73.91619, 40.58296], [-73.91625, 40.58302], [-73.91629, 40.58304], [-73.91633, 40.58306], [-73.91636, 40.58307], [-73.9164, 40.58308], [-73.91647, 40.58311], [-73.91653, 40.58314], [-73.91656, 40.58315], [-73.9166, 40.58316], [-73.91674, 40.58315], [-73.91681, 40.58314], [-73.91684, 40.58311], [-73.91687, 40.5831], [-73.91688, 40.5831], [-73.9169, 40.5831], [-73.91692, 40.58312], [-73.91693, 40.58314], [-73.91695, 40.58319], [-73.91697, 40.58321], [-73.91701, 40.58323], [-73.91705, 40.58324], [-73.91722, 40.58325], [-73.91727, 40.58325], [-73.9173, 40.58324], [-73.9173, 40.58323], [-73.91731, 40.58322], [-73.9173, 40.58319], [-73.91708, 40.58306], [-73.91688, 40.58292], [-73.91685, 40.58289], [-73.91682, 40.58287], [-73.9168, 40.58284], [-73.91681, 40.58282], [-73.91683, 40.5828], [-73.91683, 40.58278], [-73.91681, 40.58276], [-73.91677, 40.58275], [-73.91671, 40.58273], [-73.91664, 40.58273], [-73.91659, 40.58273], [-73.91656, 40.58273], [-73.91648, 40.58278], [-73.91643, 40.58281], [-73.91641, 40.58281], [-73.91639, 40.58281], [-73.91638, 40.5828], [-73.91635, 40.58281], [-73.91633, 40.58282], [-73.91633, 40.58282], [-73.91631, 40.58281], [-73.91629, 40.5828], [-73.91629, 40.58279], [-73.91629, 40.58277], [-73.91629, 40.58275], [-73.91628, 40.58273], [-73.91626, 40.58272], [-73.91625, 40.58271], [-73.91621, 40.5827], [-73.91616, 40.58268], [-73.91614, 40.58267], [-73.91613, 40.58267], [-73.91611, 40.58267], [-73.9161, 40.58267], [-73.91608, 40.58267], [-73.91607, 40.58264], [-73.91606, 40.58264], [-73.91605, 40.58264], [-73.91604, 40.58263], [-73.91603, 40.58263], [-73.91603, 40.58263], [-73.91602, 40.58262], [-73.91603, 40.5826], [-73.91605, 40.58258], [-73.91606, 40.58256], [-73.91606, 40.58255], [-73.91606, 40.58255], [-73.91604, 40.58254], [-73.91601, 40.58252], [-73.916, 40.58251], [-73.916, 40.58251], [-73.916, 40.58248], [-73.91599, 40.58246], [-73.91599, 40.58245], [-73.91597, 40.58244], [-73.91596, 40.58244], [-73.91595, 40.58243], [-73.91593, 40.58243], [-73.91591, 40.58243], [-73.9159, 40.58244], [-73.9159, 40.58244], [-73.91589, 40.58244], [-73.91588, 40.58244], [-73.91588, 40.58243], [-73.91586, 40.58243], [-73.91584, 40.58242], [-73.91582, 40.58241], [-73.9158, 40.58241], [-73.91578, 40.5824], [-73.91577, 40.58239], [-73.91574, 40.58239], [-73.91573, 40.58239], [-73.91572, 40.5824], [-73.91571, 40.58241], [-73.91567, 40.58242], [-73.91561, 40.58241], [-73.91558, 40.58241], [-73.91556, 40.5824], [-73.91554, 40.58239], [-73.91553, 40.58238], [-73.91552, 40.58238], [-73.91552, 40.58237], [-73.9155, 40.58239], [-73.91549, 40.58241], [-73.91549, 40.58241], [-73.91547, 40.5824], [-73.91546, 40.58239], [-73.91546, 40.58238], [-73.91546, 40.58237], [-73.91543, 40.58237], [-73.91541, 40.58236], [-73.91538, 40.58236], [-73.91534, 40.58236], [-73.9153, 40.58237], [-73.91526, 40.58237], [-73.91519, 40.58236], [-73.91515, 40.58236], [-73.9151, 40.58237], [-73.91507, 40.58238], [-73.91503, 40.5824], [-73.91499, 40.58243], [-73.91496, 40.58246], [-73.91492, 40.58248], [-73.91489, 40.58249], [-73.91485, 40.58249], [-73.91481, 40.58249], [-73.91477, 40.58248], [-73.9147, 40.58244], [-73.91466, 40.58243], [-73.91463, 40.58243], [-73.91456, 40.58241], [-73.91442, 40.58238], [-73.91439, 40.58238], [-73.91436, 40.5824], [-73.91434, 40.58242], [-73.91433, 40.58245], [-73.91433, 40.58248], [-73.91434, 40.58249], [-73.91436, 40.5825], [-73.91439, 40.58251], [-73.91441, 40.58252], [-73.91443, 40.58254], [-73.91444, 40.58257], [-73.91446, 40.58259], [-73.91446, 40.58261], [-73.91446, 40.58261], [-73.91444, 40.58262], [-73.9144, 40.58263], [-73.91439, 40.58263], [-73.91438, 40.58264], [-73.91437, 40.58264], [-73.91437, 40.58262], [-73.91437, 40.5826], [-73.91435, 40.58259], [-73.91434, 40.58259], [-73.91433, 40.58261], [-73.91431, 40.58261], [-73.9143, 40.5826], [-73.91428, 40.58259], [-73.91426, 40.58259], [-73.91424, 40.5826], [-73.91421, 40.58262], [-73.91418, 40.58266], [-73.91417, 40.5827], [-73.91417, 40.58272], [-73.91418, 40.58275], [-73.91419, 40.58277], [-73.91418, 40.58279], [-73.91417, 40.5828], [-73.91415, 40.58281], [-73.91414, 40.5828], [-73.91413, 40.58278], [-73.91412, 40.58277], [-73.91411, 40.58275], [-73.91408, 40.58274], [-73.91406, 40.58274], [-73.91402, 40.58274], [-73.91393, 40.58273], [-73.91388, 40.58272], [-73.91385, 40.58272], [-73.91382, 40.58273], [-73.91379, 40.58272], [-73.91376, 40.58272], [-73.91373, 40.58273], [-73.91371, 40.58274], [-73.9137, 40.58275], [-73.9137, 40.58277], [-73.91368, 40.58278], [-73.91365, 40.5828], [-73.91361, 40.58282], [-73.91353, 40.58288], [-73.91344, 40.58293], [-73.91336, 40.58295], [-73.91334, 40.58295], [-73.91331, 40.58295], [-73.91329, 40.58294], [-73.91328, 40.58294], [-73.91326, 40.58294], [-73.91325, 40.58294], [-73.91322, 40.58294], [-73.91318, 40.58294], [-73.91315, 40.58295], [-73.91311, 40.58295], [-73.91307, 40.58295], [-73.91304, 40.58296], [-73.91301, 40.58296], [-73.91298, 40.58297], [-73.91297, 40.58297], [-73.91295, 40.58296], [-73.91293, 40.58294], [-73.91293, 40.58292], [-73.91295, 40.58291], [-73.91296, 40.58289], [-73.91297, 40.58286], [-73.91298, 40.58283], [-73.913, 40.5828], [-73.91301, 40.58278], [-73.91301, 40.58277], [-73.91305, 40.58275], [-73.91305, 40.58274], [-73.91304, 40.58272], [-73.91302, 40.58271], [-73.91299, 40.58271], [-73.91298, 40.58271], [-73.91296, 40.58271], [-73.91295, 40.58273], [-73.91294, 40.58276], [-73.91294, 40.58278], [-73.91295, 40.5828], [-73.91296, 40.58282], [-73.91295, 40.58283], [-73.91295, 40.58284], [-73.91293, 40.58284], [-73.91291, 40.58284], [-73.91289, 40.58285], [-73.91289, 40.58287], [-73.91289, 40.58289], [-73.91289, 40.58293], [-73.91289, 40.58294], [-73.9129, 40.58298], [-73.91289, 40.583], [-73.91287, 40.58301], [-73.91285, 40.58301], [-73.91283, 40.58301], [-73.91282, 40.58301], [-73.9128, 40.58299], [-73.91279, 40.58298], [-73.91277, 40.58297], [-73.91275, 40.58297], [-73.91272, 40.58297], [-73.91269, 40.58296], [-73.91266, 40.58297], [-73.91264, 40.58298], [-73.91258, 40.58303], [-73.91253, 40.58307], [-73.91251, 40.58308], [-73.9125, 40.58308], [-73.91249, 40.58307], [-73.9125, 40.58306], [-73.91251, 40.58305], [-73.91251, 40.58304], [-73.9125, 40.58304], [-73.91247, 40.58304], [-73.91245, 40.58305], [-73.9124, 40.58306], [-73.91238, 40.58305], [-73.91235, 40.58304], [-73.91227, 40.58301], [-73.91225, 40.58299], [-73.91223, 40.58298], [-73.91222, 40.58296], [-73.91223, 40.58296], [-73.91224, 40.58296], [-73.91233, 40.58296], [-73.91237, 40.58295], [-73.91242, 40.58293], [-73.91246, 40.58293], [-73.91248, 40.58292], [-73.9125, 40.5829], [-73.9125, 40.5829], [-73.91249, 40.58289], [-73.91248, 40.58288], [-73.91244, 40.58289], [-73.9124, 40.58289], [-73.91238, 40.58289], [-73.91235, 40.58289], [-73.91233, 40.5829], [-73.91231, 40.5829], [-73.91229, 40.58289], [-73.91226, 40.58289], [-73.91223, 40.5829], [-73.91214, 40.58291], [-73.91204, 40.58291], [-73.912, 40.58292], [-73.91198, 40.58292], [-73.91198, 40.58293], [-73.91197, 40.58294], [-73.91197, 40.58296], [-73.91196, 40.58296], [-73.91196, 40.58297], [-73.91194, 40.58297], [-73.91191, 40.58296], [-73.91189, 40.58295], [-73.91187, 40.58294], [-73.91185, 40.58293], [-73.91183, 40.58292], [-73.9118, 40.58291], [-73.91179, 40.58291], [-73.91175, 40.58289], [-73.91169, 40.58284], [-73.91164, 40.58282], [-73.91156, 40.58277], [-73.91152, 40.58274], [-73.9115, 40.58272], [-73.91148, 40.58268], [-73.91144, 40.5826], [-73.91139, 40.5825], [-73.91132, 40.58238], [-73.91129, 40.58231], [-73.91128, 40.5823], [-73.91127, 40.58226], [-73.91128, 40.58222], [-73.91129, 40.58217], [-73.91134, 40.58209], [-73.9114, 40.58199], [-73.91145, 40.58189], [-73.91148, 40.58184], [-73.91148, 40.58183], [-73.9115, 40.58182], [-73.91152, 40.58181], [-73.91154, 40.58179], [-73.91157, 40.58178], [-73.91161, 40.58178], [-73.91175, 40.58176], [-73.91184, 40.58176], [-73.91197, 40.58176], [-73.91214, 40.58177], [-73.91232, 40.58178], [-73.91249, 40.58177], [-73.91262, 40.58177], [-73.91281, 40.58176], [-73.91285, 40.58176], [-73.91298, 40.58175], [-73.91318, 40.58172], [-73.91334, 40.58169], [-73.91353, 40.58166], [-73.91362, 40.58164], [-73.91371, 40.58163], [-73.91376, 40.58163], [-73.91376, 40.58163], [-73.91382, 40.58164], [-73.91396, 40.58167], [-73.91408, 40.58169], [-73.91415, 40.5817], [-73.91427, 40.58171], [-73.91439, 40.58172], [-73.91444, 40.58171], [-73.9145, 40.5817], [-73.91463, 40.58167], [-73.91493, 40.58155], [-73.91501, 40.58154], [-73.91506, 40.58154], [-73.91526, 40.58158], [-73.91544, 40.5816], [-73.91553, 40.58161], [-73.91565, 40.58163], [-73.9158, 40.58166], [-73.91602, 40.5817], [-73.91614, 40.58171], [-73.91621, 40.58172], [-73.91631, 40.58174], [-73.91643, 40.58176], [-73.91649, 40.58176], [-73.91656, 40.58178], [-73.91665, 40.58181], [-73.91675, 40.58185], [-73.91684, 40.58188], [-73.91694, 40.5819], [-73.91706, 40.58193], [-73.91717, 40.58196], [-73.9173, 40.582], [-73.9174, 40.58204], [-73.91747, 40.58206], [-73.91754, 40.58208], [-73.91766, 40.5821], [-73.91775, 40.58211], [-73.91787, 40.58211], [-73.91795, 40.58211], [-73.91802, 40.58211], [-73.91807, 40.58212], [-73.91814, 40.58214], [-73.91822, 40.58216], [-73.91847, 40.58225], [-73.91857, 40.58227], [-73.91864, 40.58229], [-73.91866, 40.5823], [-73.91877, 40.58234], [-73.91886, 40.58237], [-73.91903, 40.58243], [-73.91915, 40.58246], [-73.91928, 40.5825], [-73.9194, 40.58254], [-73.91956, 40.58259], [-73.91967, 40.58262], [-73.9198, 40.58265], [-73.91989, 40.58268], [-73.92002, 40.5827], [-73.92016, 40.58273], [-73.92029, 40.58274], [-73.92039, 40.58276], [-73.92048, 40.58278], [-73.92058, 40.5828], [-73.92069, 40.58283], [-73.92082, 40.58288], [-73.92097, 40.58292], [-73.9211, 40.58296], [-73.92132, 40.58303], [-73.92144, 40.58306], [-73.92155, 40.58309], [-73.92165, 40.58312], [-73.92182, 40.58316], [-73.92196, 40.58319], [-73.92207, 40.58322], [-73.92221, 40.58325], [-73.92238, 40.58328], [-73.92252, 40.58331], [-73.92265, 40.58333], [-73.92281, 40.58336], [-73.92294, 40.5834], [-73.92309, 40.58342], [-73.92321, 40.58344], [-73.92331, 40.58345], [-73.92336, 40.58346], [-73.92343, 40.58347], [-73.92353, 40.58348], [-73.92363, 40.5835], [-73.92374, 40.58351], [-73.92382, 40.58352], [-73.92392, 40.58352], [-73.92401, 40.58353], [-73.92408, 40.58353], [-73.92414, 40.58353], [-73.92429, 40.58354], [-73.92438, 40.58355], [-73.92444, 40.58356], [-73.92452, 40.58355], [-73.92463, 40.58355], [-73.92474, 40.58355], [-73.92485, 40.58354], [-73.92496, 40.58353], [-73.92509, 40.58352], [-73.92522, 40.58351], [-73.92557, 40.58351], [-73.92559, 40.5835], [-73.9256, 40.58347], [-73.9256, 40.58346], [-73.92562, 40.58345], [-73.92563, 40.58346], [-73.92564, 40.58348], [-73.92565, 40.58349], [-73.92599, 40.58352], [-73.92627, 40.58355], [-73.9263, 40.58355], [-73.92713, 40.58358], [-73.92823, 40.58353], [-73.92944, 40.58342], [-73.92945, 40.58337], [-73.92947, 40.58337], [-73.92947, 40.58342], [-73.92963, 40.5834], [-73.92981, 40.58337], [-73.92999, 40.58334], [-73.93017, 40.58331], [-73.93035, 40.58327], [-73.93043, 40.58325], [-73.93052, 40.58323], [-73.9306, 40.5832], [-73.93067, 40.58316], [-73.93074, 40.58312], [-73.93081, 40.58307], [-73.93084, 40.58303], [-73.93087, 40.58298], [-73.93088, 40.58294], [-73.93089, 40.58293], [-73.93089, 40.58292], [-73.93089, 40.58291], [-73.93088, 40.5829], [-73.93088, 40.58289], [-73.93087, 40.58288], [-73.93086, 40.58287], [-73.93085, 40.58287], [-73.93084, 40.58286], [-73.93076, 40.58286], [-73.93073, 40.58286], [-73.93071, 40.58284], [-73.93075, 40.58279], [-73.93074, 40.58275], [-73.93081, 40.58275], [-73.93083, 40.58276], [-73.93091, 40.58279], [-73.93095, 40.58273], [-73.9317, 40.58281], [-73.93172, 40.58289], [-73.93174, 40.58288], [-73.93183, 40.58291], [-73.93185, 40.58294], [-73.93184, 40.58299], [-73.93182, 40.58301], [-73.93181, 40.58301], [-73.93179, 40.58301], [-73.93178, 40.58304], [-73.93186, 40.58308], [-73.93203, 40.58415], [-73.93204, 40.58423], [-73.93116, 40.58431], [-73.93106, 40.58432], [-73.93108, 40.58438], [-73.9301, 40.5845], [-73.93019, 40.58509], [-73.93119, 40.58541], [-73.93127, 40.58544], [-73.93132, 40.58567], [-73.93133, 40.58574], [-73.93134, 40.58581], [-73.9314, 40.58608], [-73.93131, 40.58605], [-73.92943, 40.58549], [-73.92859, 40.58521], [-73.92841, 40.58526], [-73.92763, 40.58503], [-73.92712, 40.58488], [-73.92678, 40.58486], [-73.92583, 40.58495], [-73.92572, 40.5849], [-73.92563, 40.58486], [-73.92552, 40.58482], [-73.92547, 40.58478], [-73.92542, 40.58473], [-73.92538, 40.58471], [-73.92537, 40.58468], [-73.92534, 40.58466], [-73.92533, 40.58465], [-73.92531, 40.58464], [-73.92529, 40.58464], [-73.92529, 40.58465], [-73.92529, 40.58466], [-73.92528, 40.58467], [-73.92526, 40.58468], [-73.9252, 40.58468], [-73.92517, 40.58468], [-73.92515, 40.58469], [-73.92511, 40.5847], [-73.92507, 40.58471], [-73.92503, 40.58471], [-73.92497, 40.58471], [-73.92491, 40.58469], [-73.92489, 40.58469], [-73.92483, 40.58468], [-73.92476, 40.58466], [-73.92466, 40.58463], [-73.92461, 40.58463], [-73.92457, 40.58462], [-73.92455, 40.58461], [-73.92454, 40.58461], [-73.92454, 40.58463], [-73.92453, 40.58465], [-73.9245, 40.58466], [-73.92447, 40.58466], [-73.92443, 40.58465], [-73.92439, 40.58465], [-73.92436, 40.58466], [-73.92432, 40.58466], [-73.92428, 40.58467], [-73.92424, 40.58466], [-73.92421, 40.58466], [-73.92419, 40.58466], [-73.92415, 40.58467], [-73.92412, 40.58466], [-73.9241, 40.58466], [-73.92408, 40.58467], [-73.92405, 40.58469], [-73.92403, 40.58469], [-73.92401, 40.58471], [-73.92398, 40.58472], [-73.92394, 40.58472], [-73.9239, 40.58473], [-73.92387, 40.58474], [-73.92384, 40.58474], [-73.9238, 40.58474], [-73.92376, 40.58474], [-73.92374, 40.58474], [-73.92373, 40.58475], [-73.92373, 40.58476], [-73.92373, 40.58476], [-73.92373, 40.58477], [-73.9237, 40.58478], [-73.92368, 40.58478], [-73.92366, 40.58478], [-73.92363, 40.58478], [-73.9236, 40.58478], [-73.92357, 40.58478], [-73.92354, 40.58479], [-73.92351, 40.58481], [-73.92348, 40.58482], [-73.92345, 40.58482], [-73.92337, 40.58481], [-73.92331, 40.58481], [-73.92328, 40.5848], [-73.92327, 40.5848], [-73.92326, 40.58479], [-73.92323, 40.58479], [-73.9232, 40.58478], [-73.92316, 40.58477], [-73.92311, 40.58476], [-73.92309, 40.58477], [-73.92307, 40.58477], [-73.92303, 40.58477], [-73.92295, 40.58475], [-73.92288, 40.58473], [-73.92283, 40.58471], [-73.92278, 40.5847], [-73.92276, 40.58469], [-73.92274, 40.58468], [-73.92272, 40.58467], [-73.9227, 40.58467], [-73.92266, 40.58468], [-73.92261, 40.58467], [-73.92259, 40.58467], [-73.92253, 40.58467], [-73.92245, 40.58466], [-73.9224, 40.58466], [-73.92235, 40.58466], [-73.92232, 40.58467], [-73.92229, 40.58467], [-73.92228, 40.58467], [-73.92225, 40.58468], [-73.92221, 40.58468], [-73.92216, 40.58468], [-73.92211, 40.58467], [-73.92206, 40.58467], [-73.92197, 40.58468], [-73.92192, 40.58468], [-73.92188, 40.58467], [-73.92183, 40.58467], [-73.92177, 40.58467], [-73.92171, 40.58466], [-73.92166, 40.58465], [-73.9216, 40.58465], [-73.92153, 40.58466], [-73.92149, 40.58465], [-73.92143, 40.58465], [-73.92139, 40.58465], [-73.92136, 40.58465], [-73.92131, 40.58465], [-73.92126, 40.58465], [-73.92123, 40.58464], [-73.92121, 40.58465], [-73.92119, 40.58465], [-73.92115, 40.58465], [-73.92111, 40.58464], [-73.92108, 40.58463], [-73.92107, 40.5846], [-73.92105, 40.58459], [-73.92101, 40.58457], [-73.92097, 40.58458], [-73.92093, 40.5846], [-73.92087, 40.58463], [-73.92082, 40.58465], [-73.92077, 40.58466], [-73.92073, 40.58467], [-73.92071, 40.58467], [-73.92067, 40.58466], [-73.92062, 40.58465], [-73.92059, 40.58465], [-73.92055, 40.58466], [-73.92052, 40.58466], [-73.92048, 40.58465], [-73.92045, 40.58465], [-73.92043, 40.58466], [-73.92038, 40.58467], [-73.92035, 40.58467], [-73.92032, 40.58466], [-73.92029, 40.58466], [-73.92025, 40.58465], [-73.92022, 40.58464], [-73.9202, 40.58463], [-73.92019, 40.58465], [-73.92017, 40.58466], [-73.92015, 40.58467], [-73.92012, 40.58468], [-73.92009, 40.58468], [-73.92005, 40.58467], [-73.92001, 40.58466], [-73.91998, 40.58467], [-73.91995, 40.58469], [-73.91992, 40.58471], [-73.91989, 40.58474], [-73.91988, 40.58475], [-73.91987, 40.58476], [-73.91985, 40.58476], [-73.91983, 40.58475], [-73.91982, 40.58476], [-73.91982, 40.58478], [-73.9198, 40.58479], [-73.91977, 40.58481], [-73.91972, 40.58482], [-73.91968, 40.58483], [-73.91966, 40.58483], [-73.91965, 40.58483], [-73.91964, 40.58484], [-73.91965, 40.58485], [-73.91964, 40.58485], [-73.91963, 40.58486], [-73.91959, 40.58487], [-73.91955, 40.58488], [-73.91952, 40.5849], [-73.91947, 40.5849], [-73.91942, 40.58491], [-73.91938, 40.58492], [-73.91933, 40.58492], [-73.91929, 40.58491], [-73.91928, 40.58491], [-73.91921, 40.58493], [-73.91917, 40.58494], [-73.91913, 40.58495], [-73.9191, 40.58497], [-73.91906, 40.585], [-73.91906, 40.58502], [-73.91905, 40.58503], [-73.91903, 40.58504], [-73.91899, 40.58504], [-73.91896, 40.58505], [-73.91892, 40.58506], [-73.91888, 40.58507], [-73.91887, 40.58508], [-73.91886, 40.5851], [-73.91885, 40.58511], [-73.91885, 40.58514], [-73.91885, 40.58515], [-73.91883, 40.58517], [-73.91881, 40.58519], [-73.91879, 40.58521], [-73.91878, 40.58523], [-73.91876, 40.58524], [-73.91874, 40.58525], [-73.91871, 40.58526], [-73.91867, 40.58527], [-73.91864, 40.58528], [-73.9186, 40.58529], [-73.91857, 40.5853], [-73.91853, 40.58532], [-73.91849, 40.58533], [-73.91846, 40.58535], [-73.91842, 40.58537], [-73.9184, 40.58537], [-73.91837, 40.58539], [-73.91827, 40.58542], [-73.91825, 40.58542], [-73.91824, 40.58542], [-73.91823, 40.58541], [-73.91823, 40.5854], [-73.91824, 40.58539], [-73.91825, 40.58536], [-73.91827, 40.58534], [-73.91827, 40.58533], [-73.91827, 40.58532], [-73.91826, 40.58532], [-73.91824, 40.58532], [-73.91822, 40.58532], [-73.91819, 40.58534], [-73.91816, 40.58536], [-73.91816, 40.58537], [-73.91815, 40.5854], [-73.91815, 40.58541], [-73.91816, 40.58542], [-73.91815, 40.58543], [-73.91813, 40.58544], [-73.9181, 40.58545], [-73.91804, 40.58546], [-73.91802, 40.58545], [-73.91798, 40.58545], [-73.91794, 40.58547], [-73.91793, 40.58548], [-73.91789, 40.58551], [-73.91787, 40.58552], [-73.91785, 40.58554], [-73.91783, 40.58554], [-73.91781, 40.58553], [-73.91779, 40.58553], [-73.91778, 40.58554], [-73.91777, 40.58555], [-73.91776, 40.58556], [-73.91775, 40.58558], [-73.91773, 40.58558], [-73.91772, 40.58558], [-73.91771, 40.58558], [-73.9177, 40.5856], [-73.91768, 40.58561], [-73.91767, 40.58561], [-73.91762, 40.58563], [-73.91757, 40.58563], [-73.91753, 40.58563], [-73.91751, 40.58562], [-73.9175, 40.58561], [-73.91748, 40.5856], [-73.91745, 40.58559], [-73.91742, 40.58558], [-73.91736, 40.58558], [-73.91734, 40.58558], [-73.91733, 40.58559], [-73.91732, 40.5856], [-73.91732, 40.5856], [-73.91733, 40.58561], [-73.91735, 40.58561], [-73.91736, 40.58561], [-73.91736, 40.58562], [-73.91735, 40.58563], [-73.91734, 40.58566], [-73.91732, 40.58568], [-73.91731, 40.58569], [-73.91729, 40.58569], [-73.91728, 40.58568], [-73.91727, 40.58568], [-73.91725, 40.58567], [-73.91724, 40.58567], [-73.91723, 40.58568], [-73.91722, 40.58568], [-73.9172, 40.58568], [-73.91715, 40.58569], [-73.91713, 40.58569], [-73.91712, 40.5857], [-73.9171, 40.5857], [-73.91708, 40.5857], [-73.91707, 40.58571], [-73.91706, 40.58571], [-73.91706, 40.58572], [-73.91707, 40.58573], [-73.91707, 40.58573], [-73.91707, 40.58574], [-73.91704, 40.58576], [-73.91703, 40.58576], [-73.91703, 40.58577], [-73.91703, 40.58578], [-73.91704, 40.5858], [-73.91704, 40.58581], [-73.91703, 40.58583], [-73.91702, 40.58584], [-73.91702, 40.58585], [-73.91703, 40.58585], [-73.91701, 40.58587], [-73.91699, 40.58588], [-73.91698, 40.58589], [-73.91696, 40.58589], [-73.91693, 40.58589], [-73.9169, 40.58589], [-73.91689, 40.5859], [-73.91688, 40.5859], [-73.91685, 40.58591], [-73.91683, 40.58592], [-73.91679, 40.58592], [-73.91678, 40.58591], [-73.91676, 40.58591], [-73.91675, 40.58591], [-73.91673, 40.58592], [-73.91669, 40.58593], [-73.91664, 40.58595], [-73.91659, 40.58596], [-73.91654, 40.58597], [-73.91647, 40.58599], [-73.91641, 40.58601], [-73.91636, 40.58602], [-73.91633, 40.58603], [-73.91629, 40.58605], [-73.91625, 40.58605], [-73.91623, 40.58605], [-73.91622, 40.58604], [-73.91621, 40.58605], [-73.91619, 40.58605], [-73.91614, 40.58607], [-73.91611, 40.58608], [-73.91608, 40.58609], [-73.91606, 40.5861], [-73.91603, 40.58611], [-73.916, 40.58612], [-73.91597, 40.58614], [-73.91594, 40.58615], [-73.91592, 40.58614], [-73.91589, 40.58613], [-73.91586, 40.58613], [-73.9158, 40.58612], [-73.91578, 40.58612], [-73.91576, 40.58613], [-73.91576, 40.58614], [-73.91575, 40.58615], [-73.91572, 40.58619], [-73.91571, 40.58621], [-73.91569, 40.58621], [-73.91566, 40.58622], [-73.9156, 40.58623], [-73.9155, 40.58623], [-73.91547, 40.58623], [-73.91545, 40.58623], [-73.91544, 40.58624], [-73.91541, 40.58625], [-73.91539, 40.58625], [-73.91535, 40.58625], [-73.91528, 40.58625], [-73.91525, 40.58626], [-73.91523, 40.58626], [-73.91522, 40.58627], [-73.91521, 40.58628], [-73.91519, 40.58629], [-73.91517, 40.58629], [-73.91515, 40.58628], [-73.91513, 40.58627]]]]}}, {"type": "Feature", "properties": {"zone_id": 156, "zone": "Mariners Harbor", "borough": "Staten Island", "demand": 0}, "geometry": {"type": "MultiPolygon", "coordinates": [[[[-74.1799, 40.64527], [-74.17988, 40.64511], [-74.17984, 40.64511], [-74.17985, 40.64516], [-74.17977, 40.64517], [-74.17973, 40.64438], [-74.17933, 40.6444], [-74.17931, 40.64443], [-74.17932, 40.64444], [-74.17932, 40.64445], [-74.17933, 40.64446], [-74.17933, 40.64447], [-74.17933, 40.64448], [-74.17933, 40.64448], [-74.17932, 40.64449], [-74.17932, 40.6445], [-74.17931, 40.64451], [-74.1793, 40.64451], [-74.17929, 40.64452], [-74.17929, 40.64453], [-74.17929, 40.64454], [-74.17929, 40.64455], [-74.17929, 40.64456], [-74.17929, 40.64457], [-74.1793, 40.64458], [-74.1793, 40.64459], [-74.1793, 40.64461], [-74.17929, 40.64463], [-74.17929, 40.64464], [-74.17929, 40.64466], [-74.1793, 40.64468], [-74.17931, 40.6447], [-74.17932, 40.64473], [-74.17929, 40.64482], [-74.17928, 40.64483], [-74.17927, 40.64484], [-74.17927, 40.64484], [-74.17926, 40.64485], [-74.17926, 40.64486], [-74.17926, 40.64487], [-74.17926, 40.64488], [-74.17926, 40.64489], [-74.17927, 40.6449], [-74.17927, 40.64491], [-74.17928, 40.64493], [-74.17929, 40.64494], [-74.17931, 40.64495], [-74.17932, 40.64496], [-74.17932, 40.64497], [-74.17932, 40.64497], [-74.17932, 40.64497], [-74.17932, 40.64497], [-74.17932, 40.64497], [-74.17932, 40.64498], [-74.17932, 40.64498], [-74.17932, 40.64498], [-74.17932, 40.64498], [-74.17931, 40.64498], [-74.1792, 40.64505], [-74.17919, 40.64504], [-74.17917, 40.64503], [-74.17915, 40.64501], [-74.17914, 40.64499], [-74.17913, 40.64495], [-74.17911, 40.64488], [-74.17907, 40.64465], [-74.17908, 40.64451], [-74.17907, 40.64445], [-74.17906, 40.6444], [-74.17906, 40.64436], [-74.17905, 40.64432], [-74.17905, 40.64426], [-74.17905, 40.64417], [-74.17906, 40.64407], [-74.17904, 40.64399], [-74.17904, 40.64391], [-74.17903, 40.64386], [-74.17902, 40.64382], [-74.17901, 40.64379], [-74.17901, 40.64376], [-74.179, 40.64372], [-74.179, 40.64368], [-74.17901, 40.64365], [-74.17902, 40.64356], [-74.17904, 40.64348], [-74.17904, 40.64339], [-74.17905, 40.64338], [-74.17907, 40.64335], [-74.17908, 40.64334], [-74.1791, 40.64332], [-74.17911, 40.6433], [-74.17913, 40.64329], [-74.17916, 40.64329], [-74.17918, 40.64329], [-74.17921, 40.64328], [-74.17924, 40.64327], [-74.17925, 40.64325], [-74.17927, 40.64324], [-74.17929, 40.64324], [-74.17931, 40.64324], [-74.17933, 40.64323], [-74.17934, 40.64323], [-74.17935, 40.64322], [-74.17938, 40.64318], [-74.17939, 40.64315], [-74.1794, 40.64314], [-74.1794, 40.64313], [-74.17941, 40.64311], [-74.17941, 40.64309], [-74.1794, 40.64308], [-74.17938, 40.64307], [-74.17937, 40.64306], [-74.17937, 40.64305], [-74.17938, 40.64304], [-74.17939, 40.64304], [-74.17941, 40.64303], [-74.17942, 40.64303], [-74.17944, 40.64301], [-74.17943, 40.64299], [-74.17942, 40.64297], [-74.17941, 40.64296], [-74.17942, 40.6429], [-74.17941, 40.64288], [-74.17941, 40.64286], [-74.17941, 40.64283], [-74.17939, 40.64282], [-74.17939, 40.64281], [-74.17939, 40.6428], [-74.1794, 40.64275], [-74.1794, 40.64274], [-74.1794, 40.64273], [-74.17941, 40.64268], [-74.17942, 40.64266], [-74.17943, 40.64261], [-74.17944, 40.64259], [-74.17945, 40.64257], [-74.17947, 40.64255], [-74.17947, 40.64254], [-74.17948, 40.64252], [-74.17949, 40.64249], [-74.17952, 40.6424], [-74.17953, 40.64238], [-74.17953, 40.64237], [-74.17954, 40.64236], [-74.17954, 40.64234], [-74.17955, 40.64231], [-74.17955, 40.64229], [-74.17956, 40.64224], [-74.17957, 40.64221], [-74.17958, 40.64219], [-74.17959, 40.64217], [-74.1796, 40.64215], [-74.1796, 40.64212], [-74.1796, 40.64208], [-74.17961, 40.64204], [-74.17961, 40.64203], [-74.17961, 40.64197], [-74.1796, 40.64193], [-74.1796, 40.64192], [-74.17959, 40.64192], [-74.17957, 40.64192], [-74.17956, 40.64192], [-74.17955, 40.64194], [-74.17955, 40.64196], [-74.17954, 40.64205], [-74.17953, 40.64215], [-74.17952, 40.64218], [-74.17951, 40.64222], [-74.17949, 40.64226], [-74.17948, 40.64228], [-74.17947, 40.64234], [-74.17946, 40.64237], [-74.1794, 40.64251], [-74.17939, 40.64254], [-74.17938, 40.64256], [-74.17937, 40.6426], [-74.17934, 40.64269], [-74.17933, 40.64271], [-74.17932, 40.64273], [-74.17932, 40.64275], [-74.17931, 40.64277], [-74.17931, 40.64281], [-74.1793, 40.64289], [-74.17929, 40.64291], [-74.17927, 40.64294], [-74.17924, 40.64297], [-74.17922, 40.64298], [-74.17919, 40.64299], [-74.17916, 40.64299], [-74.17914, 40.64299], [-74.17912, 40.64299], [-74.17908, 40.64297], [-74.17906, 40.64296], [-74.17905, 40.64296], [-74.17904, 40.64295], [-74.17902, 40.64292], [-74.17898, 40.64286], [-74.17895, 40.64277], [-74.17894, 40.64275], [-74.17893, 40.64273], [-74.17892, 40.64271], [-74.17891, 40.6427], [-74.17889, 40.64269], [-74.17889, 40.64269], [-74.17884, 40.64257], [-74.17882, 40.64254], [-74.17881, 40.64253], [-74.1788, 40.64251], [-74.17879, 40.6425], [-74.17878, 40.64249], [-74.17877, 40.6425], [-74.17874, 40.64253], [-74.17868, 40.64256], [-74.17864, 40.64257], [-74.1786, 40.64257], [-74.17851, 40.64255], [-74.17848, 40.64252], [-74.17847, 40.64249], [-74.17842, 40.6424], [-74.1784, 40.64233], [-74.17837, 40.64228], [-74.17835, 40.64225], [-74.17833, 40.64223], [-74.17832, 40.64221], [-74.17831, 40.64218], [-74.17829, 40.64216], [-74.17827, 40.64214], [-74.17826, 40.64213], [-74.17824, 40.64213], [-74.17824, 40.64215], [-74.17824, 40.64218], [-74.17829, 40.64233], [-74.17835, 40.64248], [-74.17836, 40.64252], [-74.17837, 40.64255], [-74.17836, 40.64257], [-74.17834, 40.64259], [-74.17832, 40.6426], [-74.17829, 40.6426], [-74.17825, 40.64259], [-74.1782, 40.64258], [-74.17817, 40.64256], [-74.17815, 40.64255], [-74.17813, 40.64254], [-74.17811, 40.64253], [-74.17806, 40.64253], [-74.17801, 40.64254], [-74.17798, 40.64256], [-74.17796, 40.64258], [-74.17796, 40.64259], [-74.17794, 40.64262], [-74.17793, 40.64263], [-74.17789, 40.64263], [-74.17787, 40.64262], [-74.17784, 40.64261], [-74.17782, 40.6426], [-74.17781, 40.6426], [-74.1778, 40.64261], [-74.17779, 40.64264], [-74.17779, 40.64265], [-74.17777, 40.64273], [-74.17777, 40.6428], [-74.17776, 40.64285], [-74.17774, 40.64289], [-74.17773, 40.64291], [-74.17772, 40.64292], [-74.17769, 40.64295], [-74.17764, 40.64298], [-74.17753, 40.64301], [-74.17749, 40.64303], [-74.17746, 40.64304], [-74.17744, 40.64303], [-74.17742, 40.64302], [-74.1774, 40.64301], [-74.17739, 40.64301], [-74.17735, 40.64304], [-74.17733, 40.64306], [-74.17727, 40.6431], [-74.17726, 40.6431], [-74.17724, 40.64311], [-74.17721, 40.64312], [-74.17717, 40.64311], [-74.17714, 40.6431], [-74.17713, 40.64309], [-74.17714, 40.64308], [-74.17714, 40.64308], [-74.17715, 40.64307], [-74.17715, 40.64305], [-74.17716, 40.64304], [-74.17716, 40.64303], [-74.17715, 40.64302], [-74.17715, 40.64301], [-74.17713, 40.64301], [-74.17712, 40.64301], [-74.1771, 40.64302], [-74.17709, 40.64304], [-74.17709, 40.64305], [-74.17708, 40.64306], [-74.17706, 40.64306], [-74.17704, 40.64305], [-74.17698, 40.643], [-74.17693, 40.64295], [-74.17689, 40.64291], [-74.17687, 40.6429], [-74.17685, 40.64288], [-74.17682, 40.64286], [-74.17681, 40.64283], [-74.17681, 40.64281], [-74.17682, 40.64279], [-74.17681, 40.64278], [-74.17681, 40.64276], [-74.17679, 40.64274], [-74.17678, 40.64271], [-74.17677, 40.64267], [-74.17677, 40.64265], [-74.17677, 40.64263], [-74.17677, 40.64261], [-74.17677, 40.6426], [-74.17677, 40.64259], [-74.17676, 40.64257], [-74.17675, 40.64251], [-74.17674, 40.64246], [-74.17673, 40.64244], [-74.17672, 40.64243], [-74.1767, 40.64242], [-74.1767, 40.64242], [-74.1767, 40.64244], [-74.1767, 40.64245], [-74.17669, 40.64247], [-74.17669, 40.64247], [-74.17668, 40.64247], [-74.17648, 40.64239], [-74.17639, 40.64234], [-74.17637, 40.64233], [-74.17636, 40.64233], [-74.17635, 40.64234], [-74.17636, 40.64235], [-74.17638, 40.64236], [-74.17659, 40.64248], [-74.17665, 40.64251], [-74.17668, 40.64253], [-74.17669, 40.64255], [-74.17672, 40.64279], [-74.17672, 40.64297], [-74.17672, 40.64311], [-74.17671, 40.64317], [-74.17671, 40.64321], [-74.17671, 40.64326], [-74.17671, 40.64328], [-74.17668, 40.64336], [-74.17668, 40.64337], [-74.17667, 40.64339], [-74.17665, 40.6434], [-74.17662, 40.64342], [-74.17658, 40.64343], [-74.17654, 40.64342], [-74.17651, 40.64341], [-74.1765, 40.64341], [-74.17647, 40.64341], [-74.17643, 40.64342], [-74.17637, 40.64345], [-74.17634, 40.64346], [-74.17629, 40.64346], [-74.1761, 40.64347], [-74.17598, 40.64346], [-74.1759, 40.64345], [-74.17585, 40.64344], [-74.17578, 40.64342], [-74.17573, 40.64339], [-74.17571, 40.64338], [-74.17569, 40.64336], [-74.17568, 40.64335], [-74.17568, 40.64333], [-74.17567, 40.64332], [-74.17566, 40.64331], [-74.17564, 40.64331], [-74.17563, 40.64331], [-74.1756, 40.64331], [-74.17558, 40.64333], [-74.17553, 40.64338], [-74.17553, 40.64338], [-74.17552, 40.6434], [-74.17548, 40.64346], [-74.17549, 40.64347], [-74.17549, 40.6435], [-74.1755, 40.6436], [-74.1755, 40.64364], [-74.1755, 40.64368], [-74.17551, 40.64369], [-74.17552, 40.6437], [-74.17554, 40.64371], [-74.17557, 40.64373], [-74.17558, 40.64375], [-74.17559, 40.64378], [-74.17557, 40.6438], [-74.17556, 40.6438], [-74.17553, 40.64382], [-74.17552, 40.64384], [-74.1755, 40.64387], [-74.17548, 40.64391], [-74.17548, 40.64394], [-74.17548, 40.64397], [-74.17548, 40.64401], [-74.17548, 40.64403], [-74.17549, 40.64408], [-74.17549, 40.64409], [-74.17548, 40.64411], [-74.17547, 40.64412], [-74.17547, 40.64414], [-74.17548, 40.64416], [-74.17549, 40.64417], [-74.17552, 40.64417], [-74.17555, 40.64418], [-74.17557, 40.64422], [-74.17562, 40.64435], [-74.17571, 40.64457], [-74.17571, 40.64465], [-74.1757, 40.64466], [-74.17569, 40.64467], [-74.17569, 40.64469], [-74.17568, 40.64471], [-74.17567, 40.64472], [-74.17565, 40.6447], [-74.17562, 40.64468], [-74.1756, 40.64465], [-74.17559, 40.64464], [-74.17558, 40.64462], [-74.17556, 40.64462], [-74.17553, 40.64461], [-74.1755, 40.64462], [-74.17547, 40.64465], [-74.17544, 40.64468], [-74.17541, 40.64474], [-74.17538, 40.64479], [-74.17535, 40.64486], [-74.17535, 40.64489], [-74.17535, 40.64493], [-74.17533, 40.64503], [-74.1753, 40.64507], [-74.17526, 40.64508], [-74.17521, 40.64509], [-74.17517, 40.6451], [-74.17511, 40.64511], [-74.17504, 40.64513], [-74.17495, 40.64515], [-74.1749, 40.64515], [-74.17486, 40.64514], [-74.17479, 40.64511], [-74.17475, 40.64508], [-74.17472, 40.64506], [-74.17468, 40.64504], [-74.17464, 40.64503], [-74.17461, 40.64502], [-74.17459, 40.64502], [-74.17455, 40.64502], [-74.17455, 40.64502], [-74.17452, 40.64504], [-74.1745, 40.64506], [-74.17448, 40.64508], [-74.17447, 40.6451], [-74.17446, 40.64511], [-74.17445, 40.64512], [-74.17443, 40.64513], [-74.17439, 40.64514], [-74.17437, 40.64514], [-74.17415, 40.64508], [-74.17411, 40.64505], [-74.17406, 40.64503], [-74.17405, 40.64502], [-74.17403, 40.64501], [-74.17401, 40.64498], [-74.174, 40.64496], [-74.17395, 40.64493], [-74.17389, 40.64489], [-74.17379, 40.64481], [-74.17364, 40.64473], [-74.1736, 40.6447], [-74.17354, 40.64466], [-74.17348, 40.64462], [-74.17343, 40.64458], [-74.17338, 40.64455], [-74.17333, 40.6445], [-74.17324, 40.64442], [-74.17315, 40.64435], [-74.17309, 40.64431], [-74.17304, 40.64428], [-74.173, 40.64426], [-74.17297, 40.64424], [-74.17297, 40.64424], [-74.17294, 40.6442], [-74.17292, 40.64417], [-74.17292, 40.64414], [-74.17292, 40.64409], [-74.17291, 40.64406], [-74.17289, 40.64403], [-74.17288, 40.64401], [-74.17289, 40.64398], [-74.17292, 40.64395], [-74.17295, 40.64393], [-74.17298, 40.64388], [-74.173, 40.64383], [-74.17302, 40.64376], [-74.17303, 40.64371], [-74.17302, 40.64364], [-74.173, 40.64359], [-74.17297, 40.64355], [-74.17295, 40.64351], [-74.17292, 40.64349], [-74.1729, 40.64347], [-74.17289, 40.64347], [-74.17287, 40.64346], [-74.17285, 40.64345], [-74.17282, 40.64346], [-74.17278, 40.64349], [-74.17275, 40.64349], [-74.17272, 40.6435], [-74.17268, 40.64349], [-74.17264, 40.64348], [-74.17251, 40.64345], [-74.17251, 40.64345], [-74.17245, 40.64342], [-74.17243, 40.6434], [-74.17243, 40.64338], [-74.17241, 40.64335], [-74.17241, 40.64333], [-74.1724, 40.64332], [-74.1724, 40.64332], [-74.17239, 40.64329], [-74.17237, 40.64327], [-74.17236, 40.64326], [-74.17237, 40.64323], [-74.1724, 40.64321], [-74.17242, 40.6432], [-74.17246, 40.6432], [-74.17248, 40.6432], [-74.17251, 40.6432], [-74.17253, 40.6432], [-74.17255, 40.64319], [-74.17254, 40.64318], [-74.17252, 40.64318], [-74.1725, 40.64317], [-74.17249, 40.64315], [-74.17252, 40.64313], [-74.17255, 40.64313], [-74.17256, 40.64313], [-74.17255, 40.6431], [-74.17257, 40.64307], [-74.17261, 40.64305], [-74.17264, 40.64304], [-74.17269, 40.64302], [-74.17272, 40.643], [-74.17273, 40.64299], [-74.17273, 40.64297], [-74.17273, 40.64295], [-74.17272, 40.64295], [-74.17269, 40.64296], [-74.17264, 40.64298], [-74.17259, 40.64299], [-74.17257, 40.64299], [-74.17256, 40.64297], [-74.17256, 40.64294], [-74.17255, 40.64291], [-74.17254, 40.64289], [-74.17251, 40.64286], [-74.17249, 40.64284], [-74.17248, 40.64283], [-74.17247, 40.64282], [-74.17244, 40.64281], [-74.17239, 40.64282], [-74.17237, 40.64284], [-74.17235, 40.64285], [-74.17233, 40.64286], [-74.17231, 40.64286], [-74.1723, 40.64285], [-74.17228, 40.64285], [-74.17223, 40.64286], [-74.17215, 40.64284], [-74.1721, 40.64285], [-74.17205, 40.64286], [-74.17203, 40.64287], [-74.17201, 40.64288], [-74.17199, 40.64287], [-74.17196, 40.64286], [-74.17196, 40.64287], [-74.17193, 40.64291], [-74.17188, 40.64295], [-74.17187, 40.64296], [-74.17186, 40.64299], [-74.17184, 40.64301], [-74.17179, 40.64306], [-74.17175, 40.64309], [-74.17166, 40.64312], [-74.17157, 40.64314], [-74.17151, 40.64313], [-74.17151, 40.64313], [-74.17147, 40.64311], [-74.17145, 40.64309], [-74.17143, 40.64307], [-74.17142, 40.64304], [-74.17143, 40.64302], [-74.17145, 40.64301], [-74.17147, 40.643], [-74.17148, 40.643], [-74.17149, 40.64298], [-74.17147, 40.64298], [-74.17145, 40.64298], [-74.17143, 40.64297], [-74.17141, 40.64295], [-74.17135, 40.64287], [-74.17134, 40.64286], [-74.17135, 40.64284], [-74.17137, 40.64283], [-74.1714, 40.64282], [-74.17144, 40.64278], [-74.1715, 40.64274], [-74.17165, 40.64265], [-74.17177, 40.64258], [-74.17182, 40.64256], [-74.17184, 40.64255], [-74.17186, 40.64254], [-74.17186, 40.64252], [-74.17183, 40.64252], [-74.17179, 40.64253], [-74.17176, 40.64252], [-74.17175, 40.64252], [-74.17175, 40.64251], [-74.1718, 40.64247], [-74.17182, 40.64244], [-74.17185, 40.6424], [-74.17185, 40.64238], [-74.17184, 40.64235], [-74.17182, 40.64233], [-74.1718, 40.64231], [-74.17178, 40.64231], [-74.17176, 40.6423], [-74.17173, 40.6423], [-74.17172, 40.64228], [-74.17173, 40.64226], [-74.17176, 40.64222], [-74.17177, 40.6422], [-74.17176, 40.64218], [-74.17175, 40.64217], [-74.17172, 40.64216], [-74.1717, 40.64214], [-74.17168, 40.6421], [-74.17167, 40.64204], [-74.17168, 40.64201], [-74.17169, 40.64198], [-74.17171, 40.64196], [-74.17172, 40.64194], [-74.17171, 40.64192], [-74.1717, 40.64191], [-74.17166, 40.64189], [-74.17163, 40.64188], [-74.1716, 40.64187], [-74.17159, 40.64187], [-74.17158, 40.64187], [-74.17156, 40.64188], [-74.17155, 40.64186], [-74.17154, 40.64184], [-74.17153, 40.64181], [-74.17151, 40.64179], [-74.1715, 40.64177], [-74.17149, 40.64174], [-74.17148, 40.64173], [-74.17148, 40.6417], [-74.17148, 40.64169], [-74.17149, 40.64167], [-74.17149, 40.64165], [-74.17148, 40.64162], [-74.17147, 40.64155], [-74.17147, 40.6415], [-74.17145, 40.64147], [-74.17145, 40.64145], [-74.17146, 40.64144], [-74.17148, 40.64143], [-74.17148, 40.64143], [-74.17149, 40.64141], [-74.17149, 40.64139], [-74.1715, 40.64136], [-74.1715, 40.64135], [-74.17149, 40.64133], [-74.17149, 40.64132], [-74.17148, 40.6413], [-74.17148, 40.64127], [-74.17149, 40.64125], [-74.17151, 40.64122], [-74.17152, 40.64121], [-74.17152, 40.64121], [-74.17154, 40.64121], [-74.17156, 40.6412], [-74.17158, 40.64119], [-74.17159, 40.64118], [-74.17159, 40.64116], [-74.1716, 40.64115], [-74.17161, 40.64113], [-74.1716, 40.64111], [-74.17159, 40.6411], [-74.17158, 40.64109], [-74.17157, 40.64108], [-74.17157, 40.64107], [-74.17158, 40.64105], [-74.17159, 40.64103], [-74.1716, 40.64102], [-74.1716, 40.64102], [-74.17162, 40.64101], [-74.17165, 40.64101], [-74.17171, 40.64101], [-74.17175, 40.64101], [-74.17178, 40.64101], [-74.17184, 40.64101], [-74.17191, 40.64101], [-74.17197, 40.641], [-74.172, 40.641], [-74.17202, 40.64099], [-74.17205, 40.64097], [-74.17209, 40.64095], [-74.17226, 40.64086], [-74.1723, 40.64084], [-74.17233, 40.64082], [-74.17237, 40.6408], [-74.17239, 40.64079], [-74.17242, 40.64077], [-74.17243, 40.64076], [-74.17244, 40.64074], [-74.17245, 40.64072], [-74.17246, 40.64071], [-74.17248, 40.64069], [-74.17251, 40.64068], [-74.17255, 40.64067], [-74.17262, 40.64065], [-74.17265, 40.64065], [-74.1727, 40.64064], [-74.17275, 40.64064], [-74.1728, 40.64063], [-74.17284, 40.64061], [-74.1729, 40.64059], [-74.17294, 40.64058], [-74.17297, 40.64056], [-74.17299, 40.64054], [-74.173, 40.64052], [-74.173, 40.64051], [-74.173, 40.6405], [-74.17299, 40.64049], [-74.17299, 40.64049], [-74.17298, 40.64049], [-74.17297, 40.64049], [-74.17296, 40.6405], [-74.17294, 40.64051], [-74.17292, 40.64053], [-74.17289, 40.64055], [-74.17285, 40.64058], [-74.17283, 40.64059], [-74.1728, 40.64061], [-74.17276, 40.64062], [-74.17271, 40.64062], [-74.17263, 40.64063], [-74.17256, 40.64064], [-74.1725, 40.64066], [-74.17246, 40.64067], [-74.17244, 40.64069], [-74.17237, 40.64075], [-74.17231, 40.6408], [-74.17222, 40.64086], [-74.17211, 40.64091], [-74.17206, 40.64094], [-74.17202, 40.64096], [-74.17199, 40.64096], [-74.17197, 40.64097], [-74.17194, 40.64097], [-74.1719, 40.64097], [-74.17186, 40.64098], [-74.17182, 40.64098], [-74.17178, 40.64099], [-74.17174, 40.64099], [-74.17169, 40.641], [-74.17166, 40.641], [-74.17162, 40.64099], [-74.1716, 40.641], [-74.17159, 40.641], [-74.17157, 40.64101], [-74.17156, 40.64103], [-74.17155, 40.64105], [-74.17155, 40.64107], [-74.17155, 40.64109], [-74.17157, 40.64113], [-74.17157, 40.64115], [-74.17156, 40.64116], [-74.17155, 40.64117], [-74.17153, 40.64117], [-74.17151, 40.64117], [-74.1715, 40.64118], [-74.17149, 40.64118], [-74.17148, 40.64119], [-74.17146, 40.64121], [-74.17144, 40.64125], [-74.17144, 40.64134], [-74.17144, 40.64136], [-74.17143, 40.64137], [-74.17141, 40.6414], [-74.1714, 40.64141], [-74.17139, 40.64142], [-74.17139, 40.64148], [-74.1714, 40.6415], [-74.17139, 40.64176], [-74.17137, 40.64208], [-74.17133, 40.64208], [-74.17115, 40.6424], [-74.17118, 40.6424], [-74.17105, 40.64259], [-74.17099, 40.64257], [-74.17128, 40.64211], [-74.17121, 40.64207], [-74.17119, 40.64174], [-74.17029, 40.64178], [-74.17008, 40.64209], [-74.16915, 40.64187], [-74.16906, 40.64213], [-74.1684, 40.64199], [-74.16824, 40.64194], [-74.16823, 40.64192], [-74.1682, 40.64187], [-74.16813, 40.64183], [-74.16802, 40.64184], [-74.16774, 40.64173], [-74.16758, 40.64184], [-74.16677, 40.64158], [-74.16672, 40.64148], [-74.16653, 40.64142], [-74.16648, 40.64143], [-74.16622, 40.64242], [-74.1661, 40.64241], [-74.16632, 40.64144], [-74.16612, 40.64137], [-74.16605, 40.6413], [-74.16591, 40.64126], [-74.1658, 40.64122], [-74.16563, 40.64121], [-74.16544, 40.64228], [-74.16494, 40.64221], [-74.16519, 40.64064], [-74.16481, 40.64043], [-74.16473, 40.64039], [-74.16457, 40.64142], [-74.16441, 40.6414], [-74.1646, 40.64032], [-74.16432, 40.6401], [-74.16417, 40.63999], [-74.164, 40.64107], [-74.16386, 40.64105], [-74.16405, 40.63995], [-74.164, 40.63993], [-74.16394, 40.63991], [-74.16385, 40.63989], [-74.16375, 40.63987], [-74.16365, 40.63986], [-74.16355, 40.63986], [-74.16345, 40.63986], [-74.16323, 40.64095], [-74.16286, 40.64093], [-74.16285, 40.64102], [-74.16279, 40.64103], [-74.16274, 40.64102], [-74.16264, 40.64096], [-74.1625, 40.64092], [-74.16243, 40.64092], [-74.16207, 40.64078], [-74.16207, 40.64073], [-74.16168, 40.64061], [-74.16228, 40.63877], [-74.16203, 40.6387], [-74.16182, 40.63865], [-74.16145, 40.63943], [-74.1613, 40.63939], [-74.16166, 40.63866], [-74.16124, 40.63859], [-74.16116, 40.63869], [-74.1609, 40.63939], [-74.16074, 40.63935], [-74.16106, 40.63868], [-74.16108, 40.63857], [-74.16089, 40.63854], [-74.16081, 40.63863], [-74.16076, 40.63862], [-74.16075, 40.63852], [-74.16042, 40.63847], [-74.16035, 40.63844], [-74.15995, 40.63994], [-74.15986, 40.63993], [-74.16021, 40.63861], [-74.16023, 40.63841], [-74.16015, 40.63839], [-74.16013, 40.63858], [-74.1601, 40.63862], [-74.16009, 40.63865], [-74.16009, 40.63867], [-74.16006, 40.63872], [-74.16003, 40.63873], [-74.15999, 40.63874], [-74.15996, 40.63874], [-74.15992, 40.63874], [-74.15989, 40.63874], [-74.15986, 40.63873], [-74.15978, 40.63865], [-74.15973, 40.63858], [-74.15974, 40.63852], [-74.15972, 40.63845], [-74.15967, 40.63844], [-74.15964, 40.63841], [-74.15963, 40.63835], [-74.15963, 40.63821], [-74.15958, 40.63799], [-74.1595, 40.63796], [-74.15946, 40.63793], [-74.15945, 40.63793], [-74.15942, 40.63791], [-74.15932, 40.63781], [-74.15923, 40.6378], [-74.15916, 40.63785], [-74.15916, 40.63786], [-74.15914, 40.63789], [-74.15913, 40.63793], [-74.15911, 40.63795], [-74.1591, 40.63798], [-74.15909, 40.638], [-74.15908, 40.63801], [-74.15906, 40.63804], [-74.15902, 40.63827], [-74.15899, 40.63858], [-74.15903, 40.63858], [-74.15901, 40.63882], [-74.1589, 40.63882], [-74.15893, 40.63826], [-74.15865, 40.63825], [-74.15863, 40.63813], [-74.15815, 40.63811], [-74.15815, 40.63797], [-74.15789, 40.63796], [-74.15784, 40.63887], [-74.15773, 40.63888], [-74.15777, 40.63796], [-74.15719, 40.63795], [-74.1571, 40.63928], [-74.15698, 40.63928], [-74.15707, 40.63795], [-74.15637, 40.63791], [-74.15637, 40.63795], [-74.1561, 40.63794], [-74.15611, 40.63753], [-74.1557, 40.63752], [-74.15569, 40.63779], [-74.15562, 40.63847], [-74.15549, 40.63847], [-74.15555, 40.63778], [-74.15559, 40.63779], [-74.15559, 40.63773], [-74.15483, 40.63772], [-74.15476, 40.6392], [-74.15469, 40.63919], [-74.15478, 40.63772], [-74.15465, 40.63744], [-74.1546, 40.63734], [-74.15455, 40.6373], [-74.15445, 40.63723], [-74.15438, 40.63719], [-74.15425, 40.63717], [-74.15416, 40.63717], [-74.15403, 40.63718], [-74.15388, 40.6372], [-74.15376, 40.63721], [-74.15363, 40.63725], [-74.15351, 40.63727], [-74.15341, 40.63727], [-74.15328, 40.63727], [-74.15314, 40.63721], [-74.15303, 40.63718], [-74.15297, 40.63716], [-74.15292, 40.63714], [-74.15288, 40.63714], [-74.15282, 40.63713], [-74.1528, 40.63713], [-74.1527, 40.63719], [-74.1527, 40.63727], [-74.15271, 40.63733], [-74.15272, 40.63738], [-74.15272, 40.63738], [-74.15273, 40.63753], [-74.15273, 40.63757], [-74.1527, 40.63764], [-74.15243, 40.63766], [-74.15222, 40.63769], [-74.1523, 40.63827], [-74.15214, 40.63829], [-74.15205, 40.6377], [-74.15205, 40.63767], [-74.1512, 40.63773], [-74.15126, 40.63849], [-74.1514, 40.6394], [-74.15125, 40.63941], [-74.15113, 40.6385], [-74.15056, 40.63856], [-74.15044, 40.63843], [-74.15044, 40.63843], [-74.15041, 40.63838], [-74.15039, 40.63834], [-74.15031, 40.63828], [-74.15011, 40.63827], [-74.14997, 40.63815], [-74.14979, 40.63789], [-74.14968, 40.63752], [-74.14951, 40.63744], [-74.14949, 40.63742], [-74.14948, 40.63742], [-74.14946, 40.63741], [-74.14944, 40.63741], [-74.14942, 40.63741], [-74.1494, 40.63741], [-74.14938, 40.63741], [-74.14936, 40.63742], [-74.14931, 40.63753], [-74.14945, 40.63789], [-74.14942, 40.63829], [-74.14932, 40.63839], [-74.1493, 40.63843], [-74.14929, 40.6385], [-74.14929, 40.63851], [-74.14929, 40.63855], [-74.14928, 40.63857], [-74.14924, 40.63862], [-74.14919, 40.63867], [-74.14888, 40.63871], [-74.14856, 40.63744], [-74.14853, 40.63745], [-74.14852, 40.63755], [-74.14878, 40.63888], [-74.14761, 40.63904], [-74.1475, 40.63891], [-74.14602, 40.63909], [-74.14606, 40.63923], [-74.14519, 40.63938], [-74.14484, 40.63935], [-74.14467, 40.6393], [-74.14459, 40.6392], [-74.14434, 40.6391], [-74.14426, 40.63904], [-74.14423, 40.63902], [-74.14416, 40.639], [-74.14409, 40.63897], [-74.14405, 40.63892], [-74.14402, 40.6389], [-74.14395, 40.63888], [-74.14389, 40.63888], [-74.14386, 40.63889], [-74.14384, 40.63889], [-74.14381, 40.6389], [-74.14379, 40.63891], [-74.14378, 40.63893], [-74.14376, 40.63894], [-74.14375, 40.63896], [-74.14384, 40.63909], [-74.14382, 40.63921], [-74.14374, 40.63923], [-74.14368, 40.63923], [-74.14365, 40.63923], [-74.14361, 40.63923], [-74.14357, 40.63923], [-74.14349, 40.63933], [-74.14342, 40.63947], [-74.14345, 40.63948], [-74.14336, 40.63971], [-74.14328, 40.63972], [-74.14318, 40.63969], [-74.14313, 40.63968], [-74.1436, 40.63851], [-74.14365, 40.63848], [-74.14478, 40.63795], [-74.14556, 40.63546], [-74.14567, 40.63505], [-74.14584, 40.63457], [-74.14642, 40.63272], [-74.1466, 40.63213], [-74.14666, 40.63195], [-74.14683, 40.63138], [-74.14691, 40.63116], [-74.14737, 40.62983], [-74.14753, 40.62939], [-74.14636, 40.62915], [-74.14629, 40.62914], [-74.14622, 40.62911], [-74.14617, 40.62907], [-74.14612, 40.62899], [-74.14609, 40.62892], [-74.14607, 40.62883], [-74.14608, 40.62875], [-74.14594, 40.62782], [-74.14566, 40.62783], [-74.14554, 40.62783], [-74.14554, 40.62752], [-74.1456, 40.62699], [-74.14561, 40.62689], [-74.14563, 40.62673], [-74.14571, 40.62643], [-74.14576, 40.6263], [-74.14592, 40.62584], [-74.14623, 40.62493], [-74.1465, 40.6242], [-74.14678, 40.62361], [-74.14711, 40.62303], [-74.14729, 40.62277], [-74.14745, 40.62253], [-74.14753, 40.62242], [-74.14773, 40.62214], [-74.14819, 40.6216], [-74.14825, 40.62153], [-74.14832, 40.62145], [-74.1486, 40.62117], [-74.14911, 40.62064], [-74.14923, 40.62052], [-74.14926, 40.62048], [-74.14982, 40.61992], [-74.1502, 40.61954], [-74.15038, 40.61935], [-74.15072, 40.619], [-74.15094, 40.61877], [-74.15135, 40.61835], [-74.15166, 40.61804], [-74.15184, 40.61782], [-74.15206, 40.61753], [-74.15219, 40.61735], [-74.15231, 40.61716], [-74.15242, 40.61697], [-74.15251, 40.61677], [-74.15259, 40.61657], [-74.15281, 40.61583], [-74.15291, 40.61552], [-74.15296, 40.61533], [-74.15321, 40.61439], [-74.15368, 40.61266], [-74.15371, 40.61255], [-74.15375, 40.6124], [-74.15379, 40.61226], [-74.15387, 40.61232], [-74.15474, 40.61299], [-74.15479, 40.61303], [-74.15651, 40.61435], [-74.15737, 40.61503], [-74.15793, 40.61546], [-74.15862, 40.61594], [-74.15913, 40.6163], [-74.15987, 40.61681], [-74.16052, 40.61723], [-74.16163, 40.61793], [-74.16235, 40.61834], [-74.16337, 40.61885], [-74.16394, 40.61914], [-74.16484, 40.61957], [-74.16571, 40.61995], [-74.16603, 40.62009], [-74.16743, 40.62068], [-74.1677, 40.62079], [-74.16808, 40.62094], [-74.16847, 40.62105], [-74.16878, 40.62112], [-74.16889, 40.62115], [-74.16924, 40.62122], [-74.16954, 40.62127], [-74.16986, 40.62131], [-74.17096, 40.62144], [-74.17181, 40.62154], [-74.17207, 40.62158], [-74.17236, 40.62164], [-74.17271, 40.62171], [-74.17327, 40.62184], [-74.17361, 40.62195], [-74.17395, 40.62207], [-74.17428, 40.62221], [-74.1746, 40.62236], [-74.1749, 40.62253], [-74.1752, 40.62271], [-74.1761, 40.62341], [-74.17775, 40.62494], [-74.17782, 40.62499], [-74.17809, 40.62526], [-74.17828, 40.62545], [-74.17888, 40.62593], [-74.17918, 40.62614], [-74.17925, 40.62618], [-74.17954, 40.62636], [-74.17994, 40.6266], [-74.18033, 40.62683], [-74.1819, 40.62776], [-74.18368, 40.62874], [-74.18649, 40.63022], [-74.19216, 40.63323], [-74.19248, 40.63341], [-74.19556, 40.63502], [-74.19553, 40.63505], [-74.19551, 40.63508], [-74.19549, 40.6351], [-74.19547, 40.63511], [-74.19546, 40.63515], [-74.19543, 40.63518], [-74.19539, 40.63519], [-74.19536, 40.6352], [-74.19533, 40.63521], [-74.19531, 40.63523], [-74.1953, 40.63526], [-74.19531, 40.63529], [-74.19529, 40.6353], [-74.19526, 40.63533], [-74.19521, 40.63538], [-74.19519, 40.63542], [-74.19518, 40.63544], [-74.19519, 40.63547], [-74.19521, 40.63549], [-74.19522, 40.63551], [-74.19522, 40.63552], [-74.1952, 40.63552], [-74.19519, 40.63553], [-74.19518, 40.63554], [-74.19518, 40.63555], [-74.19518, 40.63558], [-74.1952, 40.63559], [-74.19522, 40.6356], [-74.19522, 40.63563], [-74.19522, 40.63565], [-74.19521, 40.63566], [-74.19521, 40.63568], [-74.1952, 40.63569], [-74.1952, 40.63571], [-74.19518, 40.63573], [-74.19515, 40.63575], [-74.19449, 40.63645], [-74.19451, 40.63646], [-74.19454, 40.63647], [-74.19455, 40.63649], [-74.19454, 40.63652], [-74.19453, 40.63653], [-74.19449, 40.63655], [-74.19446, 40.63656], [-74.19444, 40.63656], [-74.19442, 40.63658], [-74.19441, 40.63663], [-74.19445, 40.6368], [-74.19447, 40.63687], [-74.1945, 40.63692], [-74.1945, 40.63697], [-74.19452, 40.63703], [-74.19454, 40.63707], [-74.19456, 40.63708], [-74.19459, 40.63709], [-74.19462, 40.63709], [-74.19464, 40.63708], [-74.19466, 40.63706], [-74.19466, 40.63705], [-74.19468, 40.63703], [-74.19469, 40.63703], [-74.1947, 40.63703], [-74.19473, 40.63704], [-74.19477, 40.63708], [-74.19479, 40.63713], [-74.19478, 40.63718], [-74.19477, 40.6372], [-74.19477, 40.6372], [-74.19476, 40.63723], [-74.19474, 40.63727], [-74.19462, 40.63739], [-74.19454, 40.63741], [-74.1945, 40.63742], [-74.19442, 40.63742], [-74.19439, 40.63741], [-74.19438, 40.6374], [-74.19437, 40.63739], [-74.19436, 40.63737], [-74.19436, 40.63737], [-74.19436, 40.63736], [-74.19436, 40.63733], [-74.19434, 40.63732], [-74.19431, 40.63732], [-74.19428, 40.63733], [-74.19426, 40.63734], [-74.19424, 40.63734], [-74.1942, 40.63732], [-74.19417, 40.63731], [-74.19413, 40.63731], [-74.19408, 40.6373], [-74.19397, 40.63731], [-74.1939, 40.63732], [-74.19383, 40.63735], [-74.19377, 40.63737], [-74.19372, 40.63739], [-74.19363, 40.63744], [-74.19358, 40.63747], [-74.19372, 40.63757], [-74.19323, 40.63796], [-74.18702, 40.64298], [-74.18653, 40.64339], [-74.18623, 40.64319], [-74.1861, 40.64327], [-74.18606, 40.64345], [-74.18598, 40.64351], [-74.18591, 40.64363], [-74.18564, 40.64377], [-74.18557, 40.6438], [-74.1855, 40.64382], [-74.18536, 40.64379], [-74.18535, 40.64379], [-74.1853, 40.64377], [-74.1852, 40.64379], [-74.18514, 40.64381], [-74.18511, 40.64381], [-74.18509, 40.64384], [-74.18511, 40.64387], [-74.18517, 40.6439], [-74.18525, 40.64394], [-74.1852, 40.64395], [-74.18517, 40.64397], [-74.18514, 40.64397], [-74.18498, 40.64407], [-74.18493, 40.64407], [-74.18489, 40.64407], [-74.18487, 40.64408], [-74.18485, 40.64413], [-74.18484, 40.64413], [-74.18483, 40.64412], [-74.18479, 40.64407], [-74.18477, 40.64405], [-74.18477, 40.64403], [-74.18477, 40.64401], [-74.18477, 40.644], [-74.18477, 40.64398], [-74.18476, 40.64396], [-74.18475, 40.64395], [-74.18475, 40.64394], [-74.18472, 40.64393], [-74.1847, 40.64392], [-74.18468, 40.64392], [-74.18466, 40.64391], [-74.18464, 40.64389], [-74.18463, 40.64385], [-74.18463, 40.64383], [-74.18462, 40.64382], [-74.1846, 40.6438], [-74.18459, 40.6438], [-74.18459, 40.64379], [-74.18458, 40.64379], [-74.18455, 40.64379], [-74.18454, 40.64379], [-74.18451, 40.64379], [-74.18449, 40.64378], [-74.18447, 40.64377], [-74.18446, 40.64375], [-74.18445, 40.64373], [-74.18444, 40.64372], [-74.18444, 40.6437], [-74.18444, 40.64369], [-74.18444, 40.64368], [-74.18444, 40.64367], [-74.18444, 40.64366], [-74.18442, 40.64365], [-74.1844, 40.64364], [-74.1843, 40.64361], [-74.18424, 40.6436], [-74.1842, 40.64359], [-74.18418, 40.64358], [-74.18416, 40.64357], [-74.18413, 40.64355], [-74.18411, 40.64353], [-74.1841, 40.64348], [-74.18407, 40.64341], [-74.18406, 40.64339], [-74.18406, 40.64338], [-74.18406, 40.64334], [-74.18406, 40.64332], [-74.18408, 40.64331], [-74.18409, 40.64329], [-74.18411, 40.64328], [-74.18411, 40.64327], [-74.18412, 40.64326], [-74.18412, 40.64325], [-74.18413, 40.64324], [-74.18414, 40.64323], [-74.18415, 40.64322], [-74.18416, 40.64321], [-74.18418, 40.6432], [-74.18419, 40.64318], [-74.18419, 40.64317], [-74.1842, 40.64317], [-74.18421, 40.64317], [-74.18422, 40.64318], [-74.18422, 40.64319], [-74.18422, 40.64321], [-74.18423, 40.64321], [-74.18423, 40.64323], [-74.18424, 40.64323], [-74.18425, 40.64323], [-74.18426, 40.64323], [-74.18427, 40.64322], [-74.18428, 40.64322], [-74.18429, 40.64322], [-74.1843, 40.64322], [-74.18431, 40.64323], [-74.18432, 40.64323], [-74.18433, 40.64323], [-74.18433, 40.64322], [-74.18433, 40.64321], [-74.18432, 40.64321], [-74.18431, 40.6432], [-74.18431, 40.6432], [-74.18431, 40.64319], [-74.18432, 40.64318], [-74.18433, 40.64318], [-74.18435, 40.64318], [-74.18436, 40.64317], [-74.18436, 40.64316], [-74.18436, 40.64315], [-74.18435, 40.64315], [-74.18434, 40.64314], [-74.18433, 40.64313], [-74.18433, 40.64312], [-74.18434, 40.64312], [-74.18435, 40.64311], [-74.18436, 40.64311], [-74.18437, 40.6431], [-74.18437, 40.6431], [-74.18436, 40.64309], [-74.18434, 40.64309], [-74.18431, 40.6431], [-74.1843, 40.6431], [-74.18428, 40.64311], [-74.18426, 40.64312], [-74.18424, 40.64312], [-74.18422, 40.64312], [-74.18421, 40.64312], [-74.18421, 40.64311], [-74.1842, 40.64309], [-74.18419, 40.64307], [-74.18419, 40.64306], [-74.1842, 40.64304], [-74.1842, 40.64303], [-74.1842, 40.64301], [-74.18418, 40.64299], [-74.18416, 40.64297], [-74.18415, 40.64295], [-74.18414, 40.64292], [-74.18409, 40.6428], [-74.18408, 40.64274], [-74.18406, 40.6427], [-74.18404, 40.64266], [-74.18402, 40.64263], [-74.18401, 40.6426], [-74.184, 40.64258], [-74.18399, 40.64255], [-74.18398, 40.64254], [-74.18397, 40.64253], [-74.18396, 40.64251], [-74.18395, 40.64249], [-74.18394, 40.64248], [-74.18393, 40.64246], [-74.1839, 40.64243], [-74.18382, 40.64237], [-74.18373, 40.64231], [-74.18372, 40.6423], [-74.18372, 40.64229], [-74.18373, 40.64227], [-74.18373, 40.64227], [-74.18365, 40.64224], [-74.18365, 40.64224], [-74.18363, 40.64226], [-74.18362, 40.64228], [-74.18362, 40.6423], [-74.18361, 40.64232], [-74.18362, 40.64234], [-74.18363, 40.64237], [-74.18364, 40.6424], [-74.18366, 40.64244], [-74.18367, 40.64247], [-74.18369, 40.64249], [-74.18371, 40.64251], [-74.18372, 40.64253], [-74.18374, 40.64254], [-74.1838, 40.6426], [-74.18381, 40.64261], [-74.18381, 40.64263], [-74.1838, 40.64265], [-74.1838, 40.64267], [-74.18379, 40.64269], [-74.18379, 40.64271], [-74.18379, 40.64272], [-74.1838, 40.64274], [-74.18383, 40.64276], [-74.18387, 40.64279], [-74.18389, 40.64281], [-74.18391, 40.64284], [-74.18393, 40.64286], [-74.18394, 40.64288], [-74.18395, 40.6429], [-74.18395, 40.64291], [-74.18394, 40.64293], [-74.18395, 40.64295], [-74.18397, 40.64297], [-74.18398, 40.64299], [-74.18402, 40.64307], [-74.18403, 40.64309], [-74.18403, 40.6431], [-74.18402, 40.64311], [-74.184, 40.64312], [-74.18398, 40.64314], [-74.18396, 40.64316], [-74.18395, 40.64318], [-74.18393, 40.6432], [-74.18392, 40.64322], [-74.18392, 40.64324], [-74.18391, 40.64325], [-74.1839, 40.64326], [-74.1839, 40.64327], [-74.18388, 40.64327], [-74.18385, 40.64327], [-74.18382, 40.64326], [-74.1838, 40.64325], [-74.18378, 40.64323], [-74.18376, 40.64322], [-74.18374, 40.6432], [-74.18374, 40.64319], [-74.18373, 40.64318], [-74.18372, 40.64318], [-74.18371, 40.64317], [-74.18369, 40.64315], [-74.18367, 40.64313], [-74.18366, 40.64312], [-74.18366, 40.64311], [-74.18364, 40.64309], [-74.18362, 40.64308], [-74.18361, 40.64306], [-74.18356, 40.64304], [-74.18355, 40.64302], [-74.18354, 40.64301], [-74.18353, 40.64299], [-74.18352, 40.64298], [-74.1835, 40.64296], [-74.18347, 40.64295], [-74.18345, 40.64294], [-74.18343, 40.64294], [-74.1834, 40.64293], [-74.18338, 40.64292], [-74.18337, 40.64292], [-74.18335, 40.64291], [-74.18333, 40.64291], [-74.18331, 40.64291], [-74.18328, 40.64292], [-74.18327, 40.64293], [-74.18325, 40.64295], [-74.18324, 40.64296], [-74.18324, 40.64298], [-74.18325, 40.643], [-74.18327, 40.64301], [-74.18328, 40.64303], [-74.1833, 40.64306], [-74.18332, 40.64308], [-74.18333, 40.6431], [-74.18334, 40.64313], [-74.18336, 40.64315], [-74.18338, 40.64317], [-74.1834, 40.6432], [-74.18342, 40.64322], [-74.18343, 40.64325], [-74.18344, 40.64327], [-74.18345, 40.6433], [-74.18346, 40.64332], [-74.18346, 40.64334], [-74.18347, 40.64337], [-74.18347, 40.6434], [-74.18347, 40.64341], [-74.18347, 40.64343], [-74.18347, 40.64345], [-74.18346, 40.64347], [-74.18345, 40.64349], [-74.18343, 40.6435], [-74.18341, 40.6435], [-74.1834, 40.64351], [-74.18338, 40.64352], [-74.18338, 40.64353], [-74.18338, 40.64356], [-74.18338, 40.64359], [-74.1834, 40.64361], [-74.18342, 40.64363], [-74.18343, 40.64365], [-74.18346, 40.64367], [-74.18348, 40.6437], [-74.18349, 40.64373], [-74.1835, 40.64375], [-74.18351, 40.64376], [-74.18352, 40.64378], [-74.18353, 40.64381], [-74.18353, 40.64383], [-74.18354, 40.64385], [-74.18354, 40.64386], [-74.18354, 40.64387], [-74.18353, 40.64388], [-74.18354, 40.6439], [-74.18356, 40.64395], [-74.18362, 40.64403], [-74.18364, 40.64408], [-74.18366, 40.64416], [-74.18368, 40.6442], [-74.1837, 40.64421], [-74.18371, 40.64427], [-74.18372, 40.6443], [-74.18372, 40.6443], [-74.18372, 40.6443], [-74.18373, 40.6443], [-74.18373, 40.6443], [-74.18376, 40.64435], [-74.18379, 40.64441], [-74.1838, 40.64443], [-74.18379, 40.64446], [-74.18378, 40.64448], [-74.18376, 40.64451], [-74.18374, 40.64454], [-74.18373, 40.64455], [-74.1837, 40.64456], [-74.18368, 40.64457], [-74.18367, 40.64458], [-74.18367, 40.64459], [-74.18367, 40.6446], [-74.18367, 40.64461], [-74.18366, 40.64462], [-74.18363, 40.64463], [-74.18359, 40.64463], [-74.18356, 40.64463], [-74.18354, 40.64463], [-74.1835, 40.64464], [-74.18348, 40.64464], [-74.18345, 40.64465], [-74.18342, 40.64466], [-74.18339, 40.64466], [-74.18336, 40.64467], [-74.18333, 40.64468], [-74.18329, 40.64468], [-74.18327, 40.64469], [-74.18324, 40.6447], [-74.18323, 40.64471], [-74.18321, 40.64472], [-74.18318, 40.64473], [-74.18315, 40.64474], [-74.18311, 40.64476], [-74.18298, 40.64479], [-74.18289, 40.6448], [-74.1828, 40.6448], [-74.18273, 40.64479], [-74.18265, 40.64478], [-74.18259, 40.64478], [-74.18251, 40.64477], [-74.18243, 40.64476], [-74.18234, 40.64476], [-74.18228, 40.64475], [-74.18222, 40.64475], [-74.18201, 40.6447], [-74.18199, 40.6447], [-74.18195, 40.64469], [-74.18193, 40.64469], [-74.1819, 40.64468], [-74.18187, 40.64469], [-74.18184, 40.64469], [-74.18179, 40.6447], [-74.18175, 40.64471], [-74.18172, 40.64471], [-74.18167, 40.64471], [-74.18163, 40.6447], [-74.18159, 40.64469], [-74.18154, 40.64467], [-74.18149, 40.64466], [-74.18145, 40.64464], [-74.18142, 40.64463], [-74.18138, 40.64461], [-74.18133, 40.6446], [-74.1813, 40.64459], [-74.18127, 40.64458], [-74.18124, 40.64458], [-74.18122, 40.64458], [-74.18118, 40.64459], [-74.18116, 40.64459], [-74.18113, 40.6446], [-74.18111, 40.64461], [-74.18109, 40.64463], [-74.18107, 40.64465], [-74.18104, 40.64468], [-74.18103, 40.6447], [-74.18101, 40.64475], [-74.181, 40.64477], [-74.18098, 40.64479], [-74.18096, 40.64481], [-74.18094, 40.64483], [-74.18092, 40.64484], [-74.18089, 40.64485], [-74.18087, 40.64485], [-74.18085, 40.64485], [-74.18083, 40.64484], [-74.18081, 40.64482], [-74.1808, 40.6448], [-74.18081, 40.64477], [-74.18081, 40.64475], [-74.18081, 40.64472], [-74.18081, 40.6447], [-74.18081, 40.64467], [-74.1808, 40.64464], [-74.1808, 40.64463], [-74.1808, 40.64461], [-74.18079, 40.64459], [-74.18079, 40.64458], [-74.18077, 40.64456], [-74.18075, 40.64455], [-74.18071, 40.64454], [-74.18068, 40.64453], [-74.18063, 40.64452], [-74.18061, 40.64451], [-74.18058, 40.64451], [-74.18053, 40.64448], [-74.1805, 40.64446], [-74.1805, 40.64443], [-74.18049, 40.64436], [-74.18048, 40.64428], [-74.18004, 40.64429], [-74.18005, 40.64437], [-74.17991, 40.64438], [-74.17992, 40.64465], [-74.17994, 40.64465], [-74.17997, 40.64527], [-74.1799, 40.64527]]], [[[-74.15946, 40.64145], [-74.15975, 40.64142], [-74.15998, 40.64145], [-74.16015, 40.64149], [-74.16032, 40.64158], [-74.16047, 40.64164], [-74.16058, 40.64167], [-74.1607, 40.64169], [-74.16078, 40.64174], [-74.16085, 40.64175], [-74.16095, 40.64179], [-74.16102, 40.6418], [-74.16111, 40.64184], [-74.16114, 40.64191], [-74.16118, 40.64201], [-74.16118, 40.64213], [-74.16119, 40.64226], [-74.16121, 40.64236], [-74.1612, 40.64266], [-74.16123, 40.64281], [-74.16125, 40.64294], [-74.16135, 40.64343], [-74.16139, 40.64367], [-74.16144, 40.6439], [-74.16148, 40.6441], [-74.16146, 40.64429], [-74.15799, 40.64386], [-74.15797, 40.64381], [-74.15791, 40.64375], [-74.15785, 40.6437], [-74.15782, 40.64366], [-74.15778, 40.64363], [-74.15773, 40.64357], [-74.15763, 40.64348], [-74.15751, 40.64338], [-74.15743, 40.6433], [-74.15756, 40.64323], [-74.15771, 40.64321], [-74.15783, 40.64315], [-74.15792, 40.64308], [-74.15799, 40.64299], [-74.15805, 40.64287], [-74.15807, 40.64276], [-74.15811, 40.64269], [-74.15813, 40.64263], [-74.1582, 40.6426], [-74.15828, 40.64256], [-74.1584, 40.64254], [-74.15849, 40.64254], [-74.15855, 40.6425], [-74.15858, 40.64243], [-74.15866, 40.6423], [-74.15869, 40.64219], [-74.15874, 40.642], [-74.15881, 40.64176], [-74.1592, 40.64165], [-74.15932, 40.64156], [-74.15946, 40.64145]]]]}}, {"type": "Feature", "properties": {"zone_id": 172, "zone": "New Dorp/Midland Beach", "borough": "Staten Island", "demand": 0}, "geometry": {"type": "Polygon", "coordinates": [[[-74.08655, 40.56963], [-74.08691, 40.56899], [-74.08619, 40.56856], [-74.08622, 40.56853], [-74.08725, 40.56908], [-74.08735, 40.56902], [-74.08756, 40.56885], [-74.08793, 40.56859], [-74.08836, 40.56827], [-74.08852, 40.56807], [-74.0892, 40.56717], [-74.08914, 40.56713], [-74.08925, 40.56702], [-74.08998, 40.56738], [-74.09055, 40.56708], [-74.091, 40.56674], [-74.09124, 40.56651], [-74.09405, 40.56298], [-74.094, 40.56281], [-74.09407, 40.56273], [-74.09511, 40.56317], [-74.09524, 40.56315], [-74.09542, 40.56315], [-74.09568, 40.56292], [-74.09566, 40.56282], [-74.09567, 40.56278], [-74.09571, 40.56275], [-74.09576, 40.56273], [-74.09582, 40.56272], [-74.09589, 40.56272], [-74.09612, 40.56259], [-74.09629, 40.56242], [-74.09661, 40.56209], [-74.09687, 40.56172], [-74.09698, 40.56148], [-74.09703, 40.56134], [-74.09709, 40.56125], [-74.09716, 40.56119], [-74.09723, 40.56112], [-74.09731, 40.56102], [-74.09742, 40.56088], [-74.0976, 40.56061], [-74.09789, 40.56017], [-74.09796, 40.56004], [-74.09798, 40.55999], [-74.09799, 40.55997], [-74.09804, 40.55991], [-74.09812, 40.55989], [-74.0982, 40.55984], [-74.09827, 40.55955], [-74.09829, 40.55933], [-74.09822, 40.55928], [-74.09809, 40.5592], [-74.098, 40.55919], [-74.09783, 40.55912], [-74.0978, 40.55909], [-74.09782, 40.55905], [-74.09785, 40.55903], [-74.09793, 40.55904], [-74.09862, 40.55939], [-74.09866, 40.55941], [-74.09871, 40.55942], [-74.09876, 40.55942], [-74.09883, 40.55939], [-74.09893, 40.55935], [-74.0991, 40.55926], [-74.09933, 40.5591], [-74.0993, 40.559], [-74.09938, 40.55896], [-74.09972, 40.55914], [-74.09993, 40.55907], [-74.10174, 40.55991], [-74.102, 40.56001], [-74.10226, 40.56011], [-74.10251, 40.56023], [-74.10276, 40.56034], [-74.103, 40.56047], [-74.10324, 40.5606], [-74.10347, 40.56073], [-74.1037, 40.56088], [-74.10392, 40.56102], [-74.10413, 40.56117], [-74.10485, 40.5616], [-74.10558, 40.56199], [-74.10617, 40.5623], [-74.10691, 40.56267], [-74.1071, 40.56277], [-74.10787, 40.56315], [-74.10862, 40.56353], [-74.10936, 40.56391], [-74.11014, 40.56431], [-74.11211, 40.56551], [-74.1137, 40.56646], [-74.11376, 40.5665], [-74.11431, 40.56595], [-74.1149, 40.56537], [-74.11547, 40.56481], [-74.11636, 40.56392], [-74.11641, 40.56394], [-74.11721, 40.56442], [-74.11804, 40.56492], [-74.11876, 40.56536], [-74.11948, 40.56578], [-74.12024, 40.56623], [-74.12167, 40.56709], [-74.12309, 40.56797], [-74.12329, 40.56808], [-74.1236, 40.56824], [-74.12395, 40.56843], [-74.1249, 40.56895], [-74.12419, 40.56942], [-74.12345, 40.56992], [-74.12279, 40.57043], [-74.1226, 40.5706], [-74.12217, 40.57094], [-74.12163, 40.5715], [-74.1215, 40.57172], [-74.12139, 40.57209], [-74.12139, 40.57222], [-74.12136, 40.57237], [-74.12136, 40.57237], [-74.12136, 40.57237], [-74.12134, 40.57252], [-74.12134, 40.57268], [-74.12134, 40.57268], [-74.12136, 40.57283], [-74.12139, 40.57298], [-74.1216, 40.57356], [-74.1217, 40.57383], [-74.12183, 40.57422], [-74.12185, 40.57465], [-74.12173, 40.57491], [-74.12154, 40.57515], [-74.12126, 40.57525], [-74.12112, 40.57531], [-74.11979, 40.57582], [-74.11911, 40.57616], [-74.11845, 40.57666], [-74.11803, 40.57717], [-74.11758, 40.5777], [-74.11702, 40.5782], [-74.11683, 40.57825], [-74.11663, 40.5783], [-74.11643, 40.57833], [-74.11623, 40.57835], [-74.11602, 40.57836], [-74.11588, 40.57838], [-74.11575, 40.57842], [-74.11563, 40.57848], [-74.11552, 40.57855], [-74.11542, 40.57863], [-74.11482, 40.57918], [-74.11423, 40.57973], [-74.11395, 40.58004], [-74.11367, 40.58031], [-74.11307, 40.58077], [-74.11221, 40.58127], [-74.11128, 40.58179], [-74.11029, 40.5822], [-74.10925, 40.58268], [-74.10791, 40.58369], [-74.10729, 40.58422], [-74.10649, 40.5849], [-74.10588, 40.58541], [-74.10526, 40.58592], [-74.10279, 40.58422], [-74.10266, 40.58409], [-74.1025, 40.58401], [-74.10061, 40.58271], [-74.09844, 40.58124], [-74.09909, 40.58073], [-74.09974, 40.58021], [-74.10039, 40.57969], [-74.0994, 40.57919], [-74.09851, 40.57873], [-74.09741, 40.57817], [-74.09613, 40.57753], [-74.09518, 40.57702], [-74.09484, 40.57681], [-74.09409, 40.57642], [-74.09336, 40.57605], [-74.09257, 40.57567], [-74.09182, 40.57527], [-74.09109, 40.5749], [-74.09033, 40.57452], [-74.08961, 40.57413], [-74.08887, 40.57372], [-74.08775, 40.57311], [-74.0877, 40.57306], [-74.08766, 40.57301], [-74.08598, 40.57224], [-74.08496, 40.57126], [-74.08595, 40.5703], [-74.08655, 40.56963]]]}}, {"type": "Feature", "properties": {"zone_id": 176, "zone": "Oakwood", "borough": "Staten Island", "demand": 0}, "geometry": {"type": "Polygon", "coordinates": [[[-74.12187, 40.57511], [-74.12187, 40.57511], [-74.12187, 40.57511], [-74.12176, 40.57511], [-74.12176, 40.57511], [-74.12176, 40.57511], [-74.12165, 40.57513], [-74.12165, 40.57513], [-74.12165, 40.57513], [-74.12154, 40.57515], [-74.12173, 40.57491], [-74.12185, 40.57465], [-74.12183, 40.57422], [-74.1217, 40.57383], [-74.1216, 40.57356], [-74.12139, 40.57298], [-74.12136, 40.57283], [-74.12134, 40.57268], [-74.12134, 40.57268], [-74.12134, 40.57252], [-74.12136, 40.57237], [-74.12136, 40.57237], [-74.12136, 40.57237], [-74.12139, 40.57222], [-74.12139, 40.57209], [-74.1215, 40.57172], [-74.12163, 40.5715], [-74.12217, 40.57094], [-74.1226, 40.5706], [-74.12279, 40.57043], [-74.12345, 40.56992], [-74.12419, 40.56942], [-74.1249, 40.56895], [-74.12395, 40.56843], [-74.1236, 40.56824], [-74.12329, 40.56808], [-74.12309, 40.56797], [-74.12167, 40.56709], [-74.12024, 40.56623], [-74.11948, 40.56578], [-74.11876, 40.56536], [-74.11804, 40.56492], [-74.11721, 40.56442], [-74.11641, 40.56394], [-74.11636, 40.56392], [-74.11547, 40.56481], [-74.1149, 40.56537], [-74.11431, 40.56595], [-74.11376, 40.5665], [-74.1137, 40.56646], [-74.11211, 40.56551], [-74.11014, 40.56431], [-74.10936, 40.56391], [-74.10862, 40.56353], [-74.10787, 40.56315], [-74.1071, 40.56277], [-74.10691, 40.56267], [-74.10617, 40.5623], [-74.10558, 40.56199], [-74.10485, 40.5616], [-74.10413, 40.56117], [-74.10392, 40.56102], [-74.1037, 40.56088], [-74.10347, 40.56073], [-74.10324, 40.5606], [-74.103, 40.56047], [-74.10276, 40.56034], [-74.10251, 40.56023], [-74.10226, 40.56011], [-74.102, 40.56001], [-74.10174, 40.55991], [-74.09993, 40.55907], [-74.10021, 40.55887], [-74.1008, 40.55832], [-74.10124, 40.55766], [-74.1016, 40.5568], [-74.10185, 40.55622], [-74.10184, 40.55594], [-74.10138, 40.55569], [-74.10135, 40.55563], [-74.10135, 40.55558], [-74.10141, 40.55554], [-74.10147, 40.55553], [-74.10265, 40.55613], [-74.1031, 40.5559], [-74.10386, 40.55512], [-74.10466, 40.55412], [-74.10509, 40.55324], [-74.10486, 40.55308], [-74.10484, 40.55303], [-74.10492, 40.55302], [-74.1051, 40.55313], [-74.10604, 40.55364], [-74.10643, 40.55385], [-74.10643, 40.5539], [-74.10643, 40.55395], [-74.10642, 40.55398], [-74.10641, 40.55401], [-74.10642, 40.55404], [-74.10643, 40.55407], [-74.10645, 40.5541], [-74.10648, 40.55413], [-74.10651, 40.55415], [-74.10655, 40.55417], [-74.10659, 40.55418], [-74.10663, 40.55419], [-74.10668, 40.55419], [-74.10705, 40.5542], [-74.10735, 40.55415], [-74.10769, 40.55398], [-74.10854, 40.55326], [-74.1091, 40.55272], [-74.10925, 40.55258], [-74.10925, 40.55257], [-74.10947, 40.55236], [-74.10985, 40.55195], [-74.11028, 40.5515], [-74.11098, 40.55051], [-74.1112, 40.55019], [-74.11167, 40.54952], [-74.11279, 40.54788], [-74.11292, 40.54782], [-74.11301, 40.54778], [-74.11338, 40.54807], [-74.11395, 40.54873], [-74.11445, 40.54917], [-74.11496, 40.54958], [-74.11656, 40.54913], [-74.11814, 40.55059], [-74.11876, 40.55122], [-74.11852, 40.55143], [-74.11946, 40.55222], [-74.12076, 40.55308], [-74.1227, 40.55436], [-74.1238, 40.55508], [-74.12402, 40.55523], [-74.12573, 40.55633], [-74.12725, 40.55727], [-74.1273, 40.5573], [-74.12812, 40.55653], [-74.12896, 40.55577], [-74.12976, 40.55503], [-74.13042, 40.55444], [-74.13109, 40.55397], [-74.13178, 40.55349], [-74.13317, 40.55236], [-74.13321, 40.55238], [-74.13377, 40.55281], [-74.13499, 40.55381], [-74.1361, 40.55472], [-74.13743, 40.55582], [-74.13755, 40.55591], [-74.1377, 40.55603], [-74.13885, 40.55695], [-74.13818, 40.55759], [-74.13739, 40.55802], [-74.1366, 40.55839], [-74.13575, 40.55885], [-74.13561, 40.55898], [-74.13549, 40.55912], [-74.13539, 40.55927], [-74.1353, 40.55942], [-74.13524, 40.55959], [-74.13519, 40.55975], [-74.13481, 40.56083], [-74.13397, 40.56159], [-74.13367, 40.56184], [-74.13341, 40.56213], [-74.13311, 40.56287], [-74.13264, 40.5635], [-74.1317, 40.56454], [-74.1324, 40.56476], [-74.1333, 40.56497], [-74.1346, 40.56527], [-74.13494, 40.56539], [-74.13527, 40.56552], [-74.1356, 40.56566], [-74.13592, 40.56582], [-74.13622, 40.56599], [-74.13651, 40.56617], [-74.13768, 40.56672], [-74.1389, 40.56729], [-74.13976, 40.56771], [-74.14027, 40.56795], [-74.14131, 40.56843], [-74.14152, 40.56852], [-74.14287, 40.56908], [-74.14439, 40.56971], [-74.14402, 40.57033], [-74.14387, 40.57061], [-74.14404, 40.5713], [-74.14419, 40.57204], [-74.14185, 40.57233], [-74.14111, 40.57242], [-74.14024, 40.57253], [-74.13847, 40.57274], [-74.13814, 40.57278], [-74.13704, 40.57291], [-74.13635, 40.57299], [-74.13579, 40.57305], [-74.13462, 40.5732], [-74.13379, 40.5733], [-74.1333, 40.57337], [-74.13295, 40.57344], [-74.13261, 40.57353], [-74.13227, 40.57363], [-74.13194, 40.57374], [-74.13094, 40.57411], [-74.1293, 40.57468], [-74.12914, 40.57473], [-74.12815, 40.57506], [-74.12785, 40.57517], [-74.12765, 40.57523], [-74.12752, 40.57541], [-74.12752, 40.57541], [-74.12752, 40.57541], [-74.1274, 40.57559], [-74.1274, 40.57559], [-74.1274, 40.57559], [-74.1273, 40.57578], [-74.1273, 40.57578], [-74.1273, 40.57578], [-74.12721, 40.57597], [-74.12721, 40.57597], [-74.12721, 40.57597], [-74.12714, 40.57617], [-74.12714, 40.57617], [-74.12714, 40.57617], [-74.12709, 40.57637], [-74.12666, 40.57628], [-74.12564, 40.57597], [-74.12513, 40.57588], [-74.12408, 40.57583], [-74.1235, 40.57581], [-74.12334, 40.57579], [-74.12334, 40.57579], [-74.12334, 40.57579], [-74.12318, 40.57575], [-74.12318, 40.57575], [-74.12318, 40.57575], [-74.12303, 40.5757], [-74.12303, 40.5757], [-74.12303, 40.5757], [-74.12289, 40.57564], [-74.12289, 40.57564], [-74.12289, 40.57564], [-74.12276, 40.57557], [-74.12276, 40.57557], [-74.12276, 40.57557], [-74.12264, 40.57548], [-74.1221, 40.57513], [-74.12199, 40.57511], [-74.12199, 40.57511], [-74.12199, 40.57511], [-74.12187, 40.57511]]]}}, {"type": "Feature", "properties": {"zone_id": 184, "zone": "Pelham Bay Park", "borough": "Bronx", "demand": 0}, "geometry": {"type": "MultiPolygon", "coordinates": [[[[-73.80729, 40.88593], [-73.80693, 40.88593], [-73.80658, 40.88594], [-73.80636, 40.88595], [-73.80614, 40.88596], [-73.80593, 40.886], [-73.80571, 40.88604], [-73.80551, 40.88609], [-73.8052, 40.886], [-73.80329, 40.88541], [-73.79938, 40.88435], [-73.79745, 40.88384], [-73.79449, 40.88307], [-73.79417, 40.88299], [-73.79323, 40.88282], [-73.79359, 40.88252], [-73.79379, 40.88197], [-73.79492, 40.88054], [-73.79555, 40.88069], [-73.79503, 40.87975], [-73.79625, 40.87701], [-73.79713, 40.87619], [-73.7972, 40.87579], [-73.79744, 40.87513], [-73.79855, 40.8744], [-73.79891, 40.87465], [-73.79981, 40.87416], [-73.79988, 40.87348], [-73.80027, 40.87282], [-73.80087, 40.87159], [-73.80137, 40.87146], [-73.80252, 40.87051], [-73.80318, 40.87168], [-73.8027, 40.87221], [-73.80339, 40.8725], [-73.80432, 40.87116], [-73.80373, 40.87096], [-73.80358, 40.86995], [-73.80283, 40.87008], [-73.80302, 40.86915], [-73.80422, 40.869], [-73.80483, 40.86931], [-73.80555, 40.86896], [-73.80588, 40.86907], [-73.80574, 40.86969], [-73.80842, 40.87119], [-73.80839, 40.87057], [-73.80754, 40.87038], [-73.80781, 40.86979], [-73.80695, 40.86966], [-73.80673, 40.86877], [-73.80593, 40.86837], [-73.80487, 40.86823], [-73.80465, 40.86665], [-73.80385, 40.86717], [-73.803, 40.86704], [-73.80306, 40.86581], [-73.80226, 40.86561], [-73.8007, 40.86808], [-73.79858, 40.8712], [-73.7978, 40.87226], [-73.79693, 40.87262], [-73.79479, 40.8732], [-73.79397, 40.87457], [-73.79357, 40.87612], [-73.7936, 40.87672], [-73.79317, 40.87706], [-73.79422, 40.87738], [-73.7944, 40.87764], [-73.79385, 40.87859], [-73.793, 40.87915], [-73.79289, 40.87926], [-73.79259, 40.87936], [-73.79219, 40.87951], [-73.79189, 40.87976], [-73.79175, 40.87989], [-73.79146, 40.87998], [-73.79127, 40.87999], [-73.7909, 40.88003], [-73.79069, 40.88016], [-73.79057, 40.88028], [-73.79049, 40.88046], [-73.79047, 40.88063], [-73.79043, 40.8808], [-73.79023, 40.88098], [-73.79006, 40.88108], [-73.78987, 40.88117], [-73.78979, 40.88121], [-73.78956, 40.88126], [-73.78926, 40.8812], [-73.78932, 40.88058], [-73.78912, 40.88008], [-73.79006, 40.87959], [-73.78952, 40.879], [-73.78827, 40.87887], [-73.78775, 40.87897], [-73.78741, 40.87899], [-73.78713, 40.87898], [-73.78694, 40.879], [-73.78674, 40.87903], [-73.78589, 40.87907], [-73.78438, 40.87842], [-73.78418, 40.87772], [-73.78471, 40.87636], [-73.78542, 40.87548], [-73.78597, 40.87514], [-73.78669, 40.87429], [-73.78709, 40.87354], [-73.78716, 40.87316], [-73.78719, 40.87273], [-73.78679, 40.87251], [-73.78625, 40.87238], [-73.78599, 40.87257], [-73.78573, 40.8728], [-73.78545, 40.87313], [-73.78528, 40.87354], [-73.78508, 40.87359], [-73.78517, 40.87312], [-73.78568, 40.87239], [-73.78556, 40.87215], [-73.78526, 40.87174], [-73.78439, 40.87278], [-73.78402, 40.87369], [-73.7838, 40.87374], [-73.78359, 40.87378], [-73.78334, 40.87351], [-73.78343, 40.87318], [-73.78404, 40.87283], [-73.78381, 40.87253], [-73.78342, 40.87233], [-73.78307, 40.87215], [-73.78306, 40.87168], [-73.78314, 40.87144], [-73.78324, 40.87125], [-73.78324, 40.87105], [-73.78319, 40.87093], [-73.7832, 40.87067], [-73.7835, 40.87052], [-73.7839, 40.87043], [-73.78392, 40.87042], [-73.78414, 40.87026], [-73.78429, 40.87], [-73.78466, 40.86991], [-73.7849, 40.86976], [-73.78496, 40.86953], [-73.78522, 40.86914], [-73.78535, 40.8688], [-73.7856, 40.86834], [-73.78558, 40.86856], [-73.78552, 40.86888], [-73.78552, 40.86917], [-73.78569, 40.86939], [-73.78599, 40.86959], [-73.78657, 40.86978], [-73.78727, 40.86987], [-73.78795, 40.86984], [-73.78854, 40.86977], [-73.78901, 40.86966], [-73.78968, 40.86936], [-73.79038, 40.86899], [-73.7907, 40.86876], [-73.79139, 40.86814], [-73.79229, 40.86581], [-73.79265, 40.86414], [-73.79147, 40.86221], [-73.79188, 40.86126], [-73.7919, 40.86083], [-73.79208, 40.86078], [-73.79227, 40.86074], [-73.79245, 40.8607], [-73.79264, 40.86067], [-73.79283, 40.86064], [-73.79301, 40.86063], [-73.79321, 40.86062], [-73.79333, 40.86061], [-73.79351, 40.86055], [-73.79358, 40.86049], [-73.79362, 40.86042], [-73.79364, 40.86024], [-73.79356, 40.86015], [-73.79356, 40.86015], [-73.79336, 40.86005], [-73.7934, 40.85995], [-73.79364, 40.85983], [-73.79379, 40.8598], [-73.79387, 40.85978], [-73.79401, 40.85963], [-73.7941, 40.85945], [-73.79412, 40.85932], [-73.79426, 40.85917], [-73.7944, 40.85903], [-73.79455, 40.85889], [-73.79471, 40.85848], [-73.79487, 40.85807], [-73.79482, 40.85789], [-73.79477, 40.85771], [-73.7947, 40.85753], [-73.79463, 40.85736], [-73.79456, 40.85718], [-73.79448, 40.857], [-73.79443, 40.85699], [-73.79439, 40.85696], [-73.79436, 40.85694], [-73.79433, 40.85691], [-73.7943, 40.85688], [-73.79428, 40.85684], [-73.79427, 40.8568], [-73.79426, 40.85676], [-73.79426, 40.85672], [-73.79427, 40.85668], [-73.79429, 40.85664], [-73.79429, 40.85661], [-73.7943, 40.85658], [-73.79435, 40.85653], [-73.79447, 40.85647], [-73.79452, 40.85645], [-73.79457, 40.85644], [-73.79462, 40.85644], [-73.79467, 40.85644], [-73.79472, 40.85645], [-73.79477, 40.85646], [-73.79481, 40.85648], [-73.79489, 40.85656], [-73.79559, 40.85651], [-73.79685, 40.85626], [-73.797, 40.85614], [-73.79714, 40.85601], [-73.79727, 40.85588], [-73.7974, 40.85574], [-73.79752, 40.8556], [-73.79763, 40.85546], [-73.79773, 40.85531], [-73.79782, 40.85516], [-73.79791, 40.855], [-73.79799, 40.85485], [-73.79825, 40.8548], [-73.79853, 40.855], [-73.79872, 40.85491], [-73.79905, 40.85405], [-73.79902, 40.85396], [-73.79899, 40.85386], [-73.79895, 40.85377], [-73.79891, 40.85368], [-73.79885, 40.8536], [-73.79879, 40.85351], [-73.79872, 40.85343], [-73.79864, 40.85336], [-73.79856, 40.85328], [-73.79843, 40.85323], [-73.79831, 40.85318], [-73.79819, 40.85312], [-73.79807, 40.85306], [-73.79796, 40.85299], [-73.79781, 40.85195], [-73.79819, 40.85059], [-73.79932, 40.84991], [-73.79941, 40.84983], [-73.79949, 40.84975], [-73.79956, 40.84966], [-73.79963, 40.84957], [-73.79969, 40.84948], [-73.79974, 40.84938], [-73.79979, 40.84928], [-73.79982, 40.84918], [-73.79985, 40.84908], [-73.79988, 40.84898], [-73.79988, 40.84891], [-73.7999, 40.84884], [-73.79992, 40.84877], [-73.79994, 40.84871], [-73.79997, 40.84865], [-73.80001, 40.84859], [-73.80005, 40.84853], [-73.8001, 40.8483], [-73.80013, 40.84826], [-73.80016, 40.84823], [-73.80019, 40.8482], [-73.80024, 40.84817], [-73.80029, 40.84814], [-73.80035, 40.84812], [-73.8004, 40.84811], [-73.80046, 40.8481], [-73.80059, 40.84814], [-73.80071, 40.84819], [-73.80083, 40.84824], [-73.80094, 40.8483], [-73.80104, 40.84837], [-73.80114, 40.84844], [-73.80123, 40.84852], [-73.80132, 40.8486], [-73.8014, 40.84868], [-73.80147, 40.84877], [-73.80153, 40.84886], [-73.80158, 40.84896], [-73.80163, 40.84905], [-73.80167, 40.84915], [-73.80169, 40.84926], [-73.80171, 40.84936], [-73.80172, 40.84946], [-73.80172, 40.84956], [-73.80171, 40.84967], [-73.80172, 40.84976], [-73.80174, 40.84986], [-73.80176, 40.84995], [-73.80179, 40.85004], [-73.80183, 40.85013], [-73.80202, 40.85043], [-73.80221, 40.85073], [-73.80241, 40.85103], [-73.80262, 40.85132], [-73.80284, 40.85161], [-73.80307, 40.8519], [-73.8033, 40.85218], [-73.80354, 40.85246], [-73.80378, 40.85274], [-73.80418, 40.85334], [-73.80454, 40.85474], [-73.80454, 40.8548], [-73.80453, 40.85485], [-73.8045, 40.85491], [-73.80447, 40.85496], [-73.80444, 40.85501], [-73.80439, 40.85505], [-73.80434, 40.85509], [-73.80428, 40.85513], [-73.80422, 40.85516], [-73.80416, 40.85519], [-73.80409, 40.85521], [-73.80401, 40.85522], [-73.80395, 40.85522], [-73.80389, 40.85522], [-73.80383, 40.85524], [-73.80377, 40.85525], [-73.80372, 40.85528], [-73.80367, 40.85531], [-73.80363, 40.85534], [-73.80359, 40.85538], [-73.80356, 40.85542], [-73.80354, 40.85546], [-73.80353, 40.85551], [-73.80352, 40.85556], [-73.80353, 40.8556], [-73.80354, 40.85565], [-73.80369, 40.85613], [-73.80378, 40.8563], [-73.80384, 40.85649], [-73.80386, 40.85666], [-73.80389, 40.8569], [-73.80396, 40.85717], [-73.80405, 40.8575], [-73.80414, 40.85784], [-73.80417, 40.85814], [-73.8042, 40.85848], [-73.80418, 40.85868], [-73.80417, 40.85876], [-73.80417, 40.85882], [-73.80421, 40.85896], [-73.80422, 40.85898], [-73.80431, 40.85909], [-73.8044, 40.85922], [-73.8045, 40.85944], [-73.80457, 40.85968], [-73.80464, 40.85997], [-73.80468, 40.86038], [-73.80469, 40.86059], [-73.80468, 40.86081], [-73.80463, 40.861], [-73.80463, 40.86103], [-73.80461, 40.86122], [-73.80465, 40.86134], [-73.80473, 40.86148], [-73.80478, 40.86155], [-73.80484, 40.86161], [-73.80491, 40.86167], [-73.80498, 40.86172], [-73.80506, 40.86177], [-73.80515, 40.86181], [-73.80523, 40.86185], [-73.80533, 40.86188], [-73.80542, 40.86191], [-73.80552, 40.86193], [-73.80562, 40.86194], [-73.80572, 40.86195], [-73.80583, 40.86195], [-73.80593, 40.86194], [-73.80625, 40.86143], [-73.80582, 40.86003], [-73.80612, 40.85981], [-73.80658, 40.85967], [-73.80674, 40.85992], [-73.80677, 40.85998], [-73.80681, 40.86004], [-73.80685, 40.8601], [-73.8069, 40.86016], [-73.80696, 40.86021], [-73.80703, 40.86025], [-73.8071, 40.8603], [-73.80717, 40.86033], [-73.80725, 40.86036], [-73.80734, 40.86038], [-73.80742, 40.8604], [-73.80783, 40.86032], [-73.80778, 40.86018], [-73.80785, 40.86015], [-73.80791, 40.86011], [-73.80796, 40.86007], [-73.80801, 40.86002], [-73.80805, 40.85997], [-73.80808, 40.85992], [-73.8081, 40.85986], [-73.80812, 40.85981], [-73.80813, 40.85975], [-73.80806, 40.8596], [-73.80773, 40.85909], [-73.80752, 40.85858], [-73.8076, 40.85853], [-73.80768, 40.85854], [-73.80825, 40.85957], [-73.80852, 40.85996], [-73.80892, 40.86029], [-73.80937, 40.86057], [-73.80951, 40.8607], [-73.80965, 40.86084], [-73.80978, 40.86098], [-73.80991, 40.86113], [-73.81002, 40.86128], [-73.81014, 40.86143], [-73.81024, 40.86159], [-73.81038, 40.86184], [-73.8104, 40.86188], [-73.81042, 40.86192], [-73.81046, 40.86196], [-73.8105, 40.86199], [-73.81055, 40.86202], [-73.8106, 40.86205], [-73.81066, 40.86206], [-73.81069, 40.86213], [-73.81073, 40.86219], [-73.81077, 40.86225], [-73.81083, 40.8623], [-73.81089, 40.86235], [-73.81095, 40.86239], [-73.81103, 40.86243], [-73.8111, 40.86246], [-73.8114, 40.86252], [-73.81167, 40.86257], [-73.81199, 40.86262], [-73.81228, 40.86275], [-73.8123, 40.86286], [-73.81257, 40.863], [-73.81276, 40.8631], [-73.81304, 40.86323], [-73.81323, 40.8632], [-73.8133, 40.86322], [-73.81341, 40.86337], [-73.81357, 40.86353], [-73.81362, 40.86363], [-73.81369, 40.86373], [-73.81385, 40.8639], [-73.81411, 40.86373], [-73.81436, 40.86325], [-73.81447, 40.86312], [-73.81469, 40.86307], [-73.81469, 40.86291], [-73.81451, 40.8629], [-73.81459, 40.86273], [-73.81471, 40.86263], [-73.81485, 40.86248], [-73.81491, 40.86242], [-73.81503, 40.86224], [-73.81516, 40.86231], [-73.81515, 40.86242], [-73.81507, 40.86247], [-73.81502, 40.86251], [-73.81494, 40.86259], [-73.81494, 40.86272], [-73.81482, 40.86294], [-73.81494, 40.86298], [-73.81494, 40.86303], [-73.81499, 40.86309], [-73.81502, 40.86312], [-73.8151, 40.86306], [-73.8155, 40.86248], [-73.81641, 40.86118], [-73.81633, 40.86115], [-73.81588, 40.861], [-73.81568, 40.86111], [-73.81549, 40.86095], [-73.81526, 40.86112], [-73.8148, 40.86113], [-73.81485, 40.8609], [-73.81382, 40.86055], [-73.81273, 40.85888], [-73.81231, 40.85416], [-73.81641, 40.85408], [-73.8165, 40.85402], [-73.81658, 40.85395], [-73.81666, 40.85387], [-73.81673, 40.85379], [-73.81679, 40.85371], [-73.81684, 40.85362], [-73.81689, 40.85354], [-73.81693, 40.85345], [-73.81696, 40.85336], [-73.81698, 40.85326], [-73.81699, 40.85317], [-73.817, 40.85307], [-73.81699, 40.85302], [-73.81699, 40.85298], [-73.81698, 40.85295], [-73.81697, 40.8529], [-73.81696, 40.85284], [-73.81696, 40.85278], [-73.81697, 40.85271], [-73.81699, 40.85264], [-73.81701, 40.85257], [-73.81704, 40.8525], [-73.81708, 40.85243], [-73.81711, 40.85239], [-73.81713, 40.85235], [-73.81715, 40.8523], [-73.81716, 40.85226], [-73.81716, 40.85221], [-73.81713, 40.85215], [-73.81713, 40.85209], [-73.81713, 40.85204], [-73.81714, 40.85202], [-73.81716, 40.85197], [-73.81717, 40.85193], [-73.81719, 40.85188], [-73.81721, 40.85183], [-73.81719, 40.85177], [-73.81713, 40.85171], [-73.81711, 40.8517], [-73.81708, 40.85168], [-73.81702, 40.85167], [-73.81697, 40.85169], [-73.81693, 40.85169], [-73.81692, 40.85167], [-73.81694, 40.85165], [-73.81697, 40.85162], [-73.81701, 40.8516], [-73.81707, 40.85158], [-73.81709, 40.85154], [-73.81709, 40.85149], [-73.81709, 40.85149], [-73.81711, 40.85145], [-73.81712, 40.85142], [-73.81712, 40.85135], [-73.81712, 40.85127], [-73.81709, 40.85121], [-73.81706, 40.85118], [-73.81701, 40.85108], [-73.81697, 40.85103], [-73.81692, 40.85098], [-73.81686, 40.85096], [-73.81678, 40.85095], [-73.8167, 40.85095], [-73.81661, 40.85094], [-73.81651, 40.8509], [-73.81641, 40.85085], [-73.81633, 40.85084], [-73.81629, 40.85087], [-73.81624, 40.8509], [-73.81623, 40.85091], [-73.81618, 40.85089], [-73.81616, 40.85087], [-73.81611, 40.85082], [-73.81605, 40.85078], [-73.81596, 40.85077], [-73.8159, 40.85078], [-73.81585, 40.8508], [-73.8158, 40.85082], [-73.81572, 40.85082], [-73.8157, 40.8508], [-73.8157, 40.85078], [-73.81578, 40.85072], [-73.81586, 40.85069], [-73.81588, 40.85069], [-73.81602, 40.8506], [-73.81602, 40.85053], [-73.81599, 40.85047], [-73.81594, 40.85044], [-73.81594, 40.85039], [-73.81603, 40.85039], [-73.81617, 40.85038], [-73.81624, 40.85031], [-73.81625, 40.85019], [-73.81621, 40.85013], [-73.81589, 40.84979], [-73.81575, 40.84965], [-73.81567, 40.84957], [-73.81561, 40.84949], [-73.81559, 40.84938], [-73.81545, 40.84927], [-73.81537, 40.84924], [-73.8153, 40.84924], [-73.81522, 40.84928], [-73.81515, 40.84928], [-73.81514, 40.84928], [-73.81507, 40.84922], [-73.81507, 40.84913], [-73.8163, 40.84857], [-73.81726, 40.84843], [-73.8182, 40.84831], [-73.81915, 40.84817], [-73.82014, 40.84802], [-73.82048, 40.8485], [-73.8211, 40.8482], [-73.82204, 40.84769], [-73.82301, 40.84716], [-73.82396, 40.84664], [-73.82444, 40.84638], [-73.82496, 40.8461], [-73.82508, 40.8447], [-73.82508, 40.8443], [-73.82514, 40.84334], [-73.82518, 40.8427], [-73.82558, 40.84282], [-73.82568, 40.84285], [-73.82581, 40.84288], [-73.82624, 40.84299], [-73.82611, 40.84534], [-73.82611, 40.84534], [-73.82617, 40.84557], [-73.82625, 40.84581], [-73.82634, 40.84604], [-73.82635, 40.84606], [-73.82645, 40.84626], [-73.82658, 40.84648], [-73.82672, 40.8467], [-73.82688, 40.8469], [-73.82768, 40.84813], [-73.828, 40.84862], [-73.82799, 40.8489], [-73.82797, 40.84918], [-73.82792, 40.84946], [-73.82785, 40.84974], [-73.82777, 40.85001], [-73.82766, 40.85027], [-73.82742, 40.85099], [-73.82718, 40.85171], [-73.82713, 40.85187], [-73.82738, 40.85282], [-73.82722, 40.85325], [-73.82723, 40.85335], [-73.82801, 40.85472], [-73.8286, 40.85572], [-73.82908, 40.85568], [-73.82957, 40.85562], [-73.83057, 40.85551], [-73.83129, 40.85543], [-73.83148, 40.85545], [-73.83166, 40.85548], [-73.83184, 40.85553], [-73.83201, 40.85559], [-73.83216, 40.85567], [-73.8323, 40.85575], [-73.83243, 40.85582], [-73.83281, 40.85598], [-73.83284, 40.85604], [-73.83276, 40.85608], [-73.83269, 40.85613], [-73.83238, 40.85635], [-73.83214, 40.85654], [-73.83193, 40.85669], [-73.83128, 40.85735], [-73.83111, 40.85752], [-73.83072, 40.85799], [-73.83055, 40.85819], [-73.82959, 40.85936], [-73.82873, 40.86041], [-73.82847, 40.86073], [-73.82834, 40.86089], [-73.82827, 40.86084], [-73.82799, 40.86084], [-73.82787, 40.86068], [-73.82759, 40.86008], [-73.82741, 40.85996], [-73.82732, 40.85969], [-73.82721, 40.85941], [-73.82715, 40.85923], [-73.827, 40.85909], [-73.82633, 40.8593], [-73.82444, 40.8595], [-73.82451, 40.85976], [-73.82038, 40.86103], [-73.81884, 40.86257], [-73.81762, 40.86363], [-73.81685, 40.86431], [-73.817, 40.86446], [-73.81641, 40.86515], [-73.81579, 40.86576], [-73.81939, 40.86799], [-73.81941, 40.868], [-73.82092, 40.86892], [-73.82098, 40.86895], [-73.82104, 40.86898], [-73.82112, 40.86901], [-73.82127, 40.86907], [-73.8233, 40.8731], [-73.8211, 40.87897], [-73.81993, 40.88212], [-73.82024, 40.88549], [-73.82027, 40.88555], [-73.81983, 40.88567], [-73.81842, 40.88604], [-73.81743, 40.88629], [-73.81671, 40.88648], [-73.81548, 40.88669], [-73.81536, 40.8867], [-73.81528, 40.88671], [-73.81518, 40.88672], [-73.81486, 40.88675], [-73.81443, 40.88677], [-73.814, 40.88678], [-73.81357, 40.88678], [-73.8121, 40.88671], [-73.81198, 40.8867], [-73.81141, 40.88664], [-73.81084, 40.88655], [-73.81027, 40.88645], [-73.80971, 40.88634], [-73.80915, 40.88621], [-73.80868, 40.88611], [-73.80834, 40.88604], [-73.80799, 40.88599], [-73.80764, 40.88595], [-73.80729, 40.88593]]], [[[-73.78651, 40.88094], [-73.78613, 40.88075], [-73.78599, 40.88077], [-73.78582, 40.88075], [-73.78573, 40.88057], [-73.78578, 40.88036], [-73.78598, 40.88032], [-73.7861, 40.88039], [-73.78641, 40.88041], [-73.78664, 40.8805], [-73.78685, 40.88045], [-73.78692, 40.88027], [-73.78677, 40.88014], [-73.7868, 40.87995], [-73.787, 40.87982], [-73.78727, 40.87968], [-73.78742, 40.87977], [-73.78734, 40.88007], [-73.78743, 40.88045], [-73.78713, 40.88092], [-73.78692, 40.88094], [-73.78651, 40.88094]]], [[[-73.78103, 40.87648], [-73.78121, 40.87628], [-73.78133, 40.87636], [-73.78113, 40.87665], [-73.78103, 40.87648]]], [[[-73.78242, 40.87492], [-73.78266, 40.87479], [-73.7828, 40.87495], [-73.78266, 40.87514], [-73.78248, 40.87517], [-73.78242, 40.87492]]], [[[-73.77435, 40.87417], [-73.77448, 40.87408], [-73.77458, 40.87411], [-73.77461, 40.8742], [-73.77457, 40.87433], [-73.77451, 40.87446], [-73.77455, 40.87455], [-73.77454, 40.87471], [-73.7742, 40.87488], [-73.7741, 40.8749], [-73.77408, 40.87481], [-73.77415, 40.87469], [-73.77398, 40.8746], [-73.77403, 40.87439], [-73.77425, 40.87428], [-73.77435, 40.87417]]], [[[-73.78605, 40.87378], [-73.78619, 40.8736], [-73.78633, 40.87368], [-73.78633, 40.8738], [-73.78619, 40.87388], [-73.78605, 40.87378]]], [[[-73.78649, 40.87321], [-73.78662, 40.87303], [-73.78673, 40.87307], [-73.78665, 40.87339], [-73.7865, 40.87348], [-73.78626, 40.87339], [-73.78633, 40.87327], [-73.78649, 40.87321]]], [[[-73.77081, 40.87155], [-73.76991, 40.87048], [-73.7711, 40.87069], [-73.77288, 40.87124], [-73.77218, 40.87198], [-73.77081, 40.87155]]], [[[-73.76669, 40.8671], [-73.7671, 40.8667], [-73.76779, 40.86678], [-73.7676, 40.8675], [-73.76669, 40.8671]]], [[[-73.76965, 40.86548], [-73.76979, 40.86513], [-73.77023, 40.86514], [-73.77007, 40.86553], [-73.76965, 40.86548]]], [[[-73.78401, 40.86313], [-73.78395, 40.86313], [-73.7839, 40.86313], [-73.78387, 40.86314], [-73.78386, 40.86315], [-73.78385, 40.86316], [-73.78384, 40.86316], [-73.78381, 40.86316], [-73.7838, 40.86315], [-73.78378, 40.86315], [-73.78376, 40.86313], [-73.78372, 40.86313], [-73.7837, 40.86313], [-73.78369, 40.86314], [-73.78366, 40.86315], [-73.78363, 40.86315], [-73.78361, 40.86314], [-73.78359, 40.86313], [-73.78356, 40.86312], [-73.78355, 40.86311], [-73.78354, 40.86309], [-73.78354, 40.86308], [-73.78354, 40.86307], [-73.78354, 40.86305], [-73.78354, 40.86304], [-73.78356, 40.86302], [-73.78359, 40.86302], [-73.78362, 40.86302], [-73.78365, 40.86303], [-73.78369, 40.86303], [-73.78371, 40.86301], [-73.78372, 40.86299], [-73.78374, 40.86297], [-73.78377, 40.86297], [-73.7838, 40.86297], [-73.7838, 40.86294], [-73.78378, 40.86293], [-73.78376, 40.86291], [-73.78375, 40.8629], [-73.78372, 40.86288], [-73.7837, 40.86287], [-73.78368, 40.86286], [-73.78367, 40.86283], [-73.78368, 40.86281], [-73.78369, 40.86279], [-73.7837, 40.86276], [-73.78371, 40.86275], [-73.78372, 40.86274], [-73.78373, 40.86271], [-73.78373, 40.86268], [-73.78374, 40.86267], [-73.78376, 40.86265], [-73.78376, 40.86264], [-73.78377, 40.86261], [-73.78379, 40.86259], [-73.78383, 40.86258], [-73.78386, 40.86257], [-73.78389, 40.86257], [-73.7839, 40.86255], [-73.78389, 40.86252], [-73.78391, 40.86251], [-73.78394, 40.86251], [-73.78397, 40.86252], [-73.78399, 40.8625], [-73.78401, 40.86248], [-73.78403, 40.86248], [-73.78408, 40.86248], [-73.7841, 40.86249], [-73.78413, 40.8625], [-73.78416, 40.86251], [-73.78418, 40.86252], [-73.78421, 40.86253], [-73.78423, 40.86253], [-73.78426, 40.86253], [-73.78431, 40.86253], [-73.78433, 40.86254], [-73.78436, 40.86255], [-73.7844, 40.86256], [-73.78444, 40.86256], [-73.78447, 40.86257], [-73.7845, 40.86257], [-73.78453, 40.86256], [-73.78455, 40.86253], [-73.78459, 40.86253], [-73.78463, 40.86253], [-73.78466, 40.86254], [-73.78469, 40.86254], [-73.78469, 40.86257], [-73.78468, 40.86259], [-73.78467, 40.86261], [-73.78465, 40.86262], [-73.78464, 40.86262], [-73.78463, 40.86262], [-73.7846, 40.86262], [-73.78458, 40.86263], [-73.78455, 40.86265], [-73.78454, 40.86267], [-73.78454, 40.86271], [-73.78454, 40.86275], [-73.78455, 40.86277], [-73.78456, 40.86279], [-73.78457, 40.86281], [-73.78457, 40.86285], [-73.78455, 40.86289], [-73.78453, 40.86293], [-73.78452, 40.86296], [-73.7845, 40.86297], [-73.78447, 40.863], [-73.78445, 40.86302], [-73.78442, 40.86304], [-73.78439, 40.86305], [-73.78436, 40.86307], [-73.78433, 40.86307], [-73.7843, 40.86304], [-73.78429, 40.86302], [-73.78427, 40.86301], [-73.78425, 40.86303], [-73.78422, 40.86305], [-73.78419, 40.86307], [-73.78417, 40.86309], [-73.78417, 40.86311], [-73.78421, 40.86314], [-73.78425, 40.86315], [-73.78428, 40.86317], [-73.78429, 40.86318], [-73.78429, 40.8632], [-73.78427, 40.86321], [-73.78426, 40.86322], [-73.78424, 40.86322], [-73.78421, 40.86321], [-73.78418, 40.86321], [-73.78416, 40.8632], [-73.78414, 40.86319], [-73.78411, 40.86317], [-73.78409, 40.86316], [-73.78404, 40.86314], [-73.78401, 40.86313]]], [[[-73.78313, 40.86286], [-73.78311, 40.86284], [-73.78309, 40.86284], [-73.78307, 40.86284], [-73.78306, 40.86283], [-73.78304, 40.86283], [-73.78302, 40.86281], [-73.78301, 40.86279], [-73.78301, 40.86278], [-73.783, 40.86278], [-73.78297, 40.86278], [-73.78296, 40.86278], [-73.78296, 40.8628], [-73.78294, 40.8628], [-73.78293, 40.86279], [-73.78292, 40.86275], [-73.78292, 40.86273], [-73.78292, 40.86271], [-73.78291, 40.86269], [-73.7829, 40.86267], [-73.78289, 40.86264], [-73.78289, 40.86262], [-73.7829, 40.8626], [-73.7829, 40.86258], [-73.78291, 40.86255], [-73.7829, 40.86253], [-73.7829, 40.86252], [-73.7829, 40.8625], [-73.78291, 40.86248], [-73.78291, 40.86246], [-73.7829, 40.86244], [-73.78288, 40.86243], [-73.78288, 40.86242], [-73.78288, 40.86241], [-73.7829, 40.86239], [-73.7829, 40.86237], [-73.7829, 40.86235], [-73.78289, 40.86232], [-73.78291, 40.86232], [-73.78294, 40.86232], [-73.78297, 40.86232], [-73.78298, 40.86231], [-73.783, 40.8623], [-73.78303, 40.8623], [-73.78305, 40.86228], [-73.78305, 40.86225], [-73.78305, 40.86222], [-73.78302, 40.86219], [-73.78304, 40.86217], [-73.78304, 40.86217], [-73.78308, 40.86217], [-73.78309, 40.86215], [-73.78309, 40.86212], [-73.78311, 40.86211], [-73.78315, 40.86207], [-73.78316, 40.86209], [-73.78318, 40.86211], [-73.7832, 40.86213], [-73.7832, 40.86216], [-73.78319, 40.86218], [-73.78319, 40.8622], [-73.7832, 40.86223], [-73.78321, 40.86224], [-73.78321, 40.86228], [-73.78322, 40.8623], [-73.78323, 40.86232], [-73.78324, 40.86233], [-73.78323, 40.86235], [-73.78322, 40.86236], [-73.78322, 40.86239], [-73.78322, 40.86241], [-73.78323, 40.86242], [-73.78323, 40.86244], [-73.78323, 40.86246], [-73.78321, 40.86248], [-73.78319, 40.86248], [-73.78317, 40.8625], [-73.78317, 40.86252], [-73.78317, 40.86254], [-73.78316, 40.86257], [-73.78316, 40.86258], [-73.78313, 40.8626], [-73.78312, 40.86262], [-73.78314, 40.86262], [-73.78316, 40.86262], [-73.78319, 40.86262], [-73.78322, 40.86263], [-73.78323, 40.86264], [-73.78324, 40.86266], [-73.78326, 40.8627], [-73.78326, 40.86272], [-73.78323, 40.86273], [-73.78321, 40.86275], [-73.78324, 40.86275], [-73.78325, 40.86274], [-73.78326, 40.86274], [-73.78327, 40.86275], [-73.78328, 40.86277], [-73.78328, 40.86278], [-73.78327, 40.8628], [-73.78325, 40.8628], [-73.78324, 40.8628], [-73.78322, 40.86281], [-73.78321, 40.86282], [-73.78319, 40.86284], [-73.78317, 40.86286], [-73.78313, 40.86286]]], [[[-73.7746, 40.86207], [-73.77458, 40.86205], [-73.77458, 40.86203], [-73.77457, 40.86201], [-73.77457, 40.862], [-73.77457, 40.86198], [-73.77457, 40.86196], [-73.77459, 40.86193], [-73.7746, 40.86191], [-73.77461, 40.86189], [-73.77462, 40.86186], [-73.77462, 40.86183], [-73.77463, 40.86182], [-73.77466, 40.8618], [-73.77467, 40.86181], [-73.77469, 40.86179], [-73.77471, 40.86179], [-73.77474, 40.86179], [-73.77476, 40.86177], [-73.77476, 40.86175], [-73.77478, 40.86174], [-73.7748, 40.86172], [-73.77481, 40.8617], [-73.77482, 40.86168], [-73.77483, 40.86167], [-73.77482, 40.86165], [-73.77484, 40.86164], [-73.77485, 40.86161], [-73.77485, 40.8616], [-73.77484, 40.86158], [-73.77487, 40.86156], [-73.7749, 40.86156], [-73.77493, 40.86155], [-73.77493, 40.86153], [-73.77493, 40.86151], [-73.77493, 40.86148], [-73.77493, 40.86147], [-73.77493, 40.86146], [-73.77493, 40.86145], [-73.77492, 40.86144], [-73.77492, 40.86144], [-73.77492, 40.86143], [-73.77493, 40.86142], [-73.77493, 40.86141], [-73.77494, 40.8614], [-73.77494, 40.86139], [-73.77496, 40.86138], [-73.77497, 40.86137], [-73.77499, 40.86137], [-73.775, 40.86135], [-73.77501, 40.86135], [-73.77502, 40.86135], [-73.77504, 40.86134], [-73.77505, 40.86133], [-73.77506, 40.86133], [-73.77507, 40.86131], [-73.77508, 40.8613], [-73.7751, 40.86128], [-73.7751, 40.86126], [-73.77511, 40.86124], [-73.77511, 40.86122], [-73.77512, 40.8612], [-73.77512, 40.86119], [-73.77514, 40.86118], [-73.77517, 40.86118], [-73.77519, 40.86118], [-73.77521, 40.86118], [-73.77523, 40.86119], [-73.77525, 40.8612], [-73.77527, 40.86121], [-73.77528, 40.86122], [-73.77529, 40.86123], [-73.7753, 40.86124], [-73.77531, 40.86126], [-73.77531, 40.86127], [-73.7753, 40.86129], [-73.77531, 40.86131], [-73.77531, 40.86133], [-73.77531, 40.86134], [-73.7753, 40.86136], [-73.7753, 40.86137], [-73.77529, 40.86138], [-73.77528, 40.86141], [-73.77528, 40.86143], [-73.77527, 40.86145], [-73.77525, 40.86145], [-73.77523, 40.86147], [-73.77522, 40.86148], [-73.7752, 40.86149], [-73.77519, 40.86151], [-73.77518, 40.86153], [-73.77516, 40.86155], [-73.77516, 40.86156], [-73.77515, 40.86158], [-73.77514, 40.86159], [-73.77511, 40.86163], [-73.77509, 40.86165], [-73.77506, 40.86166], [-73.77504, 40.86169], [-73.77503, 40.8617], [-73.77502, 40.86172], [-73.775, 40.86173], [-73.77497, 40.86175], [-73.77497, 40.86177], [-73.77495, 40.86178], [-73.77494, 40.86178], [-73.77491, 40.86181], [-73.77489, 40.86182], [-73.77487, 40.86184], [-73.77487, 40.86186], [-73.77487, 40.86188], [-73.77488, 40.8619], [-73.77488, 40.86191], [-73.77488, 40.86192], [-73.77487, 40.86195], [-73.77486, 40.86196], [-73.77486, 40.86198], [-73.77484, 40.862], [-73.77481, 40.86201], [-73.77479, 40.86203], [-73.77477, 40.86204], [-73.77475, 40.86205], [-73.77473, 40.86206], [-73.77471, 40.86206], [-73.77468, 40.86206], [-73.77466, 40.86206], [-73.77464, 40.86206], [-73.77463, 40.86206], [-73.7746, 40.86207]]], [[[-73.7729, 40.86121], [-73.77323, 40.86075], [-73.77351, 40.86124], [-73.77311, 40.86161], [-73.7729, 40.86121]]], [[[-73.80222, 40.84163], [-73.80264, 40.84108], [-73.8053, 40.84113], [-73.80695, 40.84146], [-73.80681, 40.84249], [-73.80393, 40.84259], [-73.80368, 40.84226], [-73.80222, 40.84163]]]]}}, {"type": "Feature", "properties": {"zone_id": 187, "zone": "Port Richmond", "borough": "Staten Island", "demand": 0}, "geometry": {"type": "MultiPolygon", "coordinates": [[[[-74.13435, 40.64189], [-74.1343, 40.64175], [-74.1335, 40.64172], [-74.13347, 40.6416], [-74.13342, 40.64155], [-74.13332, 40.6415], [-74.13323, 40.64146], [-74.13315, 40.64144], [-74.13299, 40.64142], [-74.13289, 40.64142], [-74.13283, 40.64142], [-74.13274, 40.64145], [-74.13266, 40.64149], [-74.13256, 40.64153], [-74.13252, 40.64159], [-74.13242, 40.64162], [-74.1324, 40.6417], [-74.13173, 40.64164], [-74.13134, 40.64161], [-74.13126, 40.6416], [-74.13146, 40.64131], [-74.13108, 40.64103], [-74.13074, 40.64094], [-74.13018, 40.64072], [-74.13013, 40.64079], [-74.12968, 40.64139], [-74.12949, 40.64135], [-74.12998, 40.64073], [-74.12988, 40.64069], [-74.12992, 40.64063], [-74.12931, 40.64034], [-74.12923, 40.64048], [-74.12893, 40.64041], [-74.12892, 40.6405], [-74.129, 40.64119], [-74.12891, 40.64119], [-74.12883, 40.6404], [-74.12881, 40.64023], [-74.12813, 40.64025], [-74.12811, 40.64014], [-74.12783, 40.64015], [-74.12753, 40.64016], [-74.1274, 40.63997], [-74.12739, 40.63983], [-74.12735, 40.6398], [-74.12724, 40.63977], [-74.12715, 40.63931], [-74.12703, 40.63932], [-74.12702, 40.63927], [-74.12699, 40.63911], [-74.12698, 40.63861], [-74.12698, 40.63843], [-74.12698, 40.6384], [-74.12699, 40.63837], [-74.12701, 40.63833], [-74.12705, 40.6382], [-74.12708, 40.63812], [-74.12689, 40.63721], [-74.12785, 40.63728], [-74.12867, 40.63735], [-74.12872, 40.63709], [-74.12879, 40.63696], [-74.12883, 40.63684], [-74.12886, 40.6367], [-74.12886, 40.63657], [-74.12885, 40.63644], [-74.12886, 40.63557], [-74.12884, 40.63532], [-74.12885, 40.63507], [-74.12888, 40.63482], [-74.12893, 40.63458], [-74.129, 40.63433], [-74.12944, 40.63367], [-74.12962, 40.63342], [-74.12979, 40.63317], [-74.12993, 40.63291], [-74.13006, 40.63264], [-74.13017, 40.63237], [-74.13047, 40.63168], [-74.1306, 40.63136], [-74.13047, 40.63089], [-74.1306, 40.63088], [-74.13107, 40.63115], [-74.13162, 40.63058], [-74.13229, 40.63002], [-74.13344, 40.62907], [-74.13409, 40.62954], [-74.13586, 40.62806], [-74.13605, 40.62819], [-74.13674, 40.62866], [-74.13731, 40.62819], [-74.13786, 40.62769], [-74.13806, 40.62757], [-74.13789, 40.62745], [-74.13806, 40.62707], [-74.13793, 40.62696], [-74.13581, 40.62506], [-74.13618, 40.62484], [-74.1363, 40.62476], [-74.13642, 40.62468], [-74.13654, 40.6246], [-74.13667, 40.62453], [-74.13681, 40.62447], [-74.13694, 40.6244], [-74.13708, 40.62435], [-74.13723, 40.6243], [-74.13743, 40.62425], [-74.13764, 40.62423], [-74.13785, 40.62422], [-74.13806, 40.62422], [-74.13826, 40.62424], [-74.1385, 40.62263], [-74.13861, 40.62177], [-74.13837, 40.62174], [-74.13853, 40.62113], [-74.13874, 40.62037], [-74.139, 40.61939], [-74.13924, 40.61852], [-74.13944, 40.61777], [-74.13965, 40.61701], [-74.13982, 40.6163], [-74.14073, 40.61641], [-74.14162, 40.61652], [-74.14173, 40.61654], [-74.14234, 40.61661], [-74.14326, 40.61674], [-74.1442, 40.61687], [-74.14512, 40.61697], [-74.14604, 40.61701], [-74.14641, 40.61427], [-74.14646, 40.61389], [-74.14654, 40.61326], [-74.1467, 40.61207], [-74.1468, 40.61133], [-74.14689, 40.61063], [-74.14697, 40.61015], [-74.14774, 40.61], [-74.14894, 40.60975], [-74.14954, 40.60963], [-74.14998, 40.60954], [-74.15019, 40.6095], [-74.15032, 40.60959], [-74.1512, 40.61026], [-74.15317, 40.61176], [-74.15372, 40.61221], [-74.15379, 40.61226], [-74.15375, 40.6124], [-74.15371, 40.61255], [-74.15368, 40.61266], [-74.15321, 40.61439], [-74.15312, 40.61475], [-74.15296, 40.61533], [-74.15291, 40.61552], [-74.15281, 40.61583], [-74.15259, 40.61657], [-74.15251, 40.61677], [-74.15242, 40.61697], [-74.15231, 40.61716], [-74.15219, 40.61735], [-74.15206, 40.61753], [-74.15184, 40.61782], [-74.15166, 40.61804], [-74.15135, 40.61835], [-74.15094, 40.61877], [-74.15072, 40.619], [-74.15038, 40.61935], [-74.1502, 40.61954], [-74.14982, 40.61992], [-74.14926, 40.62048], [-74.14923, 40.62052], [-74.14911, 40.62064], [-74.1486, 40.62117], [-74.14832, 40.62145], [-74.14825, 40.62153], [-74.14819, 40.6216], [-74.14773, 40.62214], [-74.14753, 40.62242], [-74.14745, 40.62253], [-74.14729, 40.62277], [-74.14711, 40.62303], [-74.14678, 40.62361], [-74.1465, 40.6242], [-74.14623, 40.62493], [-74.14592, 40.62584], [-74.14576, 40.6263], [-74.14571, 40.62643], [-74.14563, 40.62673], [-74.14561, 40.62689], [-74.1456, 40.62699], [-74.14554, 40.62752], [-74.14554, 40.62783], [-74.14566, 40.62783], [-74.14594, 40.62782], [-74.14608, 40.62875], [-74.14607, 40.62883], [-74.14609, 40.62892], [-74.14612, 40.62899], [-74.14617, 40.62907], [-74.14622, 40.62911], [-74.14629, 40.62914], [-74.14636, 40.62915], [-74.14753, 40.62939], [-74.14737, 40.62983], [-74.14691, 40.63116], [-74.14683, 40.63138], [-74.14666, 40.63195], [-74.1466, 40.63213], [-74.14642, 40.63272], [-74.14584, 40.63457], [-74.14567, 40.63505], [-74.14556, 40.63546], [-74.14478, 40.63795], [-74.14394, 40.63835], [-74.14365, 40.63848], [-74.1436, 40.63851], [-74.14313, 40.63968], [-74.14308, 40.63967], [-74.14294, 40.63963], [-74.14292, 40.6396], [-74.14286, 40.63957], [-74.14279, 40.63956], [-74.14268, 40.63954], [-74.14258, 40.63953], [-74.14254, 40.63954], [-74.14248, 40.63957], [-74.14239, 40.63964], [-74.14236, 40.63967], [-74.14232, 40.63975], [-74.14232, 40.63979], [-74.14239, 40.64005], [-74.1424, 40.6402], [-74.14238, 40.64025], [-74.1423, 40.64031], [-74.14215, 40.64034], [-74.1421, 40.64033], [-74.14205, 40.6403], [-74.14156, 40.64037], [-74.14148, 40.64009], [-74.14129, 40.64015], [-74.14119, 40.64039], [-74.14102, 40.64051], [-74.14076, 40.64059], [-74.14029, 40.64067], [-74.13994, 40.64073], [-74.1393, 40.64081], [-74.13926, 40.64074], [-74.1392, 40.64075], [-74.13918, 40.64085], [-74.13879, 40.64089], [-74.13758, 40.641], [-74.13753, 40.64101], [-74.13748, 40.64103], [-74.13744, 40.64105], [-74.1374, 40.64108], [-74.13737, 40.64111], [-74.13734, 40.64115], [-74.13737, 40.6413], [-74.13571, 40.64162], [-74.13571, 40.64165], [-74.135, 40.64179], [-74.135, 40.64176], [-74.13435, 40.64189]]], [[[-74.12117, 40.64167], [-74.12128, 40.64143], [-74.12131, 40.64145], [-74.12124, 40.64159], [-74.12123, 40.64158], [-74.12119, 40.64167], [-74.12117, 40.64167]]], [[[-74.12155, 40.64161], [-74.12176, 40.64157], [-74.12172, 40.64143], [-74.12176, 40.64142], [-74.12179, 40.64156], [-74.12177, 40.64156], [-74.12178, 40.64159], [-74.12176, 40.64159], [-74.12176, 40.64159], [-74.12156, 40.64162], [-74.12155, 40.64161]]], [[[-74.12108, 40.64161], [-74.12118, 40.64138], [-74.12121, 40.6414], [-74.1211, 40.64161], [-74.12108, 40.64161]]], [[[-74.12131, 40.6416], [-74.12137, 40.64148], [-74.12139, 40.64149], [-74.12133, 40.64161], [-74.12131, 40.6416]]], [[[-74.12185, 40.64158], [-74.12185, 40.64155], [-74.12183, 40.64155], [-74.12181, 40.64141], [-74.12184, 40.64141], [-74.12184, 40.64147], [-74.12187, 40.64156], [-74.12195, 40.64155], [-74.12194, 40.64151], [-74.12198, 40.6415], [-74.12199, 40.64155], [-74.12187, 40.64157], [-74.12187, 40.64158], [-74.12185, 40.64158]]], [[[-74.1227, 40.64138], [-74.1227, 40.64135], [-74.12272, 40.64135], [-74.12273, 40.64137], [-74.12275, 40.64137], [-74.12276, 40.64143], [-74.12271, 40.64143], [-74.1227, 40.64138], [-74.1227, 40.64138]]], [[[-74.12613, 40.64126], [-74.126, 40.64023], [-74.12607, 40.64025], [-74.1262, 40.64126], [-74.12634, 40.64125], [-74.12637, 40.64133], [-74.12564, 40.64142], [-74.12563, 40.64134], [-74.12613, 40.64126]]]]}}, {"type": "Feature", "properties": {"zone_id": 192, "zone": "Queensboro Hill", "borough": "Queens", "demand": 0}, "geometry": {"type": "Polygon", "coordinates": [[[-73.8224, 40.74986], [-73.82132, 40.74876], [-73.82108, 40.74856], [-73.82052, 40.74836], [-73.81962, 40.74804], [-73.81873, 40.74771], [-73.81782, 40.74738], [-73.81692, 40.7472], [-73.81658, 40.74714], [-73.81575, 40.74698], [-73.81537, 40.74722], [-73.81477, 40.74668], [-73.81416, 40.74614], [-73.81342, 40.74658], [-73.81316, 40.74674], [-73.81235, 40.74722], [-73.81162, 40.74766], [-73.80976, 40.74878], [-73.80751, 40.75014], [-73.80727, 40.75012], [-73.80633, 40.75005], [-73.8054, 40.74997], [-73.80447, 40.7499], [-73.80353, 40.74982], [-73.80296, 40.74977], [-73.80288, 40.74976], [-73.80281, 40.74907], [-73.80277, 40.74885], [-73.80275, 40.74861], [-73.80275, 40.74836], [-73.80277, 40.74812], [-73.8028, 40.74788], [-73.80286, 40.74764], [-73.80294, 40.74741], [-73.80303, 40.74719], [-73.80335, 40.74643], [-73.80328, 40.74644], [-73.80017, 40.74675], [-73.79922, 40.74686], [-73.79826, 40.74696], [-73.79468, 40.74721], [-73.79452, 40.7459], [-73.79448, 40.74567], [-73.79448, 40.74567], [-73.79448, 40.74567], [-73.79446, 40.74544], [-73.79445, 40.7452], [-73.79445, 40.7452], [-73.79445, 40.7452], [-73.79446, 40.74497], [-73.79449, 40.74474], [-73.79449, 40.74474], [-73.79449, 40.74474], [-73.79454, 40.74451], [-73.79467, 40.74424], [-73.79467, 40.74424], [-73.79467, 40.74424], [-73.79483, 40.74399], [-73.79501, 40.74374], [-73.79501, 40.74374], [-73.79501, 40.74374], [-73.79521, 40.74349], [-73.79543, 40.74326], [-73.79567, 40.74304], [-73.79589, 40.7428], [-73.79589, 40.7428], [-73.79589, 40.7428], [-73.79614, 40.74257], [-73.79614, 40.74257], [-73.79614, 40.74257], [-73.79639, 40.74235], [-73.79639, 40.74235], [-73.79639, 40.74235], [-73.79667, 40.74213], [-73.79667, 40.74213], [-73.79667, 40.74213], [-73.79695, 40.74193], [-73.79723, 40.74169], [-73.79727, 40.74056], [-73.79728, 40.74045], [-73.79728, 40.74045], [-73.79728, 40.74045], [-73.79728, 40.74033], [-73.79728, 40.74033], [-73.79728, 40.74033], [-73.79726, 40.74021], [-73.79726, 40.74021], [-73.79726, 40.74021], [-73.79722, 40.7401], [-73.79722, 40.7401], [-73.79722, 40.7401], [-73.79718, 40.73999], [-73.79641, 40.73859], [-73.79629, 40.73855], [-73.79673, 40.73842], [-73.79644, 40.73844], [-73.79641, 40.73832], [-73.7964, 40.73828], [-73.79685, 40.73823], [-73.79729, 40.73818], [-73.79822, 40.73817], [-73.79911, 40.73821], [-73.8, 40.73824], [-73.80089, 40.73827], [-73.80132, 40.73828], [-73.80181, 40.7383], [-73.80269, 40.73833], [-73.80364, 40.73836], [-73.80462, 40.73839], [-73.80467, 40.73839], [-73.80471, 40.73839], [-73.80565, 40.73842], [-73.80658, 40.73845], [-73.80752, 40.73848], [-73.80805, 40.7385], [-73.80845, 40.73851], [-73.80893, 40.73853], [-73.80941, 40.73855], [-73.8104, 40.73859], [-73.8114, 40.73863], [-73.81228, 40.73866], [-73.81322, 40.7387], [-73.81407, 40.73878], [-73.8149, 40.73891], [-73.815, 40.73893], [-73.81505, 40.73894], [-73.81504, 40.73889], [-73.81497, 40.73856], [-73.81502, 40.73856], [-73.81519, 40.73857], [-73.81608, 40.73886], [-73.81633, 40.73845], [-73.81647, 40.73841], [-73.81663, 40.73839], [-73.81678, 40.73838], [-73.81693, 40.73839], [-73.81708, 40.73841], [-73.81838, 40.73859], [-73.82006, 40.73883], [-73.8209, 40.739], [-73.82178, 40.73919], [-73.82267, 40.73938], [-73.82356, 40.73958], [-73.82435, 40.73975], [-73.82481, 40.73963], [-73.82495, 40.73957], [-73.82497, 40.73944], [-73.82543, 40.73948], [-73.82559, 40.73945], [-73.82585, 40.73912], [-73.82635, 40.73884], [-73.82687, 40.73863], [-73.82719, 40.73855], [-73.82759, 40.73849], [-73.82788, 40.73849], [-73.82794, 40.73849], [-73.82795, 40.73782], [-73.82809, 40.73708], [-73.82947, 40.73702], [-73.83054, 40.73752], [-73.83143, 40.73913], [-73.8313, 40.73956], [-73.83127, 40.74026], [-73.83122, 40.74095], [-73.83117, 40.74164], [-73.83113, 40.74234], [-73.83207, 40.74245], [-73.83302, 40.7426], [-73.83383, 40.74276], [-73.83586, 40.74323], [-73.8359, 40.74338], [-73.83592, 40.74343], [-73.83593, 40.7435], [-73.83595, 40.74373], [-73.83585, 40.74418], [-73.83568, 40.74485], [-73.83557, 40.74515], [-73.83544, 40.74552], [-73.83507, 40.7462], [-73.83469, 40.7469], [-73.8346, 40.74702], [-73.8346, 40.74702], [-73.8346, 40.74702], [-73.8345, 40.74713], [-73.8345, 40.74713], [-73.8345, 40.74713], [-73.83439, 40.74724], [-73.83427, 40.74734], [-73.83427, 40.74734], [-73.83427, 40.74734], [-73.83413, 40.74743], [-73.83392, 40.74753], [-73.83392, 40.74753], [-73.83392, 40.74753], [-73.8337, 40.74763], [-73.83365, 40.74765], [-73.833, 40.74783], [-73.83125, 40.74811], [-73.83128, 40.74822], [-73.83129, 40.74834], [-73.83129, 40.74846], [-73.83126, 40.74858], [-73.83122, 40.74869], [-73.83116, 40.7488], [-73.83109, 40.74886], [-73.83101, 40.74892], [-73.83092, 40.74896], [-73.83082, 40.749], [-73.83071, 40.74902], [-73.83061, 40.74903], [-73.82965, 40.74917], [-73.82944, 40.7492], [-73.82923, 40.74926], [-73.82902, 40.74932], [-73.82883, 40.74941], [-73.82865, 40.7495], [-73.82847, 40.7496], [-73.82827, 40.74968], [-73.82807, 40.74975], [-73.82787, 40.74981], [-73.82766, 40.74986], [-73.82752, 40.74987], [-73.82738, 40.74987], [-73.82724, 40.74986], [-73.82674, 40.74968], [-73.82584, 40.74935], [-73.82574, 40.75027], [-73.8257, 40.7504], [-73.82567, 40.75052], [-73.82565, 40.75065], [-73.82565, 40.75078], [-73.82567, 40.75091], [-73.82577, 40.75097], [-73.82519, 40.75129], [-73.82492, 40.75144], [-73.82461, 40.75163], [-73.82427, 40.75183], [-73.82321, 40.75071], [-73.8224, 40.74986]]]}}, {"type": "Feature", "properties": {"zone_id": 199, "zone": "Rikers Island", "borough": "Bronx", "demand": 0}, "geometry": {"type": "Polygon", "coordinates": [[[-73.88885, 40.79871], [-73.8886, 40.79865], [-73.88859, 40.79871], [-73.88821, 40.79866], [-73.88825, 40.79858], [-73.88836, 40.79859], [-73.88839, 40.79857], [-73.88823, 40.79824], [-73.88794, 40.79834], [-73.88767, 40.79838], [-73.88756, 40.79837], [-73.88745, 40.79835], [-73.88744, 40.79835], [-73.88734, 40.79833], [-73.88729, 40.79832], [-73.88723, 40.79831], [-73.88719, 40.7983], [-73.88713, 40.79828], [-73.88708, 40.79826], [-73.88703, 40.79824], [-73.88699, 40.79822], [-73.88694, 40.79819], [-73.88683, 40.79813], [-73.88678, 40.79811], [-73.88673, 40.79807], [-73.88672, 40.79807], [-73.8867, 40.79806], [-73.88668, 40.79805], [-73.88665, 40.79804], [-73.8866, 40.79801], [-73.88654, 40.79797], [-73.88649, 40.79793], [-73.88646, 40.79792], [-73.88645, 40.79791], [-73.88639, 40.79786], [-73.88632, 40.7978], [-73.88629, 40.79777], [-73.88619, 40.79769], [-73.88609, 40.79762], [-73.88599, 40.79754], [-73.88587, 40.79745], [-73.88571, 40.79734], [-73.88557, 40.79724], [-73.88542, 40.79713], [-73.88536, 40.79709], [-73.88531, 40.79706], [-73.88527, 40.79702], [-73.88522, 40.79698], [-73.88511, 40.79687], [-73.885, 40.79677], [-73.88487, 40.79665], [-73.88479, 40.79658], [-73.8847, 40.79649], [-73.88466, 40.79646], [-73.88458, 40.79639], [-73.8845, 40.79633], [-73.88446, 40.7963], [-73.88437, 40.79624], [-73.88429, 40.79618], [-73.88424, 40.79615], [-73.88423, 40.79614], [-73.88422, 40.79612], [-73.88416, 40.79605], [-73.88408, 40.79596], [-73.88403, 40.7959], [-73.88401, 40.79587], [-73.88398, 40.79584], [-73.88395, 40.79582], [-73.88392, 40.79579], [-73.88388, 40.79577], [-73.88384, 40.79575], [-73.88376, 40.79571], [-73.88372, 40.79569], [-73.88369, 40.79568], [-73.88366, 40.79567], [-73.88365, 40.79567], [-73.88364, 40.79567], [-73.88363, 40.79567], [-73.88363, 40.79567], [-73.88363, 40.79567], [-73.88363, 40.79567], [-73.88363, 40.79567], [-73.88363, 40.79567], [-73.88362, 40.79567], [-73.88362, 40.79567], [-73.88362, 40.79567], [-73.88362, 40.79567], [-73.88362, 40.79567], [-73.88362, 40.79567], [-73.88362, 40.79567], [-73.88362, 40.79567], [-73.88362, 40.79567], [-73.88362, 40.79567], [-73.88363, 40.79569], [-73.88364, 40.79571], [-73.88366, 40.79574], [-73.88369, 40.79579], [-73.88369, 40.7958], [-73.88372, 40.79585], [-73.88373, 40.79587], [-73.88373, 40.79588], [-73.88373, 40.79589], [-73.88373, 40.79591], [-73.88373, 40.79592], [-73.88373, 40.79593], [-73.88372, 40.79594], [-73.88372, 40.79594], [-73.88371, 40.79595], [-73.88371, 40.79595], [-73.8837, 40.79596], [-73.88369, 40.79596], [-73.88368, 40.79597], [-73.88367, 40.79597], [-73.88367, 40.79597], [-73.88366, 40.79597], [-73.88366, 40.79597], [-73.88366, 40.79597], [-73.88365, 40.79596], [-73.88363, 40.79596], [-73.88363, 40.79596], [-73.88362, 40.79595], [-73.8836, 40.79594], [-73.88358, 40.79592], [-73.88355, 40.79589], [-73.88352, 40.79586], [-73.88349, 40.79582], [-73.88344, 40.79575], [-73.88341, 40.79572], [-73.88339, 40.79569], [-73.88335, 40.79566], [-73.88333, 40.79564], [-73.88327, 40.79559], [-73.88325, 40.79557], [-73.88322, 40.79555], [-73.8832, 40.79554], [-73.88319, 40.79554], [-73.88317, 40.79553], [-73.88316, 40.79553], [-73.88316, 40.79553], [-73.88314, 40.79552], [-73.8831, 40.79552], [-73.88298, 40.7955], [-73.88295, 40.79549], [-73.88289, 40.79548], [-73.88283, 40.79546], [-73.88282, 40.79546], [-73.8828, 40.79545], [-73.88273, 40.79541], [-73.88265, 40.79536], [-73.88257, 40.79532], [-73.88252, 40.7953], [-73.88246, 40.79527], [-73.88241, 40.79525], [-73.88238, 40.79524], [-73.88228, 40.79521], [-73.88219, 40.79519], [-73.8821, 40.79516], [-73.88207, 40.79515], [-73.88202, 40.79515], [-73.882, 40.79515], [-73.8819, 40.79512], [-73.8818, 40.7951], [-73.88171, 40.79508], [-73.88166, 40.79507], [-73.88159, 40.79506], [-73.88154, 40.79506], [-73.88149, 40.79505], [-73.88138, 40.79506], [-73.88136, 40.79506], [-73.88131, 40.79506], [-73.88129, 40.79505], [-73.88127, 40.79505], [-73.8812, 40.79504], [-73.8811, 40.79502], [-73.88106, 40.79501], [-73.88098, 40.795], [-73.88088, 40.79499], [-73.88084, 40.79498], [-73.88076, 40.79497], [-73.88072, 40.79496], [-73.88066, 40.79495], [-73.88061, 40.79495], [-73.8805, 40.79494], [-73.88038, 40.79492], [-73.88031, 40.79492], [-73.88024, 40.79491], [-73.8801, 40.79491], [-73.87999, 40.79491], [-73.87991, 40.7949], [-73.87991, 40.7949], [-73.87985, 40.7949], [-73.8798, 40.79489], [-73.87976, 40.79488], [-73.87967, 40.79487], [-73.87956, 40.79484], [-73.87946, 40.79482], [-73.87935, 40.79479], [-73.8792, 40.79476], [-73.87908, 40.79473], [-73.87899, 40.79471], [-73.87887, 40.79467], [-73.87875, 40.79464], [-73.87865, 40.79461], [-73.87853, 40.79457], [-73.87847, 40.79456], [-73.87841, 40.79454], [-73.87837, 40.79452], [-73.87834, 40.79451], [-73.87825, 40.79446], [-73.87821, 40.79443], [-73.87819, 40.79442], [-73.87818, 40.79442], [-73.87816, 40.79441], [-73.87812, 40.7944], [-73.87804, 40.79438], [-73.87801, 40.79437], [-73.87798, 40.79436], [-73.87793, 40.79434], [-73.87789, 40.79432], [-73.87778, 40.79425], [-73.87762, 40.79416], [-73.87754, 40.79411], [-73.87745, 40.79406], [-73.87733, 40.794], [-73.87727, 40.79396], [-73.87716, 40.79391], [-73.87705, 40.79385], [-73.87696, 40.7938], [-73.8769, 40.79377], [-73.87685, 40.79374], [-73.87683, 40.79373], [-73.87679, 40.79369], [-73.87676, 40.79368], [-73.87667, 40.79362], [-73.87658, 40.79355], [-73.87653, 40.79352], [-73.87649, 40.7935], [-73.8764, 40.79346], [-73.87637, 40.79344], [-73.87633, 40.79342], [-73.87632, 40.79341], [-73.87629, 40.79338], [-73.87628, 40.79338], [-73.87627, 40.79337], [-73.87625, 40.79336], [-73.87621, 40.79334], [-73.87614, 40.79332], [-73.87612, 40.79331], [-73.8761, 40.7933], [-73.87606, 40.79328], [-73.87605, 40.79327], [-73.87602, 40.79324], [-73.876, 40.79323], [-73.87597, 40.79321], [-73.87592, 40.79319], [-73.87586, 40.79317], [-73.87584, 40.79316], [-73.87583, 40.79315], [-73.87582, 40.79314], [-73.8758, 40.79313], [-73.87579, 40.79311], [-73.87576, 40.79307], [-73.87575, 40.79306], [-73.87572, 40.79304], [-73.8757, 40.79302], [-73.87561, 40.79297], [-73.87558, 40.79294], [-73.87555, 40.79292], [-73.87553, 40.79289], [-73.87551, 40.79287], [-73.87547, 40.79281], [-73.87545, 40.79278], [-73.87543, 40.79275], [-73.87539, 40.79271], [-73.87531, 40.79263], [-73.87522, 40.79255], [-73.87513, 40.79246], [-73.87507, 40.79242], [-73.87498, 40.79235], [-73.87492, 40.7923], [-73.87485, 40.79226], [-73.87481, 40.79224], [-73.87471, 40.79219], [-73.87467, 40.79217], [-73.87463, 40.79214], [-73.87454, 40.79209], [-73.87449, 40.79206], [-73.87441, 40.79201], [-73.87429, 40.79195], [-73.8742, 40.7919], [-73.87418, 40.79189], [-73.87415, 40.79188], [-73.87413, 40.79188], [-73.87411, 40.79187], [-73.87407, 40.79187], [-73.87402, 40.79186], [-73.87393, 40.79186], [-73.87389, 40.79185], [-73.87387, 40.79185], [-73.87362, 40.79177], [-73.87351, 40.79172], [-73.87344, 40.79168], [-73.87337, 40.79165], [-73.87336, 40.79164], [-73.87334, 40.79164], [-73.8733, 40.79163], [-73.87328, 40.79162], [-73.8732, 40.7916], [-73.87315, 40.79158], [-73.8731, 40.79156], [-73.87304, 40.79153], [-73.87297, 40.7915], [-73.87293, 40.79148], [-73.87288, 40.79145], [-73.87284, 40.79142], [-73.87274, 40.79135], [-73.87265, 40.79129], [-73.87257, 40.79125], [-73.87246, 40.79118], [-73.87236, 40.79112], [-73.87226, 40.79107], [-73.87222, 40.79104], [-73.87222, 40.79104], [-73.87216, 40.791], [-73.87208, 40.79093], [-73.87197, 40.79084], [-73.87185, 40.79074], [-73.87175, 40.79066], [-73.87171, 40.79062], [-73.87168, 40.79059], [-73.87161, 40.79051], [-73.87153, 40.79042], [-73.87144, 40.79032], [-73.87136, 40.79024], [-73.87134, 40.79022], [-73.87133, 40.7902], [-73.87127, 40.79012], [-73.87123, 40.79007], [-73.87121, 40.79004], [-73.8712, 40.79002], [-73.8712, 40.79], [-73.87118, 40.78994], [-73.87115, 40.78982], [-73.87115, 40.78979], [-73.87113, 40.78975], [-73.8711, 40.78966], [-73.87107, 40.78956], [-73.87105, 40.7895], [-73.87103, 40.78943], [-73.87102, 40.78939], [-73.87102, 40.78937], [-73.87101, 40.78936], [-73.87101, 40.78927], [-73.87101, 40.78923], [-73.87101, 40.78921], [-73.87101, 40.78919], [-73.871, 40.78917], [-73.87098, 40.78911], [-73.87098, 40.7891], [-73.87097, 40.78906], [-73.87097, 40.789], [-73.87096, 40.78896], [-73.87097, 40.78892], [-73.87098, 40.78888], [-73.87097, 40.78874], [-73.87095, 40.78861], [-73.87092, 40.78847], [-73.87089, 40.78834], [-73.87085, 40.78821], [-73.8708, 40.78806], [-73.87079, 40.78803], [-73.87079, 40.788], [-73.87079, 40.78796], [-73.8708, 40.78793], [-73.87081, 40.7879], [-73.87107, 40.78757], [-73.87123, 40.78744], [-73.87137, 40.78727], [-73.87149, 40.78705], [-73.87163, 40.7868], [-73.87188, 40.78662], [-73.87211, 40.78647], [-73.87225, 40.78643], [-73.87227, 40.78642], [-73.87247, 40.7863], [-73.87268, 40.78615], [-73.87279, 40.78608], [-73.87287, 40.78597], [-73.87288, 40.78596], [-73.87298, 40.78589], [-73.87309, 40.78585], [-73.8732, 40.78582], [-73.87329, 40.78581], [-73.87335, 40.78579], [-73.87343, 40.78576], [-73.87351, 40.78575], [-73.87369, 40.78575], [-73.87386, 40.78576], [-73.87404, 40.78578], [-73.87421, 40.7858], [-73.87436, 40.78581], [-73.8746, 40.78584], [-73.87484, 40.78586], [-73.87508, 40.78587], [-73.87532, 40.78588], [-73.87556, 40.78588], [-73.87581, 40.78588], [-73.87605, 40.78587], [-73.87629, 40.78586], [-73.87653, 40.78584], [-73.87677, 40.78581], [-73.87697, 40.78578], [-73.87717, 40.78574], [-73.87737, 40.78569], [-73.87757, 40.78564], [-73.87776, 40.78557], [-73.87794, 40.78551], [-73.87813, 40.78544], [-73.87831, 40.78536], [-73.88522, 40.78663], [-73.88537, 40.78667], [-73.88577, 40.78668], [-73.88596, 40.78675], [-73.88613, 40.78671], [-73.88632, 40.78673], [-73.88659, 40.78674], [-73.88692, 40.78673], [-73.88715, 40.78683], [-73.88728, 40.78681], [-73.8877, 40.78687], [-73.88831, 40.78701], [-73.88857, 40.78716], [-73.88905, 40.78737], [-73.8894, 40.78779], [-73.88952, 40.78806], [-73.88961, 40.7882], [-73.8898, 40.78865], [-73.88987, 40.78889], [-73.88988, 40.78901], [-73.89013, 40.78964], [-73.8903, 40.78988], [-73.89057, 40.79011], [-73.8908, 40.79021], [-73.89092, 40.79022], [-73.89116, 40.79017], [-73.8914, 40.79019], [-73.89161, 40.79016], [-73.89177, 40.79022], [-73.89197, 40.79024], [-73.89213, 40.79031], [-73.89218, 40.79039], [-73.89282, 40.79282], [-73.89262, 40.79384], [-73.89179, 40.79677], [-73.89146, 40.79707], [-73.89139, 40.79714], [-73.89131, 40.79723], [-73.89127, 40.7973], [-73.89073, 40.79766], [-73.89075, 40.79767], [-73.89073, 40.79768], [-73.89081, 40.79779], [-73.89083, 40.79778], [-73.89087, 40.79783], [-73.8908, 40.79786], [-73.89076, 40.79781], [-73.89079, 40.7978], [-73.89071, 40.79769], [-73.89069, 40.79771], [-73.89067, 40.7977], [-73.89062, 40.79775], [-73.89068, 40.79783], [-73.89069, 40.79783], [-73.89083, 40.79801], [-73.89079, 40.79802], [-73.89065, 40.79785], [-73.89066, 40.79784], [-73.89061, 40.79777], [-73.89017, 40.79796], [-73.89012, 40.79789], [-73.89008, 40.7979], [-73.89005, 40.7979], [-73.89, 40.79789], [-73.88977, 40.79787], [-73.88961, 40.79785], [-73.88936, 40.79781], [-73.88921, 40.7978], [-73.88915, 40.79781], [-73.88906, 40.79783], [-73.88886, 40.79787], [-73.88871, 40.79794], [-73.88856, 40.79802], [-73.88846, 40.79808], [-73.88835, 40.79814], [-73.88831, 40.79818], [-73.88851, 40.79824], [-73.88846, 40.79829], [-73.88856, 40.79835], [-73.88851, 40.79844], [-73.88839, 40.79837], [-73.8885, 40.79859], [-73.88861, 40.79859], [-73.8886, 40.79862], [-73.889, 40.79868], [-73.88898, 40.79875], [-73.88884, 40.79875], [-73.88885, 40.79871]]]}}, {"type": "Feature", "properties": {"zone_id": 201, "zone": "Rockaway Park", "borough": "Queens", "demand": 0}, "geometry": {"type": "Polygon", "coordinates": [[[-73.8185, 40.58736], [-73.8183, 40.58736], [-73.81813, 40.58737], [-73.818, 40.5874], [-73.81788, 40.58745], [-73.81772, 40.58715], [-73.81739, 40.58657], [-73.81734, 40.58648], [-73.81693, 40.58582], [-73.81638, 40.58491], [-73.81576, 40.58396], [-73.8157, 40.58383], [-73.81567, 40.58378], [-73.81564, 40.58372], [-73.81551, 40.58348], [-73.81545, 40.58337], [-73.81568, 40.58331], [-73.8167, 40.58301], [-73.81751, 40.58278], [-73.81731, 40.58233], [-73.8176, 40.58226], [-73.81821, 40.58212], [-73.81838, 40.58208], [-73.81887, 40.58193], [-73.81896, 40.5819], [-73.81918, 40.5818], [-73.81929, 40.58177], [-73.8194, 40.58174], [-73.81964, 40.58169], [-73.82037, 40.5815], [-73.82048, 40.58146], [-73.8205, 40.58146], [-73.82134, 40.58126], [-73.82195, 40.58117], [-73.82214, 40.58113], [-73.82223, 40.58111], [-73.82229, 40.5811], [-73.82242, 40.58104], [-73.82265, 40.58094], [-73.8232, 40.58075], [-73.82321, 40.58074], [-73.82373, 40.58057], [-73.82398, 40.58048], [-73.82419, 40.58042], [-73.82436, 40.58038], [-73.8246, 40.5803], [-73.82474, 40.58026], [-73.82496, 40.58014], [-73.82517, 40.58007], [-73.82563, 40.57997], [-73.82623, 40.57979], [-73.8267, 40.57966], [-73.82687, 40.5796], [-73.82717, 40.57944], [-73.82756, 40.57934], [-73.82799, 40.57924], [-73.82838, 40.57914], [-73.82869, 40.57906], [-73.82878, 40.57904], [-73.82911, 40.57893], [-73.82927, 40.57886], [-73.82946, 40.5788], [-73.82957, 40.57878], [-73.82962, 40.57877], [-73.82968, 40.57877], [-73.82973, 40.57877], [-73.8299, 40.57878], [-73.83003, 40.57877], [-73.83017, 40.57875], [-73.83032, 40.5787], [-73.83048, 40.57865], [-73.83066, 40.57857], [-73.8309, 40.5785], [-73.83107, 40.57847], [-73.83125, 40.57846], [-73.83146, 40.57842], [-73.83163, 40.57837], [-73.8318, 40.57828], [-73.83204, 40.57821], [-73.8322, 40.57815], [-73.83227, 40.57813], [-73.8327, 40.57803], [-73.83293, 40.57794], [-73.83304, 40.5779], [-73.83339, 40.57779], [-73.83365, 40.57771], [-73.83387, 40.57765], [-73.83409, 40.57755], [-73.8345, 40.57735], [-73.83455, 40.57732], [-73.83465, 40.57728], [-73.83506, 40.57712], [-73.83542, 40.57696], [-73.83576, 40.57681], [-73.83592, 40.57677], [-73.836, 40.57674], [-73.83623, 40.57666], [-73.83632, 40.57661], [-73.83641, 40.57657], [-73.83704, 40.57628], [-73.83711, 40.57625], [-73.83766, 40.57601], [-73.83779, 40.57592], [-73.83801, 40.57585], [-73.83826, 40.57579], [-73.83843, 40.5757], [-73.83862, 40.57564], [-73.83888, 40.57555], [-73.83962, 40.57531], [-73.84044, 40.57503], [-73.84138, 40.57472], [-73.84207, 40.57448], [-73.84289, 40.5742], [-73.84378, 40.57389], [-73.84451, 40.57361], [-73.84527, 40.57332], [-73.84616, 40.57303], [-73.84623, 40.57301], [-73.847, 40.57272], [-73.84777, 40.5724], [-73.8485, 40.57215], [-73.84863, 40.5721], [-73.84877, 40.57206], [-73.84884, 40.57202], [-73.84891, 40.572], [-73.849, 40.57196], [-73.84916, 40.57188], [-73.8493, 40.57184], [-73.84937, 40.57181], [-73.84949, 40.57176], [-73.84958, 40.57173], [-73.8497, 40.57168], [-73.84979, 40.57165], [-73.84995, 40.57159], [-73.85025, 40.57149], [-73.85039, 40.57145], [-73.85053, 40.57141], [-73.85071, 40.57134], [-73.85086, 40.5713], [-73.8511, 40.57121], [-73.8512, 40.57119], [-73.85128, 40.57117], [-73.85154, 40.57107], [-73.85168, 40.57097], [-73.85177, 40.57093], [-73.85184, 40.57089], [-73.8522, 40.57074], [-73.85274, 40.5706], [-73.85312, 40.57051], [-73.85332, 40.57043], [-73.85358, 40.57034], [-73.85381, 40.57034], [-73.85385, 40.57033], [-73.85397, 40.57031], [-73.8541, 40.57025], [-73.85423, 40.57014], [-73.85442, 40.57006], [-73.85472, 40.56994], [-73.85488, 40.56991], [-73.85493, 40.5699], [-73.85499, 40.56986], [-73.85506, 40.56981], [-73.85524, 40.56975], [-73.85551, 40.56966], [-73.85575, 40.5696], [-73.85585, 40.56955], [-73.85597, 40.56952], [-73.85612, 40.5695], [-73.85623, 40.56944], [-73.85646, 40.56934], [-73.85664, 40.5693], [-73.85681, 40.56925], [-73.85688, 40.56922], [-73.85713, 40.56913], [-73.85728, 40.56902], [-73.85735, 40.56899], [-73.85767, 40.5689], [-73.85775, 40.56887], [-73.85778, 40.56886], [-73.85792, 40.56879], [-73.85827, 40.56862], [-73.85853, 40.56852], [-73.85909, 40.56831], [-73.85923, 40.56826], [-73.85943, 40.5682], [-73.8595, 40.56819], [-73.85958, 40.56817], [-73.85969, 40.56813], [-73.85977, 40.5681], [-73.85986, 40.56807], [-73.86004, 40.568], [-73.86022, 40.56792], [-73.86116, 40.5675], [-73.86203, 40.56711], [-73.86215, 40.56705], [-73.86226, 40.56697], [-73.86239, 40.56689], [-73.86255, 40.56681], [-73.86266, 40.5668], [-73.86283, 40.56682], [-73.86287, 40.56683], [-73.86309, 40.5676], [-73.86317, 40.56774], [-73.86407, 40.5693], [-73.8641, 40.56935], [-73.86454, 40.56924], [-73.86523, 40.57046], [-73.86634, 40.57238], [-73.86663, 40.57306], [-73.86449, 40.57354], [-73.86361, 40.57382], [-73.86341, 40.57411], [-73.86394, 40.57499], [-73.86397, 40.57503], [-73.86341, 40.57532], [-73.86333, 40.57538], [-73.86275, 40.57586], [-73.86278, 40.5759], [-73.8628, 40.57593], [-73.86288, 40.57606], [-73.8606, 40.57727], [-73.85984, 40.57767], [-73.85909, 40.57807], [-73.85834, 40.57847], [-73.85758, 40.57886], [-73.85684, 40.57926], [-73.85607, 40.57966], [-73.85532, 40.58006], [-73.85456, 40.58046], [-73.85382, 40.58085], [-73.85306, 40.58125], [-73.85219, 40.58154], [-73.85135, 40.58183], [-73.85044, 40.58213], [-73.84931, 40.58217], [-73.84861, 40.58219], [-73.8482, 40.58211], [-73.84726, 40.58195], [-73.84624, 40.58177], [-73.84521, 40.58158], [-73.84506, 40.58159], [-73.84416, 40.58163], [-73.84321, 40.58167], [-73.84234, 40.58171], [-73.84225, 40.58171], [-73.8413, 40.58176], [-73.84033, 40.58181], [-73.83935, 40.58186], [-73.8393, 40.58186], [-73.83926, 40.58197], [-73.83922, 40.58207], [-73.83917, 40.58217], [-73.83911, 40.58227], [-73.83905, 40.58237], [-73.83903, 40.58241], [-73.83901, 40.58244], [-73.83897, 40.58248], [-73.83893, 40.58253], [-73.83888, 40.58256], [-73.83883, 40.58259], [-73.83879, 40.58261], [-73.83875, 40.58263], [-73.83866, 40.58267], [-73.83869, 40.5827], [-73.83867, 40.58271], [-73.8386, 40.58272], [-73.83854, 40.58273], [-73.83855, 40.58279], [-73.83848, 40.5828], [-73.83847, 40.58274], [-73.83831, 40.58276], [-73.8383, 40.58271], [-73.83819, 40.58272], [-73.83819, 40.58273], [-73.83749, 40.58277], [-73.8365, 40.58282], [-73.8365, 40.58282], [-73.8365, 40.58283], [-73.83584, 40.58287], [-73.83123, 40.58411], [-73.83123, 40.58415], [-73.83116, 40.58417], [-73.83036, 40.58438], [-73.82996, 40.58449], [-73.82965, 40.58458], [-73.82923, 40.58469], [-73.82922, 40.58468], [-73.82922, 40.58467], [-73.82853, 40.58485], [-73.82851, 40.58493], [-73.82847, 40.58506], [-73.82845, 40.58512], [-73.82836, 40.58543], [-73.82828, 40.58571], [-73.82826, 40.58575], [-73.82824, 40.58579], [-73.82822, 40.58584], [-73.8282, 40.58588], [-73.82818, 40.58591], [-73.82817, 40.58592], [-73.82814, 40.58597], [-73.82809, 40.58601], [-73.82804, 40.58605], [-73.82798, 40.58609], [-73.82792, 40.58611], [-73.82785, 40.58614], [-73.82669, 40.58649], [-73.82525, 40.5869], [-73.82496, 40.58698], [-73.82476, 40.58704], [-73.82478, 40.58706], [-73.82477, 40.58706], [-73.82481, 40.58715], [-73.8248, 40.58715], [-73.82476, 40.58707], [-73.82475, 40.58707], [-73.82474, 40.58704], [-73.82326, 40.58747], [-73.82321, 40.58748], [-73.82316, 40.58749], [-73.82311, 40.58749], [-73.82307, 40.58749], [-73.82302, 40.58749], [-73.82298, 40.58749], [-73.82294, 40.58749], [-73.82289, 40.58748], [-73.82286, 40.58748], [-73.82279, 40.58745], [-73.82271, 40.58743], [-73.82264, 40.5874], [-73.82257, 40.58736], [-73.82246, 40.5873], [-73.82199, 40.58705], [-73.82146, 40.58677], [-73.82116, 40.58692], [-73.8204, 40.58732], [-73.82003, 40.58751], [-73.81969, 40.58769], [-73.81935, 40.58787], [-73.8193, 40.58789], [-73.81923, 40.58793], [-73.81919, 40.58797], [-73.81913, 40.58804], [-73.81913, 40.588], [-73.81912, 40.58793], [-73.81909, 40.58783], [-73.81904, 40.58773], [-73.81898, 40.58764], [-73.81893, 40.5876], [-73.8189, 40.58757], [-73.8188, 40.5875], [-73.8185, 40.58736]]]}}, {"type": "Feature", "properties": {"zone_id": 204, "zone": "Rossville/Woodrow", "borough": "Staten Island", "demand": 0}, "geometry": {"type": "Polygon", "coordinates": [[[-74.20327, 40.55563], [-74.20291, 40.55494], [-74.20263, 40.55434], [-74.20235, 40.55376], [-74.20216, 40.55336], [-74.20185, 40.55269], [-74.20097, 40.55079], [-74.20018, 40.54891], [-74.20013, 40.54876], [-74.19985, 40.54813], [-74.19912, 40.54671], [-74.19861, 40.54568], [-74.19841, 40.54531], [-74.19731, 40.54326], [-74.19702, 40.54253], [-74.19671, 40.54185], [-74.1964, 40.54117], [-74.19609, 40.5405], [-74.19576, 40.53984], [-74.19543, 40.53918], [-74.19508, 40.53849], [-74.19476, 40.53783], [-74.19468, 40.53766], [-74.19444, 40.53716], [-74.1941, 40.53651], [-74.19377, 40.53583], [-74.19356, 40.53541], [-74.19342, 40.53512], [-74.19335, 40.535], [-74.19329, 40.53488], [-74.19301, 40.53433], [-74.19267, 40.53363], [-74.19237, 40.53304], [-74.19174, 40.53192], [-74.19251, 40.5315], [-74.19313, 40.53119], [-74.19399, 40.53087], [-74.19454, 40.53062], [-74.19479, 40.53052], [-74.19608, 40.52991], [-74.1978, 40.52903], [-74.1991, 40.5283], [-74.19928, 40.5282], [-74.19984, 40.52786], [-74.20053, 40.52736], [-74.20071, 40.52723], [-74.20088, 40.52708], [-74.20103, 40.52692], [-74.20117, 40.52675], [-74.20125, 40.52663], [-74.20133, 40.5265], [-74.20143, 40.52638], [-74.20153, 40.52627], [-74.20218, 40.52607], [-74.20277, 40.52591], [-74.20369, 40.52578], [-74.20526, 40.52558], [-74.20546, 40.52554], [-74.20667, 40.52535], [-74.20674, 40.52535], [-74.2073, 40.52528], [-74.20743, 40.52526], [-74.20755, 40.52525], [-74.20768, 40.52524], [-74.20781, 40.52523], [-74.20794, 40.52523], [-74.20806, 40.52524], [-74.20819, 40.52525], [-74.20832, 40.52527], [-74.20844, 40.52529], [-74.20857, 40.52531], [-74.20865, 40.52534], [-74.20874, 40.52536], [-74.20883, 40.52538], [-74.20892, 40.52539], [-74.20901, 40.52539], [-74.20911, 40.52539], [-74.2092, 40.52538], [-74.20929, 40.52536], [-74.20937, 40.52533], [-74.20946, 40.5253], [-74.20954, 40.52527], [-74.20961, 40.52523], [-74.20971, 40.5251], [-74.20983, 40.52499], [-74.20983, 40.52499], [-74.20983, 40.52499], [-74.20997, 40.52489], [-74.21012, 40.5248], [-74.21028, 40.52472], [-74.21143, 40.52441], [-74.21202, 40.52432], [-74.21229, 40.52428], [-74.21352, 40.52415], [-74.2141, 40.5241], [-74.21567, 40.52396], [-74.2156, 40.52406], [-74.2156, 40.52437], [-74.21561, 40.52549], [-74.21565, 40.52598], [-74.21574, 40.52646], [-74.21587, 40.52665], [-74.21619, 40.52735], [-74.21649, 40.52793], [-74.21661, 40.52818], [-74.21666, 40.52828], [-74.21672, 40.52841], [-74.21685, 40.52864], [-74.21701, 40.52912], [-74.21728, 40.52987], [-74.21752, 40.53064], [-74.21776, 40.53145], [-74.21801, 40.5323], [-74.21827, 40.53453], [-74.21829, 40.53476], [-74.21832, 40.53531], [-74.21828, 40.53549], [-74.2182, 40.53586], [-74.21806, 40.5365], [-74.21791, 40.53703], [-74.21787, 40.53737], [-74.21782, 40.53766], [-74.2178, 40.53775], [-74.21774, 40.53803], [-74.21771, 40.53831], [-74.21768, 40.54013], [-74.21776, 40.54099], [-74.21777, 40.54113], [-74.21801, 40.54183], [-74.21804, 40.54191], [-74.21817, 40.54225], [-74.21844, 40.54296], [-74.21874, 40.54367], [-74.21889, 40.54407], [-74.21899, 40.54431], [-74.2193, 40.54505], [-74.21954, 40.5457], [-74.21982, 40.54644], [-74.21987, 40.54658], [-74.21997, 40.54683], [-74.22008, 40.54714], [-74.22037, 40.54783], [-74.22057, 40.54839], [-74.22061, 40.54849], [-74.22065, 40.54859], [-74.22084, 40.54909], [-74.22088, 40.5492], [-74.22109, 40.54977], [-74.22132, 40.55025], [-74.22127, 40.55034], [-74.22122, 40.55042], [-74.22115, 40.55049], [-74.22107, 40.55055], [-74.21931, 40.55205], [-74.21912, 40.55223], [-74.21878, 40.55247], [-74.21778, 40.55305], [-74.21777, 40.55324], [-74.21783, 40.55344], [-74.21787, 40.55364], [-74.21789, 40.55384], [-74.2179, 40.55404], [-74.21788, 40.55424], [-74.21784, 40.55443], [-74.21721, 40.55471], [-74.21526, 40.55544], [-74.21509, 40.5555], [-74.21492, 40.55555], [-74.21474, 40.55558], [-74.21474, 40.55558], [-74.21474, 40.55558], [-74.21455, 40.55559], [-74.21455, 40.55559], [-74.21455, 40.55559], [-74.21437, 40.55559], [-74.2135, 40.55567], [-74.2122, 40.55644], [-74.21051, 40.55706], [-74.2088, 40.55731], [-74.207, 40.55757], [-74.20671, 40.55758], [-74.20643, 40.55757], [-74.20614, 40.55754], [-74.20585, 40.5575], [-74.20558, 40.55744], [-74.20531, 40.55737], [-74.2052, 40.55733], [-74.20506, 40.55728], [-74.20493, 40.55721], [-74.20398, 40.55662], [-74.20384, 40.55649], [-74.2037, 40.55635], [-74.20364, 40.5563], [-74.20358, 40.55626], [-74.20352, 40.55622], [-74.20345, 40.55618], [-74.20338, 40.55615], [-74.2033, 40.55612], [-74.20323, 40.55609], [-74.20315, 40.55606], [-74.20318, 40.55599], [-74.20321, 40.55592], [-74.20323, 40.55585], [-74.20325, 40.55578], [-74.20326, 40.5557], [-74.20327, 40.55563]]]}}, {"type": "Feature", "properties": {"zone_id": 214, "zone": "South Beach/Dongan Hills", "borough": "Staten Island", "demand": 0}, "geometry": {"type": "Polygon", "coordinates": [[[-74.08491, 40.5957], [-74.08407, 40.5955], [-74.08377, 40.59552], [-74.0833, 40.59472], [-74.08321, 40.59453], [-74.08304, 40.59423], [-74.0824, 40.59319], [-74.08177, 40.59221], [-74.08173, 40.59216], [-74.0803, 40.59267], [-74.07936, 40.59299], [-74.07847, 40.5933], [-74.07888, 40.59394], [-74.07802, 40.59425], [-74.07715, 40.59453], [-74.07626, 40.59482], [-74.0754, 40.5951], [-74.07454, 40.59539], [-74.07368, 40.59567], [-74.07282, 40.59595], [-74.07119, 40.59649], [-74.07044, 40.59673], [-74.0697, 40.59538], [-74.06965, 40.59526], [-74.06832, 40.59279], [-74.06815, 40.59246], [-74.06795, 40.59208], [-74.06751, 40.59133], [-74.06728, 40.59099], [-74.06667, 40.59038], [-74.06663, 40.59034], [-74.06651, 40.59034], [-74.06583, 40.59006], [-74.06578, 40.59002], [-74.06574, 40.58997], [-74.06572, 40.58991], [-74.06573, 40.58985], [-74.06576, 40.58979], [-74.0658, 40.58975], [-74.06572, 40.58969], [-74.06564, 40.58963], [-74.06503, 40.58899], [-74.06503, 40.58891], [-74.06454, 40.58843], [-74.06436, 40.58827], [-74.06441, 40.58824], [-74.06459, 40.5884], [-74.06471, 40.58847], [-74.06478, 40.58849], [-74.06594, 40.58761], [-74.06722, 40.58673], [-74.06934, 40.58478], [-74.06951, 40.58459], [-74.06981, 40.5843], [-74.07021, 40.58398], [-74.07096, 40.58318], [-74.07145, 40.58243], [-74.07149, 40.58217], [-74.0706, 40.58169], [-74.07066, 40.58163], [-74.07147, 40.58203], [-74.07178, 40.58188], [-74.07335, 40.58068], [-74.07383, 40.58028], [-74.07489, 40.57932], [-74.07499, 40.57924], [-74.07493, 40.57917], [-74.07482, 40.5791], [-74.07481, 40.57909], [-74.07479, 40.57909], [-74.07477, 40.57908], [-74.07476, 40.57907], [-74.07474, 40.57907], [-74.07472, 40.57907], [-74.0747, 40.57906], [-74.07469, 40.57906], [-74.07467, 40.57906], [-74.07466, 40.57905], [-74.07465, 40.57905], [-74.07464, 40.57905], [-74.07462, 40.57904], [-74.07461, 40.57904], [-74.0746, 40.57903], [-74.07459, 40.57902], [-74.07458, 40.57902], [-74.07457, 40.57901], [-74.07456, 40.579], [-74.07455, 40.57899], [-74.07453, 40.57897], [-74.07452, 40.57896], [-74.0745, 40.57895], [-74.07449, 40.57893], [-74.07447, 40.57892], [-74.07446, 40.57891], [-74.07444, 40.57889], [-74.07443, 40.57889], [-74.07441, 40.57888], [-74.07439, 40.57887], [-74.07438, 40.57886], [-74.07436, 40.57886], [-74.07435, 40.57885], [-74.07433, 40.57884], [-74.07431, 40.57884], [-74.07429, 40.57884], [-74.07428, 40.57883], [-74.07426, 40.57883], [-74.07425, 40.57883], [-74.07423, 40.57882], [-74.07422, 40.57882], [-74.0742, 40.57882], [-74.07419, 40.57881], [-74.07418, 40.5788], [-74.07416, 40.5788], [-74.07415, 40.57879], [-74.07414, 40.57878], [-74.07413, 40.57878], [-74.07412, 40.57877], [-74.0741, 40.57876], [-74.07409, 40.57875], [-74.07408, 40.57874], [-74.07408, 40.57873], [-74.07407, 40.57872], [-74.07406, 40.57871], [-74.07405, 40.5787], [-74.07403, 40.57868], [-74.07402, 40.57867], [-74.074, 40.57866], [-74.07399, 40.57866], [-74.07397, 40.57865], [-74.07396, 40.57864], [-74.07394, 40.57863], [-74.07392, 40.57862], [-74.0739, 40.57862], [-74.07388, 40.57861], [-74.07386, 40.5786], [-74.07384, 40.5786], [-74.07382, 40.57859], [-74.0738, 40.57859], [-74.07378, 40.57859], [-74.07376, 40.57858], [-74.07375, 40.57858], [-74.07373, 40.57857], [-74.07372, 40.57857], [-74.07371, 40.57856], [-74.0737, 40.57855], [-74.07369, 40.57854], [-74.07368, 40.57854], [-74.07367, 40.57853], [-74.07366, 40.57852], [-74.07365, 40.57851], [-74.07364, 40.5785], [-74.07363, 40.57849], [-74.07362, 40.57847], [-74.0736, 40.57846], [-74.07359, 40.57845], [-74.07358, 40.57844], [-74.07356, 40.57843], [-74.07355, 40.57842], [-74.07353, 40.57842], [-74.07352, 40.57841], [-74.07351, 40.5784], [-74.07349, 40.5784], [-74.07348, 40.57839], [-74.07347, 40.57839], [-74.07345, 40.57838], [-74.07344, 40.5784], [-74.07342, 40.57841], [-74.07341, 40.57843], [-74.0734, 40.57844], [-74.07338, 40.57846], [-74.07338, 40.57846], [-74.07337, 40.57846], [-74.07337, 40.57846], [-74.07336, 40.57846], [-74.07335, 40.57847], [-74.07335, 40.57847], [-74.07334, 40.57846], [-74.07334, 40.57846], [-74.07333, 40.57846], [-74.07333, 40.57846], [-74.07332, 40.57846], [-74.07332, 40.57845], [-74.07331, 40.57845], [-74.07331, 40.57845], [-74.07331, 40.57844], [-74.0733, 40.57844], [-74.0733, 40.57843], [-74.0733, 40.57843], [-74.0733, 40.57842], [-74.0733, 40.57842], [-74.07331, 40.5784], [-74.07332, 40.57839], [-74.07334, 40.57838], [-74.07335, 40.57836], [-74.07335, 40.57835], [-74.07335, 40.57834], [-74.07334, 40.57833], [-74.07334, 40.57833], [-74.07334, 40.57832], [-74.07334, 40.57831], [-74.07334, 40.57831], [-74.07334, 40.57831], [-74.07334, 40.5783], [-74.07334, 40.5783], [-74.07335, 40.57829], [-74.07335, 40.57829], [-74.07336, 40.57828], [-74.07336, 40.57828], [-74.07337, 40.57827], [-74.07337, 40.57827], [-74.07338, 40.57826], [-74.07339, 40.57826], [-74.07339, 40.57826], [-74.07341, 40.57826], [-74.07343, 40.57825], [-74.07344, 40.57825], [-74.07346, 40.57823], [-74.07348, 40.57822], [-74.0735, 40.5782], [-74.0735, 40.5782], [-74.07351, 40.57819], [-74.07351, 40.57819], [-74.07352, 40.57819], [-74.07353, 40.57819], [-74.07353, 40.57819], [-74.07354, 40.57819], [-74.07355, 40.5782], [-74.07355, 40.5782], [-74.07356, 40.5782], [-74.07356, 40.5782], [-74.07357, 40.57821], [-74.07357, 40.57821], [-74.07357, 40.57822], [-74.07357, 40.57822], [-74.07358, 40.57823], [-74.07358, 40.57823], [-74.07358, 40.57824], [-74.07357, 40.57825], [-74.07356, 40.57826], [-74.07355, 40.57828], [-74.07353, 40.57829], [-74.07352, 40.5783], [-74.07352, 40.57831], [-74.07351, 40.57832], [-74.0735, 40.57833], [-74.07353, 40.57835], [-74.07357, 40.57837], [-74.0736, 40.57839], [-74.07364, 40.5784], [-74.0737, 40.57843], [-74.07376, 40.57847], [-74.07382, 40.5785], [-74.07388, 40.57853], [-74.07394, 40.57856], [-74.07406, 40.57863], [-74.07418, 40.57869], [-74.0743, 40.57876], [-74.07431, 40.57876], [-74.07438, 40.5788], [-74.07446, 40.57884], [-74.07455, 40.57888], [-74.07462, 40.57893], [-74.0747, 40.57896], [-74.07481, 40.57902], [-74.07508, 40.57916], [-74.07538, 40.5788], [-74.0758, 40.57831], [-74.07523, 40.578], [-74.07535, 40.57789], [-74.07602, 40.57824], [-74.07611, 40.57817], [-74.07621, 40.57813], [-74.07625, 40.5781], [-74.07626, 40.57808], [-74.07629, 40.57807], [-74.07634, 40.57804], [-74.07637, 40.57802], [-74.0764, 40.57799], [-74.07641, 40.57798], [-74.0764, 40.57797], [-74.0763, 40.57792], [-74.07629, 40.57791], [-74.0763, 40.5779], [-74.07631, 40.5779], [-74.07643, 40.57795], [-74.07646, 40.57797], [-74.07649, 40.57796], [-74.07652, 40.57794], [-74.07654, 40.57791], [-74.07655, 40.57788], [-74.07658, 40.57785], [-74.07662, 40.57782], [-74.07672, 40.57773], [-74.07688, 40.57764], [-74.07692, 40.57758], [-74.07674, 40.57737], [-74.07675, 40.57737], [-74.0769, 40.57752], [-74.07694, 40.57753], [-74.07737, 40.57728], [-74.0783, 40.57646], [-74.07877, 40.57601], [-74.07926, 40.57567], [-74.07868, 40.57508], [-74.07875, 40.57504], [-74.07934, 40.57563], [-74.08018, 40.57518], [-74.0805, 40.57498], [-74.08091, 40.57469], [-74.08134, 40.57432], [-74.08174, 40.57394], [-74.08231, 40.57342], [-74.08259, 40.57315], [-74.08301, 40.57279], [-74.0836, 40.57237], [-74.08459, 40.57156], [-74.08496, 40.57126], [-74.08598, 40.57224], [-74.08766, 40.57301], [-74.0877, 40.57306], [-74.08775, 40.57311], [-74.08887, 40.57372], [-74.08961, 40.57413], [-74.09033, 40.57452], [-74.09109, 40.5749], [-74.09182, 40.57527], [-74.09257, 40.57567], [-74.09336, 40.57605], [-74.09409, 40.57642], [-74.09484, 40.57681], [-74.09518, 40.57702], [-74.09613, 40.57753], [-74.09741, 40.57817], [-74.09851, 40.57873], [-74.0994, 40.57919], [-74.10039, 40.57969], [-74.09974, 40.58021], [-74.09909, 40.58073], [-74.09844, 40.58124], [-74.10061, 40.58271], [-74.1025, 40.58401], [-74.10266, 40.58409], [-74.10279, 40.58422], [-74.10526, 40.58592], [-74.10455, 40.5865], [-74.10393, 40.58708], [-74.10357, 40.58739], [-74.10345, 40.58751], [-74.10328, 40.58766], [-74.10317, 40.58775], [-74.10293, 40.58798], [-74.10282, 40.58807], [-74.10257, 40.5883], [-74.10246, 40.5884], [-74.10208, 40.58874], [-74.1015, 40.58934], [-74.10088, 40.59018], [-74.10089, 40.59043], [-74.10091, 40.59102], [-74.10098, 40.59183], [-74.10083, 40.59263], [-74.10082, 40.59267], [-74.10074, 40.59284], [-74.10074, 40.59284], [-74.10074, 40.59284], [-74.10065, 40.59302], [-74.10065, 40.59302], [-74.10065, 40.59302], [-74.10054, 40.59318], [-74.10042, 40.59334], [-74.10007, 40.59364], [-74.0998, 40.59387], [-74.09949, 40.59405], [-74.09908, 40.59429], [-74.09874, 40.59449], [-74.09807, 40.59488], [-74.09799, 40.59493], [-74.09722, 40.59536], [-74.09586, 40.59595], [-74.0949, 40.5963], [-74.09428, 40.59645], [-74.09375, 40.59674], [-74.09336, 40.59703], [-74.09272, 40.59746], [-74.09229, 40.59808], [-74.09193, 40.5985], [-74.09178, 40.59872], [-74.09176, 40.5988], [-74.09174, 40.59888], [-74.09173, 40.59897], [-74.09172, 40.59905], [-74.09172, 40.59914], [-74.09172, 40.59922], [-74.09161, 40.59926], [-74.09148, 40.59941], [-74.09083, 40.59999], [-74.0906, 40.6002], [-74.09036, 40.6004], [-74.0901, 40.60059], [-74.08984, 40.60077], [-74.08948, 40.6009], [-74.0892, 40.60096], [-74.08831, 40.60111], [-74.08666, 40.60123], [-74.08648, 40.60127], [-74.08625, 40.60132], [-74.08584, 40.60143], [-74.08521, 40.6016], [-74.08457, 40.60182], [-74.08433, 40.60187], [-74.08384, 40.60193], [-74.08282, 40.60197], [-74.08219, 40.60194], [-74.08185, 40.60154], [-74.0814, 40.60092], [-74.08132, 40.60081], [-74.08126, 40.60068], [-74.08122, 40.60055], [-74.0812, 40.60041], [-74.08116, 40.60021], [-74.0813, 40.59939], [-74.08144, 40.59916], [-74.08149, 40.59908], [-74.0816, 40.59902], [-74.082, 40.59868], [-74.08231, 40.59846], [-74.08248, 40.59833], [-74.08361, 40.59791], [-74.08469, 40.59751], [-74.08477, 40.59746], [-74.08477, 40.59746], [-74.08477, 40.59746], [-74.08497, 40.59732], [-74.08516, 40.59717], [-74.08516, 40.59717], [-74.08516, 40.59717], [-74.08533, 40.59701], [-74.08547, 40.59683], [-74.08585, 40.59594], [-74.08588, 40.59589], [-74.08579, 40.59588], [-74.08491, 40.5957]]]}}, {"type": "Feature", "properties": {"zone_id": 245, "zone": "West Brighton", "borough": "Staten Island", "demand": 0}, "geometry": {"type": "Polygon", "coordinates": [[[-74.09788, 40.64036], [-74.09767, 40.63896], [-74.09686, 40.63901], [-74.09638, 40.63904], [-74.09571, 40.6391], [-74.09409, 40.63927], [-74.09386, 40.63802], [-74.09363, 40.63728], [-74.09339, 40.6366], [-74.09243, 40.63558], [-74.09182, 40.63556], [-74.09091, 40.63549], [-74.09028, 40.6355], [-74.0897, 40.63568], [-74.08961, 40.63574], [-74.08952, 40.6358], [-74.08944, 40.63587], [-74.08936, 40.63594], [-74.08929, 40.63601], [-74.08922, 40.63609], [-74.08916, 40.63617], [-74.0891, 40.63625], [-74.08892, 40.63653], [-74.08871, 40.63685], [-74.0876, 40.63626], [-74.08691, 40.63586], [-74.08588, 40.63669], [-74.08569, 40.63661], [-74.08513, 40.63636], [-74.08373, 40.63574], [-74.08395, 40.63565], [-74.08444, 40.63541], [-74.08575, 40.63396], [-74.08714, 40.63224], [-74.08762, 40.63165], [-74.08808, 40.63108], [-74.08821, 40.6309], [-74.08836, 40.63073], [-74.08852, 40.63058], [-74.08871, 40.63043], [-74.0889, 40.63029], [-74.08903, 40.63021], [-74.08915, 40.63012], [-74.08925, 40.63003], [-74.08934, 40.62992], [-74.08942, 40.62981], [-74.09158, 40.62655], [-74.09224, 40.62574], [-74.09395, 40.62433], [-74.09534, 40.6232], [-74.0964, 40.62233], [-74.09752, 40.62142], [-74.09814, 40.62091], [-74.09968, 40.61967], [-74.10004, 40.61936], [-74.1004, 40.61904], [-74.10073, 40.61871], [-74.10105, 40.61837], [-74.10135, 40.61802], [-74.1019, 40.61745], [-74.10255, 40.61685], [-74.10351, 40.61642], [-74.10458, 40.61761], [-74.10495, 40.61802], [-74.10512, 40.6182], [-74.10519, 40.61828], [-74.10553, 40.61859], [-74.10609, 40.61898], [-74.10734, 40.61954], [-74.10771, 40.6197], [-74.10911, 40.6203], [-74.11002, 40.62069], [-74.11094, 40.62119], [-74.11153, 40.6216], [-74.11235, 40.62227], [-74.11326, 40.62305], [-74.11358, 40.6237], [-74.11393, 40.62433], [-74.11407, 40.62458], [-74.11471, 40.62581], [-74.11474, 40.62586], [-74.11476, 40.62589], [-74.11503, 40.62642], [-74.11524, 40.62683], [-74.11526, 40.62686], [-74.11528, 40.62689], [-74.11545, 40.62722], [-74.11561, 40.62755], [-74.11589, 40.62809], [-74.11595, 40.62823], [-74.11614, 40.6287], [-74.11619, 40.62894], [-74.11635, 40.62983], [-74.11651, 40.63076], [-74.11667, 40.63171], [-74.11684, 40.63267], [-74.11696, 40.63335], [-74.11704, 40.63382], [-74.11708, 40.63401], [-74.1172, 40.63457], [-74.11738, 40.6354], [-74.11746, 40.63577], [-74.11747, 40.63588], [-74.11747, 40.63594], [-74.11748, 40.63603], [-74.11749, 40.63611], [-74.11749, 40.63622], [-74.1175, 40.63631], [-74.11751, 40.63644], [-74.11752, 40.63653], [-74.11753, 40.63666], [-74.11753, 40.63675], [-74.11755, 40.63695], [-74.11766, 40.63806], [-74.11709, 40.63813], [-74.11641, 40.6382], [-74.11588, 40.63826], [-74.11519, 40.63835], [-74.115, 40.63729], [-74.11374, 40.63743], [-74.11279, 40.63753], [-74.11175, 40.63764], [-74.11081, 40.63775], [-74.10975, 40.63787], [-74.10954, 40.63799], [-74.10939, 40.63807], [-74.10939, 40.63807], [-74.10939, 40.63807], [-74.10923, 40.63813], [-74.10923, 40.63813], [-74.10923, 40.63813], [-74.10905, 40.63818], [-74.10905, 40.63818], [-74.10905, 40.63818], [-74.10887, 40.63822], [-74.10887, 40.63822], [-74.10887, 40.63822], [-74.10869, 40.63824], [-74.10823, 40.63831], [-74.10746, 40.63844], [-74.10734, 40.63854], [-74.1073, 40.63858], [-74.10725, 40.63861], [-74.1072, 40.63864], [-74.10715, 40.63867], [-74.10709, 40.63869], [-74.10703, 40.63871], [-74.10697, 40.63872], [-74.10691, 40.63873], [-74.10542, 40.6389], [-74.10481, 40.63898], [-74.10394, 40.63919], [-74.10305, 40.6394], [-74.10217, 40.63962], [-74.1013, 40.63983], [-74.10042, 40.64004], [-74.0999, 40.64016], [-74.09929, 40.6402], [-74.09788, 40.64036]]]}}, {"type": "Feature", "properties": {"zone_id": 251, "zone": "Westerleigh", "borough": "Staten Island", "demand": 0}, "geometry": {"type": "Polygon", "coordinates": [[[-74.13107, 40.63115], [-74.1306, 40.63088], [-74.13047, 40.63089], [-74.13014, 40.62997], [-74.13025, 40.62961], [-74.13033, 40.62938], [-74.13056, 40.62871], [-74.13069, 40.62834], [-74.13099, 40.62737], [-74.13131, 40.62633], [-74.1307, 40.62634], [-74.13008, 40.62642], [-74.1292, 40.62654], [-74.12826, 40.62667], [-74.12666, 40.62689], [-74.12513, 40.6271], [-74.12425, 40.62721], [-74.12365, 40.62729], [-74.12271, 40.62741], [-74.12216, 40.62748], [-74.12126, 40.62782], [-74.12057, 40.62699], [-74.12013, 40.62654], [-74.11967, 40.62619], [-74.11916, 40.62582], [-74.11846, 40.62527], [-74.11829, 40.62513], [-74.1181, 40.625], [-74.11791, 40.62488], [-74.1177, 40.62477], [-74.11748, 40.62467], [-74.11725, 40.62459], [-74.11701, 40.62452], [-74.11627, 40.62424], [-74.11542, 40.62391], [-74.11326, 40.62305], [-74.11235, 40.62227], [-74.11153, 40.6216], [-74.11094, 40.62119], [-74.11002, 40.62069], [-74.10911, 40.6203], [-74.10771, 40.6197], [-74.10734, 40.61954], [-74.10609, 40.61898], [-74.10553, 40.61859], [-74.10519, 40.61828], [-74.10512, 40.6182], [-74.10495, 40.61802], [-74.10458, 40.61761], [-74.10351, 40.61642], [-74.10303, 40.61578], [-74.10257, 40.61519], [-74.10209, 40.6146], [-74.10128, 40.61399], [-74.10068, 40.61355], [-74.10055, 40.61346], [-74.09988, 40.61292], [-74.09935, 40.61242], [-74.09862, 40.61152], [-74.09847, 40.61135], [-74.0981, 40.61096], [-74.09788, 40.61073], [-74.09777, 40.61062], [-74.09938, 40.61056], [-74.09947, 40.61056], [-74.10004, 40.61054], [-74.10083, 40.61051], [-74.10139, 40.61049], [-74.10165, 40.61048], [-74.10181, 40.61047], [-74.1024, 40.61045], [-74.1029, 40.61043], [-74.10338, 40.61041], [-74.10429, 40.61038], [-74.10549, 40.61034], [-74.10668, 40.61029], [-74.10723, 40.61025], [-74.10779, 40.61023], [-74.10834, 40.61023], [-74.10885, 40.61025], [-74.1089, 40.61025], [-74.10946, 40.61029], [-74.11001, 40.61034], [-74.11048, 40.61042], [-74.11083, 40.61051], [-74.11114, 40.61059], [-74.11264, 40.61097], [-74.11295, 40.61104], [-74.11327, 40.6111], [-74.1136, 40.61114], [-74.11393, 40.61118], [-74.11426, 40.6112], [-74.11459, 40.6112], [-74.11509, 40.61121], [-74.11567, 40.61118], [-74.11651, 40.61105], [-74.11678, 40.61099], [-74.11687, 40.61097], [-74.11739, 40.61083], [-74.11833, 40.61058], [-74.11994, 40.61015], [-74.12044, 40.61002], [-74.12135, 40.60977], [-74.12247, 40.60948], [-74.12252, 40.60947], [-74.12327, 40.60929], [-74.12351, 40.60923], [-74.12398, 40.60914], [-74.12453, 40.60902], [-74.12515, 40.60891], [-74.1252, 40.6089], [-74.12631, 40.6087], [-74.12651, 40.60866], [-74.12674, 40.60863], [-74.12743, 40.60855], [-74.12784, 40.6085], [-74.12875, 40.60839], [-74.12983, 40.6083], [-74.13094, 40.60821], [-74.13157, 40.60818], [-74.1321, 40.60815], [-74.13212, 40.60826], [-74.13215, 40.60855], [-74.13312, 40.60851], [-74.13404, 40.60845], [-74.13498, 40.60841], [-74.13591, 40.60836], [-74.13717, 40.60829], [-74.13811, 40.60824], [-74.13904, 40.6082], [-74.13997, 40.60815], [-74.14093, 40.60809], [-74.14188, 40.60804], [-74.14283, 40.60799], [-74.14392, 40.60799], [-74.14418, 40.608], [-74.14445, 40.60801], [-74.14471, 40.60803], [-74.14497, 40.60806], [-74.14523, 40.6081], [-74.14549, 40.60814], [-74.14575, 40.60819], [-74.14601, 40.60824], [-74.14631, 40.60831], [-74.14661, 40.60838], [-74.14691, 40.60847], [-74.1472, 40.60856], [-74.14747, 40.60866], [-74.14774, 40.60875], [-74.14801, 40.60886], [-74.14827, 40.60897], [-74.14853, 40.60908], [-74.14878, 40.6092], [-74.14954, 40.60963], [-74.14894, 40.60975], [-74.14774, 40.61], [-74.14697, 40.61015], [-74.14689, 40.61063], [-74.1468, 40.61133], [-74.1467, 40.61207], [-74.14654, 40.61326], [-74.14646, 40.61389], [-74.14641, 40.61427], [-74.14604, 40.61701], [-74.14512, 40.61697], [-74.1442, 40.61687], [-74.14326, 40.61674], [-74.14234, 40.61661], [-74.14173, 40.61654], [-74.14162, 40.61652], [-74.14107, 40.61646], [-74.14073, 40.61641], [-74.13982, 40.6163], [-74.13965, 40.61701], [-74.13944, 40.61777], [-74.13924, 40.61852], [-74.139, 40.61939], [-74.13874, 40.62037], [-74.13853, 40.62113], [-74.13837, 40.62174], [-74.13861, 40.62177], [-74.1385, 40.62263], [-74.13826, 40.62424], [-74.13806, 40.62422], [-74.13785, 40.62422], [-74.13764, 40.62423], [-74.13743, 40.62425], [-74.13723, 40.6243], [-74.13708, 40.62435], [-74.13694, 40.6244], [-74.13681, 40.62447], [-74.13667, 40.62453], [-74.13654, 40.6246], [-74.13642, 40.62468], [-74.1363, 40.62476], [-74.13618, 40.62484], [-74.13581, 40.62506], [-74.13793, 40.62696], [-74.13806, 40.62707], [-74.13789, 40.62745], [-74.13806, 40.62757], [-74.13786, 40.62769], [-74.13731, 40.62819], [-74.13674, 40.62866], [-74.13605, 40.62819], [-74.13586, 40.62806], [-74.13409, 40.62954], [-74.13344, 40.62907], [-74.13229, 40.63002], [-74.13162, 40.63058], [-74.13107, 40.63115]]]}}, {"type": "Feature", "properties": {"zone_id": 252, "zone": "Whitestone", "borough": "Queens", "demand": 0}, "geometry": {"type": "Polygon", "coordinates": [[[-73.8205, 40.80101], [-73.8204, 40.80064], [-73.82039, 40.80064], [-73.82038, 40.80065], [-73.82036, 40.80066], [-73.82034, 40.80067], [-73.82033, 40.80068], [-73.82031, 40.80068], [-73.8203, 40.80069], [-73.82028, 40.8007], [-73.82026, 40.80071], [-73.82025, 40.80072], [-73.82022, 40.80072], [-73.82021, 40.80073], [-73.82019, 40.80074], [-73.82018, 40.80074], [-73.82016, 40.80075], [-73.82015, 40.80075], [-73.82013, 40.80076], [-73.82012, 40.80077], [-73.8201, 40.80079], [-73.82008, 40.8008], [-73.82007, 40.80081], [-73.82006, 40.80081], [-73.82004, 40.80082], [-73.82003, 40.80083], [-73.82001, 40.80083], [-73.81999, 40.80084], [-73.81997, 40.80084], [-73.81995, 40.80085], [-73.81994, 40.80086], [-73.81993, 40.80087], [-73.81992, 40.80087], [-73.81991, 40.80089], [-73.81991, 40.80089], [-73.81991, 40.80091], [-73.81991, 40.80092], [-73.81991, 40.80093], [-73.81991, 40.80094], [-73.81991, 40.80095], [-73.81991, 40.80097], [-73.81991, 40.80097], [-73.81991, 40.80098], [-73.8199, 40.80098], [-73.81989, 40.80098], [-73.81988, 40.80098], [-73.81987, 40.80099], [-73.81986, 40.80099], [-73.81986, 40.80099], [-73.81984, 40.80099], [-73.81983, 40.80099], [-73.81982, 40.80099], [-73.81981, 40.80098], [-73.8198, 40.80097], [-73.8198, 40.80096], [-73.8198, 40.80095], [-73.81979, 40.80094], [-73.81978, 40.80092], [-73.81976, 40.80091], [-73.81974, 40.8009], [-73.81972, 40.80089], [-73.8197, 40.80088], [-73.81969, 40.80088], [-73.81967, 40.80087], [-73.81965, 40.80087], [-73.81963, 40.80087], [-73.81962, 40.80087], [-73.8196, 40.80087], [-73.81958, 40.80086], [-73.81956, 40.80085], [-73.81955, 40.80085], [-73.81953, 40.80084], [-73.81952, 40.80083], [-73.8195, 40.80082], [-73.81949, 40.80081], [-73.81946, 40.80079], [-73.81945, 40.80077], [-73.81944, 40.80076], [-73.81942, 40.80075], [-73.81941, 40.80074], [-73.81939, 40.80074], [-73.81937, 40.80073], [-73.81936, 40.80072], [-73.81934, 40.80071], [-73.81932, 40.8007], [-73.8193, 40.80068], [-73.81929, 40.80067], [-73.81928, 40.80067], [-73.81926, 40.80066], [-73.81925, 40.80065], [-73.81924, 40.80064], [-73.81923, 40.80063], [-73.81921, 40.80062], [-73.8192, 40.80061], [-73.81919, 40.8006], [-73.81918, 40.80059], [-73.81916, 40.80058], [-73.81914, 40.80056], [-73.81913, 40.80055], [-73.81911, 40.80054], [-73.81909, 40.80051], [-73.81907, 40.8005], [-73.81906, 40.80049], [-73.81904, 40.80048], [-73.81903, 40.80047], [-73.81902, 40.80046], [-73.81901, 40.80045], [-73.81899, 40.80044], [-73.81898, 40.80042], [-73.81896, 40.80041], [-73.81895, 40.8004], [-73.81893, 40.80039], [-73.81892, 40.80037], [-73.81891, 40.80036], [-73.8189, 40.80035], [-73.81888, 40.80034], [-73.81887, 40.80033], [-73.81886, 40.80032], [-73.81885, 40.80031], [-73.81884, 40.8003], [-73.81882, 40.80029], [-73.81881, 40.80028], [-73.8188, 40.80027], [-73.81878, 40.80027], [-73.81876, 40.80026], [-73.81874, 40.80025], [-73.81871, 40.80023], [-73.81869, 40.80021], [-73.81868, 40.8002], [-73.81866, 40.80019], [-73.81865, 40.80018], [-73.81864, 40.80018], [-73.81863, 40.80017], [-73.81862, 40.80016], [-73.81861, 40.80014], [-73.81859, 40.80013], [-73.81857, 40.80012], [-73.81856, 40.80011], [-73.81855, 40.8001], [-73.81855, 40.80009], [-73.81853, 40.80008], [-73.81852, 40.80007], [-73.8185, 40.80005], [-73.81847, 40.80004], [-73.81845, 40.80002], [-73.81843, 40.80001], [-73.81842, 40.8], [-73.81841, 40.79999], [-73.8184, 40.79998], [-73.81838, 40.79997], [-73.81837, 40.79996], [-73.81836, 40.79995], [-73.81833, 40.79993], [-73.81832, 40.79992], [-73.8183, 40.79991], [-73.81829, 40.7999], [-73.81827, 40.79989], [-73.81826, 40.79989], [-73.81825, 40.79988], [-73.81824, 40.79987], [-73.81821, 40.79986], [-73.8182, 40.79985], [-73.81819, 40.79984], [-73.81817, 40.79983], [-73.81816, 40.79982], [-73.81815, 40.79981], [-73.81813, 40.7998], [-73.81812, 40.79979], [-73.8181, 40.79978], [-73.81809, 40.79977], [-73.81807, 40.79976], [-73.81806, 40.79976], [-73.81805, 40.79975], [-73.81803, 40.79974], [-73.81802, 40.79973], [-73.818, 40.79972], [-73.81799, 40.79971], [-73.81797, 40.7997], [-73.81794, 40.79968], [-73.81793, 40.79967], [-73.81792, 40.79966], [-73.81791, 40.79966], [-73.81789, 40.79965], [-73.81788, 40.79964], [-73.81787, 40.79963], [-73.81785, 40.79962], [-73.81784, 40.7996], [-73.81781, 40.79959], [-73.8178, 40.79958], [-73.81779, 40.79957], [-73.81778, 40.79956], [-73.81776, 40.79955], [-73.81775, 40.79954], [-73.81774, 40.79953], [-73.81773, 40.79953], [-73.81772, 40.79952], [-73.81771, 40.79951], [-73.81769, 40.7995], [-73.81768, 40.79949], [-73.81767, 40.79948], [-73.81765, 40.79947], [-73.81763, 40.79945], [-73.81761, 40.79944], [-73.8176, 40.79943], [-73.81759, 40.79942], [-73.81756, 40.79941], [-73.81754, 40.79939], [-73.81752, 40.79938], [-73.8175, 40.79937], [-73.81749, 40.79935], [-73.81747, 40.79935], [-73.81746, 40.79934], [-73.81744, 40.79932], [-73.81742, 40.79931], [-73.8174, 40.7993], [-73.81739, 40.79929], [-73.81736, 40.79928], [-73.81734, 40.79927], [-73.81733, 40.79926], [-73.81731, 40.79925], [-73.8173, 40.79925], [-73.81729, 40.79924], [-73.81728, 40.79924], [-73.81725, 40.79923], [-73.81724, 40.79922], [-73.81722, 40.79921], [-73.81721, 40.79921], [-73.81718, 40.7992], [-73.81718, 40.79919], [-73.81716, 40.79919], [-73.81714, 40.79918], [-73.81712, 40.79918], [-73.8171, 40.79917], [-73.81708, 40.79917], [-73.81705, 40.79916], [-73.81702, 40.79916], [-73.81701, 40.79915], [-73.81699, 40.79915], [-73.81697, 40.79914], [-73.81695, 40.79914], [-73.81694, 40.79913], [-73.81692, 40.79913], [-73.81691, 40.79912], [-73.81689, 40.79912], [-73.81687, 40.79912], [-73.81686, 40.79911], [-73.81684, 40.79911], [-73.81683, 40.7991], [-73.81681, 40.7991], [-73.8168, 40.7991], [-73.81678, 40.79909], [-73.81676, 40.79909], [-73.81674, 40.79908], [-73.81672, 40.79908], [-73.81671, 40.79908], [-73.8167, 40.79908], [-73.81669, 40.79907], [-73.81668, 40.79907], [-73.81666, 40.79907], [-73.81664, 40.79906], [-73.81662, 40.79906], [-73.8166, 40.79905], [-73.81658, 40.79905], [-73.81657, 40.79904], [-73.81655, 40.79904], [-73.81654, 40.79903], [-73.81652, 40.79902], [-73.8165, 40.79902], [-73.81649, 40.79901], [-73.81648, 40.799], [-73.81647, 40.79899], [-73.81646, 40.79897], [-73.81645, 40.79896], [-73.81644, 40.79895], [-73.81643, 40.79893], [-73.81642, 40.79892], [-73.81641, 40.7989], [-73.81639, 40.79888], [-73.81638, 40.79887], [-73.81636, 40.79886], [-73.81634, 40.79885], [-73.81633, 40.79884], [-73.81631, 40.79884], [-73.8163, 40.79883], [-73.81629, 40.79882], [-73.81628, 40.79882], [-73.81628, 40.7988], [-73.81627, 40.7988], [-73.81625, 40.79879], [-73.81624, 40.79878], [-73.81623, 40.79876], [-73.81622, 40.79875], [-73.81621, 40.79874], [-73.8162, 40.79873], [-73.81619, 40.79871], [-73.81618, 40.7987], [-73.81617, 40.79869], [-73.81615, 40.79867], [-73.81614, 40.79866], [-73.81613, 40.79865], [-73.81612, 40.79863], [-73.81611, 40.79862], [-73.8161, 40.7986], [-73.81609, 40.79859], [-73.81609, 40.79858], [-73.81608, 40.79857], [-73.81607, 40.79856], [-73.81605, 40.79855], [-73.81604, 40.79854], [-73.81603, 40.79853], [-73.81601, 40.79852], [-73.816, 40.79852], [-73.81598, 40.79851], [-73.81597, 40.7985], [-73.81595, 40.7985], [-73.81594, 40.79849], [-73.81592, 40.79849], [-73.8159, 40.79848], [-73.81589, 40.79847], [-73.81587, 40.79847], [-73.81585, 40.79846], [-73.81583, 40.79846], [-73.81582, 40.79845], [-73.8158, 40.79844], [-73.81578, 40.79844], [-73.81577, 40.79843], [-73.81576, 40.79843], [-73.81574, 40.79842], [-73.81572, 40.79841], [-73.8157, 40.7984], [-73.81569, 40.7984], [-73.81568, 40.79839], [-73.81566, 40.79838], [-73.81564, 40.79838], [-73.81563, 40.79837], [-73.81561, 40.79836], [-73.8156, 40.79836], [-73.81559, 40.79835], [-73.81557, 40.79834], [-73.81556, 40.79834], [-73.81554, 40.79833], [-73.81553, 40.79833], [-73.81551, 40.79832], [-73.8155, 40.79831], [-73.81548, 40.79831], [-73.81546, 40.7983], [-73.81544, 40.79829], [-73.81543, 40.79829], [-73.81541, 40.79828], [-73.81539, 40.79827], [-73.81538, 40.79826], [-73.81536, 40.79826], [-73.81535, 40.79825], [-73.81533, 40.79825], [-73.81531, 40.79824], [-73.8153, 40.79823], [-73.81529, 40.79823], [-73.81527, 40.79822], [-73.81525, 40.79821], [-73.81523, 40.7982], [-73.81522, 40.7982], [-73.8152, 40.79819], [-73.81518, 40.79818], [-73.81516, 40.79818], [-73.81513, 40.79817], [-73.81511, 40.79816], [-73.81508, 40.79815], [-73.81507, 40.79814], [-73.81506, 40.79813], [-73.81504, 40.79812], [-73.81503, 40.79812], [-73.81501, 40.79811], [-73.815, 40.7981], [-73.81498, 40.79809], [-73.81497, 40.79809], [-73.81495, 40.79808], [-73.81494, 40.79808], [-73.81492, 40.79807], [-73.81491, 40.79806], [-73.8149, 40.79805], [-73.81488, 40.79805], [-73.81487, 40.79804], [-73.81485, 40.79803], [-73.81483, 40.79803], [-73.8148, 40.79802], [-73.81479, 40.79801], [-73.81477, 40.79801], [-73.81475, 40.798], [-73.81473, 40.798], [-73.81472, 40.79799], [-73.8147, 40.79798], [-73.8147, 40.79798], [-73.81469, 40.79797], [-73.81468, 40.79796], [-73.81467, 40.79796], [-73.81466, 40.79795], [-73.81465, 40.79794], [-73.81464, 40.79793], [-73.81462, 40.79792], [-73.81461, 40.79792], [-73.81459, 40.79791], [-73.81457, 40.7979], [-73.81455, 40.7979], [-73.81454, 40.79789], [-73.81451, 40.79788], [-73.8145, 40.79788], [-73.81448, 40.79787], [-73.81446, 40.79787], [-73.81445, 40.79786], [-73.81443, 40.79785], [-73.81441, 40.79784], [-73.8144, 40.79783], [-73.81438, 40.79783], [-73.81438, 40.79782], [-73.81437, 40.79782], [-73.81435, 40.79781], [-73.81434, 40.79781], [-73.81432, 40.7978], [-73.81431, 40.7978], [-73.81429, 40.79779], [-73.81427, 40.79779], [-73.81425, 40.79778], [-73.81424, 40.79778], [-73.81421, 40.79778], [-73.8142, 40.79778], [-73.81418, 40.79777], [-73.81416, 40.79777], [-73.81415, 40.79776], [-73.81413, 40.79775], [-73.8141, 40.79774], [-73.81408, 40.79773], [-73.81406, 40.79772], [-73.81405, 40.79771], [-73.81404, 40.79771], [-73.81402, 40.79769], [-73.81399, 40.79768], [-73.81397, 40.79768], [-73.81396, 40.79767], [-73.81395, 40.79766], [-73.81393, 40.79765], [-73.81392, 40.79764], [-73.8139, 40.79764], [-73.81388, 40.79763], [-73.81387, 40.79762], [-73.81385, 40.79761], [-73.81384, 40.79761], [-73.81382, 40.7976], [-73.81381, 40.79759], [-73.8138, 40.79758], [-73.81378, 40.79757], [-73.81376, 40.79757], [-73.81375, 40.79757], [-73.81372, 40.79756], [-73.81371, 40.79756], [-73.81369, 40.79755], [-73.81368, 40.79755], [-73.81367, 40.79754], [-73.81366, 40.79753], [-73.81364, 40.79752], [-73.81364, 40.79751], [-73.81363, 40.79749], [-73.81363, 40.79748], [-73.81363, 40.79747], [-73.81363, 40.79746], [-73.81363, 40.79744], [-73.81363, 40.79743], [-73.81363, 40.79742], [-73.81364, 40.7974], [-73.81364, 40.79739], [-73.81365, 40.79737], [-73.81365, 40.79736], [-73.81366, 40.79735], [-73.81367, 40.79733], [-73.81367, 40.79732], [-73.81368, 40.79731], [-73.81369, 40.79729], [-73.81369, 40.79727], [-73.8137, 40.79726], [-73.8137, 40.79725], [-73.81371, 40.79724], [-73.81371, 40.79723], [-73.81372, 40.79721], [-73.81373, 40.79719], [-73.81374, 40.79718], [-73.81374, 40.79716], [-73.81375, 40.79715], [-73.81375, 40.79714], [-73.81372, 40.7971], [-73.8137, 40.79708], [-73.81342, 40.79769], [-73.81335, 40.79767], [-73.81349, 40.79735], [-73.81338, 40.79731], [-73.81349, 40.79706], [-73.81337, 40.79707], [-73.81328, 40.79711], [-73.81325, 40.7972], [-73.81325, 40.79721], [-73.81316, 40.7972], [-73.81305, 40.79745], [-73.81293, 40.79743], [-73.81304, 40.79718], [-73.81294, 40.79716], [-73.81294, 40.79716], [-73.81294, 40.79716], [-73.81293, 40.79716], [-73.81293, 40.79717], [-73.81292, 40.79717], [-73.81292, 40.79717], [-73.81288, 40.79717], [-73.81287, 40.7972], [-73.81286, 40.79728], [-73.81286, 40.79729], [-73.81281, 40.79728], [-73.81281, 40.79729], [-73.8128, 40.79731], [-73.81279, 40.79732], [-73.81278, 40.79733], [-73.81278, 40.79734], [-73.81277, 40.79735], [-73.81277, 40.79736], [-73.81277, 40.79738], [-73.81276, 40.79739], [-73.81276, 40.7974], [-73.81276, 40.79741], [-73.81276, 40.79742], [-73.81275, 40.79744], [-73.81275, 40.79745], [-73.81275, 40.79747], [-73.81274, 40.79748], [-73.81274, 40.7975], [-73.81273, 40.79751], [-73.81273, 40.79753], [-73.81273, 40.79754], [-73.81273, 40.79755], [-73.81272, 40.79757], [-73.81272, 40.79758], [-73.81272, 40.79759], [-73.81272, 40.7976], [-73.81272, 40.79762], [-73.81271, 40.79763], [-73.81271, 40.79765], [-73.8127, 40.79767], [-73.8127, 40.79768], [-73.8127, 40.79769], [-73.81269, 40.7977], [-73.81269, 40.79771], [-73.81268, 40.79773], [-73.81268, 40.79774], [-73.81267, 40.79775], [-73.81267, 40.79776], [-73.81266, 40.79778], [-73.81265, 40.79779], [-73.81265, 40.7978], [-73.81264, 40.79781], [-73.81264, 40.79782], [-73.81264, 40.79782], [-73.81263, 40.79784], [-73.81263, 40.79785], [-73.81262, 40.79786], [-73.81261, 40.79788], [-73.81261, 40.79789], [-73.8126, 40.79791], [-73.8126, 40.79792], [-73.81259, 40.79793], [-73.81259, 40.79795], [-73.81258, 40.79796], [-73.81258, 40.79797], [-73.81258, 40.79799], [-73.81257, 40.798], [-73.81257, 40.79801], [-73.81256, 40.79802], [-73.81255, 40.79803], [-73.81255, 40.79805], [-73.81254, 40.79806], [-73.81252, 40.79807], [-73.8125, 40.79808], [-73.81249, 40.79809], [-73.81247, 40.79809], [-73.81246, 40.79809], [-73.81244, 40.7981], [-73.81242, 40.7981], [-73.8124, 40.7981], [-73.81238, 40.79811], [-73.81237, 40.79812], [-73.81235, 40.79812], [-73.81233, 40.79812], [-73.81231, 40.79812], [-73.81229, 40.79813], [-73.81227, 40.79813], [-73.81225, 40.79813], [-73.81224, 40.79813], [-73.81223, 40.79812], [-73.81221, 40.79812], [-73.81219, 40.79811], [-73.81218, 40.79811], [-73.81217, 40.7981], [-73.81215, 40.7981], [-73.81213, 40.7981], [-73.81211, 40.7981], [-73.81209, 40.7981], [-73.81207, 40.79809], [-73.81205, 40.79809], [-73.81204, 40.79809], [-73.81202, 40.79808], [-73.812, 40.79808], [-73.81198, 40.79808], [-73.81196, 40.79807], [-73.81193, 40.79806], [-73.81191, 40.79806], [-73.81189, 40.79806], [-73.81187, 40.79805], [-73.81185, 40.79805], [-73.81183, 40.79805], [-73.81182, 40.79804], [-73.8118, 40.79804], [-73.81179, 40.79803], [-73.81178, 40.79802], [-73.81177, 40.79801], [-73.81177, 40.798], [-73.81177, 40.79799], [-73.81177, 40.79797], [-73.81177, 40.79796], [-73.81177, 40.79795], [-73.81177, 40.79793], [-73.81177, 40.79792], [-73.81177, 40.79791], [-73.81176, 40.7979], [-73.81176, 40.79788], [-73.81176, 40.79787], [-73.81176, 40.79785], [-73.81176, 40.79784], [-73.81176, 40.79783], [-73.81176, 40.79782], [-73.81176, 40.79781], [-73.81176, 40.79779], [-73.81176, 40.79776], [-73.81176, 40.79775], [-73.81176, 40.79774], [-73.81176, 40.79773], [-73.81176, 40.79771], [-73.81176, 40.79771], [-73.81171, 40.79758], [-73.81165, 40.79743], [-73.81163, 40.79739], [-73.81161, 40.79737], [-73.8115, 40.79734], [-73.81142, 40.79733], [-73.81141, 40.79733], [-73.8114, 40.79733], [-73.81138, 40.79733], [-73.81136, 40.79732], [-73.81135, 40.79732], [-73.81133, 40.79732], [-73.81131, 40.79731], [-73.81129, 40.79731], [-73.81128, 40.79731], [-73.81126, 40.79731], [-73.81124, 40.7973], [-73.81122, 40.7973], [-73.8112, 40.7973], [-73.81117, 40.79729], [-73.81115, 40.79729], [-73.81112, 40.79729], [-73.8111, 40.79729], [-73.81105, 40.79728], [-73.81104, 40.79728], [-73.81102, 40.79728], [-73.81101, 40.79728], [-73.81098, 40.79727], [-73.81096, 40.79727], [-73.81094, 40.79726], [-73.81092, 40.79726], [-73.8109, 40.79726], [-73.81089, 40.79726], [-73.81087, 40.79726], [-73.81085, 40.79725], [-73.81083, 40.79725], [-73.81082, 40.79725], [-73.8108, 40.79725], [-73.81078, 40.79725], [-73.81076, 40.79724], [-73.81075, 40.79724], [-73.81073, 40.79724], [-73.8107, 40.79724], [-73.81069, 40.79723], [-73.81068, 40.79723], [-73.81066, 40.79723], [-73.81066, 40.79723], [-73.81063, 40.79723], [-73.81061, 40.79723], [-73.8106, 40.79722], [-73.81058, 40.79722], [-73.81056, 40.79722], [-73.81054, 40.79722], [-73.81053, 40.79722], [-73.81051, 40.79722], [-73.81049, 40.79721], [-73.81047, 40.79721], [-73.81045, 40.79721], [-73.81044, 40.7972], [-73.81042, 40.7972], [-73.8104, 40.7972], [-73.81038, 40.79719], [-73.81036, 40.79719], [-73.81034, 40.79719], [-73.81032, 40.79718], [-73.8103, 40.79718], [-73.81028, 40.79718], [-73.81027, 40.79717], [-73.81025, 40.79717], [-73.81024, 40.79717], [-73.81022, 40.79717], [-73.8102, 40.79716], [-73.81018, 40.79716], [-73.81016, 40.79715], [-73.81014, 40.79715], [-73.81013, 40.79714], [-73.81011, 40.79713], [-73.81009, 40.79712], [-73.81008, 40.79712], [-73.81006, 40.79712], [-73.81005, 40.79711], [-73.81003, 40.79711], [-73.81001, 40.7971], [-73.81, 40.7971], [-73.80998, 40.7971], [-73.80996, 40.79709], [-73.80995, 40.79708], [-73.80994, 40.79708], [-73.80992, 40.79708], [-73.8099, 40.79707], [-73.80989, 40.79707], [-73.80987, 40.79707], [-73.80986, 40.79707], [-73.80984, 40.79706], [-73.80982, 40.79706], [-73.8098, 40.79706], [-73.80978, 40.79705], [-73.80976, 40.79705], [-73.80974, 40.79705], [-73.80973, 40.79704], [-73.80971, 40.79704], [-73.8097, 40.79704], [-73.80968, 40.79703], [-73.80967, 40.79703], [-73.80965, 40.79703], [-73.80964, 40.79703], [-73.80962, 40.79702], [-73.8096, 40.79702], [-73.80959, 40.79702], [-73.80957, 40.79702], [-73.80955, 40.79702], [-73.80952, 40.79701], [-73.80951, 40.79701], [-73.80949, 40.79701], [-73.80947, 40.79701], [-73.80945, 40.797], [-73.80944, 40.797], [-73.80942, 40.797], [-73.80939, 40.79699], [-73.80937, 40.79699], [-73.80935, 40.79698], [-73.80933, 40.79698], [-73.80931, 40.79698], [-73.80929, 40.79697], [-73.80927, 40.79697], [-73.80926, 40.79696], [-73.80924, 40.79696], [-73.80923, 40.79695], [-73.80921, 40.79694], [-73.80919, 40.79694], [-73.80918, 40.79693], [-73.80916, 40.79692], [-73.80914, 40.79692], [-73.80913, 40.79691], [-73.80912, 40.7969], [-73.8091, 40.7969], [-73.80909, 40.79689], [-73.80907, 40.79688], [-73.80907, 40.79688], [-73.80905, 40.79688], [-73.80903, 40.79688], [-73.80902, 40.79687], [-73.809, 40.79687], [-73.80899, 40.79686], [-73.80897, 40.79685], [-73.80896, 40.79685], [-73.80894, 40.79684], [-73.80893, 40.79683], [-73.80891, 40.79683], [-73.80889, 40.79682], [-73.80888, 40.79682], [-73.80886, 40.79681], [-73.80884, 40.79681], [-73.80882, 40.7968], [-73.80881, 40.7968], [-73.80879, 40.7968], [-73.80878, 40.7968], [-73.80877, 40.7968], [-73.80876, 40.7968], [-73.80875, 40.7968], [-73.80873, 40.7968], [-73.80871, 40.7968], [-73.8087, 40.79679], [-73.80868, 40.79678], [-73.80867, 40.79678], [-73.80865, 40.79677], [-73.80863, 40.79677], [-73.80861, 40.79676], [-73.8086, 40.79676], [-73.80858, 40.79676], [-73.80857, 40.79676], [-73.80855, 40.79676], [-73.80853, 40.79677], [-73.80852, 40.79677], [-73.8085, 40.79677], [-73.80848, 40.79677], [-73.80846, 40.79676], [-73.80845, 40.79676], [-73.80843, 40.79676], [-73.80841, 40.79676], [-73.8084, 40.79676], [-73.80838, 40.79676], [-73.80836, 40.79675], [-73.80835, 40.79675], [-73.80833, 40.79674], [-73.80832, 40.79674], [-73.8083, 40.79673], [-73.80828, 40.79673], [-73.80826, 40.79672], [-73.80824, 40.79672], [-73.80822, 40.79672], [-73.80821, 40.79672], [-73.80819, 40.79672], [-73.80818, 40.79672], [-73.80816, 40.79672], [-73.80815, 40.79671], [-73.80812, 40.79671], [-73.80811, 40.79673], [-73.80779, 40.79669], [-73.80768, 40.79667], [-73.80768, 40.79667], [-73.80747, 40.79661], [-73.80747, 40.79661], [-73.80745, 40.7966], [-73.80743, 40.7966], [-73.80741, 40.7966], [-73.80739, 40.79661], [-73.80704, 40.79655], [-73.80643, 40.79641], [-73.80642, 40.79641], [-73.80636, 40.79639], [-73.80633, 40.79656], [-73.80632, 40.79656], [-73.80631, 40.79663], [-73.80631, 40.79663], [-73.80627, 40.79682], [-73.80623, 40.79682], [-73.80628, 40.79662], [-73.80628, 40.79662], [-73.8063, 40.79656], [-73.80629, 40.79655], [-73.80633, 40.79639], [-73.80632, 40.79639], [-73.8063, 40.7964], [-73.80628, 40.7964], [-73.80627, 40.79641], [-73.80626, 40.79642], [-73.80625, 40.79643], [-73.80624, 40.79645], [-73.80624, 40.79646], [-73.80623, 40.79647], [-73.80622, 40.79648], [-73.80621, 40.79649], [-73.8062, 40.7965], [-73.80618, 40.79651], [-73.80617, 40.79651], [-73.80614, 40.79651], [-73.80613, 40.7965], [-73.80611, 40.7965], [-73.80608, 40.7965], [-73.80606, 40.7965], [-73.80603, 40.7965], [-73.806, 40.79649], [-73.80598, 40.79649], [-73.80596, 40.79649], [-73.80594, 40.79648], [-73.80592, 40.79648], [-73.80589, 40.79647], [-73.80587, 40.79647], [-73.80585, 40.79647], [-73.80583, 40.79646], [-73.80582, 40.79646], [-73.8058, 40.79645], [-73.80579, 40.79645], [-73.80577, 40.79644], [-73.80575, 40.79643], [-73.80574, 40.79643], [-73.80572, 40.79642], [-73.80571, 40.79641], [-73.80569, 40.79641], [-73.80568, 40.7964], [-73.80566, 40.79639], [-73.80564, 40.79638], [-73.80563, 40.79637], [-73.80562, 40.79637], [-73.8056, 40.79636], [-73.80559, 40.79635], [-73.80557, 40.79634], [-73.80556, 40.79633], [-73.80555, 40.79632], [-73.80554, 40.79631], [-73.80552, 40.7963], [-73.80551, 40.79629], [-73.8055, 40.79628], [-73.80549, 40.79627], [-73.80548, 40.79626], [-73.80546, 40.79625], [-73.80545, 40.79624], [-73.80544, 40.79622], [-73.80543, 40.79621], [-73.80542, 40.7962], [-73.80541, 40.79619], [-73.8054, 40.79618], [-73.8054, 40.79617], [-73.80538, 40.79617], [-73.80537, 40.79617], [-73.80536, 40.79623], [-73.80535, 40.79623], [-73.80534, 40.79625], [-73.80535, 40.79625], [-73.80535, 40.79632], [-73.8053, 40.79632], [-73.80531, 40.79625], [-73.80532, 40.79625], [-73.80533, 40.79623], [-73.80532, 40.79622], [-73.80534, 40.79616], [-73.80533, 40.79616], [-73.80531, 40.79616], [-73.8053, 40.79616], [-73.80528, 40.79615], [-73.80526, 40.79616], [-73.80524, 40.79616], [-73.80522, 40.79616], [-73.8052, 40.79616], [-73.80518, 40.79617], [-73.80516, 40.79617], [-73.80515, 40.79618], [-73.80513, 40.79618], [-73.80512, 40.79617], [-73.8051, 40.79617], [-73.80508, 40.79616], [-73.80506, 40.79616], [-73.80505, 40.79615], [-73.80504, 40.79614], [-73.80501, 40.79614], [-73.80499, 40.79614], [-73.80495, 40.79615], [-73.80492, 40.79615], [-73.80489, 40.79616], [-73.80484, 40.79617], [-73.80478, 40.79617], [-73.80473, 40.79617], [-73.80467, 40.79617], [-73.80465, 40.79636], [-73.80463, 40.79636], [-73.80466, 40.79643], [-73.80463, 40.79644], [-73.80459, 40.79637], [-73.80463, 40.79635], [-73.80465, 40.79616], [-73.80462, 40.79614], [-73.80461, 40.79613], [-73.80459, 40.79614], [-73.80458, 40.79614], [-73.80456, 40.79615], [-73.80454, 40.79615], [-73.80452, 40.79616], [-73.8045, 40.79617], [-73.80448, 40.79618], [-73.80446, 40.79618], [-73.80445, 40.79619], [-73.80443, 40.79619], [-73.80442, 40.7962], [-73.8044, 40.79621], [-73.80439, 40.79621], [-73.80436, 40.79621], [-73.80435, 40.79621], [-73.80434, 40.79623], [-73.80433, 40.79623], [-73.8043, 40.79645], [-73.80432, 40.79646], [-73.80431, 40.79649], [-73.80429, 40.79649], [-73.80427, 40.79664], [-73.80424, 40.79663], [-73.80426, 40.79649], [-73.80424, 40.79649], [-73.80424, 40.79645], [-73.80427, 40.79645], [-73.80431, 40.79621], [-73.80429, 40.79621], [-73.80427, 40.79621], [-73.80425, 40.79621], [-73.80423, 40.79622], [-73.80421, 40.79622], [-73.8042, 40.79622], [-73.80418, 40.79622], [-73.80417, 40.79623], [-73.80412, 40.79653], [-73.80409, 40.79653], [-73.80414, 40.79623], [-73.80413, 40.79623], [-73.80411, 40.79624], [-73.8041, 40.79624], [-73.80408, 40.79625], [-73.80407, 40.79625], [-73.80405, 40.79626], [-73.80404, 40.79626], [-73.80402, 40.79626], [-73.80401, 40.79627], [-73.80396, 40.79656], [-73.80393, 40.79656], [-73.80397, 40.79628], [-73.80396, 40.79628], [-73.80394, 40.79629], [-73.80393, 40.7963], [-73.80391, 40.7963], [-73.80389, 40.79631], [-73.80387, 40.79631], [-73.80386, 40.79632], [-73.80385, 40.79633], [-73.80382, 40.79651], [-73.80383, 40.79651], [-73.80382, 40.79663], [-73.80377, 40.79663], [-73.80379, 40.79651], [-73.8038, 40.79651], [-73.80382, 40.79633], [-73.80381, 40.79634], [-73.8038, 40.79634], [-73.80378, 40.79635], [-73.80377, 40.79635], [-73.80376, 40.79636], [-73.80373, 40.79637], [-73.80371, 40.79638], [-73.80369, 40.79639], [-73.80368, 40.79639], [-73.80366, 40.7964], [-73.80364, 40.79641], [-73.80361, 40.7966], [-73.80362, 40.79661], [-73.80361, 40.79668], [-73.80358, 40.79668], [-73.80359, 40.7966], [-73.80359, 40.7966], [-73.80361, 40.79642], [-73.8036, 40.79643], [-73.80359, 40.79643], [-73.80357, 40.79644], [-73.80356, 40.79644], [-73.80354, 40.79645], [-73.80353, 40.79646], [-73.80352, 40.79646], [-73.8035, 40.79647], [-73.80349, 40.79648], [-73.80348, 40.79649], [-73.80346, 40.7965], [-73.80345, 40.79651], [-73.80345, 40.79652], [-73.80345, 40.79654], [-73.80345, 40.79655], [-73.80345, 40.79656], [-73.80344, 40.79657], [-73.80344, 40.79659], [-73.80344, 40.7966], [-73.80344, 40.79662], [-73.80344, 40.79663], [-73.80343, 40.79664], [-73.80343, 40.79665], [-73.80342, 40.79667], [-73.80341, 40.79668], [-73.8034, 40.79669], [-73.80339, 40.7967], [-73.80337, 40.7967], [-73.80336, 40.79671], [-73.80335, 40.79671], [-73.80333, 40.79671], [-73.80332, 40.79671], [-73.8033, 40.79671], [-73.80328, 40.79671], [-73.80326, 40.79671], [-73.80324, 40.79671], [-73.80322, 40.79671], [-73.8032, 40.79671], [-73.80318, 40.79671], [-73.80316, 40.79671], [-73.80315, 40.79671], [-73.80313, 40.79671], [-73.80311, 40.79671], [-73.8031, 40.79671], [-73.80308, 40.79671], [-73.80306, 40.79671], [-73.803, 40.79671], [-73.80297, 40.79668], [-73.80297, 40.79659], [-73.80296, 40.79641], [-73.80295, 40.7964], [-73.80293, 40.7964], [-73.80292, 40.7964], [-73.80291, 40.79639], [-73.80289, 40.79639], [-73.80287, 40.79638], [-73.80285, 40.79638], [-73.80284, 40.79637], [-73.80283, 40.79637], [-73.80281, 40.79636], [-73.80279, 40.79636], [-73.80278, 40.79636], [-73.80276, 40.79637], [-73.80275, 40.79637], [-73.80273, 40.79636], [-73.80271, 40.79636], [-73.80269, 40.79635], [-73.80267, 40.79635], [-73.80266, 40.79634], [-73.80264, 40.79634], [-73.80263, 40.79634], [-73.80263, 40.79635], [-73.80263, 40.79636], [-73.80262, 40.79637], [-73.80261, 40.79635], [-73.8026, 40.79634], [-73.8026, 40.79633], [-73.80259, 40.79632], [-73.80259, 40.7963], [-73.80258, 40.79629], [-73.80256, 40.79629], [-73.80255, 40.79629], [-73.80253, 40.79629], [-73.80251, 40.79629], [-73.8025, 40.79628], [-73.80248, 40.79628], [-73.80246, 40.79627], [-73.80244, 40.79627], [-73.80243, 40.79627], [-73.80241, 40.79627], [-73.80239, 40.79627], [-73.80237, 40.79627], [-73.80235, 40.79627], [-73.80234, 40.79626], [-73.80231, 40.79626], [-73.8023, 40.79626], [-73.80228, 40.79626], [-73.80226, 40.79626], [-73.80224, 40.79626], [-73.80222, 40.79626], [-73.8022, 40.79626], [-73.80219, 40.79626], [-73.80217, 40.79626], [-73.80215, 40.79626], [-73.80213, 40.79626], [-73.80211, 40.79626], [-73.80209, 40.79627], [-73.80208, 40.79627], [-73.80206, 40.79627], [-73.80204, 40.79627], [-73.80203, 40.79627], [-73.80201, 40.79627], [-73.80199, 40.79628], [-73.80197, 40.79628], [-73.80195, 40.79628], [-73.80193, 40.79629], [-73.80191, 40.79629], [-73.8019, 40.7963], [-73.80188, 40.7963], [-73.80187, 40.7963], [-73.80185, 40.7963], [-73.80182, 40.79631], [-73.80181, 40.79631], [-73.8018, 40.79631], [-73.80178, 40.79632], [-73.80176, 40.79642], [-73.80178, 40.79642], [-73.80177, 40.79648], [-73.80176, 40.79648], [-73.80175, 40.79651], [-73.80172, 40.79651], [-73.80176, 40.79632], [-73.80175, 40.79632], [-73.80173, 40.79633], [-73.80172, 40.79633], [-73.8017, 40.79633], [-73.80168, 40.79633], [-73.80167, 40.79633], [-73.80165, 40.79633], [-73.80163, 40.79633], [-73.80162, 40.79634], [-73.8016, 40.79634], [-73.80158, 40.79634], [-73.80156, 40.79635], [-73.80155, 40.79635], [-73.80153, 40.79635], [-73.80151, 40.79636], [-73.8015, 40.79636], [-73.80148, 40.79636], [-73.80146, 40.79637], [-73.80144, 40.79637], [-73.80143, 40.79637], [-73.80141, 40.79638], [-73.8014, 40.79638], [-73.80138, 40.79639], [-73.80137, 40.79639], [-73.80135, 40.79639], [-73.80133, 40.7964], [-73.80132, 40.7964], [-73.8013, 40.79641], [-73.80129, 40.79642], [-73.80128, 40.79642], [-73.80126, 40.79642], [-73.80125, 40.79643], [-73.80124, 40.79644], [-73.80122, 40.79645], [-73.80121, 40.79646], [-73.80119, 40.79646], [-73.80118, 40.79647], [-73.80116, 40.79648], [-73.80114, 40.79648], [-73.80111, 40.79649], [-73.80109, 40.79649], [-73.80107, 40.7965], [-73.80106, 40.7965], [-73.80105, 40.7965], [-73.80105, 40.7965], [-73.80104, 40.79651], [-73.80103, 40.79652], [-73.80101, 40.79652], [-73.801, 40.79651], [-73.80099, 40.7965], [-73.80098, 40.79649], [-73.80098, 40.79648], [-73.80097, 40.79646], [-73.80097, 40.79645], [-73.80097, 40.79644], [-73.80097, 40.79642], [-73.80097, 40.79641], [-73.80096, 40.7964], [-73.80096, 40.79639], [-73.80095, 40.79638], [-73.80094, 40.79637], [-73.80092, 40.79636], [-73.80091, 40.79635], [-73.80089, 40.79634], [-73.80088, 40.79634], [-73.80086, 40.79633], [-73.80085, 40.79633], [-73.80083, 40.79633], [-73.80081, 40.79633], [-73.80079, 40.79633], [-73.80078, 40.79633], [-73.80076, 40.79634], [-73.80074, 40.79634], [-73.80073, 40.79634], [-73.80071, 40.79635], [-73.8007, 40.79635], [-73.80067, 40.79635], [-73.80066, 40.79635], [-73.80064, 40.79636], [-73.80064, 40.79637], [-73.80064, 40.79637], [-73.80064, 40.79639], [-73.80064, 40.7964], [-73.80063, 40.79641], [-73.80063, 40.79642], [-73.80062, 40.79643], [-73.80062, 40.79642], [-73.80061, 40.79642], [-73.80061, 40.79642], [-73.80061, 40.79641], [-73.80061, 40.7964], [-73.8006, 40.79639], [-73.8006, 40.79638], [-73.80059, 40.79638], [-73.80058, 40.79637], [-73.80057, 40.79636], [-73.80056, 40.79635], [-73.80055, 40.79634], [-73.80054, 40.79632], [-73.80053, 40.79631], [-73.80052, 40.7963], [-73.8005, 40.79629], [-73.80049, 40.79629], [-73.80048, 40.79628], [-73.80046, 40.79628], [-73.80044, 40.79627], [-73.80042, 40.79627], [-73.80041, 40.79627], [-73.80039, 40.79626], [-73.80037, 40.79634], [-73.80029, 40.79632], [-73.80032, 40.79625], [-73.80029, 40.79625], [-73.80028, 40.79626], [-73.80027, 40.79626], [-73.80026, 40.79626], [-73.80024, 40.79626], [-73.80022, 40.79627], [-73.8002, 40.79627], [-73.80012, 40.79663], [-73.80008, 40.79663], [-73.80011, 40.79652], [-73.80012, 40.79653], [-73.80013, 40.79649], [-73.80006, 40.79648], [-73.80008, 40.79643], [-73.80013, 40.79643], [-73.80014, 40.7964], [-73.80013, 40.7964], [-73.80014, 40.79635], [-73.80016, 40.79634], [-73.80018, 40.79627], [-73.80015, 40.79626], [-73.80013, 40.79626], [-73.80011, 40.79626], [-73.8001, 40.79625], [-73.80009, 40.79625], [-73.80007, 40.79625], [-73.80005, 40.79625], [-73.80004, 40.79624], [-73.80002, 40.79624], [-73.80001, 40.79623], [-73.79999, 40.79622], [-73.79997, 40.79621], [-73.79995, 40.79621], [-73.79994, 40.7962], [-73.79991, 40.7962], [-73.79989, 40.79619], [-73.79987, 40.79619], [-73.79986, 40.79618], [-73.79984, 40.79618], [-73.79983, 40.79618], [-73.79981, 40.79618], [-73.79979, 40.79617], [-73.79977, 40.79617], [-73.79975, 40.79617], [-73.79973, 40.79617], [-73.79971, 40.79617], [-73.79969, 40.79617], [-73.79968, 40.79617], [-73.79967, 40.79618], [-73.79965, 40.79619], [-73.79965, 40.79621], [-73.79965, 40.79621], [-73.79965, 40.79623], [-73.79965, 40.79624], [-73.79966, 40.79625], [-73.79966, 40.79627], [-73.79967, 40.79628], [-73.79968, 40.7963], [-73.79968, 40.79631], [-73.79968, 40.79632], [-73.79967, 40.79632], [-73.79967, 40.79633], [-73.79966, 40.79633], [-73.79964, 40.79634], [-73.79963, 40.79634], [-73.79961, 40.79633], [-73.79959, 40.79632], [-73.79957, 40.79632], [-73.79957, 40.79631], [-73.79957, 40.79631], [-73.79956, 40.7963], [-73.79955, 40.79628], [-73.79955, 40.79627], [-73.79954, 40.79626], [-73.79953, 40.79625], [-73.79951, 40.79624], [-73.7995, 40.79623], [-73.79948, 40.79622], [-73.79947, 40.79622], [-73.79945, 40.79621], [-73.79944, 40.7962], [-73.79942, 40.79619], [-73.79941, 40.79619], [-73.79939, 40.79618], [-73.79938, 40.79617], [-73.79937, 40.79616], [-73.79937, 40.79615], [-73.79937, 40.79613], [-73.79936, 40.79612], [-73.79935, 40.79611], [-73.79934, 40.7961], [-73.79932, 40.79609], [-73.79931, 40.79609], [-73.79929, 40.79608], [-73.79928, 40.79608], [-73.79926, 40.79607], [-73.79924, 40.79607], [-73.79923, 40.79606], [-73.79921, 40.79606], [-73.79919, 40.79606], [-73.79917, 40.79605], [-73.79914, 40.79605], [-73.79914, 40.79605], [-73.79912, 40.79604], [-73.7991, 40.79604], [-73.79908, 40.79604], [-73.79907, 40.79604], [-73.79905, 40.79604], [-73.79903, 40.79603], [-73.79902, 40.79603], [-73.799, 40.79603], [-73.79898, 40.79603], [-73.79896, 40.79602], [-73.79895, 40.79602], [-73.79893, 40.79602], [-73.79892, 40.79602], [-73.79889, 40.79601], [-73.79888, 40.79601], [-73.79886, 40.796], [-73.79884, 40.796], [-73.79883, 40.79599], [-73.79881, 40.79599], [-73.79879, 40.79598], [-73.79878, 40.79598], [-73.79876, 40.79597], [-73.79874, 40.79597], [-73.79874, 40.79597], [-73.79872, 40.79596], [-73.79871, 40.79596], [-73.79869, 40.79595], [-73.79868, 40.79594], [-73.79867, 40.79594], [-73.79866, 40.79594], [-73.79865, 40.79593], [-73.79864, 40.79593], [-73.79863, 40.79592], [-73.79861, 40.79591], [-73.7986, 40.79591], [-73.79859, 40.7959], [-73.79858, 40.79589], [-73.79857, 40.79588], [-73.79856, 40.79587], [-73.79854, 40.79586], [-73.79853, 40.79585], [-73.79852, 40.79584], [-73.79852, 40.79583], [-73.79851, 40.79582], [-73.7985, 40.79581], [-73.79848, 40.79579], [-73.79847, 40.79578], [-73.79845, 40.79577], [-73.79844, 40.79576], [-73.79842, 40.79575], [-73.79841, 40.79574], [-73.79839, 40.79573], [-73.79838, 40.79572], [-73.79836, 40.79571], [-73.79835, 40.7957], [-73.79833, 40.7957], [-73.79832, 40.79569], [-73.7983, 40.79569], [-73.79829, 40.79568], [-73.79827, 40.79567], [-73.79825, 40.79566], [-73.79823, 40.79565], [-73.79821, 40.79564], [-73.7982, 40.79564], [-73.79819, 40.79563], [-73.79817, 40.79563], [-73.79816, 40.79562], [-73.79814, 40.79562], [-73.79813, 40.79561], [-73.79811, 40.79561], [-73.79809, 40.7956], [-73.79808, 40.7956], [-73.79806, 40.79559], [-73.79804, 40.79559], [-73.79802, 40.79559], [-73.79801, 40.79558], [-73.79799, 40.79558], [-73.79797, 40.79558], [-73.79796, 40.79557], [-73.79794, 40.79557], [-73.79792, 40.79556], [-73.79791, 40.79556], [-73.7979, 40.79556], [-73.79767, 40.79594], [-73.7977, 40.79595], [-73.79767, 40.79599], [-73.79758, 40.79597], [-73.79762, 40.79592], [-73.79764, 40.79593], [-73.79787, 40.79555], [-73.79784, 40.79555], [-73.79782, 40.79554], [-73.79781, 40.79554], [-73.79779, 40.79553], [-73.79777, 40.79553], [-73.79776, 40.79552], [-73.79774, 40.79552], [-73.79773, 40.79552], [-73.79771, 40.79551], [-73.79769, 40.79551], [-73.79767, 40.7955], [-73.79765, 40.79549], [-73.79763, 40.79549], [-73.79761, 40.79548], [-73.7976, 40.79548], [-73.79758, 40.79548], [-73.79756, 40.79547], [-73.79755, 40.79547], [-73.79753, 40.79547], [-73.79752, 40.79546], [-73.7975, 40.79546], [-73.79748, 40.79546], [-73.79746, 40.79545], [-73.79744, 40.79545], [-73.79743, 40.79545], [-73.79741, 40.79545], [-73.79739, 40.79545], [-73.79738, 40.79544], [-73.79736, 40.79544], [-73.79734, 40.79544], [-73.79732, 40.79544], [-73.79731, 40.79544], [-73.79729, 40.79544], [-73.79727, 40.79544], [-73.79726, 40.79545], [-73.79724, 40.79545], [-73.79723, 40.79545], [-73.79723, 40.79544], [-73.79724, 40.79543], [-73.79724, 40.79541], [-73.79724, 40.79541], [-73.79725, 40.7954], [-73.79725, 40.79539], [-73.79726, 40.79538], [-73.79726, 40.79536], [-73.79726, 40.79535], [-73.79726, 40.79535], [-73.79725, 40.79534], [-73.79724, 40.79534], [-73.79722, 40.79533], [-73.7972, 40.79533], [-73.79719, 40.79532], [-73.79717, 40.79532], [-73.79716, 40.79531], [-73.79714, 40.79531], [-73.79713, 40.7953], [-73.79711, 40.7953], [-73.7971, 40.7953], [-73.79708, 40.7953], [-73.79706, 40.7953], [-73.79705, 40.79529], [-73.79703, 40.79529], [-73.79701, 40.79529], [-73.79699, 40.79529], [-73.79697, 40.79529], [-73.79694, 40.79528], [-73.79692, 40.79527], [-73.79689, 40.79527], [-73.79687, 40.79526], [-73.79685, 40.79525], [-73.79684, 40.79525], [-73.79682, 40.79524], [-73.7968, 40.79524], [-73.79679, 40.79523], [-73.79676, 40.79522], [-73.79675, 40.79521], [-73.79674, 40.79521], [-73.79652, 40.79559], [-73.79654, 40.79561], [-73.79651, 40.79565], [-73.79649, 40.79565], [-73.79643, 40.79574], [-73.79641, 40.79573], [-73.79647, 40.79564], [-73.79644, 40.79563], [-73.79647, 40.79558], [-73.79649, 40.79558], [-73.79671, 40.7952], [-73.79669, 40.79519], [-73.79668, 40.79519], [-73.79666, 40.79518], [-73.79665, 40.79517], [-73.79664, 40.79517], [-73.79662, 40.79516], [-73.7966, 40.79515], [-73.79658, 40.79515], [-73.79657, 40.79514], [-73.79656, 40.79514], [-73.79654, 40.79513], [-73.79653, 40.79513], [-73.7965, 40.79512], [-73.79648, 40.79511], [-73.79646, 40.79511], [-73.79644, 40.7951], [-73.79642, 40.7951], [-73.79641, 40.7951], [-73.79639, 40.79509], [-73.79638, 40.79509], [-73.79636, 40.79508], [-73.79635, 40.79508], [-73.79633, 40.79508], [-73.79631, 40.79507], [-73.79629, 40.79507], [-73.79628, 40.79506], [-73.79627, 40.79506], [-73.79625, 40.79505], [-73.79622, 40.79505], [-73.79621, 40.79504], [-73.79619, 40.79504], [-73.79617, 40.79503], [-73.79615, 40.79503], [-73.79613, 40.79503], [-73.79612, 40.79502], [-73.7959, 40.79501], [-73.79568, 40.79499], [-73.79545, 40.79498], [-73.79542, 40.79498], [-73.79534, 40.79498], [-73.79529, 40.79498], [-73.79524, 40.79499], [-73.79519, 40.79501], [-73.79515, 40.79504], [-73.79511, 40.79506], [-73.79511, 40.79506], [-73.7951, 40.79507], [-73.7951, 40.79507], [-73.79509, 40.79507], [-73.79508, 40.79507], [-73.79508, 40.79506], [-73.79508, 40.79506], [-73.79507, 40.79506], [-73.79507, 40.79506], [-73.79506, 40.79505], [-73.79506, 40.79505], [-73.79506, 40.79505], [-73.79507, 40.795], [-73.79507, 40.79498], [-73.79506, 40.79495], [-73.79501, 40.79492], [-73.79495, 40.79491], [-73.79489, 40.79489], [-73.79483, 40.79489], [-73.79477, 40.79488], [-73.79471, 40.79489], [-73.7947, 40.7949], [-73.79468, 40.79491], [-73.79467, 40.79492], [-73.79465, 40.79492], [-73.79463, 40.79493], [-73.79461, 40.79493], [-73.79448, 40.79483], [-73.79447, 40.79483], [-73.79447, 40.79483], [-73.79446, 40.79483], [-73.79445, 40.79483], [-73.79445, 40.79483], [-73.79444, 40.79482], [-73.79443, 40.79482], [-73.79443, 40.79481], [-73.79443, 40.79481], [-73.79443, 40.7948], [-73.79443, 40.7948], [-73.79443, 40.79479], [-73.79443, 40.79479], [-73.79443, 40.79479], [-73.79443, 40.79479], [-73.79444, 40.79479], [-73.79444, 40.79479], [-73.79444, 40.79478], [-73.79445, 40.79478], [-73.79445, 40.79478], [-73.79445, 40.79478], [-73.79446, 40.79479], [-73.79446, 40.79479], [-73.79446, 40.79479], [-73.79446, 40.79479], [-73.79449, 40.79479], [-73.79451, 40.7948], [-73.79453, 40.7948], [-73.79455, 40.79481], [-73.79456, 40.79481], [-73.79457, 40.7948], [-73.79458, 40.79479], [-73.79458, 40.79478], [-73.79458, 40.79477], [-73.79458, 40.79476], [-73.79458, 40.79475], [-73.79455, 40.7947], [-73.79452, 40.79464], [-73.79448, 40.79459], [-73.79444, 40.79454], [-73.79441, 40.79449], [-73.79439, 40.79444], [-73.79438, 40.79438], [-73.79438, 40.79432], [-73.79438, 40.79427], [-73.79438, 40.79422], [-73.79438, 40.79418], [-73.79439, 40.79413], [-73.79442, 40.79409], [-73.79445, 40.79405], [-73.79449, 40.79402], [-73.79453, 40.79399], [-73.79454, 40.79398], [-73.79456, 40.79397], [-73.79457, 40.79396], [-73.79458, 40.79395], [-73.79459, 40.79394], [-73.7946, 40.79393], [-73.79461, 40.79391], [-73.79461, 40.7939], [-73.79461, 40.79388], [-73.79461, 40.79387], [-73.79461, 40.79386], [-73.79462, 40.79384], [-73.79462, 40.79383], [-73.79462, 40.79382], [-73.79462, 40.79381], [-73.79462, 40.79379], [-73.79462, 40.79378], [-73.79462, 40.79377], [-73.79461, 40.79375], [-73.79461, 40.79374], [-73.79461, 40.79372], [-73.79461, 40.79371], [-73.79461, 40.7937], [-73.79461, 40.79368], [-73.7946, 40.79367], [-73.7946, 40.79366], [-73.7946, 40.79365], [-73.79459, 40.79363], [-73.79459, 40.79362], [-73.79459, 40.79361], [-73.79458, 40.79359], [-73.79458, 40.79358], [-73.79459, 40.79357], [-73.79459, 40.79356], [-73.79459, 40.79354], [-73.7946, 40.79353], [-73.7946, 40.79351], [-73.79461, 40.79351], [-73.79461, 40.79349], [-73.79462, 40.79347], [-73.79462, 40.79346], [-73.79463, 40.79344], [-73.79464, 40.79343], [-73.79464, 40.79341], [-73.79465, 40.7934], [-73.79466, 40.79338], [-73.79466, 40.79336], [-73.79467, 40.79334], [-73.79468, 40.79333], [-73.79468, 40.79332], [-73.79469, 40.79331], [-73.79469, 40.7933], [-73.7947, 40.79328], [-73.7947, 40.79326], [-73.7947, 40.79325], [-73.7947, 40.79324], [-73.79471, 40.79323], [-73.79471, 40.79321], [-73.79472, 40.7932], [-73.79472, 40.79318], [-73.79473, 40.79316], [-73.79473, 40.79314], [-73.79474, 40.79312], [-73.79474, 40.7931], [-73.79475, 40.79309], [-73.79475, 40.79307], [-73.79475, 40.79305], [-73.79476, 40.79303], [-73.79476, 40.79302], [-73.79477, 40.793], [-73.79477, 40.79298], [-73.79477, 40.79297], [-73.79478, 40.79295], [-73.79478, 40.79293], [-73.79478, 40.79292], [-73.79478, 40.7929], [-73.79478, 40.79288], [-73.79477, 40.79287], [-73.79477, 40.79285], [-73.79477, 40.79284], [-73.79476, 40.79283], [-73.79476, 40.79281], [-73.79475, 40.7928], [-73.79475, 40.79279], [-73.79474, 40.79277], [-73.79473, 40.79276], [-73.79472, 40.79275], [-73.79472, 40.79273], [-73.79471, 40.79272], [-73.79471, 40.79271], [-73.79471, 40.7927], [-73.79471, 40.79269], [-73.79471, 40.79267], [-73.79471, 40.79266], [-73.79471, 40.79266], [-73.79472, 40.79265], [-73.79473, 40.79264], [-73.79475, 40.79263], [-73.79477, 40.79261], [-73.79478, 40.79261], [-73.7948, 40.7926], [-73.79482, 40.7926], [-73.79483, 40.79259], [-73.79485, 40.79258], [-73.79486, 40.79258], [-73.79487, 40.79257], [-73.79489, 40.79256], [-73.7949, 40.79255], [-73.79491, 40.79254], [-73.79491, 40.79253], [-73.79492, 40.79252], [-73.79493, 40.79251], [-73.79493, 40.79249], [-73.79494, 40.79248], [-73.79494, 40.79247], [-73.79494, 40.79245], [-73.79494, 40.79244], [-73.79494, 40.79243], [-73.79494, 40.79241], [-73.79494, 40.7924], [-73.79494, 40.79239], [-73.79493, 40.79238], [-73.79493, 40.79236], [-73.79493, 40.79235], [-73.79493, 40.79234], [-73.79493, 40.79232], [-73.79493, 40.79231], [-73.79494, 40.79229], [-73.79494, 40.79228], [-73.79494, 40.79227], [-73.79494, 40.79225], [-73.79494, 40.79224], [-73.79494, 40.79222], [-73.79494, 40.79221], [-73.79494, 40.7922], [-73.79495, 40.79218], [-73.79495, 40.79217], [-73.79495, 40.79215], [-73.79496, 40.79214], [-73.79496, 40.79212], [-73.79496, 40.79211], [-73.79496, 40.7921], [-73.79496, 40.79208], [-73.79496, 40.79207], [-73.79496, 40.79205], [-73.79496, 40.79202], [-73.79496, 40.79201], [-73.79496, 40.792], [-73.79496, 40.79199], [-73.79496, 40.79197], [-73.79497, 40.79196], [-73.79497, 40.79194], [-73.79497, 40.79193], [-73.79497, 40.79191], [-73.79498, 40.7919], [-73.79498, 40.79189], [-73.79498, 40.79188], [-73.79497, 40.79186], [-73.79497, 40.79185], [-73.79497, 40.79183], [-73.79496, 40.79181], [-73.79496, 40.79179], [-73.79495, 40.79177], [-73.79494, 40.79175], [-73.79491, 40.79172], [-73.79489, 40.79168], [-73.79487, 40.79164], [-73.79487, 40.7916], [-73.79487, 40.79156], [-73.79485, 40.79146], [-73.79483, 40.79137], [-73.7948, 40.79128], [-73.79478, 40.79125], [-73.79476, 40.79122], [-73.79475, 40.7912], [-73.79473, 40.79118], [-73.79472, 40.79117], [-73.79471, 40.79116], [-73.7947, 40.79114], [-73.7947, 40.79113], [-73.7947, 40.79113], [-73.79469, 40.79112], [-73.79468, 40.79111], [-73.79467, 40.79109], [-73.79466, 40.79107], [-73.79466, 40.79106], [-73.79465, 40.79105], [-73.79465, 40.79104], [-73.79465, 40.79103], [-73.79464, 40.79102], [-73.79463, 40.79101], [-73.79463, 40.79099], [-73.79463, 40.79098], [-73.79462, 40.79096], [-73.79461, 40.79094], [-73.7946, 40.79093], [-73.7946, 40.79091], [-73.79459, 40.79089], [-73.79458, 40.79088], [-73.79457, 40.79086], [-73.79457, 40.79085], [-73.79456, 40.79083], [-73.79456, 40.79082], [-73.79455, 40.7908], [-73.79454, 40.79078], [-73.79454, 40.79076], [-73.79453, 40.79075], [-73.79452, 40.79074], [-73.79452, 40.79072], [-73.79451, 40.79071], [-73.79451, 40.79069], [-73.7945, 40.79068], [-73.79449, 40.79066], [-73.79448, 40.79065], [-73.79448, 40.79063], [-73.79447, 40.79062], [-73.79446, 40.79061], [-73.79446, 40.7906], [-73.79445, 40.79058], [-73.79444, 40.79057], [-73.79443, 40.79056], [-73.79443, 40.79054], [-73.79442, 40.79052], [-73.79441, 40.79051], [-73.79441, 40.7905], [-73.7944, 40.79048], [-73.7944, 40.79048], [-73.7944, 40.79047], [-73.79439, 40.79046], [-73.79439, 40.79044], [-73.79438, 40.79043], [-73.79438, 40.79042], [-73.79437, 40.7904], [-73.79436, 40.79039], [-73.79436, 40.79039], [-73.79435, 40.79037], [-73.79434, 40.79035], [-73.79434, 40.79034], [-73.79433, 40.79032], [-73.79432, 40.7903], [-73.79431, 40.79028], [-73.79431, 40.79027], [-73.7943, 40.79025], [-73.79429, 40.79023], [-73.79428, 40.79022], [-73.79427, 40.79019], [-73.79427, 40.79018], [-73.79426, 40.79016], [-73.79426, 40.79015], [-73.79425, 40.79014], [-73.79425, 40.79012], [-73.79424, 40.79011], [-73.79423, 40.79008], [-73.79423, 40.79006], [-73.79422, 40.79005], [-73.79422, 40.79003], [-73.79421, 40.79002], [-73.7942, 40.79001], [-73.7942, 40.78999], [-73.79419, 40.78998], [-73.79419, 40.78997], [-73.79418, 40.78995], [-73.79417, 40.78993], [-73.79416, 40.78992], [-73.79416, 40.7899], [-73.79415, 40.78989], [-73.79415, 40.78988], [-73.79414, 40.78987], [-73.79413, 40.78985], [-73.79412, 40.78984], [-73.79411, 40.78982], [-73.79411, 40.78981], [-73.7941, 40.78979], [-73.79409, 40.78978], [-73.79409, 40.78976], [-73.79408, 40.78975], [-73.79407, 40.78973], [-73.79407, 40.78971], [-73.79406, 40.78969], [-73.79405, 40.78967], [-73.79404, 40.78965], [-73.79403, 40.78964], [-73.79403, 40.78962], [-73.79402, 40.78961], [-73.79401, 40.7896], [-73.79401, 40.78958], [-73.794, 40.78956], [-73.79399, 40.78954], [-73.79398, 40.78952], [-73.79397, 40.78951], [-73.79397, 40.7895], [-73.79396, 40.78949], [-73.79395, 40.78947], [-73.79394, 40.78946], [-73.79393, 40.78944], [-73.79393, 40.78944], [-73.79392, 40.78943], [-73.79392, 40.78942], [-73.79391, 40.7894], [-73.7939, 40.78939], [-73.79389, 40.78938], [-73.79389, 40.78937], [-73.79389, 40.78936], [-73.79388, 40.78934], [-73.79387, 40.78932], [-73.79386, 40.7893], [-73.79386, 40.78929], [-73.79385, 40.78928], [-73.79384, 40.78926], [-73.79384, 40.78925], [-73.79382, 40.78923], [-73.79382, 40.78921], [-73.79381, 40.7892], [-73.79381, 40.78918], [-73.7938, 40.78917], [-73.7938, 40.78916], [-73.79379, 40.78914], [-73.79379, 40.78914], [-73.79379, 40.78913], [-73.79378, 40.78912], [-73.79378, 40.78911], [-73.79377, 40.7891], [-73.79376, 40.78908], [-73.79376, 40.78907], [-73.79375, 40.78906], [-73.79374, 40.78905], [-73.79373, 40.78903], [-73.79372, 40.78904], [-73.7937, 40.78904], [-73.79369, 40.78905], [-73.79367, 40.78906], [-73.79366, 40.78906], [-73.79364, 40.78906], [-73.79338, 40.78949], [-73.79341, 40.78954], [-73.79339, 40.78958], [-73.79322, 40.78952], [-73.79325, 40.78949], [-73.79331, 40.78947], [-73.79362, 40.789], [-73.79361, 40.78899], [-73.79359, 40.78899], [-73.79358, 40.78899], [-73.79356, 40.78898], [-73.79354, 40.78898], [-73.79352, 40.78898], [-73.7935, 40.78898], [-73.79349, 40.78897], [-73.79347, 40.78897], [-73.79345, 40.78897], [-73.79343, 40.78897], [-73.79342, 40.78896], [-73.7934, 40.78896], [-73.79339, 40.78896], [-73.79338, 40.78896], [-73.79336, 40.78895], [-73.79335, 40.78895], [-73.79333, 40.78894], [-73.79331, 40.78894], [-73.7933, 40.78894], [-73.79328, 40.78893], [-73.79326, 40.78892], [-73.79325, 40.78891], [-73.79323, 40.78891], [-73.79322, 40.7889], [-73.7932, 40.7889], [-73.79318, 40.78889], [-73.79317, 40.78888], [-73.79315, 40.78888], [-73.79313, 40.78887], [-73.79312, 40.78887], [-73.79311, 40.78886], [-73.79309, 40.78885], [-73.79307, 40.78885], [-73.79306, 40.78884], [-73.79306, 40.78884], [-73.79305, 40.78884], [-73.79303, 40.78883], [-73.79302, 40.78883], [-73.793, 40.78882], [-73.79292, 40.7888], [-73.79286, 40.78879], [-73.79281, 40.78878], [-73.79276, 40.78878], [-73.79269, 40.78878], [-73.79263, 40.78878], [-73.79259, 40.7888], [-73.79254, 40.78882], [-73.79252, 40.78883], [-73.7925, 40.78884], [-73.79246, 40.78886], [-73.79235, 40.78891], [-73.79224, 40.789], [-73.7922, 40.78901], [-73.79216, 40.78904], [-73.7921, 40.78906], [-73.79206, 40.78909], [-73.792, 40.78916], [-73.79196, 40.78921], [-73.79194, 40.78923], [-73.79192, 40.78926], [-73.79186, 40.7893], [-73.79179, 40.78935], [-73.79156, 40.7891], [-73.79134, 40.78886], [-73.79085, 40.78841], [-73.79065, 40.78825], [-73.79058, 40.78819], [-73.79064, 40.78817], [-73.79154, 40.78775], [-73.79333, 40.78693], [-73.79392, 40.78668], [-73.79455, 40.78646], [-73.79492, 40.78634], [-73.79582, 40.78613], [-73.79686, 40.78599], [-73.79784, 40.78589], [-73.7988, 40.78592], [-73.79926, 40.78593], [-73.79974, 40.78595], [-73.80068, 40.786], [-73.80157, 40.78603], [-73.80215, 40.78606], [-73.80243, 40.78607], [-73.80242, 40.78602], [-73.80241, 40.78582], [-73.80255, 40.78467], [-73.80274, 40.78325], [-73.80284, 40.78255], [-73.80294, 40.78183], [-73.803, 40.78141], [-73.80315, 40.78132], [-73.80325, 40.78127], [-73.80303, 40.78094], [-73.80307, 40.78077], [-73.80313, 40.78042], [-73.8032, 40.77988], [-73.80323, 40.7797], [-73.80333, 40.77899], [-73.80342, 40.77834], [-73.80346, 40.77801], [-73.8036, 40.77703], [-73.80369, 40.77632], [-73.80379, 40.77561], [-73.80659, 40.77583], [-73.80945, 40.77606], [-73.81269, 40.77631], [-73.81486, 40.77649], [-73.81479, 40.777], [-73.81476, 40.7772], [-73.81466, 40.7779], [-73.81453, 40.77889], [-73.81728, 40.7791], [-73.81931, 40.77926], [-73.81981, 40.7793], [-73.82032, 40.77933], [-73.82132, 40.77941], [-73.82224, 40.77949], [-73.82331, 40.77958], [-73.82292, 40.78053], [-73.82278, 40.78083], [-73.82262, 40.78113], [-73.82244, 40.78141], [-73.82224, 40.78169], [-73.82384, 40.78172], [-73.82462, 40.78171], [-73.82499, 40.7817], [-73.82514, 40.7817], [-73.82528, 40.7817], [-73.8257, 40.78169], [-73.82678, 40.78167], [-73.82771, 40.78167], [-73.83218, 40.78166], [-73.83669, 40.78165], [-73.83778, 40.78165], [-73.8387, 40.78168], [-73.83862, 40.78323], [-73.83853, 40.7847], [-73.83846, 40.78582], [-73.83835, 40.78585], [-73.83824, 40.78779], [-73.83916, 40.78782], [-73.84008, 40.78785], [-73.84, 40.78925], [-73.83992, 40.79065], [-73.83901, 40.79062], [-73.83896, 40.79144], [-73.83987, 40.79147], [-73.84082, 40.7915], [-73.84076, 40.7925], [-73.84068, 40.79391], [-73.84051, 40.79385], [-73.84051, 40.79385], [-73.84034, 40.79378], [-73.84019, 40.7937], [-73.84019, 40.7937], [-73.84019, 40.7937], [-73.84004, 40.79361], [-73.83991, 40.79352], [-73.83978, 40.79341], [-73.83967, 40.7933], [-73.83967, 40.7933], [-73.83954, 40.7932], [-73.83954, 40.7932], [-73.83939, 40.79311], [-73.83922, 40.79304], [-73.83905, 40.79299], [-73.83905, 40.79299], [-73.83905, 40.79299], [-73.83887, 40.79295], [-73.83818, 40.79275], [-73.83663, 40.79252], [-73.83661, 40.79232], [-73.83654, 40.79207], [-73.83654, 40.79187], [-73.83653, 40.79174], [-73.8366, 40.79166], [-73.83672, 40.79158], [-73.83682, 40.79153], [-73.83691, 40.79149], [-73.83694, 40.79147], [-73.83706, 40.79144], [-73.83722, 40.79143], [-73.8373, 40.79141], [-73.83742, 40.79139], [-73.83745, 40.79137], [-73.83751, 40.79133], [-73.83751, 40.79133], [-73.83752, 40.79132], [-73.83752, 40.79132], [-73.83752, 40.79132], [-73.83753, 40.79131], [-73.83753, 40.79129], [-73.83753, 40.79127], [-73.83752, 40.79123], [-73.83752, 40.79121], [-73.83752, 40.79119], [-73.83752, 40.79118], [-73.83752, 40.79118], [-73.83753, 40.79115], [-73.83755, 40.79113], [-73.83756, 40.79111], [-73.83757, 40.79109], [-73.83758, 40.79108], [-73.83759, 40.79108], [-73.83762, 40.79106], [-73.83763, 40.79106], [-73.83764, 40.79105], [-73.83764, 40.79105], [-73.83764, 40.79104], [-73.83765, 40.79103], [-73.83765, 40.79103], [-73.83765, 40.79102], [-73.83765, 40.79101], [-73.83764, 40.791], [-73.83764, 40.791], [-73.83763, 40.79098], [-73.83762, 40.79097], [-73.83761, 40.79096], [-73.83756, 40.79092], [-73.83755, 40.79091], [-73.83754, 40.7909], [-73.83753, 40.79087], [-73.83752, 40.79085], [-73.83751, 40.79083], [-73.83751, 40.79083], [-73.83751, 40.79082], [-73.83751, 40.79081], [-73.83751, 40.79081], [-73.83751, 40.79081], [-73.83752, 40.79081], [-73.83752, 40.7908], [-73.83753, 40.7908], [-73.83755, 40.79079], [-73.83755, 40.79078], [-73.83756, 40.79078], [-73.83756, 40.79077], [-73.83756, 40.79077], [-73.83756, 40.79077], [-73.83756, 40.79077], [-73.83756, 40.79073], [-73.83756, 40.7907], [-73.83755, 40.79065], [-73.83754, 40.79061], [-73.83753, 40.7906], [-73.83751, 40.79056], [-73.83751, 40.79054], [-73.8375, 40.79053], [-73.8375, 40.79052], [-73.83751, 40.79049], [-73.83751, 40.79048], [-73.83751, 40.79047], [-73.8375, 40.79046], [-73.83738, 40.79046], [-73.83738, 40.79049], [-73.83703, 40.7905], [-73.83703, 40.79047], [-73.83682, 40.79047], [-73.83681, 40.79043], [-73.83702, 40.79043], [-73.83701, 40.79041], [-73.83737, 40.7904], [-73.83737, 40.79044], [-73.83748, 40.79043], [-73.83745, 40.7904], [-73.83741, 40.79036], [-73.83739, 40.79033], [-73.83739, 40.79032], [-73.83739, 40.79031], [-73.83739, 40.7903], [-73.83739, 40.79029], [-73.83739, 40.79027], [-73.83741, 40.79021], [-73.83741, 40.7902], [-73.83741, 40.79018], [-73.8374, 40.7901], [-73.83738, 40.79], [-73.83738, 40.78997], [-73.83737, 40.78991], [-73.83737, 40.7899], [-73.83738, 40.78989], [-73.83739, 40.78985], [-73.83739, 40.78984], [-73.83739, 40.78983], [-73.83739, 40.78982], [-73.83738, 40.78981], [-73.83738, 40.78981], [-73.83738, 40.7898], [-73.83737, 40.7898], [-73.83735, 40.78978], [-73.83734, 40.78978], [-73.83729, 40.78974], [-73.83728, 40.78973], [-73.83727, 40.78972], [-73.83726, 40.7897], [-73.83725, 40.78968], [-73.83724, 40.78963], [-73.83723, 40.78962], [-73.83723, 40.7896], [-73.83723, 40.78958], [-73.83724, 40.78953], [-73.83724, 40.78951], [-73.83724, 40.78949], [-73.83723, 40.78949], [-73.83723, 40.78949], [-73.83723, 40.78948], [-73.83722, 40.78948], [-73.83719, 40.78945], [-73.83718, 40.78944], [-73.83718, 40.78944], [-73.83718, 40.78944], [-73.83718, 40.78943], [-73.83718, 40.78943], [-73.83717, 40.78939], [-73.83717, 40.78936], [-73.83718, 40.78933], [-73.83719, 40.7893], [-73.83723, 40.7892], [-73.83724, 40.78917], [-73.83724, 40.78916], [-73.83726, 40.7891], [-73.83727, 40.78906], [-73.83728, 40.78902], [-73.83728, 40.78901], [-73.83728, 40.78901], [-73.83728, 40.78901], [-73.83728, 40.78901], [-73.83728, 40.78901], [-73.83728, 40.78901], [-73.83728, 40.78901], [-73.83728, 40.78901], [-73.83728, 40.78901], [-73.83728, 40.78901], [-73.83728, 40.78901], [-73.83728, 40.78901], [-73.83728, 40.78901], [-73.83728, 40.78901], [-73.83728, 40.78901], [-73.83728, 40.78901], [-73.83728, 40.78901], [-73.83728, 40.78901], [-73.83728, 40.78901], [-73.83728, 40.78901], [-73.83728, 40.78901], [-73.83727, 40.78904], [-73.83724, 40.7891], [-73.83718, 40.78924], [-73.83716, 40.7893], [-73.83714, 40.78937], [-73.83714, 40.78938], [-73.83714, 40.78939], [-73.83714, 40.78941], [-73.83715, 40.78943], [-73.83716, 40.78948], [-73.83717, 40.78949], [-73.83717, 40.78951], [-73.83717, 40.78953], [-73.83717, 40.78954], [-73.83717, 40.78954], [-73.83716, 40.78955], [-73.83716, 40.78955], [-73.83715, 40.78955], [-73.83715, 40.78956], [-73.83713, 40.78956], [-73.83712, 40.78957], [-73.8371, 40.78957], [-73.83708, 40.78957], [-73.83707, 40.78957], [-73.83706, 40.78957], [-73.83702, 40.78957], [-73.83699, 40.78956], [-73.83695, 40.78955], [-73.83688, 40.78952], [-73.83684, 40.7895], [-73.8368, 40.7895], [-73.83677, 40.78949], [-73.8367, 40.78949], [-73.83656, 40.78948], [-73.8365, 40.78948], [-73.83647, 40.78947], [-73.8364, 40.78946], [-73.83638, 40.78946], [-73.83636, 40.78946], [-73.83632, 40.78946], [-73.83629, 40.78947], [-73.83625, 40.78948], [-73.83617, 40.78951], [-73.83613, 40.78952], [-73.83601, 40.78954], [-73.8359, 40.78956], [-73.83584, 40.78957], [-73.83579, 40.78957], [-73.83573, 40.78958], [-73.83568, 40.78957], [-73.83566, 40.78957], [-73.83564, 40.78957], [-73.83562, 40.78956], [-73.8356, 40.78956], [-73.83558, 40.78955], [-73.83557, 40.78954], [-73.83556, 40.78953], [-73.83555, 40.78952], [-73.83555, 40.78952], [-73.83553, 40.78949], [-73.83552, 40.78947], [-73.83551, 40.78944], [-73.8355, 40.7894], [-73.8355, 40.78939], [-73.8355, 40.78938], [-73.8355, 40.78933], [-73.83549, 40.78932], [-73.83549, 40.78931], [-73.83548, 40.7893], [-73.83547, 40.78928], [-73.83546, 40.78927], [-73.83544, 40.78926], [-73.83542, 40.78925], [-73.83539, 40.78923], [-73.83537, 40.78922], [-73.83533, 40.78921], [-73.83529, 40.7892], [-73.83524, 40.78919], [-73.83519, 40.78918], [-73.83515, 40.78917], [-73.83513, 40.78917], [-73.83498, 40.78915], [-73.83483, 40.78914], [-73.83478, 40.78914], [-73.83478, 40.78914], [-73.83457, 40.78913], [-73.83441, 40.78912], [-73.83432, 40.78911], [-73.83428, 40.78911], [-73.83424, 40.7891], [-73.83421, 40.78909], [-73.83417, 40.78908], [-73.83415, 40.78907], [-73.83414, 40.78907], [-73.8341, 40.78905], [-73.83409, 40.78904], [-73.83409, 40.78903], [-73.83407, 40.78901], [-73.83406, 40.78899], [-73.83404, 40.78897], [-73.83402, 40.78894], [-73.83402, 40.78892], [-73.83401, 40.78891], [-73.83401, 40.7889], [-73.83401, 40.78883], [-73.83401, 40.78877], [-73.83401, 40.78874], [-73.834, 40.78873], [-73.834, 40.78871], [-73.83396, 40.78866], [-73.83392, 40.7886], [-73.8339, 40.78858], [-73.83387, 40.78856], [-73.83386, 40.78855], [-73.83384, 40.78854], [-73.83383, 40.78853], [-73.83381, 40.78852], [-73.8338, 40.78852], [-73.83378, 40.78851], [-73.83375, 40.78851], [-73.83373, 40.78851], [-73.83366, 40.7885], [-73.83362, 40.7885], [-73.8336, 40.78849], [-73.83358, 40.78848], [-73.83354, 40.78847], [-73.83352, 40.78846], [-73.8335, 40.78846], [-73.83349, 40.78846], [-73.83347, 40.78846], [-73.83346, 40.78846], [-73.83344, 40.78846], [-73.83343, 40.78846], [-73.8334, 40.78847], [-73.83335, 40.78849], [-73.83331, 40.78851], [-73.83328, 40.78852], [-73.83327, 40.78853], [-73.83326, 40.78853], [-73.83324, 40.78853], [-73.83321, 40.78853], [-73.83318, 40.78853], [-73.83316, 40.78852], [-73.83312, 40.78852], [-73.8331, 40.78851], [-73.83306, 40.78851], [-73.83301, 40.78851], [-73.83297, 40.78851], [-73.83295, 40.78852], [-73.83293, 40.78852], [-73.83292, 40.78852], [-73.83291, 40.78852], [-73.8329, 40.78853], [-73.83289, 40.78853], [-73.83286, 40.78855], [-73.83284, 40.78856], [-73.83281, 40.78858], [-73.8328, 40.78858], [-73.83279, 40.78858], [-73.83278, 40.78859], [-73.83277, 40.78859], [-73.83273, 40.78859], [-73.83266, 40.7886], [-73.8326, 40.7886], [-73.83257, 40.78861], [-73.83254, 40.78862], [-73.83251, 40.78862], [-73.83248, 40.78863], [-73.83241, 40.78866], [-73.83233, 40.7887], [-73.83229, 40.78871], [-73.83225, 40.78873], [-73.83223, 40.78873], [-73.8322, 40.78874], [-73.83218, 40.78874], [-73.83216, 40.78875], [-73.83214, 40.78876], [-73.83212, 40.78877], [-73.8321, 40.78879], [-73.83209, 40.7888], [-73.83207, 40.78882], [-73.83206, 40.78883], [-73.83198, 40.78889], [-73.83195, 40.78892], [-73.83194, 40.78894], [-73.83192, 40.78896], [-73.8319, 40.78899], [-73.83187, 40.78906], [-73.83184, 40.78911], [-73.83182, 40.78915], [-73.8318, 40.78918], [-73.83179, 40.78919], [-73.83178, 40.78921], [-73.83177, 40.78921], [-73.83176, 40.78922], [-73.83175, 40.78923], [-73.83174, 40.78923], [-73.83172, 40.78924], [-73.83169, 40.78925], [-73.83167, 40.78926], [-73.83164, 40.78926], [-73.83163, 40.78926], [-73.83161, 40.78926], [-73.83158, 40.78926], [-73.83156, 40.78925], [-73.83155, 40.78925], [-73.83153, 40.78924], [-73.8315, 40.78922], [-73.83147, 40.7892], [-73.83147, 40.7892], [-73.83146, 40.78919], [-73.83145, 40.78918], [-73.83145, 40.78917], [-73.83145, 40.78917], [-73.83144, 40.78917], [-73.83144, 40.78917], [-73.83144, 40.78917], [-73.83144, 40.78918], [-73.83144, 40.78918], [-73.83144, 40.78918], [-73.83144, 40.78919], [-73.83144, 40.78919], [-73.83144, 40.78919], [-73.83144, 40.78919], [-73.83145, 40.78921], [-73.83146, 40.78922], [-73.83148, 40.78923], [-73.83149, 40.78924], [-73.8315, 40.78924], [-73.83158, 40.78927], [-73.8316, 40.78928], [-73.83167, 40.78931], [-73.83168, 40.78931], [-73.83169, 40.78931], [-73.83172, 40.78932], [-73.8318, 40.78932], [-73.83183, 40.78933], [-73.83186, 40.78934], [-73.83188, 40.78935], [-73.83189, 40.78936], [-73.8319, 40.78936], [-73.83192, 40.78938], [-73.83193, 40.78939], [-73.83195, 40.78941], [-73.83197, 40.78943], [-73.83198, 40.78945], [-73.83198, 40.78947], [-73.83199, 40.78949], [-73.83199, 40.7895], [-73.83199, 40.78951], [-73.83199, 40.78953], [-73.83199, 40.78954], [-73.83199, 40.78956], [-73.83199, 40.78958], [-73.832, 40.78961], [-73.83201, 40.78964], [-73.83203, 40.78968], [-73.83204, 40.7897], [-73.83207, 40.78977], [-73.83209, 40.78982], [-73.8321, 40.78984], [-73.83212, 40.78989], [-73.83214, 40.78996], [-73.83214, 40.78998], [-73.83215, 40.79003], [-73.83215, 40.79004], [-73.83215, 40.79005], [-73.83214, 40.79008], [-73.83213, 40.79011], [-73.83212, 40.79014], [-73.83209, 40.7902], [-73.83207, 40.79024], [-73.83205, 40.79027], [-73.83205, 40.79027], [-73.83201, 40.79033], [-73.83197, 40.7904], [-73.83196, 40.79041], [-73.83192, 40.79046], [-73.8319, 40.79049], [-73.83188, 40.79052], [-73.83186, 40.79056], [-73.83184, 40.7906], [-73.83183, 40.79064], [-73.83182, 40.79067], [-73.83182, 40.79075], [-73.83181, 40.79082], [-73.83181, 40.79086], [-73.83181, 40.79086], [-73.8318, 40.79088], [-73.83179, 40.7909], [-73.83177, 40.79096], [-73.83176, 40.79098], [-73.83175, 40.79099], [-73.83174, 40.79101], [-73.83172, 40.79103], [-73.83169, 40.79107], [-73.83166, 40.7911], [-73.83164, 40.79113], [-73.83156, 40.79119], [-73.83151, 40.79122], [-73.83149, 40.79124], [-73.83144, 40.7913], [-73.83139, 40.79136], [-73.83137, 40.79137], [-73.83136, 40.79138], [-73.83134, 40.79139], [-73.83132, 40.79141], [-73.83127, 40.79143], [-73.83123, 40.79145], [-73.83115, 40.79149], [-73.83108, 40.79153], [-73.83103, 40.79155], [-73.83099, 40.79157], [-73.83096, 40.79158], [-73.83088, 40.7916], [-73.83078, 40.79162], [-73.83071, 40.79164], [-73.83066, 40.79165], [-73.83061, 40.79166], [-73.83057, 40.79166], [-73.83053, 40.79166], [-73.83049, 40.79165], [-73.83046, 40.79165], [-73.83038, 40.79162], [-73.83029, 40.7916], [-73.83028, 40.7916], [-73.8302, 40.79157], [-73.83016, 40.79156], [-73.83013, 40.79155], [-73.83011, 40.79155], [-73.83009, 40.79155], [-73.83007, 40.79155], [-73.83005, 40.79155], [-73.83001, 40.79156], [-73.82997, 40.79156], [-73.82989, 40.79159], [-73.82978, 40.79162], [-73.82974, 40.79163], [-73.82969, 40.79165], [-73.82957, 40.79171], [-73.82948, 40.79175], [-73.82943, 40.79177], [-73.8293, 40.79182], [-73.82917, 40.79187], [-73.82914, 40.79188], [-73.82912, 40.7919], [-73.82909, 40.79191], [-73.82906, 40.79194], [-73.82896, 40.79201], [-73.82889, 40.79207], [-73.82883, 40.79212], [-73.82873, 40.7922], [-73.82863, 40.79227], [-73.82856, 40.79232], [-73.82854, 40.79234], [-73.82852, 40.79235], [-73.8285, 40.79236], [-73.82848, 40.79236], [-73.82847, 40.79237], [-73.82841, 40.79238], [-73.82837, 40.79239], [-73.82861, 40.79252], [-73.82928, 40.79289], [-73.8293, 40.79291], [-73.82931, 40.79294], [-73.82923, 40.79302], [-73.82921, 40.79302], [-73.8292, 40.79301], [-73.82846, 40.79261], [-73.82829, 40.79251], [-73.82829, 40.79252], [-73.82828, 40.79253], [-73.82827, 40.79256], [-73.82826, 40.79257], [-73.82826, 40.79258], [-73.82823, 40.7926], [-73.82821, 40.79263], [-73.8282, 40.79263], [-73.82819, 40.79264], [-73.82818, 40.79265], [-73.82815, 40.79266], [-73.82808, 40.79269], [-73.82805, 40.7927], [-73.82804, 40.79271], [-73.82803, 40.79272], [-73.828, 40.79275], [-73.82799, 40.79277], [-73.82795, 40.79283], [-73.82793, 40.79288], [-73.8279, 40.79296], [-73.82788, 40.79302], [-73.82785, 40.79309], [-73.82782, 40.79316], [-73.82781, 40.7932], [-73.8278, 40.79322], [-73.82779, 40.79329], [-73.82779, 40.79336], [-73.82778, 40.79339], [-73.82778, 40.79342], [-73.8278, 40.7935], [-73.8278, 40.79357], [-73.82781, 40.79366], [-73.82782, 40.7937], [-73.82783, 40.79374], [-73.82786, 40.79383], [-73.82789, 40.7939], [-73.8279, 40.79393], [-73.82791, 40.79398], [-73.82792, 40.79401], [-73.82792, 40.79404], [-73.82792, 40.79406], [-73.82792, 40.79408], [-73.82791, 40.79415], [-73.82789, 40.79425], [-73.82789, 40.79432], [-73.82789, 40.79434], [-73.82789, 40.79434], [-73.82789, 40.79435], [-73.82789, 40.79437], [-73.8279, 40.79438], [-73.82792, 40.7944], [-73.82793, 40.79443], [-73.82796, 40.79447], [-73.82797, 40.79449], [-73.82798, 40.79451], [-73.82798, 40.79452], [-73.82798, 40.79454], [-73.82798, 40.79456], [-73.82797, 40.79459], [-73.82797, 40.79463], [-73.82797, 40.79467], [-73.82797, 40.79471], [-73.82797, 40.79475], [-73.82797, 40.79478], [-73.82797, 40.79479], [-73.82797, 40.7948], [-73.82798, 40.79481], [-73.82798, 40.79481], [-73.82798, 40.79481], [-73.82798, 40.79481], [-73.82799, 40.79481], [-73.82799, 40.79481], [-73.82799, 40.79481], [-73.828, 40.79482], [-73.82801, 40.79482], [-73.82805, 40.79481], [-73.82806, 40.79481], [-73.82806, 40.79482], [-73.82807, 40.79482], [-73.82807, 40.79482], [-73.82807, 40.79482], [-73.82807, 40.79482], [-73.82807, 40.79482], [-73.82807, 40.79482], [-73.82807, 40.79482], [-73.82807, 40.79482], [-73.82807, 40.79482], [-73.82807, 40.79482], [-73.82807, 40.79483], [-73.82807, 40.79483], [-73.82807, 40.79483], [-73.82807, 40.79484], [-73.82806, 40.79484], [-73.82805, 40.79486], [-73.82804, 40.79486], [-73.82802, 40.79488], [-73.82802, 40.79488], [-73.82801, 40.79488], [-73.82801, 40.79489], [-73.82801, 40.79489], [-73.82801, 40.7949], [-73.82801, 40.7949], [-73.82801, 40.79491], [-73.82801, 40.79491], [-73.82801, 40.79493], [-73.82802, 40.79495], [-73.82805, 40.79499], [-73.82808, 40.79502], [-73.82809, 40.79503], [-73.82811, 40.79504], [-73.82812, 40.79505], [-73.82814, 40.79506], [-73.82814, 40.79506], [-73.82815, 40.79507], [-73.82816, 40.79508], [-73.82818, 40.7951], [-73.8282, 40.79513], [-73.82821, 40.79515], [-73.82821, 40.79516], [-73.82823, 40.7952], [-73.82824, 40.79524], [-73.82826, 40.7953], [-73.82829, 40.79536], [-73.82831, 40.79544], [-73.82833, 40.79548], [-73.82834, 40.79551], [-73.82836, 40.79554], [-73.82839, 40.79558], [-73.82841, 40.79561], [-73.82844, 40.79564], [-73.82845, 40.79565], [-73.82846, 40.79566], [-73.82847, 40.79566], [-73.82849, 40.79567], [-73.82852, 40.79568], [-73.82853, 40.79568], [-73.82854, 40.79568], [-73.82856, 40.79568], [-73.82857, 40.79568], [-73.82858, 40.79568], [-73.82858, 40.79568], [-73.8286, 40.79568], [-73.8286, 40.79568], [-73.82861, 40.79568], [-73.82861, 40.79568], [-73.82861, 40.79568], [-73.82861, 40.79568], [-73.82862, 40.79568], [-73.82862, 40.79568], [-73.82862, 40.79568], [-73.82862, 40.79568], [-73.82863, 40.79568], [-73.82863, 40.79568], [-73.82863, 40.79568], [-73.82863, 40.79569], [-73.82864, 40.7957], [-73.82864, 40.7957], [-73.82864, 40.79571], [-73.82864, 40.79573], [-73.82864, 40.79575], [-73.82863, 40.79576], [-73.82863, 40.79578], [-73.82862, 40.79581], [-73.82862, 40.79582], [-73.82862, 40.79583], [-73.82863, 40.79583], [-73.82863, 40.79584], [-73.82865, 40.79587], [-73.82867, 40.79589], [-73.82868, 40.79591], [-73.82869, 40.79592], [-73.8287, 40.79592], [-73.8287, 40.79592], [-73.8287, 40.79592], [-73.8287, 40.79592], [-73.8287, 40.79592], [-73.82871, 40.79592], [-73.82871, 40.79592], [-73.82871, 40.79592], [-73.82871, 40.79592], [-73.82871, 40.79592], [-73.82871, 40.79592], [-73.82872, 40.79591], [-73.82872, 40.79591], [-73.82873, 40.79591], [-73.82874, 40.79591], [-73.82876, 40.7959], [-73.82876, 40.7959], [-73.82876, 40.7959], [-73.82876, 40.7959], [-73.82876, 40.7959], [-73.82876, 40.7959], [-73.82876, 40.7959], [-73.82877, 40.7959], [-73.82877, 40.7959], [-73.82877, 40.79591], [-73.82877, 40.79591], [-73.82878, 40.79591], [-73.82878, 40.79592], [-73.82878, 40.79593], [-73.82879, 40.79593], [-73.82879, 40.79594], [-73.82879, 40.79595], [-73.82879, 40.79596], [-73.82878, 40.79597], [-73.82876, 40.79602], [-73.82875, 40.79605], [-73.82875, 40.79606], [-73.82875, 40.79607], [-73.82875, 40.79608], [-73.82876, 40.79608], [-73.82876, 40.7961], [-73.82879, 40.79614], [-73.82881, 40.79618], [-73.82881, 40.79618], [-73.82881, 40.79618], [-73.82881, 40.79619], [-73.82882, 40.79619], [-73.82882, 40.79619], [-73.82883, 40.7962], [-73.82884, 40.7962], [-73.82884, 40.7962], [-73.82885, 40.7962], [-73.82885, 40.7962], [-73.82885, 40.7962], [-73.82888, 40.7962], [-73.82892, 40.7962], [-73.82893, 40.7962], [-73.82894, 40.7962], [-73.82896, 40.7962], [-73.82898, 40.79621], [-73.829, 40.79622], [-73.82902, 40.79623], [-73.82904, 40.79624], [-73.82905, 40.79625], [-73.82906, 40.79625], [-73.82909, 40.79627], [-73.82913, 40.79629], [-73.82914, 40.7963], [-73.82915, 40.79631], [-73.82916, 40.79633], [-73.82917, 40.79636], [-73.82917, 40.79637], [-73.82918, 40.79639], [-73.82919, 40.7964], [-73.8292, 40.79642], [-73.8292, 40.79643], [-73.82921, 40.79644], [-73.82922, 40.79645], [-73.82922, 40.79647], [-73.82923, 40.79647], [-73.82925, 40.79649], [-73.82925, 40.7965], [-73.82926, 40.79651], [-73.82926, 40.79652], [-73.82926, 40.79653], [-73.82927, 40.79654], [-73.82927, 40.79655], [-73.82927, 40.79656], [-73.82928, 40.79657], [-73.82928, 40.79659], [-73.82928, 40.7966], [-73.82928, 40.79662], [-73.82929, 40.79663], [-73.82929, 40.79664], [-73.82929, 40.79666], [-73.82929, 40.79667], [-73.8293, 40.79668], [-73.82932, 40.79669], [-73.82933, 40.7967], [-73.82935, 40.79671], [-73.82937, 40.79672], [-73.82939, 40.79673], [-73.8294, 40.79674], [-73.8294, 40.79674], [-73.82941, 40.79675], [-73.82942, 40.79675], [-73.82943, 40.79676], [-73.82944, 40.79677], [-73.82945, 40.79678], [-73.82946, 40.79679], [-73.82946, 40.7968], [-73.82947, 40.79681], [-73.82946, 40.79682], [-73.82946, 40.79682], [-73.82946, 40.79682], [-73.82945, 40.79683], [-73.82944, 40.79683], [-73.82942, 40.79683], [-73.8294, 40.79683], [-73.82938, 40.79682], [-73.82937, 40.79681], [-73.82935, 40.7968], [-73.82932, 40.79679], [-73.8293, 40.79678], [-73.82929, 40.79677], [-73.82927, 40.79676], [-73.82926, 40.79675], [-73.82925, 40.79674], [-73.82925, 40.79674], [-73.82924, 40.79672], [-73.82924, 40.79671], [-73.82924, 40.7967], [-73.82924, 40.79669], [-73.82925, 40.79668], [-73.82924, 40.79667], [-73.82923, 40.79665], [-73.82922, 40.79665], [-73.82921, 40.79664], [-73.8292, 40.79663], [-73.82918, 40.79662], [-73.82917, 40.79661], [-73.82915, 40.7966], [-73.82913, 40.79659], [-73.82912, 40.79658], [-73.8291, 40.79657], [-73.82909, 40.79657], [-73.82908, 40.79656], [-73.82906, 40.79656], [-73.82904, 40.79656], [-73.82902, 40.79657], [-73.829, 40.79657], [-73.82898, 40.79657], [-73.82896, 40.79657], [-73.82892, 40.79657], [-73.82891, 40.79657], [-73.82889, 40.79656], [-73.82886, 40.79656], [-73.82883, 40.79656], [-73.82882, 40.79656], [-73.8288, 40.79656], [-73.82877, 40.79656], [-73.82874, 40.79657], [-73.82873, 40.79657], [-73.82871, 40.79657], [-73.82869, 40.79658], [-73.82868, 40.79658], [-73.82867, 40.79658], [-73.82864, 40.79658], [-73.82862, 40.79659], [-73.82861, 40.79659], [-73.82859, 40.79659], [-73.82858, 40.79659], [-73.82853, 40.7966], [-73.82852, 40.79661], [-73.8285, 40.79661], [-73.82848, 40.79661], [-73.82847, 40.79661], [-73.82845, 40.79662], [-73.82844, 40.79662], [-73.82842, 40.79663], [-73.8284, 40.79663], [-73.82839, 40.79663], [-73.82837, 40.79664], [-73.82835, 40.79665], [-73.82833, 40.79666], [-73.82832, 40.79667], [-73.8283, 40.79668], [-73.82829, 40.79669], [-73.82828, 40.7967], [-73.82826, 40.79671], [-73.82824, 40.79672], [-73.82822, 40.79673], [-73.82819, 40.79674], [-73.82817, 40.79675], [-73.82814, 40.79675], [-73.82812, 40.79675], [-73.8281, 40.79676], [-73.82808, 40.79676], [-73.82806, 40.79675], [-73.82804, 40.79675], [-73.82802, 40.79675], [-73.82799, 40.79675], [-73.82796, 40.79675], [-73.82793, 40.79675], [-73.8279, 40.79675], [-73.82787, 40.79675], [-73.82784, 40.79675], [-73.82781, 40.79675], [-73.82776, 40.79675], [-73.82773, 40.79675], [-73.8277, 40.79676], [-73.82768, 40.79676], [-73.82766, 40.79676], [-73.82764, 40.79676], [-73.82762, 40.79676], [-73.82759, 40.79675], [-73.82757, 40.79676], [-73.82756, 40.79676], [-73.82755, 40.79676], [-73.82753, 40.79676], [-73.82751, 40.79677], [-73.82749, 40.79677], [-73.82747, 40.79677], [-73.82745, 40.79678], [-73.82743, 40.79678], [-73.82742, 40.79679], [-73.8274, 40.7968], [-73.82737, 40.79682], [-73.82735, 40.79683], [-73.82735, 40.79684], [-73.82734, 40.79684], [-73.82733, 40.79685], [-73.82731, 40.79687], [-73.82731, 40.79688], [-73.8273, 40.79688], [-73.82729, 40.79689], [-73.82728, 40.79691], [-73.82728, 40.79692], [-73.82728, 40.79693], [-73.82729, 40.79694], [-73.82729, 40.79695], [-73.82729, 40.79695], [-73.82728, 40.79696], [-73.82728, 40.79696], [-73.82728, 40.79696], [-73.82728, 40.79696], [-73.82727, 40.79697], [-73.82726, 40.79697], [-73.82724, 40.79696], [-73.82724, 40.79695], [-73.82723, 40.79694], [-73.82722, 40.79693], [-73.82721, 40.79692], [-73.82721, 40.79692], [-73.8272, 40.79692], [-73.82719, 40.79693], [-73.82717, 40.79693], [-73.82716, 40.79694], [-73.82714, 40.79695], [-73.82713, 40.79696], [-73.82711, 40.79696], [-73.8271, 40.79697], [-73.82708, 40.79699], [-73.82706, 40.797], [-73.82705, 40.79701], [-73.82703, 40.79703], [-73.82701, 40.79704], [-73.827, 40.79706], [-73.82699, 40.79708], [-73.82698, 40.79709], [-73.82698, 40.7971], [-73.82698, 40.79711], [-73.82698, 40.79711], [-73.82697, 40.79713], [-73.82697, 40.79714], [-73.82697, 40.79715], [-73.82697, 40.79716], [-73.82697, 40.79717], [-73.82698, 40.79719], [-73.82698, 40.7972], [-73.82698, 40.79721], [-73.82699, 40.79723], [-73.82699, 40.79725], [-73.82699, 40.79726], [-73.827, 40.79727], [-73.82701, 40.79729], [-73.82703, 40.7973], [-73.82705, 40.79731], [-73.82706, 40.79731], [-73.82707, 40.79733], [-73.82709, 40.79734], [-73.8271, 40.79735], [-73.82711, 40.79737], [-73.82712, 40.79738], [-73.82713, 40.7974], [-73.82714, 40.79742], [-73.82715, 40.79743], [-73.82716, 40.79745], [-73.82717, 40.79747], [-73.82718, 40.79749], [-73.82719, 40.7975], [-73.82719, 40.79751], [-73.8272, 40.79752], [-73.8272, 40.79754], [-73.8272, 40.79756], [-73.8272, 40.79757], [-73.82719, 40.79758], [-73.82719, 40.7976], [-73.82718, 40.79761], [-73.82717, 40.79762], [-73.82716, 40.79763], [-73.82715, 40.79764], [-73.82713, 40.79766], [-73.82711, 40.79767], [-73.8271, 40.79768], [-73.82707, 40.7977], [-73.82707, 40.7977], [-73.82706, 40.7977], [-73.82704, 40.79771], [-73.82703, 40.79772], [-73.82698, 40.79774], [-73.82692, 40.79775], [-73.8269, 40.79775], [-73.82688, 40.79776], [-73.82687, 40.79776], [-73.82687, 40.79776], [-73.82685, 40.79777], [-73.82685, 40.79777], [-73.82683, 40.79777], [-73.82681, 40.79778], [-73.82679, 40.79778], [-73.82678, 40.79779], [-73.82676, 40.79779], [-73.82674, 40.7978], [-73.82672, 40.7978], [-73.82669, 40.7978], [-73.82667, 40.79779], [-73.82665, 40.79779], [-73.82663, 40.79779], [-73.82662, 40.79778], [-73.82658, 40.79776], [-73.82654, 40.79773], [-73.82651, 40.79771], [-73.82648, 40.79768], [-73.82646, 40.79766], [-73.82642, 40.7976], [-73.82641, 40.79759], [-73.82639, 40.79757], [-73.82637, 40.79754], [-73.82636, 40.79753], [-73.82634, 40.79751], [-73.82633, 40.7975], [-73.82631, 40.79749], [-73.8263, 40.79748], [-73.82629, 40.79747], [-73.82627, 40.79746], [-73.82625, 40.79746], [-73.82623, 40.79745], [-73.82621, 40.79744], [-73.8262, 40.79744], [-73.82618, 40.79743], [-73.82617, 40.79743], [-73.82617, 40.79742], [-73.82615, 40.79742], [-73.82613, 40.79741], [-73.8261, 40.79741], [-73.82608, 40.7974], [-73.82606, 40.7974], [-73.82604, 40.79739], [-73.82602, 40.79739], [-73.82599, 40.79738], [-73.82597, 40.79738], [-73.82595, 40.79737], [-73.82594, 40.79737], [-73.82591, 40.79737], [-73.82589, 40.79737], [-73.82587, 40.79737], [-73.82585, 40.79737], [-73.82583, 40.79737], [-73.82581, 40.79737], [-73.82579, 40.79737], [-73.82576, 40.79737], [-73.82574, 40.79737], [-73.82573, 40.79737], [-73.82571, 40.79737], [-73.82569, 40.79737], [-73.82567, 40.79738], [-73.82565, 40.79738], [-73.82563, 40.79738], [-73.82561, 40.79739], [-73.82559, 40.79739], [-73.82557, 40.79739], [-73.82556, 40.79739], [-73.82554, 40.7974], [-73.82554, 40.7974], [-73.82554, 40.79741], [-73.82554, 40.79743], [-73.82553, 40.79743], [-73.82552, 40.79744], [-73.82551, 40.79744], [-73.82549, 40.79743], [-73.82548, 40.79742], [-73.82548, 40.79741], [-73.82547, 40.79739], [-73.82547, 40.79738], [-73.82546, 40.79738], [-73.82544, 40.79737], [-73.82542, 40.79736], [-73.82541, 40.79735], [-73.82539, 40.79733], [-73.82537, 40.79732], [-73.82536, 40.79732], [-73.82533, 40.79731], [-73.82532, 40.79731], [-73.8253, 40.79731], [-73.82528, 40.79731], [-73.82526, 40.79731], [-73.82523, 40.79731], [-73.82521, 40.79732], [-73.82519, 40.79732], [-73.82517, 40.79733], [-73.82514, 40.79734], [-73.82512, 40.79735], [-73.8251, 40.79736], [-73.82508, 40.79737], [-73.82507, 40.79738], [-73.82505, 40.79738], [-73.82503, 40.7974], [-73.82501, 40.79741], [-73.82499, 40.79742], [-73.82498, 40.79743], [-73.82496, 40.79744], [-73.82494, 40.79745], [-73.82493, 40.79746], [-73.82491, 40.79747], [-73.82489, 40.79748], [-73.82488, 40.79749], [-73.82484, 40.79752], [-73.82482, 40.79753], [-73.8248, 40.79754], [-73.82478, 40.79756], [-73.82477, 40.79757], [-73.82476, 40.79757], [-73.82474, 40.79758], [-73.82473, 40.79759], [-73.82472, 40.7976], [-73.8247, 40.79761], [-73.82469, 40.79762], [-73.82467, 40.79763], [-73.82466, 40.79764], [-73.82465, 40.79766], [-73.82464, 40.79767], [-73.82462, 40.79768], [-73.82461, 40.79768], [-73.82461, 40.79769], [-73.82459, 40.79771], [-73.82457, 40.79772], [-73.82455, 40.79774], [-73.82454, 40.79774], [-73.82453, 40.79775], [-73.82451, 40.79776], [-73.8245, 40.79777], [-73.82449, 40.79778], [-73.82448, 40.79779], [-73.82445, 40.79781], [-73.82444, 40.79782], [-73.82443, 40.79783], [-73.82442, 40.79784], [-73.82441, 40.79784], [-73.8244, 40.79784], [-73.82439, 40.79785], [-73.82437, 40.79786], [-73.82435, 40.79787], [-73.82433, 40.79789], [-73.82431, 40.7979], [-73.8243, 40.79791], [-73.82429, 40.79792], [-73.82428, 40.79792], [-73.82427, 40.79793], [-73.82425, 40.79794], [-73.82424, 40.79795], [-73.82423, 40.79796], [-73.82421, 40.79797], [-73.8242, 40.79798], [-73.82419, 40.79799], [-73.82418, 40.798], [-73.82416, 40.79801], [-73.82416, 40.79801], [-73.82414, 40.79802], [-73.82413, 40.79803], [-73.82411, 40.79804], [-73.8241, 40.79804], [-73.82409, 40.79805], [-73.82407, 40.79806], [-73.82405, 40.79807], [-73.82404, 40.79808], [-73.82403, 40.79809], [-73.82402, 40.7981], [-73.82401, 40.79812], [-73.82401, 40.79813], [-73.82401, 40.79814], [-73.82402, 40.79815], [-73.82402, 40.79817], [-73.82403, 40.79818], [-73.82404, 40.79819], [-73.82403, 40.7982], [-73.82402, 40.79821], [-73.824, 40.79821], [-73.82398, 40.79821], [-73.82397, 40.79822], [-73.82395, 40.79823], [-73.82395, 40.79823], [-73.82403, 40.79836], [-73.82401, 40.79837], [-73.82393, 40.79823], [-73.82392, 40.79824], [-73.82391, 40.79824], [-73.8239, 40.79823], [-73.8239, 40.79823], [-73.82389, 40.79821], [-73.82388, 40.7982], [-73.82388, 40.79819], [-73.82387, 40.79818], [-73.82387, 40.79817], [-73.82386, 40.79816], [-73.82386, 40.79815], [-73.82385, 40.79816], [-73.82383, 40.79816], [-73.82382, 40.79817], [-73.8238, 40.79817], [-73.82378, 40.79818], [-73.82375, 40.79819], [-73.82374, 40.7982], [-73.82372, 40.7982], [-73.82371, 40.79821], [-73.82368, 40.79822], [-73.82367, 40.79823], [-73.82366, 40.79823], [-73.82364, 40.79824], [-73.82363, 40.79825], [-73.82361, 40.79826], [-73.82359, 40.79828], [-73.82357, 40.7983], [-73.82356, 40.7983], [-73.82355, 40.79831], [-73.82354, 40.79832], [-73.82353, 40.79834], [-73.82352, 40.79835], [-73.82351, 40.79836], [-73.8235, 40.79838], [-73.82349, 40.79839], [-73.82349, 40.79839], [-73.8235, 40.7984], [-73.8235, 40.79841], [-73.82351, 40.79842], [-73.82351, 40.79844], [-73.82351, 40.79844], [-73.8235, 40.79844], [-73.82349, 40.79843], [-73.82348, 40.79842], [-73.82347, 40.79841], [-73.82346, 40.7984], [-73.82345, 40.7984], [-73.82343, 40.79841], [-73.82368, 40.79877], [-73.82364, 40.79878], [-73.82341, 40.79842], [-73.82341, 40.79843], [-73.82341, 40.79844], [-73.8234, 40.79845], [-73.82339, 40.79845], [-73.82338, 40.79845], [-73.82336, 40.79844], [-73.82335, 40.79844], [-73.82333, 40.79844], [-73.82331, 40.79844], [-73.82329, 40.79845], [-73.82328, 40.79846], [-73.82325, 40.79847], [-73.82324, 40.79848], [-73.82323, 40.79849], [-73.82322, 40.7985], [-73.82321, 40.79851], [-73.82321, 40.79852], [-73.82321, 40.79853], [-73.82319, 40.79854], [-73.82317, 40.79856], [-73.82316, 40.79857], [-73.82315, 40.79858], [-73.82314, 40.79858], [-73.82312, 40.79859], [-73.82311, 40.7986], [-73.82311, 40.79861], [-73.82311, 40.79862], [-73.82312, 40.79864], [-73.82312, 40.79865], [-73.82314, 40.79867], [-73.82314, 40.79867], [-73.82314, 40.79868], [-73.82313, 40.79869], [-73.82311, 40.79869], [-73.82311, 40.79869], [-73.8231, 40.79868], [-73.82331, 40.79896], [-73.82327, 40.79897], [-73.82305, 40.79866], [-73.82304, 40.79865], [-73.82302, 40.79865], [-73.823, 40.79864], [-73.82298, 40.79865], [-73.82296, 40.79866], [-73.82295, 40.79866], [-73.82293, 40.79868], [-73.8229, 40.79869], [-73.82287, 40.79871], [-73.82285, 40.79872], [-73.82283, 40.79874], [-73.82282, 40.79875], [-73.82281, 40.79876], [-73.8228, 40.79877], [-73.82279, 40.79878], [-73.82278, 40.79879], [-73.82277, 40.7988], [-73.82276, 40.79881], [-73.82274, 40.79882], [-73.82273, 40.79882], [-73.82272, 40.79883], [-73.8227, 40.79884], [-73.82269, 40.79885], [-73.82268, 40.79885], [-73.82266, 40.79887], [-73.82264, 40.79888], [-73.82261, 40.79889], [-73.8226, 40.7989], [-73.82259, 40.79891], [-73.82258, 40.79892], [-73.82257, 40.79893], [-73.82255, 40.79894], [-73.82254, 40.79896], [-73.82278, 40.79932], [-73.82274, 40.79933], [-73.82252, 40.79899], [-73.8225, 40.799], [-73.8225, 40.79901], [-73.82248, 40.79903], [-73.82246, 40.79905], [-73.82245, 40.79905], [-73.82244, 40.79906], [-73.82243, 40.79907], [-73.82241, 40.79909], [-73.82262, 40.79941], [-73.82259, 40.79942], [-73.82239, 40.79911], [-73.82237, 40.79913], [-73.82235, 40.79915], [-73.82234, 40.79915], [-73.82233, 40.79917], [-73.82232, 40.79918], [-73.82231, 40.79919], [-73.8223, 40.79921], [-73.82229, 40.79922], [-73.82227, 40.79923], [-73.82226, 40.79925], [-73.82225, 40.79926], [-73.82224, 40.79927], [-73.82223, 40.79928], [-73.82223, 40.79929], [-73.82222, 40.7993], [-73.8222, 40.79932], [-73.82219, 40.79934], [-73.82218, 40.79935], [-73.82217, 40.79936], [-73.82216, 40.79937], [-73.82216, 40.79939], [-73.82215, 40.7994], [-73.82213, 40.79942], [-73.82212, 40.79943], [-73.82211, 40.79944], [-73.82211, 40.79946], [-73.8221, 40.79947], [-73.82209, 40.79948], [-73.82208, 40.7995], [-73.82207, 40.79951], [-73.82206, 40.79953], [-73.82205, 40.79954], [-73.82205, 40.79954], [-73.82204, 40.79956], [-73.82203, 40.79957], [-73.82202, 40.79959], [-73.82201, 40.7996], [-73.822, 40.79962], [-73.82199, 40.79963], [-73.82198, 40.79964], [-73.82197, 40.79966], [-73.82196, 40.79967], [-73.82195, 40.79968], [-73.82194, 40.79969], [-73.82192, 40.7997], [-73.82192, 40.79971], [-73.8219, 40.79972], [-73.82189, 40.79973], [-73.82188, 40.79975], [-73.82187, 40.79976], [-73.82187, 40.79976], [-73.82186, 40.79978], [-73.82184, 40.79979], [-73.82183, 40.7998], [-73.82181, 40.79981], [-73.8218, 40.79982], [-73.82179, 40.79982], [-73.82178, 40.79983], [-73.82176, 40.79985], [-73.82176, 40.79985], [-73.82174, 40.79986], [-73.82173, 40.79988], [-73.82172, 40.79989], [-73.82171, 40.7999], [-73.8217, 40.79991], [-73.82168, 40.79993], [-73.82167, 40.79994], [-73.82165, 40.79996], [-73.82164, 40.79997], [-73.82162, 40.79999], [-73.82161, 40.8], [-73.8216, 40.80001], [-73.82158, 40.80002], [-73.82157, 40.80003], [-73.82156, 40.80004], [-73.82155, 40.80004], [-73.82154, 40.80005], [-73.82153, 40.80006], [-73.82151, 40.80007], [-73.82149, 40.80008], [-73.82148, 40.80009], [-73.82146, 40.8001], [-73.82145, 40.80012], [-73.82143, 40.80013], [-73.82134, 40.80019], [-73.82125, 40.80025], [-73.82117, 40.80033], [-73.82109, 40.8004], [-73.82104, 40.80044], [-73.82098, 40.80048], [-73.82092, 40.80051], [-73.82085, 40.80054], [-73.82079, 40.80056], [-73.82071, 40.80058], [-73.82064, 40.80059], [-73.82063, 40.80059], [-73.8206, 40.80059], [-73.82059, 40.80059], [-73.82057, 40.8006], [-73.82056, 40.8006], [-73.82054, 40.80061], [-73.82052, 40.80061], [-73.82049, 40.80061], [-73.82047, 40.80062], [-73.82045, 40.80062], [-73.82043, 40.80063], [-73.82053, 40.80101], [-73.8205, 40.80101]]]}}, {"type": "Feature", "properties": {"zone_id": 253, "zone": "Willets Point", "borough": "Queens", "demand": 0}, "geometry": {"type": "Polygon", "coordinates": [[[-73.83908, 40.76526], [-73.8379, 40.76459], [-73.83695, 40.76283], [-73.83692, 40.76277], [-73.8369, 40.7627], [-73.83689, 40.7626], [-73.83679, 40.76117], [-73.83862, 40.75709], [-73.83867, 40.75702], [-73.83875, 40.75699], [-73.83912, 40.75683], [-73.83978, 40.75654], [-73.84046, 40.75627], [-73.84114, 40.75601], [-73.84183, 40.75577], [-73.84253, 40.75554], [-73.84324, 40.75534], [-73.84363, 40.75616], [-73.84404, 40.75694], [-73.84445, 40.75774], [-73.84479, 40.7584], [-73.84513, 40.75907], [-73.84549, 40.75973], [-73.84585, 40.76045], [-73.84591, 40.76058], [-73.84597, 40.76072], [-73.84602, 40.7608], [-73.84607, 40.76091], [-73.84663, 40.76129], [-73.84671, 40.76134], [-73.84563, 40.76214], [-73.84523, 40.76243], [-73.84475, 40.76275], [-73.84468, 40.76275], [-73.84429, 40.763], [-73.84412, 40.76314], [-73.84377, 40.7633], [-73.84359, 40.76337], [-73.84367, 40.76347], [-73.84362, 40.7635], [-73.84369, 40.76361], [-73.84365, 40.76363], [-73.84357, 40.76351], [-73.84352, 40.76354], [-73.84344, 40.76343], [-73.84314, 40.76355], [-73.84307, 40.76359], [-73.843, 40.7637], [-73.84298, 40.76383], [-73.84301, 40.76399], [-73.84305, 40.7641], [-73.84304, 40.76432], [-73.84298, 40.76442], [-73.84273, 40.76463], [-73.84261, 40.76468], [-73.84231, 40.76483], [-73.84212, 40.7649], [-73.84183, 40.76497], [-73.84107, 40.76521], [-73.84053, 40.76539], [-73.84047, 40.7653], [-73.84017, 40.76531], [-73.83993, 40.76535], [-73.8397, 40.76529], [-73.83958, 40.76525], [-73.83946, 40.76545], [-73.83936, 40.76541], [-73.83922, 40.76534], [-73.83908, 40.76526]]]}}]}